,marital_status,application_mode,application_order,course,daytime_evening_attendance,previous_qualification,previous_qualification_grade,nacionality,mother_s_qualification,father_s_qualification,mother_s_occupation,father_s_occupation,admission_grade,displaced,educational_special_needs,debtor,tuition_fees_up_to_date,gender,scholarship_holder,age_at_enrollment,international,curricular_units_first_sem_credited,curricular_units_first_sem_enrolled,curricular_units_first_sem_evaluations,curricular_units_first_sem_approved,curricular_units_first_sem_grade,curricular_units_first_sem_without_evaluations,curricular_units_second_sem_credited,curricular_units_second_sem_enrolled,curricular_units_second_sem_evaluations,curricular_units_second_sem_approved,curricular_units_second_sem_grade,curricular_units_second_sem_without_evaluations,unemployment_rate,inflation_rate,gdp,target,target_original,is_dropout,course_name,first_sem_approval_ratio,first_sem_unapproved_units,first_sem_approved_per_evaluation,first_sem_without_eval_ratio,financial_risk_flag,age_quantile_group
0,1,17,5,171,1,1,122.0,1,19,12,5,9,127.3,1,0,0,1,1,0,20,0,0,0,0,0,0.0,0,0,0,0,0,0.0,0,10.8,1.4,1.74,Dropout,Dropout,1,Animation and Multimedia Design,0.0,0,0.0,0.0,0,"(19.0, 20.0]"
1,1,15,1,9254,1,1,160.0,1,1,3,3,3,142.5,1,0,0,0,1,0,19,0,0,6,6,6,14.0,0,0,6,6,6,13.66666667,0,13.9,-0.3,0.79,Graduate,Graduate,0,Tourism,1.0,0,1.0,0.0,1,"(16.999, 19.0]"
2,1,1,5,9070,1,1,122.0,1,37,37,9,9,124.8,1,0,0,0,1,0,19,0,0,6,0,0,0.0,0,0,6,0,0,0.0,0,10.8,1.4,1.74,Dropout,Dropout,1,Communication Design,0.0,6,0.0,0.0,1,"(16.999, 19.0]"
3,1,17,2,9773,1,1,122.0,1,38,37,5,3,119.6,1,0,0,1,0,0,20,0,0,6,8,6,13.42857143,0,0,6,10,5,12.4,0,9.4,-0.8,-3.12,Graduate,Graduate,0,Journalism and Communication,1.0,0,0.75,0.0,0,"(19.0, 20.0]"
4,2,39,1,8014,0,1,100.0,1,37,38,9,9,141.5,0,0,0,1,0,0,45,0,0,6,9,5,12.33333333,0,0,6,6,6,13.0,0,13.9,-0.3,0.79,Graduate,Graduate,0,Social Service (evening attendance),0.8333333333333334,1,0.5555555555555556,0.0,0,"(25.0, 70.0]"
5,2,39,1,9991,0,19,133.1,1,37,37,9,7,114.8,0,0,1,1,1,0,50,0,0,5,10,5,11.85714286,0,0,5,17,5,11.5,5,16.2,0.3,-0.92,Graduate,Graduate,0,Management (evening attendance),1.0,0,0.5,0.0,1,"(25.0, 70.0]"
6,1,1,1,9500,1,1,142.0,1,19,38,7,10,128.4,1,0,0,1,0,1,18,0,0,7,9,7,13.3,0,0,8,8,8,14.345,0,15.5,2.8,-4.06,Graduate,Graduate,0,Nursing,1.0,0,0.7777777777777778,0.0,0,"(16.999, 19.0]"
7,1,18,4,9254,1,1,119.0,1,37,37,9,9,113.1,1,0,0,0,1,0,22,0,0,5,5,0,0.0,0,0,5,5,0,0.0,0,15.5,2.8,-4.06,Dropout,Dropout,1,Tourism,0.0,5,0.0,0.0,1,"(20.0, 25.0]"
8,1,1,3,9238,1,1,137.0,62,1,1,9,9,129.3,0,0,0,1,0,1,21,1,0,6,8,6,13.875,0,0,6,7,6,14.14285714,0,16.2,0.3,-0.92,Graduate,Graduate,0,Social Service,1.0,0,0.75,0.0,0,"(20.0, 25.0]"
9,1,1,1,9238,1,1,138.0,1,1,19,4,7,123.0,1,0,1,0,0,0,18,0,0,6,9,5,11.4,0,0,6,14,2,13.5,0,8.9,1.4,3.51,Dropout,Dropout,1,Social Service,0.8333333333333334,1,0.5555555555555556,0.0,1,"(16.999, 19.0]"
10,1,1,1,9670,1,1,139.0,1,38,19,5,7,130.6,1,0,0,1,0,0,18,0,0,6,6,6,12.33333333,0,0,6,7,5,14.2,0,13.9,-0.3,0.79,Graduate,Graduate,0,Advertising and Marketing Management,1.0,0,1.0,0.0,0,"(16.999, 19.0]"
11,1,1,1,9500,1,1,136.0,1,19,38,9,9,119.3,1,0,0,1,0,1,18,0,0,8,8,7,13.21428571,0,0,8,8,7,13.21428571,0,12.7,3.7,-1.7,Graduate,Graduate,0,Nursing,0.875,1,0.875,0.0,0,"(16.999, 19.0]"
12,1,1,2,9853,1,1,133.0,1,19,37,4,9,130.2,1,0,0,1,0,0,19,0,0,6,6,0,0.0,0,0,6,0,0,0.0,0,12.7,3.7,-1.7,Dropout,Dropout,1,Basic Education,0.0,6,0.0,0.0,0,"(16.999, 19.0]"
13,1,53,1,9254,1,42,110.0,1,1,1,4,7,111.8,1,0,0,1,0,1,21,0,0,6,7,6,10.57142857,0,0,6,8,5,11.0,0,8.9,1.4,3.51,Graduate,Graduate,0,Tourism,1.0,0,0.8571428571428571,0.0,0,"(20.0, 25.0]"
14,1,1,1,9085,1,1,149.0,1,38,37,5,5,137.1,1,0,0,1,0,1,18,0,0,5,7,4,13.25,0,0,5,5,5,12.0,0,10.8,1.4,1.74,Graduate,Graduate,0,Veterinary Nursing,0.8,1,0.5714285714285714,0.0,0,"(16.999, 19.0]"
15,1,1,1,9773,1,1,127.0,1,19,37,9,3,120.7,1,0,0,1,0,0,20,0,0,6,6,5,13.2,0,0,6,7,0,0.0,0,15.5,2.8,-4.06,Dropout,Dropout,1,Journalism and Communication,0.8333333333333334,1,0.8333333333333334,0.0,0,"(19.0, 20.0]"
16,1,18,1,9238,1,1,137.0,1,19,38,5,8,137.4,1,0,0,1,0,0,18,0,0,6,10,1,12.0,0,0,6,14,2,11.0,0,10.8,1.4,1.74,Enrolled,Enrolled,0,Social Service,0.16666666666666666,5,0.1,0.0,0,"(16.999, 19.0]"
17,1,17,2,9500,1,1,135.0,1,19,1,5,4,127.3,1,0,0,1,0,0,18,0,0,7,8,7,13.30625,0,0,8,8,8,14.545,0,15.5,2.8,-4.06,Graduate,Graduate,0,Nursing,1.0,0,0.875,0.0,0,"(16.999, 19.0]"
18,1,1,1,9130,1,1,137.0,1,3,19,3,5,136.3,1,0,0,1,0,0,20,0,0,5,8,4,12.5,1,0,5,8,4,12.25,2,10.8,1.4,1.74,Graduate,Graduate,0,Equinculture,0.8,1,0.5,0.2,0,"(19.0, 20.0]"
19,1,1,1,9853,1,1,140.0,1,19,19,7,7,124.6,1,0,0,1,0,0,18,0,0,7,7,6,11.66666667,0,0,7,8,6,13.5,0,16.2,0.3,-0.92,Enrolled,Enrolled,0,Basic Education,0.8571428571428571,1,0.8571428571428571,0.0,0,"(16.999, 19.0]"
20,1,1,3,171,1,1,122.0,1,1,1,9,8,120.3,0,0,0,1,0,1,21,0,0,0,0,0,0.0,0,0,0,0,0,0.0,0,11.1,0.6,2.02,Graduate,Graduate,0,Animation and Multimedia Design,0.0,0,0.0,0.0,0,"(20.0, 25.0]"
21,1,18,4,9556,1,1,127.0,1,1,38,4,7,121.8,1,0,0,1,0,0,20,0,0,7,14,7,11.4375,0,0,8,9,8,11.425,0,12.7,3.7,-1.7,Enrolled,Enrolled,0,Oral Hygiene,1.0,0,0.5,0.0,0,"(19.0, 20.0]"
22,1,1,4,9500,1,1,142.0,1,19,19,1,1,125.5,1,0,0,1,0,0,18,0,0,8,12,7,12.85714286,0,0,8,12,7,12.85714286,0,12.7,3.7,-1.7,Graduate,Graduate,0,Nursing,0.875,1,0.5833333333333334,0.0,0,"(16.999, 19.0]"
23,1,1,4,9670,1,1,125.0,1,1,38,4,7,114.9,1,0,0,1,0,1,19,0,0,6,8,6,13.375,0,0,6,7,6,12.28571429,0,11.1,0.6,2.02,Graduate,Graduate,0,Advertising and Marketing Management,1.0,0,0.75,0.0,0,"(16.999, 19.0]"
24,1,1,1,9500,1,1,126.0,1,19,19,3,7,123.9,0,0,0,1,0,0,19,0,0,7,8,6,13.29666667,0,0,8,9,7,14.11428571,0,11.1,0.6,2.02,Graduate,Graduate,0,Nursing,0.8571428571428571,1,0.75,0.0,0,"(16.999, 19.0]"
25,1,1,1,9238,1,1,151.0,1,19,38,9,9,157.0,1,0,1,1,0,1,18,0,0,6,8,5,11.6,0,0,6,12,4,11.0,0,7.6,2.6,0.32,Enrolled,Enrolled,0,Social Service,0.8333333333333334,1,0.625,0.0,1,"(16.999, 19.0]"
26,1,17,2,9238,1,1,115.0,1,19,38,7,8,116.4,1,0,0,1,0,0,21,0,0,6,9,6,11.375,0,0,6,9,6,13.28571429,0,16.2,0.3,-0.92,Graduate,Graduate,0,Social Service,1.0,0,0.6666666666666666,0.0,0,"(20.0, 25.0]"
27,1,1,1,9085,1,1,138.0,1,19,19,3,3,131.0,1,0,0,1,0,0,18,0,0,5,9,5,12.66666667,2,0,5,7,4,13.0,0,9.4,-0.8,-3.12,Enrolled,Enrolled,0,Veterinary Nursing,1.0,0,0.5555555555555556,0.4,0,"(16.999, 19.0]"
28,1,1,1,9147,1,1,135.0,1,19,1,9,9,122.1,1,0,0,1,0,0,20,0,0,5,6,5,12.0,0,0,5,6,5,12.33333333,0,16.2,0.3,-0.92,Graduate,Graduate,0,Management,1.0,0,0.8333333333333334,0.0,0,"(19.0, 20.0]"
29,1,17,2,9500,1,1,127.0,1,3,3,1,10,118.8,1,0,0,1,1,0,19,0,0,7,9,6,12.93333333,0,0,7,7,6,13.71666667,0,16.2,0.3,-0.92,Enrolled,Enrolled,0,Nursing,0.8571428571428571,1,0.6666666666666666,0.0,0,"(16.999, 19.0]"
30,1,44,1,9003,1,39,150.0,1,4,5,4,2,150.0,0,0,0,1,1,0,21,0,0,6,15,5,11.85714286,0,0,6,17,5,10.57142857,0,16.2,0.3,-0.92,Enrolled,Enrolled,0,Agronomy,0.8333333333333334,1,0.3333333333333333,0.0,0,"(20.0, 25.0]"
31,1,51,1,9070,1,1,125.0,1,42,3,125,124,130.0,1,0,0,1,1,0,20,0,2,6,7,6,12.83333333,0,0,6,9,4,13.4,0,8.9,1.4,3.51,Graduate,Graduate,0,Communication Design,1.0,0,0.8571428571428571,0.0,0,"(19.0, 20.0]"
32,1,1,1,9147,1,1,143.0,1,1,1,4,6,138.8,0,0,0,0,1,0,18,0,0,5,9,3,11.33333333,0,0,5,8,2,13.5,0,8.9,1.4,3.51,Enrolled,Enrolled,0,Management,0.6,2,0.3333333333333333,0.0,1,"(16.999, 19.0]"
33,1,18,1,8014,0,1,138.0,1,19,1,9,5,134.5,1,0,0,1,0,0,19,0,0,6,6,6,12.66666667,0,0,6,8,6,14.375,0,12.4,0.5,1.79,Graduate,Graduate,0,Social Service (evening attendance),1.0,0,1.0,0.0,0,"(16.999, 19.0]"
34,1,1,1,9991,0,1,130.0,1,2,37,3,9,131.4,0,0,0,1,1,0,34,0,0,5,6,5,12.4,0,0,5,9,5,13.42857143,0,13.9,-0.3,0.79,Graduate,Graduate,0,Management (evening attendance),1.0,0,0.8333333333333334,0.0,0,"(25.0, 70.0]"
35,1,39,1,33,1,1,130.0,1,38,37,9,6,102.5,0,0,1,0,1,0,37,0,0,7,7,0,0.0,0,0,7,7,1,10.0,0,8.9,1.4,3.51,Dropout,Dropout,1,Biofuel Production Technologies,0.0,7,0.0,0.0,1,"(25.0, 70.0]"
36,1,39,1,9119,1,10,133.1,1,34,37,0,0,128.8,1,0,0,1,1,0,43,0,0,5,0,0,0.0,0,0,5,0,0,0.0,0,7.6,2.6,0.32,Dropout,Dropout,1,Informatics Engineering,0.0,5,0.0,0.0,0,"(25.0, 70.0]"
37,1,43,1,9147,1,1,140.0,1,37,37,6,6,122.9,0,0,0,1,0,0,55,0,0,5,10,1,10.0,0,0,5,8,2,12.0,2,16.2,0.3,-0.92,Dropout,Dropout,1,Management,0.2,4,0.1,0.0,0,"(25.0, 70.0]"
38,4,39,1,9991,0,1,120.0,1,19,19,9,3,113.9,1,0,0,1,0,0,39,0,0,5,8,5,11.0,0,0,5,5,5,11.6,0,7.6,2.6,0.32,Graduate,Graduate,0,Management (evening attendance),1.0,0,0.625,0.0,0,"(25.0, 70.0]"
39,1,44,1,9130,1,39,120.0,6,4,4,3,6,120.0,0,0,1,0,0,0,20,1,2,6,13,3,11.66666667,0,1,6,11,3,12.0,0,12.4,0.5,1.79,Dropout,Dropout,1,Equinculture,0.5,3,0.23076923076923078,0.0,1,"(19.0, 20.0]"
40,1,1,5,9773,1,1,126.0,1,3,3,2,2,121.1,0,0,1,1,0,0,18,0,0,6,6,4,12.75,0,0,5,5,0,0.0,0,12.7,3.7,-1.7,Dropout,Dropout,1,Journalism and Communication,0.6666666666666666,2,0.6666666666666666,0.0,1,"(16.999, 19.0]"
41,1,1,2,9147,1,1,133.0,1,3,19,2,7,120.4,1,0,0,1,0,0,22,0,0,5,5,5,14.8,0,0,5,5,5,15.8,0,8.9,1.4,3.51,Graduate,Graduate,0,Management,1.0,0,1.0,0.0,0,"(20.0, 25.0]"
42,1,1,6,9500,1,1,103.0,1,1,3,2,2,100.6,1,1,0,1,0,0,22,0,0,7,9,5,13.928,0,0,8,9,7,14.34285714,0,11.1,0.6,2.02,Graduate,Graduate,0,Nursing,0.7142857142857143,2,0.5555555555555556,0.0,0,"(20.0, 25.0]"
43,1,17,1,9773,1,1,120.0,1,1,38,5,5,121.4,0,0,0,0,0,0,20,0,0,6,7,4,13.0,0,0,6,7,5,13.8,0,12.4,0.5,1.79,Dropout,Dropout,1,Journalism and Communication,0.6666666666666666,2,0.5714285714285714,0.0,1,"(19.0, 20.0]"
44,1,39,1,9991,0,1,133.1,1,37,37,9,9,109.7,0,0,0,1,0,0,29,0,0,5,0,0,0.0,0,0,5,0,0,0.0,0,16.2,0.3,-0.92,Dropout,Dropout,1,Management (evening attendance),0.0,5,0.0,0.0,0,"(25.0, 70.0]"
45,1,17,1,9991,0,1,154.0,1,38,38,4,5,134.1,0,0,0,1,0,0,24,0,0,5,9,2,11.5,0,0,5,11,3,14.33333333,1,7.6,2.6,0.32,Enrolled,Enrolled,0,Management (evening attendance),0.4,3,0.2222222222222222,0.0,0,"(20.0, 25.0]"
46,1,17,2,9238,1,1,130.0,1,19,19,9,9,127.6,1,0,0,1,0,0,18,0,0,6,6,6,11.66666667,0,0,6,8,5,13.2,0,11.1,0.6,2.02,Graduate,Graduate,0,Social Service,1.0,0,1.0,0.0,0,"(16.999, 19.0]"
47,1,17,6,9500,1,1,132.0,1,37,19,7,7,132.4,1,0,0,1,0,1,22,0,0,7,8,6,13.51666667,0,0,8,9,7,13.77142857,0,11.1,0.6,2.02,Graduate,Graduate,0,Nursing,0.8571428571428571,1,0.75,0.0,0,"(20.0, 25.0]"
48,1,44,1,8014,0,39,130.0,1,1,19,9,9,133.4,0,0,0,1,0,1,21,0,3,6,6,6,11.5,0,2,6,7,6,13.28571429,0,12.4,0.5,1.79,Graduate,Graduate,0,Social Service (evening attendance),1.0,0,1.0,0.0,0,"(20.0, 25.0]"
49,1,1,1,9238,1,1,139.0,1,37,38,9,9,126.1,0,0,0,1,0,1,19,0,0,6,7,5,12.33333333,0,0,6,7,6,12.83333333,0,12.7,3.7,-1.7,Graduate,Graduate,0,Social Service,0.8333333333333334,1,0.7142857142857143,0.0,0,"(16.999, 19.0]"
50,1,39,1,9254,1,1,130.0,1,19,38,9,7,113.5,0,0,0,1,0,1,24,0,0,6,6,6,13.66666667,0,0,6,6,6,14.16666667,0,12.4,0.5,1.79,Graduate,Graduate,0,Tourism,1.0,0,1.0,0.0,0,"(20.0, 25.0]"
51,1,1,1,9500,1,1,139.0,1,37,38,6,6,121.3,1,0,0,1,0,1,19,0,0,8,10,6,11.83333333,0,0,8,10,6,11.83333333,0,9.4,-0.8,-3.12,Enrolled,Enrolled,0,Nursing,0.75,2,0.6,0.0,0,"(16.999, 19.0]"
52,1,1,1,9773,1,1,127.0,1,1,19,7,7,121.8,1,0,0,1,0,1,20,0,0,6,11,4,14.0,0,0,6,12,3,11.0,0,9.4,-0.8,-3.12,Enrolled,Enrolled,0,Journalism and Communication,0.6666666666666666,2,0.36363636363636365,0.0,0,"(19.0, 20.0]"
53,1,1,3,9130,1,1,167.0,1,37,37,90,90,159.3,0,0,0,1,0,0,19,0,0,5,7,5,14.71428571,0,0,5,5,5,15.8,0,7.6,2.6,0.32,Graduate,Graduate,0,Equinculture,1.0,0,0.7142857142857143,0.0,0,"(16.999, 19.0]"
54,1,39,1,9991,0,1,130.0,1,38,38,9,9,120.0,0,0,0,1,0,0,27,0,0,5,12,5,10.6,0,0,5,10,5,11.0,0,9.4,-0.8,-3.12,Dropout,Dropout,1,Management (evening attendance),1.0,0,0.4166666666666667,0.0,0,"(25.0, 70.0]"
55,1,1,1,9500,1,1,130.0,1,1,19,5,5,129.1,1,0,0,1,0,0,18,0,0,7,9,7,13.04444444,0,0,8,10,8,13.595,0,15.5,2.8,-4.06,Graduate,Graduate,0,Nursing,1.0,0,0.7777777777777778,0.0,0,"(16.999, 19.0]"
56,2,7,1,9254,1,3,130.0,1,1,3,4,3,130.0,0,0,0,1,0,0,39,0,0,6,10,0,0.0,0,0,6,6,0,0.0,0,12.4,0.5,1.79,Dropout,Dropout,1,Tourism,0.0,6,0.0,0.0,0,"(25.0, 70.0]"
57,1,39,1,9130,1,40,129.0,1,3,3,2,2,155.3,1,0,0,1,0,0,27,0,0,6,9,5,13.0,0,5,11,13,10,12.9,0,12.4,0.5,1.79,Dropout,Dropout,1,Equinculture,0.8333333333333334,1,0.5555555555555556,0.0,0,"(25.0, 70.0]"
58,1,17,1,9500,1,1,141.0,1,38,38,7,10,139.8,1,0,0,1,0,0,18,0,0,8,8,8,14.935,0,0,8,8,8,14.935,0,9.4,-0.8,-3.12,Graduate,Graduate,0,Nursing,1.0,0,1.0,0.0,0,"(16.999, 19.0]"
59,1,1,3,171,1,1,125.0,1,38,37,4,9,115.2,1,0,0,1,0,0,18,0,0,0,0,0,0.0,0,0,0,0,0,0.0,0,7.6,2.6,0.32,Enrolled,Enrolled,0,Animation and Multimedia Design,0.0,0,0.0,0.0,0,"(16.999, 19.0]"
60,1,1,2,9500,1,1,125.0,1,19,19,9,9,114.9,0,0,0,1,0,0,18,0,0,7,8,6,13.13333333,0,0,8,12,7,12.22142857,0,16.2,0.3,-0.92,Graduate,Graduate,0,Nursing,0.8571428571428571,1,0.75,0.0,0,"(16.999, 19.0]"
61,1,44,1,9238,1,39,130.0,1,19,1,9,9,131.9,0,0,0,1,0,1,21,0,3,6,7,6,12.0,0,2,6,7,6,12.0,0,13.9,-0.3,0.79,Graduate,Graduate,0,Social Service,1.0,0,0.8571428571428571,0.0,0,"(20.0, 25.0]"
62,1,17,3,171,1,1,133.0,1,1,37,4,7,126.0,1,0,0,1,1,1,19,0,0,0,0,0,0.0,0,0,0,0,0,0.0,0,10.8,1.4,1.74,Enrolled,Enrolled,0,Animation and Multimedia Design,0.0,0,0.0,0.0,0,"(16.999, 19.0]"
63,1,17,1,9070,1,1,127.0,1,1,1,3,4,130.2,1,0,0,1,1,0,19,0,0,6,6,5,11.4,0,0,6,8,1,10.0,0,10.8,1.4,1.74,Enrolled,Enrolled,0,Communication Design,0.8333333333333334,1,0.8333333333333334,0.0,0,"(16.999, 19.0]"
64,1,43,1,9070,1,1,116.0,1,1,1,3,3,120.9,0,0,0,1,1,0,24,0,0,6,6,0,0.0,0,0,6,6,0,0.0,0,12.7,3.7,-1.7,Enrolled,Enrolled,0,Communication Design,0.0,6,0.0,0.0,0,"(20.0, 25.0]"
65,4,42,1,9500,1,19,133.1,1,1,1,5,5,126.0,1,0,0,1,1,0,29,0,2,7,10,5,11.9,0,1,8,10,5,11.0,0,13.9,-0.3,0.79,Dropout,Dropout,1,Nursing,0.7142857142857143,2,0.5,0.0,0,"(25.0, 70.0]"
66,1,1,3,171,1,1,139.0,1,19,19,5,3,128.2,1,0,0,1,1,1,19,0,0,0,0,0,0.0,0,0,0,0,0,0.0,0,10.8,1.4,1.74,Graduate,Graduate,0,Animation and Multimedia Design,0.0,0,0.0,0.0,0,"(16.999, 19.0]"
67,1,44,1,9003,1,39,130.0,1,19,37,9,9,130.0,1,0,0,1,1,0,23,0,0,6,8,6,12.57142857,0,0,6,7,6,12.42857143,0,8.9,1.4,3.51,Graduate,Graduate,0,Agronomy,1.0,0,0.75,0.0,0,"(20.0, 25.0]"
68,1,1,3,9147,1,1,125.0,1,1,38,7,7,120.1,0,0,1,1,1,0,19,0,0,5,8,5,11.2,0,0,5,10,4,10.75,3,16.2,0.3,-0.92,Dropout,Dropout,1,Management,1.0,0,0.625,0.0,1,"(16.999, 19.0]"
69,1,39,1,9254,1,1,160.0,1,19,37,7,10,100.0,0,0,0,1,1,0,26,0,0,6,7,6,12.0,0,0,6,8,5,10.8,0,12.7,3.7,-1.7,Enrolled,Enrolled,0,Tourism,1.0,0,0.8571428571428571,0.0,0,"(25.0, 70.0]"
70,1,17,1,9147,1,1,148.0,1,38,37,5,5,134.0,0,0,0,1,1,0,18,0,0,5,9,0,0.0,0,0,5,5,0,0.0,0,7.6,2.6,0.32,Enrolled,Enrolled,0,Management,0.0,5,0.0,0.0,0,"(16.999, 19.0]"
71,1,17,1,9500,1,1,150.0,1,37,19,8,4,130.8,0,0,0,1,1,0,24,0,0,7,8,7,11.975,0,0,8,8,8,13.75,0,13.9,-0.3,0.79,Graduate,Graduate,0,Nursing,1.0,0,0.875,0.0,0,"(20.0, 25.0]"
72,1,1,1,171,1,1,141.0,1,19,19,5,10,135.8,1,0,0,1,1,0,19,0,0,0,0,0,0.0,0,0,0,0,0,0.0,0,15.5,2.8,-4.06,Dropout,Dropout,1,Animation and Multimedia Design,0.0,0,0.0,0.0,0,"(16.999, 19.0]"
73,1,17,4,9254,1,1,118.0,1,38,37,5,7,111.7,1,0,0,1,1,0,18,0,0,6,12,3,11.66666667,0,0,6,12,1,12.0,0,12.4,0.5,1.79,Dropout,Dropout,1,Tourism,0.5,3,0.25,0.0,0,"(16.999, 19.0]"
74,1,1,2,9773,1,1,142.0,1,38,38,9,9,132.9,1,0,0,1,1,0,18,0,0,6,8,6,12.33333333,0,0,6,11,3,12.33333333,0,10.8,1.4,1.74,Graduate,Graduate,0,Journalism and Communication,1.0,0,0.75,0.0,0,"(16.999, 19.0]"
75,1,17,3,9147,1,1,120.0,1,19,19,4,7,115.5,1,0,1,1,1,0,18,0,0,5,8,3,10.33333333,0,0,5,11,3,10.85714286,0,10.8,1.4,1.74,Dropout,Dropout,1,Management,0.6,2,0.375,0.0,1,"(16.999, 19.0]"
76,1,18,4,9254,1,1,106.0,1,19,37,7,7,106.0,1,0,0,1,1,1,21,0,0,6,8,4,10.5,0,0,6,11,1,11.0,0,9.4,-0.8,-3.12,Dropout,Dropout,1,Tourism,0.6666666666666666,2,0.5,0.0,0,"(20.0, 25.0]"
77,1,17,4,9773,1,1,121.0,1,1,19,9,8,120.3,1,0,1,1,1,1,19,0,0,6,6,6,13.66666667,0,0,6,6,6,13.33333333,0,8.9,1.4,3.51,Graduate,Graduate,0,Journalism and Communication,1.0,0,1.0,0.0,1,"(16.999, 19.0]"
78,1,17,4,9500,1,1,150.0,1,38,37,9,9,130.8,0,0,0,1,1,1,22,0,0,7,7,7,14.84285714,0,0,8,9,8,15.05555556,0,16.2,0.3,-0.92,Graduate,Graduate,0,Nursing,1.0,0,1.0,0.0,0,"(20.0, 25.0]"
79,2,39,1,8014,0,1,120.0,1,37,37,9,6,117.0,0,0,0,1,1,0,33,0,0,6,8,6,12.0,0,0,6,6,6,11.66666667,0,10.8,1.4,1.74,Graduate,Graduate,0,Social Service (evening attendance),1.0,0,0.75,0.0,0,"(25.0, 70.0]"
80,1,1,6,9853,1,1,114.0,1,19,19,9,9,110.2,1,0,0,1,1,0,20,0,0,6,8,5,12.2,0,0,6,7,5,12.2,0,10.8,1.4,1.74,Dropout,Dropout,1,Basic Education,0.8333333333333334,1,0.625,0.0,0,"(19.0, 20.0]"
81,1,39,1,9991,0,2,140.0,1,3,3,2,2,155.7,1,0,0,1,1,0,35,0,0,1,1,0,0.0,1,0,5,0,0,0.0,0,10.8,1.4,1.74,Dropout,Dropout,1,Management (evening attendance),0.0,1,0.0,1.0,0,"(25.0, 70.0]"
82,1,39,1,9003,1,4,160.0,1,3,3,4,2,180.4,0,0,1,1,1,0,24,0,6,12,17,6,12.16666667,0,7,12,14,10,13.3,0,12.4,0.5,1.79,Dropout,Dropout,1,Agronomy,0.5,6,0.35294117647058826,0.0,1,"(20.0, 25.0]"
83,1,17,1,9254,1,1,120.0,1,19,19,4,4,125.5,0,0,0,1,1,0,18,0,0,5,6,5,12.0,0,0,5,8,3,11.33333333,0,12.7,3.7,-1.7,Enrolled,Enrolled,0,Tourism,1.0,0,0.8333333333333334,0.0,0,"(16.999, 19.0]"
84,2,39,1,8014,0,1,130.0,1,37,37,9,6,110.0,1,0,0,1,0,0,33,0,0,6,7,6,11.0,0,0,6,11,5,11.0,0,9.4,-0.8,-3.12,Graduate,Graduate,0,Social Service (evening attendance),1.0,0,0.8571428571428571,0.0,0,"(25.0, 70.0]"
85,1,42,1,9500,1,1,160.0,1,37,38,9,7,161.0,1,0,0,1,0,1,22,0,0,8,8,7,13.08,0,0,8,8,7,13.08,0,10.8,1.4,1.74,Graduate,Graduate,0,Nursing,0.875,1,0.875,0.0,0,"(20.0, 25.0]"
86,1,39,1,9670,1,1,120.0,1,1,19,4,5,100.0,0,0,0,1,0,1,25,0,0,5,7,4,10.5,0,0,5,7,5,11.6,0,9.4,-0.8,-3.12,Graduate,Graduate,0,Advertising and Marketing Management,0.8,1,0.5714285714285714,0.0,0,"(20.0, 25.0]"
87,1,17,1,9070,1,1,124.0,1,19,38,4,0,117.6,1,0,0,1,1,0,20,0,0,6,9,6,10.66666667,1,0,6,6,5,11.2,0,7.6,2.6,0.32,Graduate,Graduate,0,Communication Design,1.0,0,0.6666666666666666,0.16666666666666666,0,"(19.0, 20.0]"
88,1,1,6,9147,1,1,143.0,1,38,37,9,9,128.7,1,0,0,1,1,0,23,0,0,5,6,4,14.0,0,0,5,5,5,13.8,0,11.1,0.6,2.02,Enrolled,Enrolled,0,Management,0.8,1,0.6666666666666666,0.0,0,"(20.0, 25.0]"
89,1,43,2,9119,1,1,115.0,1,38,19,9,6,112.2,1,0,1,1,1,0,18,0,0,5,9,2,10.0,0,0,5,9,0,0.0,0,15.5,2.8,-4.06,Enrolled,Enrolled,0,Informatics Engineering,0.4,3,0.2222222222222222,0.0,1,"(16.999, 19.0]"
90,1,39,1,9500,1,1,133.1,1,1,1,4,10,100.8,0,0,0,1,1,0,24,0,0,7,18,0,0.0,0,0,7,7,0,0.0,0,13.9,-0.3,0.79,Dropout,Dropout,1,Nursing,0.0,7,0.0,0.0,0,"(20.0, 25.0]"
91,1,17,2,9773,1,1,133.1,41,19,1,9,9,105.0,1,0,0,0,0,0,21,1,0,6,6,6,14.0,0,0,6,6,6,13.5,0,8.9,1.4,3.51,Graduate,Graduate,0,Journalism and Communication,1.0,0,1.0,0.0,1,"(20.0, 25.0]"
92,1,15,1,9130,1,1,133.1,41,1,1,4,4,100.0,0,0,0,1,0,0,26,1,0,6,7,2,12.0,1,0,6,6,0,0.0,0,8.9,1.4,3.51,Dropout,Dropout,1,Equinculture,0.3333333333333333,4,0.2857142857142857,0.16666666666666666,0,"(25.0, 70.0]"
93,2,39,1,9853,1,10,133.1,1,37,34,0,0,115.5,0,0,0,1,0,0,39,0,0,6,12,3,12.66666667,0,0,6,14,0,0.0,1,7.6,2.6,0.32,Dropout,Dropout,1,Basic Education,0.5,3,0.25,0.0,0,"(25.0, 70.0]"
94,2,39,1,8014,0,1,133.1,1,37,19,9,9,114.0,0,0,0,1,0,0,44,0,2,8,11,8,11.875,0,0,6,7,6,12.33333333,0,12.7,3.7,-1.7,Graduate,Graduate,0,Social Service (evening attendance),1.0,0,0.7272727272727273,0.0,0,"(25.0, 70.0]"
95,1,15,1,9119,1,1,130.0,26,38,3,9,2,137.0,1,0,0,1,1,0,19,1,0,5,9,5,14.0,0,0,5,11,3,13.25,0,13.9,-0.3,0.79,Enrolled,Enrolled,0,Informatics Engineering,1.0,0,0.5555555555555556,0.0,0,"(16.999, 19.0]"
96,1,1,5,9773,1,1,135.0,1,37,1,5,5,124.9,1,0,0,1,0,0,18,0,0,6,6,6,13.66666667,0,0,6,6,6,13.33333333,0,8.9,1.4,3.51,Graduate,Graduate,0,Journalism and Communication,1.0,0,1.0,0.0,0,"(16.999, 19.0]"
97,1,1,5,9500,1,1,132.0,1,37,37,7,7,120.3,1,0,0,1,0,1,18,0,0,7,7,7,13.75,0,0,8,9,8,14.47777778,0,12.4,0.5,1.79,Graduate,Graduate,0,Nursing,1.0,0,1.0,0.0,0,"(16.999, 19.0]"
98,1,1,1,9085,1,1,135.0,1,1,2,9,1,134.3,1,0,0,1,0,0,19,0,0,5,7,5,14.2,2,0,5,7,5,13.8,0,12.7,3.7,-1.7,Enrolled,Enrolled,0,Veterinary Nursing,1.0,0,0.7142857142857143,0.4,0,"(16.999, 19.0]"
99,1,1,4,9500,1,1,115.0,1,3,3,2,2,111.5,1,0,1,0,0,0,19,0,0,7,10,4,11.96,0,0,7,7,0,0.0,0,13.9,-0.3,0.79,Dropout,Dropout,1,Nursing,0.5714285714285714,3,0.4,0.0,1,"(16.999, 19.0]"
100,1,53,1,9085,1,42,130.0,1,38,38,9,9,128.8,0,0,0,1,0,0,21,0,7,10,12,8,12.875,0,4,9,14,5,13.4,0,8.9,1.4,3.51,Dropout,Dropout,1,Veterinary Nursing,0.8,2,0.6666666666666666,0.0,0,"(20.0, 25.0]"
101,1,1,4,171,1,1,133.1,1,1,1,9,10,110.0,1,0,0,1,0,0,20,0,0,0,0,0,0.0,0,0,0,0,0,0.0,0,16.2,0.3,-0.92,Graduate,Graduate,0,Animation and Multimedia Design,0.0,0,0.0,0.0,0,"(19.0, 20.0]"
102,2,39,1,8014,0,1,130.0,1,37,37,6,5,113.5,1,0,0,1,0,0,36,0,0,6,0,0,0.0,0,0,6,0,0,0.0,0,9.4,-0.8,-3.12,Dropout,Dropout,1,Social Service (evening attendance),0.0,6,0.0,0.0,0,"(25.0, 70.0]"
103,4,39,1,9003,1,12,133.1,1,37,37,9,6,160.0,0,0,0,1,0,0,43,0,13,18,19,18,14.63157895,0,10,13,14,13,14.23076923,1,15.5,2.8,-4.06,Graduate,Graduate,0,Agronomy,1.0,0,0.9473684210526315,0.0,0,"(25.0, 70.0]"
104,1,18,1,9853,1,1,123.0,1,19,19,9,7,117.4,1,0,0,1,0,0,19,0,0,6,0,0,0.0,0,0,6,0,0,0.0,0,11.1,0.6,2.02,Dropout,Dropout,1,Basic Education,0.0,6,0.0,0.0,0,"(16.999, 19.0]"
105,1,51,1,9070,1,1,130.0,1,3,1,2,8,122.2,0,0,1,1,0,0,20,0,4,10,12,10,13.0,0,5,11,11,11,12.27272727,0,11.1,0.6,2.02,Graduate,Graduate,0,Communication Design,1.0,0,0.8333333333333334,0.0,1,"(19.0, 20.0]"
106,1,1,2,9238,1,1,122.0,1,37,38,4,7,118.2,1,0,0,1,0,0,19,0,0,6,0,0,0.0,0,0,6,0,0,0.0,0,16.2,0.3,-0.92,Dropout,Dropout,1,Social Service,0.0,6,0.0,0.0,0,"(16.999, 19.0]"
107,1,1,1,9085,1,1,113.0,1,1,1,4,4,106.7,1,0,0,1,0,0,20,0,0,6,15,4,14.2,0,0,6,17,4,13.25,0,15.5,2.8,-4.06,Dropout,Dropout,1,Veterinary Nursing,0.6666666666666666,2,0.26666666666666666,0.0,0,"(19.0, 20.0]"
108,1,1,5,9500,1,1,111.0,1,3,4,4,3,108.2,1,0,0,1,0,0,20,0,2,7,9,6,13.26666667,0,0,7,10,5,12.3,0,12.4,0.5,1.79,Dropout,Dropout,1,Nursing,0.8571428571428571,1,0.6666666666666666,0.0,0,"(19.0, 20.0]"
109,1,17,2,9853,1,1,133.1,1,19,1,9,3,107.0,1,0,0,1,0,0,20,0,0,7,12,6,11.66666667,0,0,7,10,3,13.0,0,16.2,0.3,-0.92,Enrolled,Enrolled,0,Basic Education,0.8571428571428571,1,0.5,0.0,0,"(19.0, 20.0]"
110,1,1,1,9238,1,1,142.0,1,37,37,6,7,136.1,1,0,0,1,0,0,18,0,0,6,8,6,13.85714286,0,0,6,6,6,15.0,0,13.9,-0.3,0.79,Graduate,Graduate,0,Social Service,1.0,0,0.75,0.0,0,"(16.999, 19.0]"
111,1,17,2,9147,1,1,123.0,1,1,38,4,7,115.3,1,0,0,1,0,1,18,0,0,5,9,3,13.0,0,0,5,11,3,11.0,0,8.9,1.4,3.51,Enrolled,Enrolled,0,Management,0.6,2,0.3333333333333333,0.0,0,"(16.999, 19.0]"
112,1,1,1,9085,1,1,131.0,1,19,19,9,9,139.8,1,0,0,1,0,0,19,0,0,5,6,5,13.4,0,0,5,5,5,12.8,0,10.8,1.4,1.74,Graduate,Graduate,0,Veterinary Nursing,1.0,0,0.8333333333333334,0.0,0,"(16.999, 19.0]"
113,1,1,3,9773,1,1,158.0,1,1,38,4,7,157.0,1,0,0,1,0,0,18,0,0,6,6,6,12.66666667,0,0,6,7,6,12.57142857,0,10.8,1.4,1.74,Graduate,Graduate,0,Journalism and Communication,1.0,0,1.0,0.0,0,"(16.999, 19.0]"
114,1,17,2,9500,1,1,122.0,1,37,37,9,9,131.0,1,0,0,1,0,0,18,0,0,7,7,6,12.51666667,1,0,7,7,6,12.51666667,1,7.6,2.6,0.32,Dropout,Dropout,1,Nursing,0.8571428571428571,1,0.8571428571428571,0.14285714285714285,0,"(16.999, 19.0]"
115,1,43,1,9500,1,1,130.0,1,38,38,9,5,100.0,0,0,0,1,0,0,20,0,0,7,11,6,11.61666667,0,0,7,7,7,13.0,0,13.9,-0.3,0.79,Enrolled,Enrolled,0,Nursing,0.8571428571428571,1,0.5454545454545454,0.0,0,"(19.0, 20.0]"
116,1,17,1,9238,1,1,154.0,1,19,37,9,7,140.4,1,0,0,1,0,1,20,0,0,6,13,2,10.0,0,0,6,12,4,10.75,0,7.6,2.6,0.32,Enrolled,Enrolled,0,Social Service,0.3333333333333333,4,0.15384615384615385,0.0,0,"(19.0, 20.0]"
117,1,17,1,9147,1,1,120.0,1,19,19,3,3,113.4,0,0,0,1,0,0,20,0,0,5,11,3,10.33333333,0,0,5,10,3,10.66666667,0,12.4,0.5,1.79,Enrolled,Enrolled,0,Management,0.6,2,0.2727272727272727,0.0,0,"(19.0, 20.0]"
118,1,1,2,9085,1,1,140.0,1,37,38,9,7,137.0,0,0,0,1,0,0,18,0,0,5,12,5,13.14285714,2,0,5,6,5,11.4,0,9.4,-0.8,-3.12,Graduate,Graduate,0,Veterinary Nursing,1.0,0,0.4166666666666667,0.4,0,"(16.999, 19.0]"
119,1,1,1,9147,1,1,127.0,1,2,19,4,5,121.8,0,0,0,1,0,0,18,0,0,5,5,5,12.6,0,0,5,5,5,14.0,0,11.1,0.6,2.02,Graduate,Graduate,0,Management,1.0,0,1.0,0.0,0,"(16.999, 19.0]"
120,1,17,1,9254,1,1,133.1,1,1,1,4,5,131.0,1,0,0,1,0,0,21,0,0,6,12,3,11.0,0,0,6,12,2,11.0,0,9.4,-0.8,-3.12,Dropout,Dropout,1,Tourism,0.5,3,0.25,0.0,0,"(20.0, 25.0]"
121,1,1,2,9147,1,1,120.0,1,19,19,9,7,118.6,1,0,0,1,0,0,19,0,0,5,8,5,10.8,0,0,5,9,4,11.25,2,16.2,0.3,-0.92,Graduate,Graduate,0,Management,1.0,0,0.625,0.0,0,"(16.999, 19.0]"
122,1,1,1,171,1,1,137.0,1,3,19,2,9,122.3,0,0,0,1,0,0,19,0,0,0,0,0,0.0,0,0,0,0,0,0.0,0,10.8,1.4,1.74,Dropout,Dropout,1,Animation and Multimedia Design,0.0,0,0.0,0.0,0,"(16.999, 19.0]"
123,1,1,1,9670,1,1,131.0,1,38,38,9,9,127.9,0,0,0,1,0,1,19,0,0,5,5,5,12.8,0,0,5,5,5,14.2,0,9.4,-0.8,-3.12,Graduate,Graduate,0,Advertising and Marketing Management,1.0,0,1.0,0.0,0,"(16.999, 19.0]"
124,1,1,1,9085,1,1,130.0,1,19,38,4,7,121.3,1,0,0,1,0,0,19,0,0,6,15,6,14.16666667,0,0,6,13,6,12.2,0,15.5,2.8,-4.06,Graduate,Graduate,0,Veterinary Nursing,1.0,0,0.4,0.0,0,"(16.999, 19.0]"
125,1,17,6,9556,1,1,122.0,1,1,1,4,5,117.1,1,0,0,1,0,0,19,0,0,7,12,5,12.1,0,0,7,0,0,0.0,0,13.9,-0.3,0.79,Dropout,Dropout,1,Oral Hygiene,0.7142857142857143,2,0.4166666666666667,0.0,0,"(16.999, 19.0]"
126,1,44,1,9085,1,39,160.0,1,37,37,9,9,160.0,1,0,0,1,0,0,20,0,1,6,7,6,14.16666667,0,1,6,17,5,13.77777778,0,12.4,0.5,1.79,Graduate,Graduate,0,Veterinary Nursing,1.0,0,0.8571428571428571,0.0,0,"(19.0, 20.0]"
127,1,1,1,9853,1,1,146.0,1,19,38,9,3,145.3,1,0,0,1,0,1,18,0,0,6,8,5,12.8,0,0,6,7,5,13.4,0,9.4,-0.8,-3.12,Enrolled,Enrolled,0,Basic Education,0.8333333333333334,1,0.625,0.0,0,"(16.999, 19.0]"
128,1,17,3,9238,1,1,131.0,1,1,39,5,3,122.6,1,0,0,1,0,0,18,0,0,6,7,6,13.0,0,0,6,6,6,13.66666667,0,12.4,0.5,1.79,Graduate,Graduate,0,Social Service,1.0,0,0.8571428571428571,0.0,0,"(16.999, 19.0]"
129,1,17,6,9500,1,1,132.0,1,1,37,8,9,128.0,1,0,0,1,0,0,19,0,0,7,7,7,13.46714286,0,0,8,9,8,15.01111111,0,12.4,0.5,1.79,Graduate,Graduate,0,Nursing,1.0,0,1.0,0.0,0,"(16.999, 19.0]"
130,1,1,3,9500,1,1,138.0,1,19,19,5,8,124.9,1,0,0,1,0,1,18,0,0,7,9,7,13.2375,0,0,8,9,7,13.74285714,0,13.9,-0.3,0.79,Dropout,Dropout,1,Nursing,1.0,0,0.7777777777777778,0.0,0,"(16.999, 19.0]"
131,1,17,2,9070,1,1,130.0,1,37,37,9,9,123.7,1,0,0,1,0,0,18,0,0,6,6,6,12.33333333,0,0,6,6,6,13.0,0,7.6,2.6,0.32,Graduate,Graduate,0,Communication Design,1.0,0,1.0,0.0,0,"(16.999, 19.0]"
132,1,1,4,9147,1,1,126.0,1,1,19,4,8,120.1,1,0,0,1,0,0,19,0,0,5,7,5,12.4,0,0,5,5,5,14.6,0,8.9,1.4,3.51,Graduate,Graduate,0,Management,1.0,0,0.7142857142857143,0.0,0,"(16.999, 19.0]"
133,1,17,6,9500,1,1,148.0,1,1,19,3,3,131.7,1,0,0,1,0,0,19,0,0,7,8,5,14.0,0,0,7,7,0,0.0,0,13.9,-0.3,0.79,Dropout,Dropout,1,Nursing,0.7142857142857143,2,0.625,0.0,0,"(16.999, 19.0]"
134,1,43,1,9238,1,1,130.0,1,38,37,9,7,133.2,0,0,0,1,0,0,20,0,5,9,15,9,11.66666667,0,2,7,8,7,11.71428571,0,7.6,2.6,0.32,Graduate,Graduate,0,Social Service,1.0,0,0.6,0.0,0,"(19.0, 20.0]"
135,1,1,1,9670,1,1,117.0,1,1,38,3,9,109.3,0,0,1,0,0,1,19,0,0,6,7,5,12.0,0,0,6,9,4,12.5,0,12.4,0.5,1.79,Dropout,Dropout,1,Advertising and Marketing Management,0.8333333333333334,1,0.7142857142857143,0.0,1,"(16.999, 19.0]"
136,1,17,1,9670,1,1,120.0,1,19,19,5,5,113.0,1,0,0,1,0,0,20,0,0,5,7,4,12.2,0,0,5,5,4,11.5,0,7.6,2.6,0.32,Graduate,Graduate,0,Advertising and Marketing Management,0.8,1,0.5714285714285714,0.0,0,"(19.0, 20.0]"
137,1,1,1,9773,1,1,153.0,1,1,1,141,175,157.9,0,0,1,1,0,1,18,0,0,6,6,6,14.83333333,0,0,6,6,6,14.83333333,0,8.9,1.4,3.51,Graduate,Graduate,0,Journalism and Communication,1.0,0,1.0,0.0,1,"(16.999, 19.0]"
138,1,1,2,9500,1,1,117.0,1,19,1,4,7,112.1,0,0,0,1,0,1,20,0,0,7,9,5,13.188,0,0,8,9,7,12.89285714,0,11.1,0.6,2.02,Enrolled,Enrolled,0,Nursing,0.7142857142857143,2,0.5555555555555556,0.0,0,"(19.0, 20.0]"
139,1,18,1,9500,1,1,178.0,1,19,1,4,8,174.7,0,0,0,1,0,0,18,0,0,7,8,7,17.125,0,0,8,8,8,17.5875,0,13.9,-0.3,0.79,Graduate,Graduate,0,Nursing,1.0,0,0.875,0.0,0,"(16.999, 19.0]"
140,1,1,5,9500,1,1,129.0,1,37,37,9,9,128.8,1,0,0,1,0,0,19,0,0,7,7,6,12.66666667,0,0,7,7,6,12.66666667,0,7.6,2.6,0.32,Graduate,Graduate,0,Nursing,0.8571428571428571,1,0.8571428571428571,0.0,0,"(16.999, 19.0]"
141,1,1,6,9773,1,1,116.0,1,19,1,4,4,110.1,1,0,0,1,0,1,19,0,0,6,8,6,12.66666667,0,0,6,10,5,12.0,0,12.4,0.5,1.79,Graduate,Graduate,0,Journalism and Communication,1.0,0,0.75,0.0,0,"(16.999, 19.0]"
142,1,51,1,9147,1,1,99.0,1,3,1,3,3,99.7,1,0,1,0,0,0,22,0,0,5,8,0,0.0,0,0,5,7,0,0.0,0,8.9,1.4,3.51,Enrolled,Enrolled,0,Management,0.0,5,0.0,0.0,1,"(20.0, 25.0]"
143,1,1,3,9238,1,1,135.0,1,1,12,9,10,121.0,1,0,0,1,0,1,19,0,0,6,7,6,11.33333333,0,0,6,6,6,11.5,0,12.4,0.5,1.79,Graduate,Graduate,0,Social Service,1.0,0,0.8571428571428571,0.0,0,"(16.999, 19.0]"
144,1,1,3,9500,1,1,141.0,1,19,19,9,7,131.7,1,0,0,1,0,1,19,0,0,7,10,7,13.605,0,0,8,11,8,12.33125,0,15.5,2.8,-4.06,Graduate,Graduate,0,Nursing,1.0,0,0.7,0.0,0,"(16.999, 19.0]"
145,1,17,5,9853,1,1,132.0,1,37,38,5,6,119.1,1,0,0,1,0,1,19,0,0,6,10,5,12.0,0,0,6,9,5,10.8,0,9.4,-0.8,-3.12,Graduate,Graduate,0,Basic Education,0.8333333333333334,1,0.5,0.0,0,"(16.999, 19.0]"
146,1,1,4,9254,1,1,132.0,1,12,19,9,9,124.7,1,0,0,1,0,0,19,0,0,5,10,0,0.0,0,0,5,10,0,0.0,0,7.6,2.6,0.32,Dropout,Dropout,1,Tourism,0.0,5,0.0,0.0,0,"(16.999, 19.0]"
147,1,17,1,9254,1,1,113.0,1,1,37,9,10,117.2,1,0,0,1,0,0,20,0,0,6,8,5,11.2,0,0,6,12,3,11.66666667,0,7.6,2.6,0.32,Dropout,Dropout,1,Tourism,0.8333333333333334,1,0.625,0.0,0,"(19.0, 20.0]"
148,1,1,1,9147,1,1,134.0,1,3,19,2,10,128.8,0,0,0,1,0,0,18,0,0,5,10,5,13.375,0,0,5,9,5,14.16666667,0,13.9,-0.3,0.79,Graduate,Graduate,0,Management,1.0,0,0.5,0.0,0,"(16.999, 19.0]"
149,1,1,1,9500,1,1,136.0,1,1,19,9,9,131.5,0,0,0,1,0,1,20,0,0,7,8,6,13.86333333,0,0,8,9,7,14.17857143,0,11.1,0.6,2.02,Graduate,Graduate,0,Nursing,0.8571428571428571,1,0.75,0.0,0,"(19.0, 20.0]"
150,1,1,1,171,1,1,136.0,1,3,37,2,8,121.7,1,0,0,1,0,0,18,0,0,0,0,0,0.0,0,0,0,0,0,0.0,0,9.4,-0.8,-3.12,Enrolled,Enrolled,0,Animation and Multimedia Design,0.0,0,0.0,0.0,0,"(16.999, 19.0]"
151,1,1,1,9085,1,1,129.0,1,1,38,4,7,123.4,0,0,0,1,0,0,19,0,0,5,6,5,12.4,0,0,5,6,5,13.4,0,7.6,2.6,0.32,Graduate,Graduate,0,Veterinary Nursing,1.0,0,0.8333333333333334,0.0,0,"(16.999, 19.0]"
152,1,17,1,9853,1,1,138.0,1,38,38,7,6,124.7,1,0,0,1,0,0,18,0,0,6,11,3,12.33333333,0,0,6,10,5,10.83333333,0,9.4,-0.8,-3.12,Enrolled,Enrolled,0,Basic Education,0.5,3,0.2727272727272727,0.0,0,"(16.999, 19.0]"
153,1,1,1,9853,1,1,137.0,1,37,37,9,9,132.8,1,0,0,1,0,0,18,0,0,6,7,6,13.33333333,0,0,6,8,5,11.8,0,7.6,2.6,0.32,Graduate,Graduate,0,Basic Education,1.0,0,0.8571428571428571,0.0,0,"(16.999, 19.0]"
154,1,43,1,9853,1,1,115.0,1,3,37,2,5,108.7,1,0,0,1,0,0,21,0,0,6,10,3,12.66666667,0,0,6,12,3,10.0,0,9.4,-0.8,-3.12,Dropout,Dropout,1,Basic Education,0.5,3,0.3,0.0,0,"(20.0, 25.0]"
155,1,1,1,9853,1,1,129.0,1,38,37,6,6,138.1,0,0,0,1,0,0,19,0,0,6,8,6,12.0,0,0,6,10,4,11.5,0,7.6,2.6,0.32,Dropout,Dropout,1,Basic Education,1.0,0,0.75,0.0,0,"(16.999, 19.0]"
156,1,1,1,9147,1,1,131.0,1,38,38,9,9,126.5,0,0,0,1,0,1,18,0,0,5,5,5,10.6,0,0,5,5,5,11.8,0,12.4,0.5,1.79,Graduate,Graduate,0,Management,1.0,0,1.0,0.0,0,"(16.999, 19.0]"
157,1,17,2,9238,1,1,133.0,1,1,37,7,9,127.4,1,0,0,1,0,1,18,0,0,6,8,6,12.25,0,0,6,7,6,11.85714286,0,12.7,3.7,-1.7,Graduate,Graduate,0,Social Service,1.0,0,0.75,0.0,0,"(16.999, 19.0]"
158,1,1,3,9238,1,1,125.0,1,19,1,9,10,123.6,1,0,0,1,0,0,20,0,0,6,10,4,11.0,0,0,6,9,6,11.83333333,0,9.4,-0.8,-3.12,Graduate,Graduate,0,Social Service,0.6666666666666666,2,0.4,0.0,0,"(19.0, 20.0]"
159,1,39,1,8014,0,1,120.0,1,1,19,6,8,122.0,0,0,0,1,0,1,24,0,0,6,11,5,11.0,0,0,6,9,5,12.6,0,11.1,0.6,2.02,Graduate,Graduate,0,Social Service (evening attendance),0.8333333333333334,1,0.45454545454545453,0.0,0,"(20.0, 25.0]"
160,1,1,1,9670,1,1,128.0,1,19,1,4,1,118.2,0,0,0,1,0,0,19,0,0,6,6,6,13.16666667,0,0,6,9,6,13.0,0,10.8,1.4,1.74,Dropout,Dropout,1,Advertising and Marketing Management,1.0,0,1.0,0.0,0,"(16.999, 19.0]"
161,1,1,1,9500,1,1,127.0,1,19,37,9,7,123.9,1,0,0,1,0,1,18,0,0,7,9,7,12.85555556,0,0,8,12,7,12.76111111,0,15.5,2.8,-4.06,Graduate,Graduate,0,Nursing,1.0,0,0.7777777777777778,0.0,0,"(16.999, 19.0]"
162,1,1,2,9500,1,1,134.0,1,19,19,9,9,125.8,1,0,0,1,0,0,18,0,0,7,8,7,14.91875,0,0,8,8,8,15.355,0,15.5,2.8,-4.06,Graduate,Graduate,0,Nursing,1.0,0,0.875,0.0,0,"(16.999, 19.0]"
163,1,17,5,9853,1,1,132.0,1,12,12,4,4,123.3,1,0,0,1,0,0,21,0,0,6,13,4,11.5,0,0,6,10,3,11.0,0,10.8,1.4,1.74,Dropout,Dropout,1,Basic Education,0.6666666666666666,2,0.3076923076923077,0.0,0,"(20.0, 25.0]"
164,1,17,2,9670,1,1,124.0,1,1,19,5,4,124.4,0,0,0,1,0,0,19,0,0,5,5,5,14.2,0,0,5,5,5,14.2,0,7.6,2.6,0.32,Graduate,Graduate,0,Advertising and Marketing Management,1.0,0,1.0,0.0,0,"(16.999, 19.0]"
165,1,17,1,9773,1,1,133.1,1,19,37,7,7,126.0,0,0,0,1,0,1,19,0,0,6,6,6,12.5,0,0,6,7,6,13.0,0,15.5,2.8,-4.06,Graduate,Graduate,0,Journalism and Communication,1.0,0,1.0,0.0,0,"(16.999, 19.0]"
166,3,39,1,9003,1,1,170.0,1,1,37,6,6,170.0,0,0,1,1,0,0,47,0,0,1,1,0,0.0,0,0,6,0,0,0.0,0,8.9,1.4,3.51,Enrolled,Enrolled,0,Agronomy,0.0,1,0.0,0.0,1,"(25.0, 70.0]"
167,1,17,3,9238,1,1,125.0,1,19,19,7,8,121.5,0,0,0,1,0,0,19,0,0,6,10,5,11.66666667,0,0,6,12,4,11.0,0,13.9,-0.3,0.79,Graduate,Graduate,0,Social Service,0.8333333333333334,1,0.5,0.0,0,"(16.999, 19.0]"
168,1,39,1,9500,1,3,130.0,1,2,2,1,1,130.0,0,0,0,1,0,0,29,0,1,8,8,7,14.25714286,0,1,8,8,7,14.25714286,0,12.7,3.7,-1.7,Graduate,Graduate,0,Nursing,0.875,1,0.875,0.0,0,"(25.0, 70.0]"
169,1,43,1,9238,1,1,125.0,1,19,19,4,8,117.0,1,0,0,1,0,0,21,0,0,6,13,3,12.0,0,0,6,12,2,11.33333333,0,16.2,0.3,-0.92,Dropout,Dropout,1,Social Service,0.5,3,0.23076923076923078,0.0,0,"(20.0, 25.0]"
170,1,39,1,9085,1,1,130.0,1,37,19,9,7,130.0,1,0,0,1,0,0,28,0,0,5,13,4,11.25,1,0,5,11,4,10.5,0,12.7,3.7,-1.7,Enrolled,Enrolled,0,Veterinary Nursing,0.8,1,0.3076923076923077,0.2,0,"(25.0, 70.0]"
171,1,17,2,9556,1,1,133.1,1,37,37,3,10,108.0,0,0,0,1,0,0,20,0,0,7,8,7,12.45714286,0,0,8,8,8,13.5625,0,15.5,2.8,-4.06,Graduate,Graduate,0,Oral Hygiene,1.0,0,0.875,0.0,0,"(19.0, 20.0]"
172,1,17,1,9500,1,1,131.0,1,2,38,4,5,132.3,1,0,0,1,0,0,19,0,0,7,7,6,11.68333333,0,0,7,7,6,11.68333333,0,7.6,2.6,0.32,Graduate,Graduate,0,Nursing,0.8571428571428571,1,0.8571428571428571,0.0,0,"(16.999, 19.0]"
173,1,42,1,8014,0,1,150.0,1,19,2,4,6,148.0,0,0,0,1,0,0,26,0,0,6,10,3,11.66666667,0,0,6,8,5,12.0,0,9.4,-0.8,-3.12,Graduate,Graduate,0,Social Service (evening attendance),0.5,3,0.3,0.0,0,"(25.0, 70.0]"
174,1,17,2,9254,1,1,125.0,1,37,37,9,8,122.6,1,0,1,0,0,0,20,0,0,6,8,4,11.75,0,0,6,6,6,13.16666667,0,11.1,0.6,2.02,Dropout,Dropout,1,Tourism,0.6666666666666666,2,0.5,0.0,1,"(19.0, 20.0]"
175,1,1,1,9670,1,1,131.0,1,37,37,9,9,123.0,1,0,0,1,0,1,18,0,0,5,6,3,11.66666667,0,0,5,6,4,13.5,0,7.6,2.6,0.32,Enrolled,Enrolled,0,Advertising and Marketing Management,0.6,2,0.5,0.0,0,"(16.999, 19.0]"
176,1,39,1,9853,1,1,130.0,1,37,19,9,5,102.5,0,0,0,1,0,0,27,0,0,6,9,5,13.2,0,0,6,10,5,12.0,0,7.6,2.6,0.32,Graduate,Graduate,0,Basic Education,0.8333333333333334,1,0.5555555555555556,0.0,0,"(25.0, 70.0]"
177,1,1,2,9500,1,1,123.0,1,34,34,90,90,113.3,1,0,0,1,0,0,20,0,0,7,8,4,11.95,0,0,7,8,4,11.95,0,7.6,2.6,0.32,Dropout,Dropout,1,Nursing,0.5714285714285714,3,0.5,0.0,0,"(19.0, 20.0]"
178,1,1,5,9853,1,1,141.0,1,37,19,9,5,133.0,1,0,0,1,0,0,18,0,0,6,8,5,12.4,0,0,6,12,5,10.4,0,9.4,-0.8,-3.12,Dropout,Dropout,1,Basic Education,0.8333333333333334,1,0.625,0.0,0,"(16.999, 19.0]"
179,1,7,1,9500,1,3,140.0,1,1,1,9,5,140.0,0,0,0,1,0,0,33,0,2,7,8,6,14.35,0,3,8,10,6,14.58333333,0,16.2,0.3,-0.92,Dropout,Dropout,1,Nursing,0.8571428571428571,1,0.75,0.0,0,"(25.0, 70.0]"
180,1,43,1,9853,1,1,140.0,1,3,1,3,3,128.3,1,0,0,1,0,0,35,0,19,21,21,21,12.61904762,0,13,19,19,19,12.78947368,0,12.4,0.5,1.79,Graduate,Graduate,0,Basic Education,1.0,0,1.0,0.0,0,"(25.0, 70.0]"
181,1,44,1,9991,0,39,140.0,1,37,19,9,8,140.0,0,0,0,1,0,1,26,0,2,6,7,6,12.66666667,0,2,6,7,6,13.16666667,1,9.4,-0.8,-3.12,Enrolled,Enrolled,0,Management (evening attendance),1.0,0,0.8571428571428571,0.0,0,"(25.0, 70.0]"
182,1,39,1,9773,1,19,133.1,1,19,19,3,4,104.0,0,0,1,0,0,0,27,0,0,6,6,5,12.0,0,0,6,6,0,0.0,0,11.1,0.6,2.02,Dropout,Dropout,1,Journalism and Communication,0.8333333333333334,1,0.8333333333333334,0.0,1,"(25.0, 70.0]"
183,1,18,3,9070,1,1,131.0,1,1,37,5,5,122.3,1,0,0,0,0,0,19,0,0,6,6,6,12.16666667,0,0,6,6,0,0.0,0,15.5,2.8,-4.06,Dropout,Dropout,1,Communication Design,1.0,0,1.0,0.0,1,"(16.999, 19.0]"
184,1,17,2,9254,1,1,143.0,1,1,19,4,6,135.0,0,0,0,1,0,0,20,0,0,6,0,0,0.0,0,0,6,0,0,0.0,0,11.1,0.6,2.02,Dropout,Dropout,1,Tourism,0.0,6,0.0,0.0,0,"(19.0, 20.0]"
185,1,18,2,9147,1,1,132.0,1,3,3,5,7,119.1,1,0,1,0,0,0,20,0,0,5,9,3,10.0,0,0,5,9,3,10.57142857,0,10.8,1.4,1.74,Dropout,Dropout,1,Management,0.6,2,0.3333333333333333,0.0,1,"(19.0, 20.0]"
186,1,43,1,9238,1,1,143.0,1,1,37,5,9,126.6,0,0,1,0,0,0,21,0,5,10,18,8,11.5,0,0,6,12,4,10.0,0,9.4,-0.8,-3.12,Enrolled,Enrolled,0,Social Service,0.8,2,0.4444444444444444,0.0,1,"(20.0, 25.0]"
187,1,17,3,9500,1,1,141.0,1,38,1,9,4,129.0,1,0,0,1,0,1,18,0,0,7,7,6,13.05,0,0,7,7,6,13.05,0,7.6,2.6,0.32,Graduate,Graduate,0,Nursing,0.8571428571428571,1,0.8571428571428571,0.0,0,"(16.999, 19.0]"
188,1,39,1,9085,1,1,133.1,1,1,19,9,9,162.3,1,0,0,1,0,0,24,0,0,6,10,2,11.0,0,0,6,6,0,0.0,0,8.9,1.4,3.51,Dropout,Dropout,1,Veterinary Nursing,0.3333333333333333,4,0.2,0.0,0,"(20.0, 25.0]"
189,1,17,4,9070,1,1,148.0,1,1,3,4,1,163.4,1,0,0,1,0,0,20,0,0,6,7,6,11.5,0,0,6,6,6,12.0,0,16.2,0.3,-0.92,Graduate,Graduate,0,Communication Design,1.0,0,0.8571428571428571,0.0,0,"(19.0, 20.0]"
190,1,1,1,9254,1,1,125.0,1,19,38,9,8,121.5,0,0,0,1,0,1,21,0,0,6,7,6,12.0,0,0,6,6,6,12.5,0,13.9,-0.3,0.79,Graduate,Graduate,0,Tourism,1.0,0,0.8571428571428571,0.0,0,"(20.0, 25.0]"
191,1,1,1,8014,0,1,120.0,1,1,37,7,3,122.8,0,0,0,1,0,0,23,0,0,6,13,2,10.0,0,0,5,12,1,10.0,0,9.4,-0.8,-3.12,Enrolled,Enrolled,0,Social Service (evening attendance),0.3333333333333333,4,0.15384615384615385,0.0,0,"(20.0, 25.0]"
192,1,39,1,9147,1,1,140.0,1,12,3,4,3,118.0,1,0,0,1,0,0,24,0,0,5,5,0,0.0,0,0,5,5,0,0.0,0,7.6,2.6,0.32,Dropout,Dropout,1,Management,0.0,5,0.0,0.0,0,"(20.0, 25.0]"
193,1,51,1,9853,1,1,139.0,1,1,1,4,10,134.0,0,0,0,1,0,0,21,0,0,6,0,0,0.0,0,0,6,0,0,0.0,0,12.4,0.5,1.79,Dropout,Dropout,1,Basic Education,0.0,6,0.0,0.0,0,"(20.0, 25.0]"
194,1,1,4,9500,1,1,142.0,1,38,38,9,8,129.8,1,0,0,1,0,0,18,0,0,8,8,7,12.24285714,0,0,8,8,7,12.24285714,0,12.7,3.7,-1.7,Graduate,Graduate,0,Nursing,0.875,1,0.875,0.0,0,"(16.999, 19.0]"
195,1,39,1,9991,0,40,130.0,1,19,1,3,4,152.0,1,0,0,1,0,0,27,0,0,5,0,0,0.0,0,0,5,0,0,0.0,0,8.9,1.4,3.51,Dropout,Dropout,1,Management (evening attendance),0.0,5,0.0,0.0,0,"(25.0, 70.0]"
196,1,18,6,9500,1,1,126.0,1,37,37,5,5,122.8,1,0,0,1,0,0,18,0,0,8,8,8,12.93375,0,0,8,8,8,12.93375,0,9.4,-0.8,-3.12,Graduate,Graduate,0,Nursing,1.0,0,1.0,0.0,0,"(16.999, 19.0]"
197,1,7,1,9119,1,3,150.0,1,3,2,2,2,150.0,0,0,0,1,0,0,35,0,0,5,0,0,0.0,0,0,5,0,0,0.0,0,13.9,-0.3,0.79,Dropout,Dropout,1,Informatics Engineering,0.0,5,0.0,0.0,0,"(25.0, 70.0]"
198,1,1,1,9853,1,1,130.0,1,19,19,3,8,131.8,0,0,0,1,0,0,18,0,0,7,9,7,12.57142857,0,0,7,8,7,14.42857143,0,11.1,0.6,2.02,Graduate,Graduate,0,Basic Education,1.0,0,0.7777777777777778,0.0,0,"(16.999, 19.0]"
199,1,39,1,9500,1,1,120.0,1,1,3,175,121,105.9,0,0,0,1,0,0,35,0,0,3,4,3,11.81666667,0,0,3,3,3,11.33333333,0,11.1,0.6,2.02,Enrolled,Enrolled,0,Nursing,1.0,0,0.75,0.0,0,"(25.0, 70.0]"
200,1,1,1,9085,1,1,138.0,1,1,1,4,7,132.1,1,0,0,1,0,0,19,0,0,5,9,4,13.75,0,0,5,13,4,14.33333333,2,10.8,1.4,1.74,Graduate,Graduate,0,Veterinary Nursing,0.8,1,0.4444444444444444,0.0,0,"(16.999, 19.0]"
201,1,1,4,9238,1,1,127.0,1,19,19,4,0,127.4,1,0,0,1,0,0,20,0,0,6,8,6,11.16666667,0,0,6,6,6,11.33333333,0,7.6,2.6,0.32,Graduate,Graduate,0,Social Service,1.0,0,0.75,0.0,0,"(19.0, 20.0]"
202,1,1,4,9500,1,1,140.0,1,19,19,7,7,129.5,1,0,0,1,0,0,18,0,0,8,8,7,12.32428571,0,0,8,8,7,12.32428571,0,10.8,1.4,1.74,Graduate,Graduate,0,Nursing,0.875,1,0.875,0.0,0,"(16.999, 19.0]"
203,1,44,1,9238,1,39,130.0,1,38,38,5,10,126.7,0,0,1,1,0,0,21,0,3,6,6,6,12.16666667,0,2,6,7,6,11.71428571,0,13.9,-0.3,0.79,Graduate,Graduate,0,Social Service,1.0,0,1.0,0.0,1,"(20.0, 25.0]"
204,1,17,2,9238,1,1,128.0,1,19,37,9,8,116.5,0,0,0,1,0,1,18,0,0,6,11,5,11.14285714,0,0,6,11,4,11.25,0,16.2,0.3,-0.92,Graduate,Graduate,0,Social Service,0.8333333333333334,1,0.45454545454545453,0.0,0,"(16.999, 19.0]"
205,1,1,1,9238,1,1,132.0,1,34,34,0,0,119.1,1,0,0,1,0,0,18,0,0,6,9,4,11.0,0,0,6,9,4,10.75,0,7.6,2.6,0.32,Graduate,Graduate,0,Social Service,0.6666666666666666,2,0.4444444444444444,0.0,0,"(16.999, 19.0]"
206,1,1,2,9500,1,1,149.0,1,19,38,9,9,126.5,1,0,0,1,0,0,18,0,0,8,8,7,12.91428571,0,0,8,8,7,12.91428571,0,12.7,3.7,-1.7,Graduate,Graduate,0,Nursing,0.875,1,0.875,0.0,0,"(16.999, 19.0]"
207,1,1,4,9773,1,1,155.0,1,3,19,1,4,149.8,1,0,0,1,0,1,18,0,0,6,6,6,13.83333333,0,0,6,6,6,14.16666667,0,16.2,0.3,-0.92,Graduate,Graduate,0,Journalism and Communication,1.0,0,1.0,0.0,0,"(16.999, 19.0]"
208,1,1,1,9085,1,1,120.0,1,19,1,8,7,115.1,1,0,0,1,0,0,19,0,0,6,8,6,13.85714286,0,0,6,9,5,13.4,0,13.9,-0.3,0.79,Graduate,Graduate,0,Veterinary Nursing,1.0,0,0.75,0.0,0,"(16.999, 19.0]"
209,1,39,1,9254,1,19,133.1,1,3,19,2,3,124.5,0,0,0,1,0,1,36,0,0,6,7,6,13.71428571,0,0,6,6,5,12.8,0,16.2,0.3,-0.92,Dropout,Dropout,1,Tourism,1.0,0,0.8571428571428571,0.0,0,"(25.0, 70.0]"
210,1,1,2,9500,1,1,131.0,1,38,1,7,4,128.3,1,0,0,1,0,1,18,0,0,8,8,7,12.64285714,0,0,8,8,7,12.64285714,0,12.7,3.7,-1.7,Graduate,Graduate,0,Nursing,0.875,1,0.875,0.0,0,"(16.999, 19.0]"
211,1,1,1,9500,1,1,149.0,1,37,37,9,9,136.0,0,0,0,1,0,1,18,0,0,7,7,6,12.91666667,0,0,7,7,6,12.91666667,0,7.6,2.6,0.32,Graduate,Graduate,0,Nursing,0.8571428571428571,1,0.8571428571428571,0.0,0,"(16.999, 19.0]"
212,1,43,1,9130,1,1,140.0,1,1,3,9,2,140.0,1,0,0,1,0,1,20,0,0,6,8,6,15.625,0,0,6,8,6,15.85714286,0,13.9,-0.3,0.79,Graduate,Graduate,0,Equinculture,1.0,0,0.75,0.0,0,"(19.0, 20.0]"
213,1,39,1,9991,0,1,133.1,1,37,37,9,9,126.3,0,0,0,1,0,1,26,0,0,5,7,0,0.0,0,0,5,8,0,0.0,0,16.2,0.3,-0.92,Dropout,Dropout,1,Management (evening attendance),0.0,5,0.0,0.0,0,"(25.0, 70.0]"
214,1,43,1,9773,1,1,122.0,1,1,1,4,5,126.9,0,0,0,1,0,0,21,0,0,6,8,6,11.71428571,0,0,6,7,6,12.0,0,7.6,2.6,0.32,Graduate,Graduate,0,Journalism and Communication,1.0,0,0.75,0.0,0,"(20.0, 25.0]"
215,1,39,1,9556,1,40,130.0,1,1,1,4,5,145.0,0,0,0,1,0,0,25,0,0,7,10,6,12.125,0,0,8,9,8,13.3125,0,15.5,2.8,-4.06,Enrolled,Enrolled,0,Oral Hygiene,0.8571428571428571,1,0.6,0.0,0,"(20.0, 25.0]"
216,1,18,1,9147,1,1,121.0,1,19,3,5,5,115.8,1,0,0,1,0,1,19,0,0,5,7,5,11.6,0,0,5,5,5,11.6,0,12.4,0.5,1.79,Graduate,Graduate,0,Management,1.0,0,0.7142857142857143,0.0,0,"(16.999, 19.0]"
217,1,39,1,8014,0,1,120.0,1,19,37,8,7,100.0,1,0,0,1,0,0,24,0,0,6,11,1,10.0,0,0,6,6,0,0.0,6,9.4,-0.8,-3.12,Dropout,Dropout,1,Social Service (evening attendance),0.16666666666666666,5,0.09090909090909091,0.0,0,"(20.0, 25.0]"
218,1,39,1,8014,0,1,133.1,1,1,19,5,4,102.5,0,0,0,1,0,1,27,0,0,6,16,1,10.0,0,0,6,13,0,0.0,0,8.9,1.4,3.51,Dropout,Dropout,1,Social Service (evening attendance),0.16666666666666666,5,0.0625,0.0,0,"(25.0, 70.0]"
219,1,17,1,9085,1,1,121.0,1,19,37,1,3,131.5,0,0,0,1,0,0,21,0,0,5,10,0,0.0,1,0,5,9,2,13.5,0,7.6,2.6,0.32,Dropout,Dropout,1,Veterinary Nursing,0.0,5,0.0,0.2,0,"(20.0, 25.0]"
220,1,1,1,9147,1,1,133.0,1,38,38,7,7,147.0,0,0,0,1,0,1,18,0,0,5,7,4,13.0,0,0,5,8,3,12.33333333,0,9.4,-0.8,-3.12,Graduate,Graduate,0,Management,0.8,1,0.5714285714285714,0.0,0,"(16.999, 19.0]"
221,2,1,4,9853,1,1,134.0,1,37,37,5,7,122.5,0,1,0,1,0,1,19,0,0,6,6,6,13.33333333,0,0,6,6,6,14.5,0,10.8,1.4,1.74,Graduate,Graduate,0,Basic Education,1.0,0,1.0,0.0,0,"(16.999, 19.0]"
222,1,1,3,9254,1,1,115.0,1,1,1,3,3,117.5,1,0,0,1,0,0,18,0,0,6,9,4,11.25,0,0,6,13,2,12.5,0,9.4,-0.8,-3.12,Dropout,Dropout,1,Tourism,0.6666666666666666,2,0.4444444444444444,0.0,0,"(16.999, 19.0]"
223,1,51,1,9500,1,1,127.0,1,19,1,5,9,150.0,0,0,0,1,0,1,19,0,0,7,9,5,13.85,0,0,8,9,7,12.19285714,0,11.1,0.6,2.02,Graduate,Graduate,0,Nursing,0.7142857142857143,2,0.5555555555555556,0.0,0,"(16.999, 19.0]"
224,1,18,1,9500,1,1,135.0,1,1,38,4,5,127.5,1,0,0,1,0,1,19,0,0,7,8,6,13.74166667,0,0,8,9,7,14.9125,0,16.2,0.3,-0.92,Graduate,Graduate,0,Nursing,0.8571428571428571,1,0.75,0.0,0,"(16.999, 19.0]"
225,2,7,1,9991,0,43,140.0,1,40,5,3,3,140.0,0,0,0,1,0,0,33,0,2,6,7,6,15.33333333,0,0,5,5,5,15.8,0,11.1,0.6,2.02,Graduate,Graduate,0,Management (evening attendance),1.0,0,0.8571428571428571,0.0,0,"(25.0, 70.0]"
226,2,7,1,9147,1,3,130.0,1,1,4,3,10,130.0,0,0,0,1,0,0,45,0,0,5,6,5,11.0,0,0,5,5,5,13.8,0,12.4,0.5,1.79,Graduate,Graduate,0,Management,1.0,0,0.8333333333333334,0.0,0,"(25.0, 70.0]"
227,1,1,1,9238,1,1,135.0,1,1,1,9,9,133.3,0,0,0,1,0,1,20,0,0,6,6,6,12.0,0,0,6,7,6,12.85714286,0,11.1,0.6,2.02,Graduate,Graduate,0,Social Service,1.0,0,1.0,0.0,0,"(19.0, 20.0]"
228,1,39,2,9670,1,1,140.0,1,34,34,0,0,97.0,1,0,0,1,0,0,28,0,0,5,5,0,0.0,0,0,5,5,0,0.0,0,7.6,2.6,0.32,Dropout,Dropout,1,Advertising and Marketing Management,0.0,5,0.0,0.0,0,"(25.0, 70.0]"
229,1,43,1,9500,1,1,120.0,1,1,1,5,8,112.0,1,0,0,1,0,1,19,0,0,8,15,7,11.57142857,0,0,8,15,7,11.57142857,0,12.7,3.7,-1.7,Graduate,Graduate,0,Nursing,0.875,1,0.4666666666666667,0.0,0,"(16.999, 19.0]"
230,1,1,2,9254,1,1,140.0,1,1,37,4,5,123.6,1,0,0,1,0,0,18,0,0,6,10,6,12.85714286,0,0,6,6,3,12.66666667,0,12.7,3.7,-1.7,Graduate,Graduate,0,Tourism,1.0,0,0.6,0.0,0,"(16.999, 19.0]"
231,1,39,1,9254,1,3,133.1,1,19,19,4,6,130.5,0,0,0,1,0,0,38,0,0,6,0,0,0.0,0,0,6,0,0,0.0,0,15.5,2.8,-4.06,Dropout,Dropout,1,Tourism,0.0,6,0.0,0.0,0,"(25.0, 70.0]"
232,1,1,2,9670,1,1,135.0,1,1,3,4,3,133.3,0,0,0,1,0,0,19,0,0,5,5,5,13.0,0,0,5,5,5,13.2,0,9.4,-0.8,-3.12,Graduate,Graduate,0,Advertising and Marketing Management,1.0,0,1.0,0.0,0,"(16.999, 19.0]"
233,1,1,1,9254,1,1,123.0,1,1,37,9,9,132.1,0,0,0,1,0,1,21,0,0,6,9,5,11.0,0,0,6,8,5,12.0,0,15.5,2.8,-4.06,Graduate,Graduate,0,Tourism,0.8333333333333334,1,0.5555555555555556,0.0,0,"(20.0, 25.0]"
234,1,1,1,9147,1,1,133.1,1,37,1,9,10,100.0,0,0,0,1,0,0,21,0,0,5,12,3,12.0,0,0,5,12,1,15.0,3,16.2,0.3,-0.92,Dropout,Dropout,1,Management,0.6,2,0.25,0.0,0,"(20.0, 25.0]"
235,1,1,1,9238,1,1,154.0,1,38,37,9,9,140.4,0,0,0,1,0,1,22,0,0,6,6,5,12.6,0,0,6,6,6,13.0,0,10.8,1.4,1.74,Graduate,Graduate,0,Social Service,0.8333333333333334,1,0.8333333333333334,0.0,0,"(20.0, 25.0]"
236,1,1,1,9853,1,1,148.0,1,19,19,5,7,141.7,0,0,0,1,0,1,18,0,0,6,8,5,13.4,0,0,6,7,6,13.16666667,0,9.4,-0.8,-3.12,Graduate,Graduate,0,Basic Education,0.8333333333333334,1,0.625,0.0,0,"(16.999, 19.0]"
237,1,17,2,9238,1,1,133.0,1,37,37,3,9,119.7,0,1,0,1,0,1,18,0,0,6,9,6,11.33333333,0,0,6,9,6,11.57142857,0,15.5,2.8,-4.06,Graduate,Graduate,0,Social Service,1.0,0,0.6666666666666666,0.0,0,"(16.999, 19.0]"
238,1,1,1,9130,1,1,126.0,1,19,1,9,9,122.5,1,0,0,0,0,0,25,0,0,5,14,4,13.5,2,0,5,10,4,14.25,0,9.4,-0.8,-3.12,Dropout,Dropout,1,Equinculture,0.8,1,0.2857142857142857,0.4,1,"(20.0, 25.0]"
239,1,39,1,9085,1,19,133.1,1,19,19,9,7,140.0,0,0,1,0,0,0,24,0,2,6,11,3,11.75,0,1,6,14,3,10.33333333,0,16.2,0.3,-0.92,Dropout,Dropout,1,Veterinary Nursing,0.5,3,0.2727272727272727,0.0,1,"(20.0, 25.0]"
240,1,1,3,9500,1,1,125.0,1,3,1,4,4,119.4,1,0,0,1,0,0,19,0,0,7,10,6,12.47142857,0,0,7,8,7,11.4625,0,12.4,0.5,1.79,Enrolled,Enrolled,0,Nursing,0.8571428571428571,1,0.6,0.0,0,"(16.999, 19.0]"
241,1,16,1,171,1,1,145.0,1,3,3,3,3,155.0,1,0,0,1,0,0,24,0,11,17,19,11,12.90909091,0,9,13,15,9,13.55555556,0,12.4,0.5,1.79,Enrolled,Enrolled,0,Animation and Multimedia Design,0.6470588235294118,6,0.5789473684210527,0.0,0,"(20.0, 25.0]"
242,1,1,2,9147,1,1,118.0,1,37,19,5,5,119.1,1,0,0,1,0,1,20,0,0,5,5,5,11.6,0,0,5,5,5,13.6,0,12.4,0.5,1.79,Graduate,Graduate,0,Management,1.0,0,1.0,0.0,0,"(19.0, 20.0]"
243,1,39,1,9147,1,1,120.0,1,37,1,9,1,122.7,0,0,0,0,0,0,25,0,0,5,5,0,0.0,0,0,5,9,0,0.0,0,10.8,1.4,1.74,Dropout,Dropout,1,Management,0.0,5,0.0,0.0,1,"(20.0, 25.0]"
244,1,1,1,9147,1,1,127.0,1,38,19,9,10,117.9,0,0,0,1,0,1,20,0,5,10,13,9,12.9,0,4,10,12,10,12.36363636,0,8.9,1.4,3.51,Graduate,Graduate,0,Management,0.9,1,0.6923076923076923,0.0,0,"(19.0, 20.0]"
245,1,7,1,9500,1,3,130.0,1,19,38,5,3,130.0,0,0,0,1,0,0,23,0,0,8,8,8,13.22,0,0,8,8,8,13.22,0,9.4,-0.8,-3.12,Graduate,Graduate,0,Nursing,1.0,0,1.0,0.0,0,"(20.0, 25.0]"
246,1,17,3,9500,1,1,129.0,1,19,37,7,6,120.0,1,0,0,1,0,1,19,0,0,8,8,7,13.15142857,0,0,8,8,7,13.15142857,0,10.8,1.4,1.74,Graduate,Graduate,0,Nursing,0.875,1,0.875,0.0,0,"(16.999, 19.0]"
247,1,44,1,9003,1,39,130.0,1,37,37,9,10,130.0,0,0,1,0,0,0,29,0,0,6,13,3,12.75,0,0,6,8,3,11.33333333,0,13.9,-0.3,0.79,Dropout,Dropout,1,Agronomy,0.5,3,0.23076923076923078,0.0,1,"(25.0, 70.0]"
248,1,1,3,9254,1,1,121.0,1,19,37,4,7,116.8,1,0,0,1,0,0,21,0,0,6,8,6,11.33333333,0,0,6,8,4,12.25,0,11.1,0.6,2.02,Graduate,Graduate,0,Tourism,1.0,0,0.75,0.0,0,"(20.0, 25.0]"
249,1,1,1,9670,1,1,136.0,1,19,1,9,8,123.4,1,0,0,1,0,1,18,0,0,6,10,6,13.25,0,0,6,13,5,14.14285714,0,11.1,0.6,2.02,Graduate,Graduate,0,Advertising and Marketing Management,1.0,0,0.6,0.0,0,"(16.999, 19.0]"
250,1,1,3,9070,1,1,125.0,1,19,38,9,9,125.4,1,0,0,1,0,0,19,0,0,6,7,5,12.4,0,0,6,6,5,12.4,0,9.4,-0.8,-3.12,Enrolled,Enrolled,0,Communication Design,0.8333333333333334,1,0.7142857142857143,0.0,0,"(16.999, 19.0]"
251,1,1,3,9773,1,1,131.0,1,38,37,7,7,127.2,1,0,0,1,0,1,18,0,0,6,6,6,15.0,0,0,6,6,6,12.83333333,0,8.9,1.4,3.51,Dropout,Dropout,1,Journalism and Communication,1.0,0,1.0,0.0,0,"(16.999, 19.0]"
252,1,1,1,9085,1,1,122.0,1,9,19,90,6,103.4,0,0,0,1,0,0,19,0,0,5,6,5,14.4,0,0,5,6,5,13.0,0,7.6,2.6,0.32,Graduate,Graduate,0,Veterinary Nursing,1.0,0,0.8333333333333334,0.0,0,"(16.999, 19.0]"
253,1,1,1,9773,1,1,127.0,1,37,37,9,8,123.2,1,0,0,1,0,0,18,0,0,6,12,1,11.0,0,0,6,12,0,0.0,0,9.4,-0.8,-3.12,Enrolled,Enrolled,0,Journalism and Communication,0.16666666666666666,5,0.08333333333333333,0.0,0,"(16.999, 19.0]"
254,1,17,1,9147,1,1,136.0,1,1,1,4,4,124.1,0,0,0,1,0,0,18,0,0,5,8,5,12.4,0,0,5,6,5,10.8,0,8.9,1.4,3.51,Graduate,Graduate,0,Management,1.0,0,0.625,0.0,0,"(16.999, 19.0]"
255,2,39,1,9556,1,19,133.1,1,38,37,7,7,99.5,1,0,1,0,0,1,37,0,0,7,13,1,16.0,0,0,7,12,0,0.0,0,8.9,1.4,3.51,Dropout,Dropout,1,Oral Hygiene,0.14285714285714285,6,0.07692307692307693,0.0,1,"(25.0, 70.0]"
256,1,17,1,9991,0,40,127.0,1,37,37,6,6,124.9,0,0,0,1,0,0,29,0,0,5,10,5,13.57142857,0,0,5,14,5,12.33333333,3,16.2,0.3,-0.92,Graduate,Graduate,0,Management (evening attendance),1.0,0,0.5,0.0,0,"(25.0, 70.0]"
257,1,17,3,9070,1,1,116.0,1,37,37,9,9,110.8,0,0,0,1,0,0,18,0,0,6,6,6,11.83333333,0,0,6,6,6,12.5,0,7.6,2.6,0.32,Enrolled,Enrolled,0,Communication Design,1.0,0,1.0,0.0,0,"(16.999, 19.0]"
258,1,1,1,9238,1,1,121.0,1,1,1,9,8,118.9,1,0,0,1,0,1,19,0,0,6,8,5,11.66666667,0,0,6,9,5,12.66666667,0,12.4,0.5,1.79,Graduate,Graduate,0,Social Service,0.8333333333333334,1,0.625,0.0,0,"(16.999, 19.0]"
259,1,43,1,9238,1,1,124.0,1,1,1,3,1,118.8,1,0,1,0,0,0,22,0,6,10,16,6,11.83333333,0,2,7,8,2,13.0,0,16.2,0.3,-0.92,Dropout,Dropout,1,Social Service,0.6,4,0.375,0.0,1,"(20.0, 25.0]"
260,1,1,1,9254,1,1,131.0,1,37,38,9,7,137.0,0,0,0,1,0,1,20,0,0,6,8,6,11.16666667,0,0,6,10,5,10.6,0,15.5,2.8,-4.06,Graduate,Graduate,0,Tourism,1.0,0,0.75,0.0,0,"(19.0, 20.0]"
261,1,39,1,8014,0,1,100.0,1,37,37,99,99,100.0,0,0,0,1,0,0,34,0,0,6,0,0,0.0,0,0,6,0,0,0.0,0,12.7,3.7,-1.7,Dropout,Dropout,1,Social Service (evening attendance),0.0,6,0.0,0.0,0,"(25.0, 70.0]"
262,1,43,1,9119,1,1,130.0,1,37,38,9,9,120.0,0,0,1,0,0,0,30,0,8,12,17,8,11.75,0,6,12,19,6,12.16666667,2,7.6,2.6,0.32,Dropout,Dropout,1,Informatics Engineering,0.6666666666666666,4,0.47058823529411764,0.0,1,"(25.0, 70.0]"
263,1,1,1,9238,1,1,135.0,1,1,1,4,4,122.8,0,0,0,1,0,0,18,0,0,6,7,6,14.0,0,0,6,7,6,14.0,0,10.8,1.4,1.74,Graduate,Graduate,0,Social Service,1.0,0,0.8571428571428571,0.0,0,"(16.999, 19.0]"
264,1,1,1,9238,1,1,130.0,1,38,19,9,5,121.6,0,0,0,1,0,0,18,0,0,6,6,6,12.83333333,0,0,6,6,6,12.0,0,12.4,0.5,1.79,Graduate,Graduate,0,Social Service,1.0,0,1.0,0.0,0,"(16.999, 19.0]"
265,1,1,2,9773,1,1,146.0,1,3,1,1,3,149.2,1,0,0,1,0,0,18,0,0,6,11,4,12.25,0,0,6,10,3,11.66666667,0,9.4,-0.8,-3.12,Graduate,Graduate,0,Journalism and Communication,0.6666666666666666,2,0.36363636363636365,0.0,0,"(16.999, 19.0]"
266,1,17,4,9500,1,1,146.0,1,4,1,2,3,140.0,1,0,0,1,0,0,18,0,0,8,8,7,14.82857143,0,0,8,8,7,14.82857143,0,12.7,3.7,-1.7,Graduate,Graduate,0,Nursing,0.875,1,0.875,0.0,0,"(16.999, 19.0]"
267,1,1,2,9773,1,1,154.0,1,38,38,9,9,133.4,1,0,0,1,0,1,19,0,0,6,7,5,11.4,0,0,6,8,5,12.8,0,12.7,3.7,-1.7,Graduate,Graduate,0,Journalism and Communication,0.8333333333333334,1,0.7142857142857143,0.0,0,"(16.999, 19.0]"
268,1,1,1,9070,1,1,137.0,1,37,37,9,9,126.2,1,0,0,1,0,1,19,0,0,6,6,6,13.0,0,0,6,8,6,12.5,0,10.8,1.4,1.74,Graduate,Graduate,0,Communication Design,1.0,0,1.0,0.0,0,"(16.999, 19.0]"
269,1,1,5,9500,1,1,151.0,1,1,1,9,9,127.8,0,0,0,1,0,1,18,0,0,8,8,7,13.67142857,0,0,8,8,7,13.67142857,0,12.7,3.7,-1.7,Graduate,Graduate,0,Nursing,0.875,1,0.875,0.0,0,"(16.999, 19.0]"
270,1,44,1,9003,1,39,150.0,1,37,38,4,8,150.0,0,0,0,1,0,1,21,0,0,6,9,6,12.66666667,0,0,6,8,5,12.8,0,13.9,-0.3,0.79,Graduate,Graduate,0,Agronomy,1.0,0,0.6666666666666666,0.0,0,"(20.0, 25.0]"
271,1,1,2,9147,1,1,121.0,1,1,19,9,9,113.7,1,0,0,0,0,0,20,0,0,5,10,2,10.0,0,0,5,12,1,13.0,0,7.6,2.6,0.32,Dropout,Dropout,1,Management,0.4,3,0.2,0.0,1,"(19.0, 20.0]"
272,1,17,1,9147,1,1,122.0,1,12,19,4,8,117.8,1,0,0,1,0,0,20,0,0,5,10,5,13.5,0,0,5,8,5,12.33333333,0,13.9,-0.3,0.79,Graduate,Graduate,0,Management,1.0,0,0.5,0.0,0,"(19.0, 20.0]"
273,1,1,1,9500,1,1,143.0,1,5,1,2,5,136.7,0,0,0,1,0,0,19,0,2,7,8,7,12.67,0,1,8,8,8,13.55,0,11.1,0.6,2.02,Graduate,Graduate,0,Nursing,1.0,0,0.875,0.0,0,"(16.999, 19.0]"
274,1,1,1,9238,1,1,152.0,1,1,38,4,5,144.7,0,0,0,1,0,0,20,0,0,6,8,6,14.5,0,0,6,7,6,15.42857143,0,16.2,0.3,-0.92,Graduate,Graduate,0,Social Service,1.0,0,0.75,0.0,0,"(19.0, 20.0]"
275,1,17,3,9500,1,1,145.0,1,12,1,4,10,139.8,1,0,0,1,0,0,18,0,0,7,7,7,13.68571429,0,0,8,8,8,15.3875,0,13.9,-0.3,0.79,Graduate,Graduate,0,Nursing,1.0,0,1.0,0.0,0,"(16.999, 19.0]"
276,1,42,1,9853,1,1,120.0,1,37,38,3,3,113.7,0,0,0,1,0,0,20,0,0,6,8,5,11.0,0,0,6,10,3,10.66666667,0,12.7,3.7,-1.7,Dropout,Dropout,1,Basic Education,0.8333333333333334,1,0.625,0.0,0,"(19.0, 20.0]"
277,2,7,1,9130,1,3,140.0,1,5,4,2,0,140.0,0,0,1,0,0,0,29,0,7,9,16,7,11.55555556,4,5,7,12,5,13.2,2,7.6,2.6,0.32,Dropout,Dropout,1,Equinculture,0.7777777777777778,2,0.4375,0.4444444444444444,1,"(25.0, 70.0]"
278,1,1,1,9500,1,1,143.0,1,19,19,5,6,142.3,0,0,0,1,0,1,18,0,0,7,7,7,13.79714286,0,0,8,8,8,13.775,0,12.4,0.5,1.79,Enrolled,Enrolled,0,Nursing,1.0,0,1.0,0.0,0,"(16.999, 19.0]"
279,1,1,1,9500,1,1,129.0,1,19,19,5,5,119.6,1,0,0,1,0,1,20,0,0,7,8,7,14.00375,0,0,8,11,7,13.81285714,0,15.5,2.8,-4.06,Graduate,Graduate,0,Nursing,1.0,0,0.875,0.0,0,"(19.0, 20.0]"
280,1,16,2,9147,1,1,139.0,1,38,37,9,9,123.7,1,0,0,1,0,1,22,0,0,5,8,4,12.0,0,0,5,8,4,11.4,2,16.2,0.3,-0.92,Graduate,Graduate,0,Management,0.8,1,0.5,0.0,0,"(20.0, 25.0]"
281,4,1,1,8014,0,1,133.1,1,39,19,4,10,143.0,1,0,0,1,0,1,47,0,0,6,9,5,14.16666667,0,0,6,7,6,14.16666667,0,16.2,0.3,-0.92,Graduate,Graduate,0,Social Service (evening attendance),0.8333333333333334,1,0.5555555555555556,0.0,0,"(25.0, 70.0]"
282,2,51,1,9991,0,1,127.0,1,37,37,8,4,100.1,0,0,0,1,0,0,31,0,1,5,5,5,14.0,0,0,5,5,5,13.8,0,8.9,1.4,3.51,Graduate,Graduate,0,Management (evening attendance),1.0,0,1.0,0.0,0,"(25.0, 70.0]"
283,1,1,1,9070,1,1,126.0,1,19,37,7,5,119.4,0,0,0,1,0,1,21,0,0,6,7,5,13.8,0,0,6,6,6,12.83333333,0,16.2,0.3,-0.92,Graduate,Graduate,0,Communication Design,0.8333333333333334,1,0.7142857142857143,0.0,0,"(20.0, 25.0]"
284,1,1,1,8014,0,1,128.0,1,38,38,0,0,122.1,0,0,0,1,0,0,21,0,0,6,8,5,12.8,0,0,6,10,6,11.85714286,0,7.6,2.6,0.32,Graduate,Graduate,0,Social Service (evening attendance),0.8333333333333334,1,0.625,0.0,0,"(20.0, 25.0]"
285,2,39,1,9773,1,12,100.0,1,1,1,4,4,100.0,0,0,0,1,0,0,24,0,0,6,6,6,12.16666667,0,0,6,6,6,13.83333333,0,7.6,2.6,0.32,Graduate,Graduate,0,Journalism and Communication,1.0,0,1.0,0.0,0,"(20.0, 25.0]"
286,1,17,1,9070,1,1,123.0,1,4,37,2,9,113.9,0,0,0,1,0,0,18,0,0,6,8,6,12.5,0,0,6,6,6,12.33333333,0,15.5,2.8,-4.06,Enrolled,Enrolled,0,Communication Design,1.0,0,0.75,0.0,0,"(16.999, 19.0]"
287,1,39,1,8014,0,15,170.0,1,34,1,90,2,101.0,0,0,0,1,0,0,32,0,0,6,9,4,12.0,0,0,6,12,4,11.5,0,7.6,2.6,0.32,Graduate,Graduate,0,Social Service (evening attendance),0.6666666666666666,2,0.4444444444444444,0.0,0,"(25.0, 70.0]"
288,1,18,2,8014,0,1,117.0,1,3,1,3,4,111.8,1,0,0,1,0,1,19,0,0,6,8,6,10.83333333,0,0,6,9,6,11.5,0,10.8,1.4,1.74,Graduate,Graduate,0,Social Service (evening attendance),1.0,0,0.75,0.0,0,"(16.999, 19.0]"
289,1,39,1,9500,1,1,140.0,1,3,3,1,1,140.0,1,0,0,1,0,0,24,0,0,8,8,8,13.385,0,0,8,8,8,13.385,0,9.4,-0.8,-3.12,Graduate,Graduate,0,Nursing,1.0,0,1.0,0.0,0,"(20.0, 25.0]"
290,1,17,4,9085,1,1,123.0,1,19,19,4,10,124.4,1,0,0,1,0,0,19,0,0,6,14,6,15.66666667,0,0,6,9,6,14.5,0,15.5,2.8,-4.06,Graduate,Graduate,0,Veterinary Nursing,1.0,0,0.42857142857142855,0.0,0,"(16.999, 19.0]"
291,1,44,1,9003,1,39,150.0,1,19,37,6,6,150.0,0,0,1,1,0,1,19,0,0,6,9,6,14.33333333,0,0,6,7,6,13.83333333,0,13.9,-0.3,0.79,Graduate,Graduate,0,Agronomy,1.0,0,0.6666666666666666,0.0,1,"(16.999, 19.0]"
292,1,44,1,9003,1,39,140.0,1,37,37,9,4,140.0,0,0,0,1,0,0,24,0,0,6,10,6,11.42857143,0,0,6,12,5,13.0,0,12.4,0.5,1.79,Enrolled,Enrolled,0,Agronomy,1.0,0,0.6,0.0,0,"(20.0, 25.0]"
293,1,17,4,9238,1,1,123.0,1,19,19,191,144,116.0,1,0,0,1,0,1,18,0,0,6,9,6,11.66666667,0,0,6,8,6,11.66666667,0,8.9,1.4,3.51,Graduate,Graduate,0,Social Service,1.0,0,0.6666666666666666,0.0,0,"(16.999, 19.0]"
294,1,1,1,9070,1,1,130.0,1,38,37,3,6,135.6,1,0,0,1,0,1,19,0,0,6,9,5,12.0,0,0,6,10,2,11.33333333,0,8.9,1.4,3.51,Dropout,Dropout,1,Communication Design,0.8333333333333334,1,0.5555555555555556,0.0,0,"(16.999, 19.0]"
295,2,1,1,9500,1,1,137.0,1,3,38,2,4,121.0,0,0,0,1,0,1,19,0,0,8,8,7,14.72571429,0,0,8,8,7,14.72571429,0,10.8,1.4,1.74,Graduate,Graduate,0,Nursing,0.875,1,0.875,0.0,0,"(16.999, 19.0]"
296,1,17,2,9773,1,1,126.0,1,19,38,9,8,118.7,1,0,0,1,0,1,18,0,0,6,6,6,14.16666667,0,0,6,6,6,13.66666667,0,12.4,0.5,1.79,Graduate,Graduate,0,Journalism and Communication,1.0,0,1.0,0.0,0,"(16.999, 19.0]"
297,1,1,1,9238,1,1,125.0,1,1,1,3,3,125.7,1,0,0,1,0,0,18,0,0,6,10,6,11.57142857,0,0,6,8,6,12.33333333,0,12.4,0.5,1.79,Graduate,Graduate,0,Social Service,1.0,0,0.6,0.0,0,"(16.999, 19.0]"
298,1,17,4,9556,1,1,112.0,1,1,1,4,10,107.1,1,0,0,1,0,0,20,0,0,7,7,7,12.5,0,0,8,8,8,13.1375,0,12.4,0.5,1.79,Graduate,Graduate,0,Oral Hygiene,1.0,0,1.0,0.0,0,"(19.0, 20.0]"
299,1,1,1,9500,1,1,141.0,1,19,38,5,7,125.5,0,0,0,1,0,0,18,0,0,8,10,8,12.86,2,0,8,10,8,12.86,2,9.4,-0.8,-3.12,Graduate,Graduate,0,Nursing,1.0,0,0.8,0.25,0,"(16.999, 19.0]"
300,1,17,4,9670,1,1,135.0,1,38,38,9,7,127.0,1,0,0,1,0,0,18,0,0,6,10,6,12.25,0,0,6,9,6,13.71428571,0,11.1,0.6,2.02,Graduate,Graduate,0,Advertising and Marketing Management,1.0,0,0.6,0.0,0,"(16.999, 19.0]"
301,1,1,2,9085,1,1,117.0,1,38,37,9,9,113.5,1,0,0,1,0,1,21,0,0,5,7,4,12.0,0,0,5,5,5,12.2,0,10.8,1.4,1.74,Graduate,Graduate,0,Veterinary Nursing,0.8,1,0.5714285714285714,0.0,0,"(20.0, 25.0]"
302,1,1,1,9500,1,1,160.0,1,19,19,4,9,154.4,0,0,0,1,0,1,18,0,0,7,9,7,15.11666667,0,0,8,9,8,16.16888889,0,15.5,2.8,-4.06,Graduate,Graduate,0,Nursing,1.0,0,0.7777777777777778,0.0,0,"(16.999, 19.0]"
303,1,51,1,9670,1,1,136.0,1,19,19,5,5,122.0,0,0,1,0,0,0,18,0,0,5,6,2,12.5,0,0,5,6,4,10.25,0,9.4,-0.8,-3.12,Dropout,Dropout,1,Advertising and Marketing Management,0.4,3,0.3333333333333333,0.0,1,"(16.999, 19.0]"
304,1,17,2,9238,1,1,143.0,1,1,11,4,3,128.0,1,0,0,1,0,0,19,0,0,6,11,0,0.0,0,0,6,0,0,0.0,0,9.4,-0.8,-3.12,Dropout,Dropout,1,Social Service,0.0,6,0.0,0.0,0,"(16.999, 19.0]"
305,1,1,1,9670,1,1,119.0,1,1,19,4,10,115.5,1,0,0,1,0,0,19,0,0,6,8,4,11.0,0,0,6,9,4,11.0,0,10.8,1.4,1.74,Enrolled,Enrolled,0,Advertising and Marketing Management,0.6666666666666666,2,0.5,0.0,0,"(16.999, 19.0]"
306,1,17,4,9670,1,1,120.0,1,1,19,5,5,117.2,1,0,0,1,0,0,18,0,0,6,8,6,11.875,0,0,6,11,4,14.6,0,11.1,0.6,2.02,Graduate,Graduate,0,Advertising and Marketing Management,1.0,0,0.75,0.0,0,"(16.999, 19.0]"
307,1,39,1,9130,1,3,150.0,1,3,1,90,90,150.0,1,0,0,1,0,0,34,0,1,5,6,1,11.0,0,0,5,5,0,0.0,0,12.7,3.7,-1.7,Dropout,Dropout,1,Equinculture,0.2,4,0.16666666666666666,0.0,0,"(25.0, 70.0]"
308,1,1,3,9085,1,1,142.0,1,11,11,90,90,155.3,0,0,0,1,0,0,19,0,0,5,5,5,15.2,0,0,5,6,5,13.2,0,7.6,2.6,0.32,Graduate,Graduate,0,Veterinary Nursing,1.0,0,1.0,0.0,0,"(16.999, 19.0]"
309,1,44,1,9130,1,39,120.0,1,37,37,7,8,120.0,1,0,1,0,0,0,19,0,2,6,7,5,11.6,0,1,6,12,2,11.0,0,12.4,0.5,1.79,Dropout,Dropout,1,Equinculture,0.8333333333333334,1,0.7142857142857143,0.0,1,"(16.999, 19.0]"
310,1,51,1,9238,1,1,160.0,1,3,19,2,1,116.1,0,0,1,1,0,0,26,0,0,6,6,6,14.83333333,0,0,6,7,6,15.14285714,0,11.1,0.6,2.02,Graduate,Graduate,0,Social Service,1.0,0,1.0,0.0,1,"(25.0, 70.0]"
311,1,17,1,9853,1,1,133.1,1,34,34,0,0,118.9,1,0,0,1,0,0,21,0,0,6,12,3,11.33333333,0,0,6,10,3,11.33333333,0,7.6,2.6,0.32,Dropout,Dropout,1,Basic Education,0.5,3,0.25,0.0,0,"(20.0, 25.0]"
312,1,17,2,9147,1,1,142.0,1,19,19,4,8,127.3,0,0,0,1,0,1,18,0,0,5,5,5,11.2,0,0,5,5,5,11.8,0,11.1,0.6,2.02,Graduate,Graduate,0,Management,1.0,0,1.0,0.0,0,"(16.999, 19.0]"
313,1,17,4,9853,1,1,121.0,1,38,38,5,7,113.7,1,0,0,1,0,1,20,0,0,6,8,5,13.4,0,0,6,9,5,13.66666667,0,9.4,-0.8,-3.12,Graduate,Graduate,0,Basic Education,0.8333333333333334,1,0.625,0.0,0,"(19.0, 20.0]"
314,1,51,1,9147,1,1,135.0,1,1,1,4,4,118.5,0,0,0,1,0,0,25,0,0,5,12,2,10.5,0,0,5,5,0,0.0,0,11.1,0.6,2.02,Dropout,Dropout,1,Management,0.4,3,0.16666666666666666,0.0,0,"(20.0, 25.0]"
315,1,1,1,9147,1,1,153.0,1,1,38,4,3,146.7,0,0,0,1,0,0,18,0,0,5,5,5,16.2,0,0,5,5,5,16.4,0,11.1,0.6,2.02,Graduate,Graduate,0,Management,1.0,0,1.0,0.0,0,"(16.999, 19.0]"
316,1,1,1,9500,1,1,140.0,1,19,19,3,6,124.3,1,0,0,1,0,1,18,0,0,7,7,7,14.54285714,0,0,8,11,8,14.88181818,0,16.2,0.3,-0.92,Graduate,Graduate,0,Nursing,1.0,0,1.0,0.0,0,"(16.999, 19.0]"
317,1,1,1,9500,1,1,152.0,1,41,19,3,5,137.8,0,0,0,1,0,0,19,0,0,7,7,7,13.69428571,0,0,8,9,8,14.35555556,0,11.1,0.6,2.02,Graduate,Graduate,0,Nursing,1.0,0,1.0,0.0,0,"(16.999, 19.0]"
318,1,1,1,9238,1,1,120.0,1,19,38,5,9,130.2,0,0,0,1,0,1,18,0,0,6,8,6,11.28571429,0,0,6,10,6,11.85714286,0,12.4,0.5,1.79,Graduate,Graduate,0,Social Service,1.0,0,0.75,0.0,0,"(16.999, 19.0]"
319,1,17,1,9500,1,1,160.0,1,38,38,7,7,147.8,0,0,0,1,0,0,20,0,0,7,11,6,11.75714286,0,0,8,12,6,13.08333333,0,15.5,2.8,-4.06,Enrolled,Enrolled,0,Nursing,0.8571428571428571,1,0.5454545454545454,0.0,0,"(19.0, 20.0]"
320,1,7,1,9085,1,40,150.0,1,19,19,9,5,150.0,0,0,1,0,0,0,26,0,0,3,3,0,0.0,0,0,6,0,0,0.0,0,8.9,1.4,3.51,Dropout,Dropout,1,Veterinary Nursing,0.0,3,0.0,0.0,1,"(25.0, 70.0]"
321,1,42,1,9500,1,1,100.0,1,37,37,7,9,100.0,1,0,0,1,0,1,19,0,0,8,8,7,13.05857143,0,0,8,8,7,13.05857143,0,10.8,1.4,1.74,Graduate,Graduate,0,Nursing,0.875,1,0.875,0.0,0,"(16.999, 19.0]"
322,1,1,1,9500,1,1,150.0,1,1,1,5,1,155.6,0,0,0,1,0,0,19,0,0,7,7,7,14.3,0,0,8,9,8,14.05555556,0,16.2,0.3,-0.92,Graduate,Graduate,0,Nursing,1.0,0,1.0,0.0,0,"(16.999, 19.0]"
323,1,43,4,9147,1,1,124.0,1,37,37,9,9,117.4,0,0,0,1,0,0,19,0,3,10,15,5,11.8,0,4,10,14,8,12.0,0,7.6,2.6,0.32,Graduate,Graduate,0,Management,0.5,5,0.3333333333333333,0.0,0,"(16.999, 19.0]"
324,1,5,3,9085,1,1,141.0,1,1,19,7,5,128.8,1,0,0,1,0,0,19,0,0,5,9,3,10.33333333,1,0,5,8,3,13.0,0,7.6,2.6,0.32,Enrolled,Enrolled,0,Veterinary Nursing,0.6,2,0.3333333333333333,0.2,0,"(16.999, 19.0]"
325,1,1,1,9254,1,1,121.0,1,19,19,5,8,117.5,1,0,0,1,0,0,18,0,0,6,7,6,10.57142857,0,0,6,11,3,11.66666667,0,16.2,0.3,-0.92,Graduate,Graduate,0,Tourism,1.0,0,0.8571428571428571,0.0,0,"(16.999, 19.0]"
326,1,43,1,9500,1,6,134.0,1,1,37,9,9,120.4,1,0,0,1,0,0,19,0,0,7,7,6,13.33333333,0,0,7,7,6,13.33333333,0,7.6,2.6,0.32,Graduate,Graduate,0,Nursing,0.8571428571428571,1,0.8571428571428571,0.0,0,"(16.999, 19.0]"
327,1,1,1,9238,1,1,134.0,1,1,1,9,6,130.9,0,0,1,1,0,0,18,0,0,6,10,6,11.85714286,0,0,6,9,5,11.0,0,13.9,-0.3,0.79,Graduate,Graduate,0,Social Service,1.0,0,0.6,0.0,1,"(16.999, 19.0]"
328,1,1,1,9853,1,1,132.0,1,2,19,4,4,125.0,1,0,0,1,0,0,18,0,0,6,9,5,12.6,0,0,6,8,5,11.4,0,9.4,-0.8,-3.12,Enrolled,Enrolled,0,Basic Education,0.8333333333333334,1,0.5555555555555556,0.0,0,"(16.999, 19.0]"
329,1,1,1,9085,1,1,135.0,1,19,38,9,5,136.8,1,0,0,1,0,0,18,0,0,5,11,5,14.0,3,0,5,7,5,11.6,0,9.4,-0.8,-3.12,Enrolled,Enrolled,0,Veterinary Nursing,1.0,0,0.45454545454545453,0.6,0,"(16.999, 19.0]"
330,1,1,1,9853,1,1,123.0,1,1,38,9,6,121.6,1,0,0,1,0,0,18,0,0,7,12,5,12.0,0,0,7,9,6,12.66666667,0,11.1,0.6,2.02,Enrolled,Enrolled,0,Basic Education,0.7142857142857143,2,0.4166666666666667,0.0,0,"(16.999, 19.0]"
331,1,44,1,9119,1,39,151.0,1,19,37,4,7,151.0,0,0,1,1,0,0,26,0,0,5,6,0,0.0,0,0,5,5,0,0.0,0,16.2,0.3,-0.92,Dropout,Dropout,1,Informatics Engineering,0.0,5,0.0,0.0,1,"(25.0, 70.0]"
332,1,1,1,9238,1,1,107.0,1,38,38,7,7,103.5,1,0,0,1,0,0,20,0,0,6,7,6,12.0,0,0,6,7,6,13.0,0,12.4,0.5,1.79,Graduate,Graduate,0,Social Service,1.0,0,0.8571428571428571,0.0,0,"(19.0, 20.0]"
333,1,1,1,8014,0,1,126.0,1,37,38,9,10,119.4,0,0,0,1,0,0,19,0,0,6,6,6,12.66666667,0,0,6,6,6,11.66666667,0,12.7,3.7,-1.7,Graduate,Graduate,0,Social Service (evening attendance),1.0,0,1.0,0.0,0,"(16.999, 19.0]"
334,1,1,1,9238,1,1,133.0,1,34,37,4,9,134.4,1,0,0,1,0,1,18,0,0,6,6,6,12.16666667,0,0,6,9,6,13.66666667,0,9.4,-0.8,-3.12,Graduate,Graduate,0,Social Service,1.0,0,1.0,0.0,0,"(16.999, 19.0]"
335,1,44,1,9238,1,39,140.0,1,38,37,7,7,143.0,0,0,0,1,0,0,19,0,3,6,6,6,13.33333333,0,2,6,6,6,14.66666667,0,13.9,-0.3,0.79,Graduate,Graduate,0,Social Service,1.0,0,1.0,0.0,0,"(16.999, 19.0]"
336,1,7,1,9853,1,40,110.0,1,41,3,2,1,110.0,0,0,1,1,0,0,40,0,0,7,8,7,15.0,0,0,7,7,7,14.57142857,0,12.4,0.5,1.79,Graduate,Graduate,0,Basic Education,1.0,0,0.875,0.0,1,"(25.0, 70.0]"
337,1,1,4,9500,1,1,141.0,1,38,38,7,7,132.5,1,0,0,1,0,1,18,0,0,8,8,8,13.39125,0,0,8,8,8,13.39125,0,9.4,-0.8,-3.12,Graduate,Graduate,0,Nursing,1.0,0,1.0,0.0,0,"(16.999, 19.0]"
338,1,17,1,9238,1,1,122.0,1,3,1,9,10,114.7,0,0,0,1,0,0,19,0,0,6,9,5,12.16666667,0,0,6,8,6,12.42857143,0,13.9,-0.3,0.79,Graduate,Graduate,0,Social Service,0.8333333333333334,1,0.5555555555555556,0.0,0,"(16.999, 19.0]"
339,1,17,1,9130,1,1,156.0,1,2,9,3,5,166.9,0,0,0,1,0,0,18,0,0,5,9,4,11.25,0,0,5,6,4,12.5,0,7.6,2.6,0.32,Graduate,Graduate,0,Equinculture,0.8,1,0.4444444444444444,0.0,0,"(16.999, 19.0]"
340,1,1,1,9085,1,1,129.0,1,1,2,3,1,125.9,1,0,0,1,0,0,19,0,0,5,13,4,12.0,2,0,5,8,3,12.0,0,9.4,-0.8,-3.12,Enrolled,Enrolled,0,Veterinary Nursing,0.8,1,0.3076923076923077,0.4,0,"(16.999, 19.0]"
341,1,1,1,171,1,1,188.0,1,3,3,2,2,178.3,1,0,0,1,0,0,18,0,0,0,0,0,0.0,0,0,0,0,0,0.0,0,15.5,2.8,-4.06,Dropout,Dropout,1,Animation and Multimedia Design,0.0,0,0.0,0.0,0,"(16.999, 19.0]"
342,2,39,1,8014,0,1,120.0,1,37,37,9,9,117.0,1,0,0,1,0,0,33,0,0,6,7,6,12.83333333,0,0,6,8,6,12.85714286,0,12.4,0.5,1.79,Graduate,Graduate,0,Social Service (evening attendance),1.0,0,0.8571428571428571,0.0,0,"(25.0, 70.0]"
343,1,39,1,9003,1,3,130.0,1,3,3,1,2,150.0,0,0,0,1,0,0,35,0,0,6,10,6,14.0,0,0,6,11,6,13.1,0,16.2,0.3,-0.92,Graduate,Graduate,0,Agronomy,1.0,0,0.6,0.0,0,"(25.0, 70.0]"
344,1,42,1,9147,1,1,130.0,1,37,38,9,1,130.0,1,0,0,1,0,0,26,0,3,5,5,4,13.0,0,1,5,7,2,12.0,0,9.4,-0.8,-3.12,Enrolled,Enrolled,0,Management,0.8,1,0.8,0.0,0,"(25.0, 70.0]"
345,1,1,1,9773,1,1,140.0,1,19,19,7,5,135.1,1,0,0,1,0,0,18,0,0,6,7,6,13.5,0,0,6,8,6,12.5,0,9.4,-0.8,-3.12,Graduate,Graduate,0,Journalism and Communication,1.0,0,0.8571428571428571,0.0,0,"(16.999, 19.0]"
346,1,43,1,9238,1,1,110.0,1,37,37,9,9,110.0,0,0,0,1,0,0,36,0,10,16,24,13,10.69230769,1,9,13,19,9,12.30769231,0,15.5,2.8,-4.06,Enrolled,Enrolled,0,Social Service,0.8125,3,0.5416666666666666,0.0625,0,"(25.0, 70.0]"
347,4,39,1,9991,0,1,133.1,1,37,37,6,6,136.2,0,0,0,1,0,0,39,0,0,5,6,5,11.0,0,0,5,9,5,11.66666667,0,10.8,1.4,1.74,Graduate,Graduate,0,Management (evening attendance),1.0,0,0.8333333333333334,0.0,0,"(25.0, 70.0]"
348,2,39,1,9238,1,1,120.0,1,37,37,9,9,116.0,0,0,0,1,0,0,44,0,0,6,8,6,13.0,0,0,6,6,6,13.83333333,0,12.7,3.7,-1.7,Graduate,Graduate,0,Social Service,1.0,0,0.75,0.0,0,"(25.0, 70.0]"
349,1,1,2,8014,0,1,96.0,1,3,1,3,9,100.0,0,0,0,1,0,0,20,0,0,6,10,5,12.0,0,0,6,9,4,11.25,0,9.4,-0.8,-3.12,Enrolled,Enrolled,0,Social Service (evening attendance),0.8333333333333334,1,0.5,0.0,0,"(19.0, 20.0]"
350,1,1,1,9254,1,1,117.0,1,19,19,9,9,116.3,1,0,0,1,0,0,24,0,0,6,9,4,12.6,0,0,6,6,4,11.5,0,12.7,3.7,-1.7,Dropout,Dropout,1,Tourism,0.6666666666666666,2,0.4444444444444444,0.0,0,"(20.0, 25.0]"
351,1,43,1,9773,1,1,123.0,1,19,19,9,8,134.0,0,0,0,1,0,1,20,0,0,6,6,6,13.66666667,0,0,6,6,6,13.33333333,0,12.4,0.5,1.79,Graduate,Graduate,0,Journalism and Communication,1.0,0,1.0,0.0,0,"(19.0, 20.0]"
352,1,1,4,171,1,1,127.0,1,1,1,9,5,124.2,1,0,0,0,0,0,19,0,0,0,0,0,0.0,0,0,0,0,0,0.0,0,9.4,-0.8,-3.12,Dropout,Dropout,1,Animation and Multimedia Design,0.0,0,0.0,0.0,1,"(16.999, 19.0]"
353,2,1,1,9500,1,1,151.0,1,37,38,9,7,134.5,0,0,1,1,0,1,18,0,0,7,7,6,14.2,0,0,7,7,6,14.2,0,7.6,2.6,0.32,Graduate,Graduate,0,Nursing,0.8571428571428571,1,0.8571428571428571,0.0,1,"(16.999, 19.0]"
354,1,1,1,9254,1,1,127.0,1,19,19,4,6,120.7,0,0,1,0,0,0,22,0,0,6,10,5,11.0,0,0,6,12,0,0.0,0,10.8,1.4,1.74,Dropout,Dropout,1,Tourism,0.8333333333333334,1,0.5,0.0,1,"(20.0, 25.0]"
355,1,17,1,9085,1,1,133.0,1,19,1,4,5,127.1,1,0,0,1,0,0,18,0,0,6,7,6,15.0,0,0,6,7,6,16.42857143,0,11.1,0.6,2.02,Graduate,Graduate,0,Veterinary Nursing,1.0,0,0.8571428571428571,0.0,0,"(16.999, 19.0]"
356,1,39,1,9500,1,19,133.1,1,38,37,9,9,133.0,0,0,0,1,0,0,24,0,0,7,9,6,12.58571429,0,0,8,9,7,13.44285714,0,13.9,-0.3,0.79,Graduate,Graduate,0,Nursing,0.8571428571428571,1,0.6666666666666666,0.0,0,"(20.0, 25.0]"
357,1,39,1,9991,0,1,133.1,1,37,37,90,8,128.2,0,0,0,1,0,0,33,0,0,5,0,0,0.0,0,0,5,0,0,0.0,0,12.7,3.7,-1.7,Dropout,Dropout,1,Management (evening attendance),0.0,5,0.0,0.0,0,"(25.0, 70.0]"
358,1,39,1,9003,1,1,133.1,1,37,37,3,8,130.0,0,0,1,1,0,1,30,0,0,6,6,0,0.0,0,0,6,6,0,0.0,0,11.1,0.6,2.02,Enrolled,Enrolled,0,Agronomy,0.0,6,0.0,0.0,1,"(25.0, 70.0]"
359,1,39,1,9085,1,43,160.0,1,3,39,2,3,172.0,0,0,0,1,0,0,26,0,0,6,0,0,0.0,0,0,6,0,0,0.0,0,8.9,1.4,3.51,Dropout,Dropout,1,Veterinary Nursing,0.0,6,0.0,0.0,0,"(25.0, 70.0]"
360,1,17,4,9853,1,1,140.0,1,19,38,4,1,128.5,1,0,0,1,0,0,18,0,0,6,7,6,11.66666667,0,0,6,10,6,11.83333333,0,10.8,1.4,1.74,Graduate,Graduate,0,Basic Education,1.0,0,0.8571428571428571,0.0,0,"(16.999, 19.0]"
361,1,1,1,9773,1,1,146.0,1,37,38,9,7,128.5,0,0,1,1,0,0,19,0,0,6,13,3,12.66666667,0,0,6,12,2,10.0,0,10.8,1.4,1.74,Dropout,Dropout,1,Journalism and Communication,0.5,3,0.23076923076923078,0.0,1,"(16.999, 19.0]"
362,1,17,4,9147,1,1,112.0,1,19,38,9,10,112.0,1,0,0,1,0,0,20,0,0,5,10,3,10.33333333,0,0,5,9,4,11.0,2,16.2,0.3,-0.92,Enrolled,Enrolled,0,Management,0.6,2,0.3,0.0,0,"(19.0, 20.0]"
363,1,53,1,9085,1,42,140.0,1,19,37,9,8,142.5,1,0,0,1,0,1,22,0,7,11,18,8,13.5,0,4,9,16,7,13.71428571,0,8.9,1.4,3.51,Graduate,Graduate,0,Veterinary Nursing,0.7272727272727273,3,0.4444444444444444,0.0,0,"(20.0, 25.0]"
364,1,1,4,9500,1,1,136.0,1,1,1,9,1,133.0,1,0,0,1,0,0,19,0,0,7,8,5,13.98,0,0,7,8,5,13.98,0,7.6,2.6,0.32,Enrolled,Enrolled,0,Nursing,0.7142857142857143,2,0.625,0.0,0,"(16.999, 19.0]"
365,1,1,1,9085,1,1,133.1,1,37,38,7,5,106.0,1,0,0,1,0,1,21,0,0,6,13,6,16.15384615,0,0,6,10,6,15.75,0,15.5,2.8,-4.06,Graduate,Graduate,0,Veterinary Nursing,1.0,0,0.46153846153846156,0.0,0,"(20.0, 25.0]"
366,1,1,4,9500,1,1,136.0,1,19,38,4,8,125.5,1,0,0,1,0,1,21,0,0,7,7,6,14.03333333,0,0,7,7,6,14.03333333,0,7.6,2.6,0.32,Graduate,Graduate,0,Nursing,0.8571428571428571,1,0.8571428571428571,0.0,0,"(20.0, 25.0]"
367,1,17,1,9085,1,1,134.0,1,19,37,2,7,131.2,0,0,0,1,0,0,19,0,0,5,8,1,11.0,0,0,5,6,5,11.2,0,7.6,2.6,0.32,Enrolled,Enrolled,0,Veterinary Nursing,0.2,4,0.125,0.0,0,"(16.999, 19.0]"
368,1,1,1,9853,1,1,122.0,1,38,37,191,195,112.9,1,0,0,1,0,1,19,0,0,7,8,7,13.85714286,0,0,7,8,6,13.66666667,0,8.9,1.4,3.51,Graduate,Graduate,0,Basic Education,1.0,0,0.875,0.0,0,"(16.999, 19.0]"
369,1,1,6,9500,1,1,138.0,1,19,19,9,5,124.8,1,0,0,1,0,0,18,0,0,8,8,7,13.41428571,0,0,8,8,7,13.41428571,0,12.7,3.7,-1.7,Dropout,Dropout,1,Nursing,0.875,1,0.875,0.0,0,"(16.999, 19.0]"
370,2,43,1,8014,0,1,160.0,1,37,39,9,4,140.9,0,0,0,1,0,0,50,0,7,11,11,11,13.54545455,0,3,7,7,7,13.57142857,0,16.2,0.3,-0.92,Graduate,Graduate,0,Social Service (evening attendance),1.0,0,1.0,0.0,0,"(25.0, 70.0]"
371,4,39,1,9991,0,1,130.0,1,38,19,9,7,148.0,0,0,0,1,0,1,31,0,0,5,11,4,11.25,0,0,5,10,4,10.83333333,0,13.9,-0.3,0.79,Enrolled,Enrolled,0,Management (evening attendance),0.8,1,0.36363636363636365,0.0,0,"(25.0, 70.0]"
372,1,17,1,9773,1,1,161.0,1,1,19,4,7,148.4,0,0,0,1,0,1,19,0,0,6,6,6,13.83333333,0,0,6,7,6,14.42857143,0,15.5,2.8,-4.06,Graduate,Graduate,0,Journalism and Communication,1.0,0,1.0,0.0,0,"(16.999, 19.0]"
373,4,39,1,9991,0,1,140.0,1,1,37,141,192,129.7,0,0,0,1,0,0,35,0,0,5,8,5,12.0,0,0,5,9,5,12.85714286,0,13.9,-0.3,0.79,Graduate,Graduate,0,Management (evening attendance),1.0,0,0.625,0.0,0,"(25.0, 70.0]"
374,2,39,1,9085,1,19,133.1,1,38,38,4,7,128.2,0,0,0,1,0,0,31,0,0,6,0,0,0.0,0,0,6,0,0,0.0,0,12.7,3.7,-1.7,Dropout,Dropout,1,Veterinary Nursing,0.0,6,0.0,0.0,0,"(25.0, 70.0]"
375,2,51,1,8014,0,19,133.1,1,37,37,9,9,104.0,0,0,1,1,0,0,42,0,5,11,14,10,11.9,0,5,11,14,10,12.8,0,11.1,0.6,2.02,Enrolled,Enrolled,0,Social Service (evening attendance),0.9090909090909091,1,0.7142857142857143,0.0,1,"(25.0, 70.0]"
376,1,18,4,9147,1,1,130.0,1,37,37,9,9,119.9,1,0,0,0,0,0,34,0,0,5,5,0,0.0,0,0,5,0,0,0.0,0,9.4,-0.8,-3.12,Dropout,Dropout,1,Management,0.0,5,0.0,0.0,1,"(25.0, 70.0]"
377,1,1,1,9500,1,1,152.0,1,1,1,4,4,141.0,1,0,0,1,0,1,18,0,0,7,7,7,15.13571429,0,0,8,8,8,15.2875,0,12.4,0.5,1.79,Graduate,Graduate,0,Nursing,1.0,0,1.0,0.0,0,"(16.999, 19.0]"
378,1,17,1,9853,1,1,125.0,1,3,3,3,3,116.6,1,0,0,0,0,1,18,0,0,7,7,7,12.28571429,0,0,7,8,6,13.33333333,0,8.9,1.4,3.51,Enrolled,Enrolled,0,Basic Education,1.0,0,1.0,0.0,1,"(16.999, 19.0]"
379,1,44,1,9085,1,39,140.0,1,37,38,5,6,140.0,1,0,0,1,0,0,21,0,2,6,16,5,12.66666667,0,1,6,15,2,13.5,0,16.2,0.3,-0.92,Enrolled,Enrolled,0,Veterinary Nursing,0.8333333333333334,1,0.3125,0.0,0,"(20.0, 25.0]"
380,4,39,1,9500,1,19,133.1,1,38,19,5,7,140.0,0,0,0,1,0,1,26,0,0,7,13,5,12.74,0,0,8,12,6,10.97857143,0,16.2,0.3,-0.92,Dropout,Dropout,1,Nursing,0.7142857142857143,2,0.38461538461538464,0.0,0,"(25.0, 70.0]"
381,1,43,1,9500,1,1,170.0,1,19,37,8,8,100.0,0,0,0,1,0,0,20,0,0,7,8,6,13.25,0,0,8,8,8,13.75,0,13.9,-0.3,0.79,Enrolled,Enrolled,0,Nursing,0.8571428571428571,1,0.75,0.0,0,"(19.0, 20.0]"
382,1,1,1,9238,1,1,135.0,1,38,38,5,7,121.0,0,0,0,1,0,0,19,0,0,6,13,3,10.33333333,0,0,6,12,3,10.33333333,0,7.6,2.6,0.32,Enrolled,Enrolled,0,Social Service,0.5,3,0.23076923076923078,0.0,0,"(16.999, 19.0]"
383,1,1,1,9853,1,1,125.0,1,19,19,5,5,117.0,0,0,0,1,0,1,19,0,0,6,7,6,13.42857143,0,0,6,6,6,13.16666667,0,15.5,2.8,-4.06,Graduate,Graduate,0,Basic Education,1.0,0,0.8571428571428571,0.0,0,"(16.999, 19.0]"
384,1,53,1,9147,1,42,140.0,1,3,4,2,1,140.2,0,0,0,1,0,0,20,0,6,11,19,9,12.55555556,0,3,9,14,8,11.11111111,0,8.9,1.4,3.51,Graduate,Graduate,0,Management,0.8181818181818182,2,0.47368421052631576,0.0,0,"(19.0, 20.0]"
385,1,1,1,9238,1,1,124.0,1,34,34,0,0,129.3,0,0,0,1,0,0,19,0,0,6,8,6,11.5,0,0,6,7,6,11.16666667,0,7.6,2.6,0.32,Graduate,Graduate,0,Social Service,1.0,0,0.75,0.0,0,"(16.999, 19.0]"
386,1,1,1,9853,1,1,140.0,1,37,37,9,9,145.3,0,0,0,1,0,0,18,0,0,6,6,6,13.66666667,0,0,6,9,6,12.33333333,0,7.6,2.6,0.32,Graduate,Graduate,0,Basic Education,1.0,0,1.0,0.0,0,"(16.999, 19.0]"
387,1,39,1,9991,0,3,130.0,1,37,37,9,9,146.2,0,0,0,1,0,0,28,0,10,14,16,11,11.27272727,0,6,11,16,10,12.0,0,10.8,1.4,1.74,Graduate,Graduate,0,Management (evening attendance),0.7857142857142857,3,0.6875,0.0,0,"(25.0, 70.0]"
388,1,17,1,9853,1,1,134.0,1,1,19,4,5,122.5,1,0,0,1,0,0,22,0,0,6,10,5,13.16666667,0,0,6,8,5,12.4,0,15.5,2.8,-4.06,Enrolled,Enrolled,0,Basic Education,0.8333333333333334,1,0.5,0.0,0,"(20.0, 25.0]"
389,1,44,1,8014,0,39,160.0,1,37,37,7,7,156.1,0,0,0,1,0,1,21,0,3,6,6,6,14.66666667,0,2,6,6,6,14.16666667,0,13.9,-0.3,0.79,Graduate,Graduate,0,Social Service (evening attendance),1.0,0,1.0,0.0,0,"(20.0, 25.0]"
390,1,44,1,9085,1,39,140.0,1,4,38,4,5,140.0,1,0,0,1,0,0,21,0,0,6,11,4,12.75,0,0,6,19,1,11.0,0,12.4,0.5,1.79,Enrolled,Enrolled,0,Veterinary Nursing,0.6666666666666666,2,0.36363636363636365,0.0,0,"(20.0, 25.0]"
391,1,39,1,9500,1,1,150.0,1,1,19,5,3,140.0,0,1,0,1,0,0,26,0,0,7,11,5,11.2,0,0,8,13,5,12.14,0,16.2,0.3,-0.92,Enrolled,Enrolled,0,Nursing,0.7142857142857143,2,0.45454545454545453,0.0,0,"(25.0, 70.0]"
392,1,1,6,9773,1,1,141.0,1,30,37,7,7,128.4,1,0,1,0,0,0,18,0,0,6,8,5,13.0,0,0,6,8,5,11.4,0,7.6,2.6,0.32,Dropout,Dropout,1,Journalism and Communication,0.8333333333333334,1,0.625,0.0,1,"(16.999, 19.0]"
393,1,17,2,9085,1,1,120.0,1,1,1,9,10,115.0,0,0,0,0,0,0,20,0,0,5,8,2,10.5,0,0,5,8,2,12.33333333,0,7.6,2.6,0.32,Dropout,Dropout,1,Veterinary Nursing,0.4,3,0.25,0.0,1,"(19.0, 20.0]"
394,1,17,2,9085,1,1,166.0,1,1,19,4,3,158.7,0,0,0,1,0,0,18,0,0,6,7,6,14.85714286,0,0,6,7,6,14.0,0,11.1,0.6,2.02,Graduate,Graduate,0,Veterinary Nursing,1.0,0,0.8571428571428571,0.0,0,"(16.999, 19.0]"
395,1,1,4,9500,1,1,147.0,1,1,1,4,9,124.5,1,0,0,1,0,1,19,0,0,8,11,7,12.86,0,0,8,11,7,12.86,0,10.8,1.4,1.74,Graduate,Graduate,0,Nursing,0.875,1,0.6363636363636364,0.0,0,"(16.999, 19.0]"
396,1,51,1,9238,1,1,121.0,1,3,19,3,10,111.9,1,0,0,1,0,0,20,0,5,11,12,11,11.72727273,0,5,11,14,11,12.0,0,12.4,0.5,1.79,Graduate,Graduate,0,Social Service,1.0,0,0.9166666666666666,0.0,0,"(19.0, 20.0]"
397,1,44,1,9085,1,39,150.0,1,38,37,4,6,150.0,1,0,0,1,0,1,22,0,3,6,11,6,13.14285714,0,2,6,10,3,12.0,0,13.9,-0.3,0.79,Graduate,Graduate,0,Veterinary Nursing,1.0,0,0.5454545454545454,0.0,0,"(20.0, 25.0]"
398,1,17,1,9670,1,1,124.0,1,37,19,5,8,114.2,1,0,1,1,0,0,18,0,0,6,6,5,11.8,0,0,6,9,4,13.71428571,0,10.8,1.4,1.74,Dropout,Dropout,1,Advertising and Marketing Management,0.8333333333333334,1,0.8333333333333334,0.0,1,"(16.999, 19.0]"
399,1,17,1,9147,1,1,96.0,1,38,37,6,4,96.0,1,0,0,1,0,0,19,0,0,5,10,3,10.66666667,0,0,5,9,0,0.0,3,16.2,0.3,-0.92,Dropout,Dropout,1,Management,0.6,2,0.3,0.0,0,"(16.999, 19.0]"
400,1,17,4,9070,1,1,125.0,1,1,3,3,3,128.9,0,0,0,1,0,1,18,0,0,6,9,5,11.6,0,0,6,8,4,11.2,0,8.9,1.4,3.51,Enrolled,Enrolled,0,Communication Design,0.8333333333333334,1,0.5555555555555556,0.0,0,"(16.999, 19.0]"
401,1,17,1,9254,1,1,136.0,1,37,37,7,7,121.7,1,0,0,1,0,0,20,0,0,6,13,3,10.33333333,0,0,6,12,3,10.33333333,0,10.8,1.4,1.74,Enrolled,Enrolled,0,Tourism,0.5,3,0.23076923076923078,0.0,0,"(19.0, 20.0]"
402,1,1,1,9773,1,1,120.0,1,38,37,9,9,114.8,1,1,0,1,0,0,19,0,0,6,11,4,12.25,0,0,6,11,3,11.0,0,7.6,2.6,0.32,Enrolled,Enrolled,0,Journalism and Communication,0.6666666666666666,2,0.36363636363636365,0.0,0,"(16.999, 19.0]"
403,1,1,1,9254,1,1,128.0,1,19,38,9,9,127.0,0,0,0,1,0,0,19,0,0,6,6,6,12.0,0,0,6,7,4,12.75,0,12.4,0.5,1.79,Enrolled,Enrolled,0,Tourism,1.0,0,1.0,0.0,0,"(16.999, 19.0]"
404,1,17,1,9500,1,1,142.0,1,37,37,5,5,131.3,1,0,0,1,0,0,19,0,0,8,8,7,14.73142857,0,0,8,8,7,14.73142857,0,10.8,1.4,1.74,Graduate,Graduate,0,Nursing,0.875,1,0.875,0.0,0,"(16.999, 19.0]"
405,1,1,1,171,1,1,135.0,1,1,19,3,9,137.1,1,0,0,1,0,0,18,0,0,0,0,0,0.0,0,0,0,0,0,0.0,0,12.7,3.7,-1.7,Graduate,Graduate,0,Animation and Multimedia Design,0.0,0,0.0,0.0,0,"(16.999, 19.0]"
406,1,7,1,9070,1,40,120.0,1,1,19,3,9,120.0,1,0,0,1,0,0,21,0,9,13,14,13,13.61538462,1,6,12,12,12,14.25,0,13.9,-0.3,0.79,Graduate,Graduate,0,Communication Design,1.0,0,0.9285714285714286,0.07692307692307693,0,"(20.0, 25.0]"
407,1,39,1,9991,0,40,140.0,1,1,19,9,9,139.0,0,0,0,1,0,0,27,0,0,5,5,5,15.8,0,0,5,5,5,14.8,0,8.9,1.4,3.51,Graduate,Graduate,0,Management (evening attendance),1.0,0,1.0,0.0,0,"(25.0, 70.0]"
408,1,17,1,9238,1,1,135.0,1,1,19,4,4,129.1,0,0,0,1,0,0,19,0,0,6,6,6,14.66666667,0,0,6,7,6,14.57142857,0,15.5,2.8,-4.06,Graduate,Graduate,0,Social Service,1.0,0,1.0,0.0,0,"(16.999, 19.0]"
409,4,39,1,9085,1,1,133.1,1,34,34,0,0,128.2,0,0,0,1,0,0,25,0,0,5,5,0,0.0,0,0,5,5,0,0.0,0,7.6,2.6,0.32,Dropout,Dropout,1,Veterinary Nursing,0.0,5,0.0,0.0,0,"(20.0, 25.0]"
410,1,1,2,9500,1,1,137.0,1,19,19,7,7,120.8,1,0,0,1,0,1,18,0,0,8,8,7,14.65428571,0,0,8,8,7,14.65428571,0,10.8,1.4,1.74,Graduate,Graduate,0,Nursing,0.875,1,0.875,0.0,0,"(16.999, 19.0]"
411,1,39,1,9500,1,3,122.0,1,19,1,4,8,135.8,0,0,0,1,0,0,24,0,0,8,8,7,12.40142857,0,0,8,8,7,12.40142857,0,10.8,1.4,1.74,Graduate,Graduate,0,Nursing,0.875,1,0.875,0.0,0,"(20.0, 25.0]"
412,1,1,3,9500,1,1,128.0,1,1,1,4,10,118.9,1,0,0,1,0,0,20,0,0,7,8,7,11.5875,0,0,8,9,7,14.07142857,0,13.9,-0.3,0.79,Graduate,Graduate,0,Nursing,1.0,0,0.875,0.0,0,"(19.0, 20.0]"
413,1,7,1,9991,0,40,140.0,1,37,37,6,6,140.0,0,0,0,1,0,0,26,0,3,5,5,5,14.0,0,1,5,5,5,15.6,0,12.4,0.5,1.79,Graduate,Graduate,0,Management (evening attendance),1.0,0,1.0,0.0,0,"(25.0, 70.0]"
414,1,1,1,9238,1,1,132.0,1,1,38,9,7,127.1,1,0,0,1,0,1,20,0,0,6,9,6,12.33333333,0,0,6,6,6,11.83333333,0,8.9,1.4,3.51,Graduate,Graduate,0,Social Service,1.0,0,0.6666666666666666,0.0,0,"(19.0, 20.0]"
415,1,1,1,9085,1,1,131.0,1,37,37,90,90,137.0,0,0,0,1,0,0,18,0,0,5,5,5,14.0,0,0,5,6,5,15.4,0,7.6,2.6,0.32,Graduate,Graduate,0,Veterinary Nursing,1.0,0,1.0,0.0,0,"(16.999, 19.0]"
416,1,1,1,9085,1,1,126.0,1,1,1,9,9,127.4,1,0,0,1,0,0,19,0,0,6,13,6,15.23076923,0,0,6,10,6,12.375,0,15.5,2.8,-4.06,Graduate,Graduate,0,Veterinary Nursing,1.0,0,0.46153846153846156,0.0,0,"(16.999, 19.0]"
417,1,1,1,9853,1,1,133.1,1,19,19,9,9,97.0,1,0,0,1,0,0,23,0,0,6,9,5,11.6,0,0,6,9,3,11.0,0,12.7,3.7,-1.7,Dropout,Dropout,1,Basic Education,0.8333333333333334,1,0.5555555555555556,0.0,0,"(20.0, 25.0]"
418,1,1,4,9500,1,1,136.0,1,37,37,9,9,126.3,1,0,0,1,0,1,18,0,0,7,7,6,11.6,0,0,7,7,6,11.6,0,7.6,2.6,0.32,Graduate,Graduate,0,Nursing,0.8571428571428571,1,0.8571428571428571,0.0,0,"(16.999, 19.0]"
419,1,1,4,9500,1,1,140.0,1,1,19,4,5,127.5,0,0,0,1,0,0,18,0,0,7,0,0,0.0,0,0,8,0,0,0.0,0,12.7,3.7,-1.7,Dropout,Dropout,1,Nursing,0.0,7,0.0,0.0,0,"(16.999, 19.0]"
420,1,1,1,9500,1,1,135.0,1,2,1,2,8,126.6,0,0,0,1,0,1,19,0,0,7,7,7,12.90142857,0,0,8,9,8,13.09444444,0,11.1,0.6,2.02,Graduate,Graduate,0,Nursing,1.0,0,1.0,0.0,0,"(16.999, 19.0]"
421,1,42,1,9991,0,1,160.0,1,1,2,4,3,120.0,0,0,0,1,0,0,30,0,4,7,9,7,14.14285714,0,1,5,5,5,14.8,0,7.6,2.6,0.32,Graduate,Graduate,0,Management (evening attendance),1.0,0,0.7777777777777778,0.0,0,"(25.0, 70.0]"
422,1,44,1,9085,1,39,140.0,1,1,2,4,6,140.0,1,0,0,1,0,0,29,0,0,6,0,0,0.0,0,0,6,0,0,0.0,0,15.5,2.8,-4.06,Dropout,Dropout,1,Veterinary Nursing,0.0,6,0.0,0.0,0,"(25.0, 70.0]"
423,1,1,6,9500,1,1,140.0,1,3,1,3,3,131.5,1,0,0,1,0,0,19,0,0,8,8,8,13.25375,0,0,8,8,8,13.25375,0,9.4,-0.8,-3.12,Graduate,Graduate,0,Nursing,1.0,0,1.0,0.0,0,"(16.999, 19.0]"
424,1,17,6,9556,1,1,115.0,1,19,2,5,3,112.2,1,0,0,1,0,0,20,0,0,7,7,7,13.78571429,0,0,8,8,8,14.1,0,12.4,0.5,1.79,Graduate,Graduate,0,Oral Hygiene,1.0,0,1.0,0.0,0,"(19.0, 20.0]"
425,1,1,1,9500,1,1,144.0,1,37,37,9,3,150.5,0,0,0,1,0,0,20,0,0,7,7,6,13.91666667,0,0,7,7,6,13.91666667,0,7.6,2.6,0.32,Graduate,Graduate,0,Nursing,0.8571428571428571,1,0.8571428571428571,0.0,0,"(19.0, 20.0]"
426,1,1,4,9670,1,1,128.0,1,38,38,3,7,121.0,1,0,0,1,0,0,19,0,0,6,8,6,13.5,0,0,6,9,6,13.57142857,0,11.1,0.6,2.02,Graduate,Graduate,0,Advertising and Marketing Management,1.0,0,0.75,0.0,0,"(16.999, 19.0]"
427,1,17,1,9147,1,1,116.0,1,38,2,9,2,112.2,1,0,0,1,0,0,20,0,0,5,8,3,11.33333333,0,0,5,12,2,10.66666667,0,10.8,1.4,1.74,Enrolled,Enrolled,0,Management,0.6,2,0.375,0.0,0,"(19.0, 20.0]"
428,3,1,2,9085,1,1,135.0,1,19,1,4,4,129.4,1,0,0,1,0,0,21,0,0,5,8,0,0.0,4,0,5,12,0,0.0,4,10.8,1.4,1.74,Dropout,Dropout,1,Veterinary Nursing,0.0,5,0.0,0.8,0,"(20.0, 25.0]"
429,1,17,1,9670,1,1,121.0,1,19,38,4,10,114.4,0,0,0,1,0,0,19,0,0,6,10,5,11.5,0,0,6,9,4,14.6,0,11.1,0.6,2.02,Graduate,Graduate,0,Advertising and Marketing Management,0.8333333333333334,1,0.5,0.0,0,"(16.999, 19.0]"
430,1,1,3,9500,1,1,134.0,1,37,38,9,9,120.3,1,0,0,1,0,1,18,0,0,8,8,7,12.08285714,0,0,8,8,7,12.08285714,0,10.8,1.4,1.74,Graduate,Graduate,0,Nursing,0.875,1,0.875,0.0,0,"(16.999, 19.0]"
431,1,39,1,8014,0,1,120.0,1,37,37,7,8,120.0,0,0,0,1,0,1,27,0,0,6,8,6,11.83333333,0,0,6,10,5,12.8,0,15.5,2.8,-4.06,Graduate,Graduate,0,Social Service (evening attendance),1.0,0,0.75,0.0,0,"(25.0, 70.0]"
432,1,17,2,9147,1,1,125.0,1,38,38,6,8,114.5,1,0,0,1,0,1,19,0,0,5,6,5,13.4,0,0,5,5,5,12.4,0,12.4,0.5,1.79,Graduate,Graduate,0,Management,1.0,0,0.8333333333333334,0.0,0,"(16.999, 19.0]"
433,1,1,1,9500,1,1,141.0,1,1,1,90,3,127.8,0,0,0,1,0,1,19,0,0,7,7,0,0.0,2,0,7,7,0,0.0,2,7.6,2.6,0.32,Dropout,Dropout,1,Nursing,0.0,7,0.0,0.2857142857142857,0,"(16.999, 19.0]"
434,1,1,1,9773,1,1,140.0,1,1,19,4,8,124.6,1,0,0,1,0,0,19,0,0,6,7,5,14.2,0,0,6,7,6,14.57142857,0,15.5,2.8,-4.06,Graduate,Graduate,0,Journalism and Communication,0.8333333333333334,1,0.7142857142857143,0.0,0,"(16.999, 19.0]"
435,1,1,6,9500,1,1,144.0,1,19,19,5,5,130.3,1,0,0,1,0,1,18,0,0,8,8,7,13.81428571,0,0,8,8,7,13.81428571,0,12.7,3.7,-1.7,Graduate,Graduate,0,Nursing,0.875,1,0.875,0.0,0,"(16.999, 19.0]"
436,1,17,1,9254,1,1,122.0,1,19,19,5,5,118.2,0,0,0,1,0,1,20,0,0,6,10,4,11.25,0,0,6,6,6,10.5,0,12.4,0.5,1.79,Enrolled,Enrolled,0,Tourism,0.6666666666666666,2,0.4,0.0,0,"(19.0, 20.0]"
437,1,1,1,9670,1,1,130.0,1,19,37,4,5,118.8,0,0,0,1,0,1,18,0,0,6,6,6,14.5,0,0,6,8,6,13.66666667,0,12.7,3.7,-1.7,Graduate,Graduate,0,Advertising and Marketing Management,1.0,0,1.0,0.0,0,"(16.999, 19.0]"
438,1,1,5,9670,1,1,133.1,1,9,1,2,4,133.0,1,0,0,1,0,0,19,0,0,6,0,0,0.0,0,0,6,0,0,0.0,0,7.6,2.6,0.32,Dropout,Dropout,1,Advertising and Marketing Management,0.0,6,0.0,0.0,0,"(16.999, 19.0]"
439,2,39,1,9500,1,19,133.1,1,37,37,9,9,129.0,1,0,0,1,0,0,36,0,0,7,7,6,11.3,0,0,7,7,6,11.3,0,7.6,2.6,0.32,Graduate,Graduate,0,Nursing,0.8571428571428571,1,0.8571428571428571,0.0,0,"(25.0, 70.0]"
440,1,43,1,9556,1,1,147.0,1,3,4,3,2,100.0,0,0,0,1,0,0,18,0,0,2,2,0,0.0,0,0,4,4,1,16.0,0,10.8,1.4,1.74,Enrolled,Enrolled,0,Oral Hygiene,0.0,2,0.0,0.0,0,"(16.999, 19.0]"
441,1,43,1,9130,1,1,127.0,1,19,38,4,5,120.7,1,0,1,1,0,0,18,0,0,5,11,1,12.0,0,0,5,9,3,12.0,0,12.7,3.7,-1.7,Enrolled,Enrolled,0,Equinculture,0.2,4,0.09090909090909091,0.0,1,"(16.999, 19.0]"
442,1,17,6,9500,1,1,136.0,1,19,38,9,3,132.5,1,0,0,1,0,0,19,0,0,8,9,7,12.3,0,0,8,9,7,12.3,0,12.7,3.7,-1.7,Graduate,Graduate,0,Nursing,0.875,1,0.7777777777777778,0.0,0,"(16.999, 19.0]"
443,1,1,5,9500,1,1,127.0,1,19,19,7,8,120.3,1,0,0,1,0,1,18,0,0,8,8,7,12.69428571,0,0,8,8,7,12.69428571,0,10.8,1.4,1.74,Graduate,Graduate,0,Nursing,0.875,1,0.875,0.0,0,"(16.999, 19.0]"
444,1,17,1,9670,1,1,123.0,1,19,19,1,1,114.6,0,0,0,1,0,0,18,0,0,5,5,4,11.0,0,0,5,5,4,11.0,0,9.4,-0.8,-3.12,Graduate,Graduate,0,Advertising and Marketing Management,0.8,1,0.8,0.0,0,"(16.999, 19.0]"
445,1,1,1,9238,1,1,128.0,1,37,19,9,3,116.5,1,0,0,1,0,1,19,0,0,6,6,6,13.0,0,0,6,6,6,14.16666667,0,12.4,0.5,1.79,Graduate,Graduate,0,Social Service,1.0,0,1.0,0.0,0,"(16.999, 19.0]"
446,1,1,1,9500,1,1,128.0,1,3,1,2,1,127.8,0,0,0,1,0,1,19,0,0,7,8,7,14.4125,0,0,8,8,8,16.05,0,13.9,-0.3,0.79,Graduate,Graduate,0,Nursing,1.0,0,0.875,0.0,0,"(16.999, 19.0]"
447,1,1,2,9500,1,1,140.0,1,1,19,7,7,129.9,1,0,0,1,0,0,18,0,0,7,8,7,12.92875,0,0,8,8,8,14.0625,0,15.5,2.8,-4.06,Dropout,Dropout,1,Nursing,1.0,0,0.875,0.0,0,"(16.999, 19.0]"
448,1,1,2,9773,1,1,121.0,1,1,19,9,7,118.9,1,0,0,1,0,0,20,0,0,6,6,6,13.33333333,0,0,6,10,5,12.8,0,11.1,0.6,2.02,Graduate,Graduate,0,Journalism and Communication,1.0,0,1.0,0.0,0,"(19.0, 20.0]"
449,1,1,3,9254,1,1,122.0,1,19,38,3,10,114.3,1,0,0,1,0,1,20,0,0,6,8,5,12.8,0,0,6,9,5,12.8,0,12.4,0.5,1.79,Enrolled,Enrolled,0,Tourism,0.8333333333333334,1,0.625,0.0,0,"(19.0, 20.0]"
450,1,18,1,9500,1,1,126.0,1,38,37,5,5,114.8,1,0,0,1,0,0,20,0,0,8,8,7,14.40285714,0,0,8,8,7,14.40285714,0,10.8,1.4,1.74,Graduate,Graduate,0,Nursing,0.875,1,0.875,0.0,0,"(19.0, 20.0]"
451,1,1,4,9500,1,1,135.0,1,37,37,9,8,123.0,1,0,0,1,0,1,18,0,0,8,8,7,13.38142857,0,0,8,8,7,13.38142857,0,10.8,1.4,1.74,Graduate,Graduate,0,Nursing,0.875,1,0.875,0.0,0,"(16.999, 19.0]"
452,1,1,2,9500,1,1,131.0,1,19,19,7,5,122.1,1,0,0,1,0,0,18,0,0,7,8,7,14.13125,0,0,8,8,8,13.98375,0,15.5,2.8,-4.06,Graduate,Graduate,0,Nursing,1.0,0,0.875,0.0,0,"(16.999, 19.0]"
453,1,17,4,9085,1,1,140.0,1,19,37,4,7,123.7,0,0,0,1,0,0,19,0,0,5,11,5,11.71428571,2,0,5,6,5,12.6,0,9.4,-0.8,-3.12,Graduate,Graduate,0,Veterinary Nursing,1.0,0,0.45454545454545453,0.4,0,"(16.999, 19.0]"
454,1,1,3,9147,1,1,131.0,1,19,38,9,7,132.4,1,0,0,1,0,0,19,0,0,5,5,5,11.8,0,0,5,8,4,11.25,0,9.4,-0.8,-3.12,Enrolled,Enrolled,0,Management,1.0,0,1.0,0.0,0,"(16.999, 19.0]"
455,2,39,1,8014,0,1,130.0,1,34,34,99,99,114.8,0,0,0,1,0,0,44,0,0,6,9,6,11.16666667,0,1,6,15,2,11.0,1,7.6,2.6,0.32,Graduate,Graduate,0,Social Service (evening attendance),1.0,0,0.6666666666666666,0.0,0,"(25.0, 70.0]"
456,1,7,1,9003,1,3,130.0,1,38,37,5,6,130.0,0,0,0,1,0,0,32,0,0,6,7,0,0.0,0,0,6,6,0,0.0,0,12.4,0.5,1.79,Dropout,Dropout,1,Agronomy,0.0,6,0.0,0.0,0,"(25.0, 70.0]"
457,1,43,1,9853,1,1,140.0,1,37,19,9,8,122.3,0,0,0,1,0,0,22,0,0,6,9,5,13.6,0,0,6,8,5,12.0,0,12.7,3.7,-1.7,Dropout,Dropout,1,Basic Education,0.8333333333333334,1,0.5555555555555556,0.0,0,"(20.0, 25.0]"
458,2,39,1,9003,1,1,130.0,1,1,19,4,9,152.4,1,0,0,1,0,0,36,0,4,12,14,12,13.84615385,0,5,12,18,11,14.09090909,0,8.9,1.4,3.51,Graduate,Graduate,0,Agronomy,1.0,0,0.8571428571428571,0.0,0,"(25.0, 70.0]"
459,1,17,1,9773,1,1,125.0,1,37,37,5,7,120.1,0,0,0,1,0,1,18,0,0,6,7,6,12.5,0,0,6,8,6,13.33333333,0,16.2,0.3,-0.92,Graduate,Graduate,0,Journalism and Communication,1.0,0,0.8571428571428571,0.0,0,"(16.999, 19.0]"
460,1,1,1,9130,1,1,160.0,1,3,3,3,2,155.1,1,0,0,1,0,0,20,0,0,5,5,5,16.4,0,0,5,5,5,14.6,0,12.7,3.7,-1.7,Graduate,Graduate,0,Equinculture,1.0,0,1.0,0.0,0,"(19.0, 20.0]"
461,1,51,1,9070,1,1,130.0,1,19,19,5,7,124.5,0,0,0,1,0,1,20,0,5,11,11,11,13.81818182,0,5,11,11,11,13.45454545,0,11.1,0.6,2.02,Graduate,Graduate,0,Communication Design,1.0,0,1.0,0.0,0,"(19.0, 20.0]"
462,1,17,1,9238,1,1,144.0,1,3,1,2,3,126.9,0,0,0,1,0,0,19,0,0,6,8,5,10.6,0,0,6,11,4,10.5,0,15.5,2.8,-4.06,Graduate,Graduate,0,Social Service,0.8333333333333334,1,0.625,0.0,0,"(16.999, 19.0]"
463,1,39,1,9147,1,19,133.1,1,3,1,3,5,153.2,1,0,1,1,0,0,24,0,0,5,8,5,10.2,0,0,5,6,5,12.2,0,12.4,0.5,1.79,Graduate,Graduate,0,Management,1.0,0,0.625,0.0,1,"(20.0, 25.0]"
464,1,17,1,9238,1,1,148.0,1,1,1,4,9,129.8,0,0,0,1,0,0,20,0,0,6,11,5,10.6,0,0,6,11,4,10.4,0,15.5,2.8,-4.06,Enrolled,Enrolled,0,Social Service,0.8333333333333334,1,0.45454545454545453,0.0,0,"(19.0, 20.0]"
465,1,43,1,8014,0,1,133.1,1,3,3,2,3,135.0,0,0,0,1,0,0,27,0,7,10,10,9,11.44444444,0,4,11,11,5,10.8,0,10.8,1.4,1.74,Dropout,Dropout,1,Social Service (evening attendance),0.9,1,0.9,0.0,0,"(25.0, 70.0]"
466,1,1,1,9853,1,1,133.0,1,1,38,5,10,131.3,1,0,0,1,0,0,20,0,0,6,9,5,14.33333333,0,4,8,8,8,12.625,0,15.5,2.8,-4.06,Enrolled,Enrolled,0,Basic Education,0.8333333333333334,1,0.5555555555555556,0.0,0,"(19.0, 20.0]"
467,1,43,6,9238,1,1,129.0,1,34,34,0,0,125.2,0,0,0,1,0,1,23,0,15,16,18,16,13.0,0,11,13,15,13,13.26666667,0,9.4,-0.8,-3.12,Graduate,Graduate,0,Social Service,1.0,0,0.8888888888888888,0.0,0,"(20.0, 25.0]"
468,1,1,5,9500,1,1,144.0,1,19,38,4,8,141.3,1,0,0,1,0,1,18,0,0,8,9,8,13.31,1,0,8,9,8,13.31,1,9.4,-0.8,-3.12,Graduate,Graduate,0,Nursing,1.0,0,0.8888888888888888,0.125,0,"(16.999, 19.0]"
469,1,17,1,9238,1,1,120.0,1,37,37,4,9,117.1,1,0,0,1,0,1,18,0,0,6,10,5,10.57142857,1,0,6,9,5,12.2,0,12.7,3.7,-1.7,Graduate,Graduate,0,Social Service,0.8333333333333334,1,0.5,0.16666666666666666,0,"(16.999, 19.0]"
470,1,17,3,9500,1,1,144.0,1,1,37,9,9,126.5,1,0,0,1,0,1,20,0,0,8,8,7,13.48714286,0,0,8,8,7,13.48714286,0,10.8,1.4,1.74,Graduate,Graduate,0,Nursing,0.875,1,0.875,0.0,0,"(19.0, 20.0]"
471,1,1,1,9254,1,1,132.0,1,19,38,9,7,120.1,0,0,0,1,0,1,20,0,0,6,6,6,12.33333333,0,0,6,7,6,11.83333333,0,13.9,-0.3,0.79,Graduate,Graduate,0,Tourism,1.0,0,1.0,0.0,0,"(19.0, 20.0]"
472,1,1,1,9670,1,1,142.0,1,38,19,7,10,128.4,0,0,0,1,0,0,23,0,0,6,11,6,11.875,0,0,6,9,5,12.83333333,0,11.1,0.6,2.02,Dropout,Dropout,1,Advertising and Marketing Management,1.0,0,0.5454545454545454,0.0,0,"(20.0, 25.0]"
473,1,1,2,9500,1,1,136.0,1,19,19,9,9,140.0,1,0,0,1,0,0,20,0,0,7,7,6,13.96666667,0,0,7,7,6,13.96666667,0,7.6,2.6,0.32,Graduate,Graduate,0,Nursing,0.8571428571428571,1,0.8571428571428571,0.0,0,"(19.0, 20.0]"
474,1,39,1,9254,1,9,133.1,1,34,34,0,0,110.0,1,0,0,0,0,0,28,0,0,5,10,0,0.0,0,0,5,10,0,0.0,0,7.6,2.6,0.32,Dropout,Dropout,1,Tourism,0.0,5,0.0,0.0,1,"(25.0, 70.0]"
475,1,1,1,9670,1,1,122.0,1,1,19,3,5,116.8,1,0,0,1,0,0,21,0,0,5,8,4,11.5,0,0,5,5,5,12.8,0,7.6,2.6,0.32,Graduate,Graduate,0,Advertising and Marketing Management,0.8,1,0.5,0.0,0,"(20.0, 25.0]"
476,1,1,2,9556,1,1,133.1,1,19,19,9,9,104.5,1,0,0,1,0,0,21,0,0,2,2,2,12.5,0,0,7,0,0,0.0,0,12.4,0.5,1.79,Dropout,Dropout,1,Oral Hygiene,1.0,0,1.0,0.0,0,"(20.0, 25.0]"
477,1,7,1,9500,1,3,140.0,1,34,34,0,0,140.0,0,0,0,1,0,0,28,0,0,7,0,0,0.0,0,0,8,0,0,0.0,0,7.6,2.6,0.32,Dropout,Dropout,1,Nursing,0.0,7,0.0,0.0,0,"(25.0, 70.0]"
478,1,1,1,9500,1,1,117.0,1,3,1,3,3,113.2,0,1,0,1,0,0,18,0,0,7,10,6,11.98,0,0,8,11,7,13.225,0,16.2,0.3,-0.92,Graduate,Graduate,0,Nursing,0.8571428571428571,1,0.6,0.0,0,"(16.999, 19.0]"
479,1,17,1,9238,1,1,128.0,1,38,19,191,175,118.6,1,0,0,1,0,1,21,0,0,6,8,5,13.2,0,0,6,7,5,11.8,0,8.9,1.4,3.51,Enrolled,Enrolled,0,Social Service,0.8333333333333334,1,0.625,0.0,0,"(20.0, 25.0]"
480,1,1,1,9500,1,1,136.0,1,1,1,4,4,123.8,0,0,0,1,0,0,19,0,0,7,10,6,11.61428571,0,0,8,8,8,14.0375,0,13.9,-0.3,0.79,Graduate,Graduate,0,Nursing,0.8571428571428571,1,0.6,0.0,0,"(16.999, 19.0]"
481,1,18,6,9500,1,1,141.0,1,1,19,1,1,126.7,1,0,0,1,0,1,18,0,0,8,8,7,14.31428571,0,0,8,8,7,14.31428571,0,12.7,3.7,-1.7,Graduate,Graduate,0,Nursing,0.875,1,0.875,0.0,0,"(16.999, 19.0]"
482,1,1,3,9500,1,1,130.0,1,3,1,2,5,133.8,0,0,0,1,0,0,19,0,0,7,0,0,0.0,0,0,8,0,0,0.0,0,7.6,2.6,0.32,Dropout,Dropout,1,Nursing,0.0,7,0.0,0.0,0,"(16.999, 19.0]"
483,1,44,1,9085,1,39,140.0,1,38,38,9,7,140.0,0,0,0,1,0,0,20,0,2,6,9,6,12.66666667,0,1,6,12,2,13.0,0,13.9,-0.3,0.79,Enrolled,Enrolled,0,Veterinary Nursing,1.0,0,0.6666666666666666,0.0,0,"(19.0, 20.0]"
484,1,1,3,9500,1,1,102.0,1,1,19,9,5,100.6,1,0,0,1,0,1,20,0,0,7,9,6,12.76666667,0,0,8,10,7,12.12857143,0,12.4,0.5,1.79,Graduate,Graduate,0,Nursing,0.8571428571428571,1,0.6666666666666666,0.0,0,"(19.0, 20.0]"
485,1,17,1,9853,1,1,126.0,1,1,37,7,9,132.7,0,0,0,1,0,1,18,0,0,6,7,6,12.66666667,0,0,6,7,5,12.2,0,10.8,1.4,1.74,Graduate,Graduate,0,Basic Education,1.0,0,0.8571428571428571,0.0,0,"(16.999, 19.0]"
486,1,43,2,9670,1,1,125.0,1,38,19,4,3,106.6,1,0,0,1,0,0,20,0,4,6,7,6,11.5,0,0,6,10,4,10.57142857,0,10.8,1.4,1.74,Dropout,Dropout,1,Advertising and Marketing Management,1.0,0,0.8571428571428571,0.0,0,"(19.0, 20.0]"
487,1,39,1,9670,1,1,120.0,1,1,19,5,4,140.4,0,0,0,1,0,0,31,0,2,6,13,5,11.4,0,0,6,14,4,11.75,0,13.9,-0.3,0.79,Dropout,Dropout,1,Advertising and Marketing Management,0.8333333333333334,1,0.38461538461538464,0.0,0,"(25.0, 70.0]"
488,1,17,3,9500,1,1,132.0,1,37,37,9,7,128.3,1,0,0,1,0,1,19,0,0,7,8,7,14.70625,0,0,8,8,8,14.4775,0,15.5,2.8,-4.06,Graduate,Graduate,0,Nursing,1.0,0,0.875,0.0,0,"(16.999, 19.0]"
489,1,1,3,9500,1,1,128.0,1,38,38,5,5,118.6,1,0,0,1,0,1,19,0,0,7,9,6,11.81428571,0,0,8,8,7,13.54285714,0,13.9,-0.3,0.79,Graduate,Graduate,0,Nursing,0.8571428571428571,1,0.6666666666666666,0.0,0,"(16.999, 19.0]"
490,1,1,1,9070,1,1,115.0,1,19,1,3,8,123.4,0,0,0,1,0,0,23,0,1,6,8,6,13.0,1,0,6,8,6,11.875,0,13.9,-0.3,0.79,Graduate,Graduate,0,Communication Design,1.0,0,0.75,0.16666666666666666,0,"(20.0, 25.0]"
491,1,1,1,9670,1,1,125.0,1,37,37,5,5,124.0,0,0,0,1,0,0,19,0,0,6,7,6,14.85714286,0,0,6,6,6,13.33333333,0,12.4,0.5,1.79,Graduate,Graduate,0,Advertising and Marketing Management,1.0,0,0.8571428571428571,0.0,0,"(16.999, 19.0]"
492,1,1,6,9500,1,1,137.0,1,1,3,3,2,121.3,1,0,0,1,0,0,20,0,0,7,7,6,12.6,0,0,7,7,6,12.6,0,7.6,2.6,0.32,Graduate,Graduate,0,Nursing,0.8571428571428571,1,0.8571428571428571,0.0,0,"(19.0, 20.0]"
493,1,1,1,9085,1,1,101.0,1,37,37,9,4,101.0,1,0,1,1,0,0,22,0,0,6,9,5,13.33333333,0,0,6,17,4,11.4,0,12.4,0.5,1.79,Enrolled,Enrolled,0,Veterinary Nursing,0.8333333333333334,1,0.5555555555555556,0.0,1,"(20.0, 25.0]"
494,1,1,1,9853,1,1,126.0,1,3,1,2,5,116.9,1,1,0,1,0,0,18,0,0,7,10,6,10.66666667,0,0,7,12,6,12.83333333,0,13.9,-0.3,0.79,Enrolled,Enrolled,0,Basic Education,0.8571428571428571,1,0.6,0.0,0,"(16.999, 19.0]"
495,1,7,3,9130,1,3,130.0,1,19,37,90,5,130.0,0,0,1,0,0,0,27,0,1,5,6,2,11.5,0,0,5,5,1,11.0,0,12.7,3.7,-1.7,Dropout,Dropout,1,Equinculture,0.4,3,0.3333333333333333,0.0,1,"(25.0, 70.0]"
496,1,39,1,9556,1,19,100.0,1,37,38,9,9,120.0,0,0,0,1,0,0,29,0,0,7,9,1,10.0,0,0,7,0,0,0.0,0,12.7,3.7,-1.7,Dropout,Dropout,1,Oral Hygiene,0.14285714285714285,6,0.1111111111111111,0.0,0,"(25.0, 70.0]"
497,1,17,1,9254,1,1,122.0,1,1,19,4,3,130.4,1,0,0,1,0,0,18,0,0,6,10,5,11.8,0,0,6,10,5,12.2,0,11.1,0.6,2.02,Graduate,Graduate,0,Tourism,0.8333333333333334,1,0.5,0.0,0,"(16.999, 19.0]"
498,1,17,1,9070,1,1,126.0,1,19,38,9,7,118.7,0,0,0,1,0,0,18,0,0,6,7,5,11.8,0,0,6,6,6,12.66666667,0,16.2,0.3,-0.92,Graduate,Graduate,0,Communication Design,0.8333333333333334,1,0.7142857142857143,0.0,0,"(16.999, 19.0]"
499,1,17,1,9500,1,1,128.0,1,38,38,7,7,131.5,0,0,0,1,0,0,18,0,0,8,8,8,12.77125,0,0,8,8,8,12.77125,0,9.4,-0.8,-3.12,Graduate,Graduate,0,Nursing,1.0,0,1.0,0.0,0,"(16.999, 19.0]"
500,1,17,3,9085,1,1,134.0,1,37,38,9,9,120.4,1,0,0,1,0,0,20,0,0,5,13,3,11.33333333,2,0,5,8,5,12.6,0,9.4,-0.8,-3.12,Enrolled,Enrolled,0,Veterinary Nursing,0.6,2,0.23076923076923078,0.4,0,"(19.0, 20.0]"
501,1,17,2,9254,1,1,128.0,1,38,38,9,9,129.1,1,0,0,1,0,0,18,0,0,6,6,6,12.66666667,0,0,6,7,5,14.6,0,11.1,0.6,2.02,Graduate,Graduate,0,Tourism,1.0,0,1.0,0.0,0,"(16.999, 19.0]"
502,1,1,1,9070,1,1,125.0,1,1,1,4,4,132.0,0,0,0,0,0,0,18,0,1,6,10,5,12.2,1,0,6,11,4,10.83333333,0,13.9,-0.3,0.79,Enrolled,Enrolled,0,Communication Design,0.8333333333333334,1,0.5,0.16666666666666666,1,"(16.999, 19.0]"
503,1,7,2,9085,1,3,130.0,1,3,3,1,1,130.0,0,0,0,0,0,0,28,0,0,5,9,1,12.0,1,0,4,10,0,0.0,4,10.8,1.4,1.74,Dropout,Dropout,1,Veterinary Nursing,0.2,4,0.1111111111111111,0.2,1,"(25.0, 70.0]"
504,1,1,2,9500,1,1,135.0,1,37,1,7,7,132.8,1,0,0,1,0,1,18,0,0,8,12,7,11.72142857,0,0,8,12,7,11.72142857,0,12.7,3.7,-1.7,Graduate,Graduate,0,Nursing,0.875,1,0.5833333333333334,0.0,0,"(16.999, 19.0]"
505,1,39,1,9500,1,19,133.1,1,37,38,151,161,143.7,0,0,0,1,0,0,27,0,0,7,12,4,14.0,0,0,7,14,3,12.525,0,12.4,0.5,1.79,Enrolled,Enrolled,0,Nursing,0.5714285714285714,3,0.3333333333333333,0.0,0,"(25.0, 70.0]"
506,1,39,1,33,1,1,140.0,1,3,1,2,4,152.8,0,0,0,1,0,0,26,0,0,7,9,7,14.75,0,0,7,12,5,13.8,3,16.2,0.3,-0.92,Enrolled,Enrolled,0,Biofuel Production Technologies,1.0,0,0.7777777777777778,0.0,0,"(25.0, 70.0]"
507,1,1,2,9773,1,1,138.0,1,19,1,9,3,133.5,1,0,0,1,0,0,18,0,0,6,6,6,12.66666667,0,0,6,6,6,13.66666667,0,12.7,3.7,-1.7,Graduate,Graduate,0,Journalism and Communication,1.0,0,1.0,0.0,0,"(16.999, 19.0]"
508,1,1,1,9130,1,1,150.0,1,5,5,2,2,146.2,0,0,0,1,0,0,18,0,0,5,12,4,13.0,2,0,5,6,5,14.0,0,9.4,-0.8,-3.12,Dropout,Dropout,1,Equinculture,0.8,1,0.3333333333333333,0.4,0,"(16.999, 19.0]"
509,1,1,2,9147,1,1,125.0,1,1,19,4,6,115.2,0,1,0,1,0,0,21,0,0,5,6,0,0.0,0,0,5,5,0,0.0,0,15.5,2.8,-4.06,Dropout,Dropout,1,Management,0.0,5,0.0,0.0,0,"(20.0, 25.0]"
510,1,1,2,9070,1,1,121.0,1,4,1,2,3,120.7,1,0,0,1,0,0,18,0,0,6,8,4,10.75,0,0,6,9,0,0.0,0,9.4,-0.8,-3.12,Enrolled,Enrolled,0,Communication Design,0.6666666666666666,2,0.5,0.0,0,"(16.999, 19.0]"
511,2,39,1,8014,0,1,120.0,1,34,34,99,99,101.8,0,0,0,0,0,0,32,0,0,5,5,0,0.0,0,0,5,10,0,0.0,0,10.8,1.4,1.74,Dropout,Dropout,1,Social Service (evening attendance),0.0,5,0.0,0.0,1,"(25.0, 70.0]"
512,1,39,2,9670,1,1,140.0,1,34,34,0,0,100.0,0,0,0,1,0,0,28,0,0,5,6,4,12.5,0,0,5,7,4,11.75,0,7.6,2.6,0.32,Graduate,Graduate,0,Advertising and Marketing Management,0.8,1,0.6666666666666666,0.0,0,"(25.0, 70.0]"
513,1,39,1,9991,0,1,100.0,1,37,19,9,2,121.9,0,0,0,0,0,0,40,0,0,4,4,0,0.0,0,0,5,0,0,0.0,0,12.7,3.7,-1.7,Dropout,Dropout,1,Management (evening attendance),0.0,4,0.0,0.0,1,"(25.0, 70.0]"
514,2,18,2,8014,0,1,140.0,1,37,37,9,10,120.4,0,0,1,0,0,0,39,0,0,5,5,0,0.0,0,0,4,4,0,0.0,0,9.4,-0.8,-3.12,Dropout,Dropout,1,Social Service (evening attendance),0.0,5,0.0,0.0,1,"(25.0, 70.0]"
515,2,18,2,9238,1,1,140.0,1,37,37,9,10,120.4,0,0,1,0,0,0,39,0,0,6,0,0,0.0,0,0,6,0,0,0.0,0,9.4,-0.8,-3.12,Dropout,Dropout,1,Social Service,0.0,6,0.0,0.0,1,"(25.0, 70.0]"
516,2,39,1,9003,1,1,120.0,1,37,19,9,4,148.8,0,0,0,1,0,0,50,0,0,6,7,6,12.5,0,0,6,15,5,12.4,0,8.9,1.4,3.51,Graduate,Graduate,0,Agronomy,1.0,0,0.8571428571428571,0.0,0,"(25.0, 70.0]"
517,1,17,2,9853,1,1,138.0,1,1,1,9,4,123.0,1,0,0,1,0,0,23,0,0,6,10,5,12.8,0,0,6,9,3,11.66666667,0,10.8,1.4,1.74,Dropout,Dropout,1,Basic Education,0.8333333333333334,1,0.5,0.0,0,"(20.0, 25.0]"
518,4,39,1,8014,0,19,133.1,1,34,34,0,0,100.0,0,0,0,1,0,0,48,0,0,6,11,1,10.0,0,0,6,11,1,11.0,0,9.4,-0.8,-3.12,Dropout,Dropout,1,Social Service (evening attendance),0.16666666666666666,5,0.09090909090909091,0.0,0,"(25.0, 70.0]"
519,1,17,2,9853,1,1,118.0,1,37,37,9,9,112.1,1,0,0,1,0,0,23,0,0,6,11,4,11.25,0,0,6,10,5,10.2,0,7.6,2.6,0.32,Dropout,Dropout,1,Basic Education,0.6666666666666666,2,0.36363636363636365,0.0,0,"(20.0, 25.0]"
520,1,1,6,9500,1,1,135.0,1,37,1,5,5,126.8,1,0,0,1,0,1,18,0,0,8,8,7,12.61,0,0,8,8,7,12.61,0,10.8,1.4,1.74,Graduate,Graduate,0,Nursing,0.875,1,0.875,0.0,0,"(16.999, 19.0]"
521,1,17,1,9130,1,1,130.0,1,3,19,2,9,115.9,0,0,0,1,0,0,18,0,0,5,14,2,12.0,2,0,5,6,5,12.6,0,9.4,-0.8,-3.12,Graduate,Graduate,0,Equinculture,0.4,3,0.14285714285714285,0.4,0,"(16.999, 19.0]"
522,1,15,1,9238,1,1,150.0,26,3,37,2,8,132.5,1,0,0,0,0,0,20,1,0,6,9,5,13.0,0,0,6,7,6,13.5,0,13.9,-0.3,0.79,Graduate,Graduate,0,Social Service,0.8333333333333334,1,0.5555555555555556,0.0,1,"(19.0, 20.0]"
523,1,18,3,9085,1,1,149.0,103,1,1,9,9,132.2,1,0,0,1,0,1,18,1,0,5,9,4,12.0,0,0,5,8,5,13.0,0,10.8,1.4,1.74,Graduate,Graduate,0,Veterinary Nursing,0.8,1,0.4444444444444444,0.0,0,"(16.999, 19.0]"
524,1,1,1,9556,1,1,180.0,103,5,3,1,1,183.5,1,0,0,1,0,0,18,1,0,7,8,4,12.0,0,0,8,8,0,0.0,0,16.2,0.3,-0.92,Dropout,Dropout,1,Oral Hygiene,0.5714285714285714,3,0.5,0.0,0,"(16.999, 19.0]"
525,1,43,1,9119,1,1,133.1,1,1,1,9,3,136.0,0,0,0,1,1,0,31,0,0,5,12,1,12.0,0,0,5,9,1,11.0,4,16.2,0.3,-0.92,Dropout,Dropout,1,Informatics Engineering,0.2,4,0.08333333333333333,0.0,0,"(25.0, 70.0]"
526,1,39,1,9119,1,19,133.1,1,19,19,5,3,100.9,1,0,0,1,1,0,24,0,0,5,9,1,12.0,0,0,5,6,3,10.5,0,10.8,1.4,1.74,Enrolled,Enrolled,0,Informatics Engineering,0.2,4,0.1111111111111111,0.0,0,"(20.0, 25.0]"
527,1,39,1,171,1,1,145.0,1,3,1,2,10,114.5,1,0,0,1,1,0,24,0,0,0,0,0,0.0,0,0,0,0,0,0.0,0,9.4,-0.8,-3.12,Graduate,Graduate,0,Animation and Multimedia Design,0.0,0,0.0,0.0,0,"(20.0, 25.0]"
528,1,39,1,9147,1,1,110.0,1,37,37,9,9,110.3,0,0,1,0,1,0,26,0,0,5,5,0,0.0,0,0,5,9,0,0.0,0,10.8,1.4,1.74,Dropout,Dropout,1,Management,0.0,5,0.0,0.0,1,"(25.0, 70.0]"
529,1,1,1,9130,1,1,154.0,1,3,3,2,2,137.2,1,0,1,1,1,0,18,0,0,6,11,5,13.625,0,0,6,9,4,11.75,0,16.2,0.3,-0.92,Dropout,Dropout,1,Equinculture,0.8333333333333334,1,0.45454545454545453,0.0,1,"(16.999, 19.0]"
530,1,17,1,9147,1,1,126.0,1,37,37,4,7,116.9,0,0,0,1,1,1,19,0,0,5,12,3,11.66666667,0,0,5,10,3,11.66666667,0,12.7,3.7,-1.7,Enrolled,Enrolled,0,Management,0.6,2,0.25,0.0,0,"(16.999, 19.0]"
531,1,17,1,9670,1,1,133.0,1,19,37,9,8,121.8,1,0,0,1,1,0,22,0,0,6,0,0,0.0,0,0,6,0,0,0.0,0,13.9,-0.3,0.79,Dropout,Dropout,1,Advertising and Marketing Management,0.0,6,0.0,0.0,0,"(20.0, 25.0]"
532,1,1,2,9500,1,1,145.0,1,4,2,2,3,127.3,1,0,0,1,1,0,18,0,0,8,8,7,11.69,0,0,8,8,7,11.69,0,10.8,1.4,1.74,Graduate,Graduate,0,Nursing,0.875,1,0.875,0.0,0,"(16.999, 19.0]"
533,1,44,1,9070,1,39,120.0,1,1,19,4,7,120.0,0,0,1,0,1,0,20,0,0,6,11,0,0.0,6,0,6,12,0,0.0,12,16.2,0.3,-0.92,Dropout,Dropout,1,Communication Design,0.0,6,0.0,1.0,1,"(19.0, 20.0]"
534,1,44,1,171,1,39,150.0,1,4,4,2,2,150.0,0,0,0,1,1,0,25,0,0,0,0,0,0.0,0,0,0,0,0,0.0,0,15.5,2.8,-4.06,Graduate,Graduate,0,Animation and Multimedia Design,0.0,0,0.0,0.0,0,"(20.0, 25.0]"
535,1,43,1,9991,0,1,150.0,1,3,3,4,4,100.0,1,0,0,1,1,0,24,0,0,5,10,4,11.5,0,0,5,11,5,11.28571429,0,13.9,-0.3,0.79,Graduate,Graduate,0,Management (evening attendance),0.8,1,0.4,0.0,0,"(20.0, 25.0]"
536,1,39,1,9119,1,1,150.0,1,3,3,4,4,150.0,1,0,0,1,1,0,27,0,0,5,10,1,14.0,0,0,5,0,0,0.0,0,8.9,1.4,3.51,Dropout,Dropout,1,Informatics Engineering,0.2,4,0.1,0.0,0,"(25.0, 70.0]"
537,1,17,1,9254,1,1,127.0,1,3,19,4,4,116.9,0,0,0,1,1,0,21,0,0,6,7,5,11.0,0,0,6,7,5,12.4,0,15.5,2.8,-4.06,Graduate,Graduate,0,Tourism,0.8333333333333334,1,0.7142857142857143,0.0,0,"(20.0, 25.0]"
538,1,44,1,9003,1,39,140.0,1,19,38,3,9,140.0,1,0,0,1,1,0,21,0,0,6,7,6,12.85714286,0,0,6,6,6,13.16666667,0,12.4,0.5,1.79,Graduate,Graduate,0,Agronomy,1.0,0,0.8571428571428571,0.0,0,"(20.0, 25.0]"
539,1,18,3,9773,1,1,128.0,1,19,1,9,9,122.1,1,0,0,1,1,0,19,0,0,6,9,4,12.5,0,0,6,6,6,11.33333333,0,10.8,1.4,1.74,Dropout,Dropout,1,Journalism and Communication,0.6666666666666666,2,0.4444444444444444,0.0,0,"(16.999, 19.0]"
540,1,39,1,9500,1,1,127.0,1,19,19,5,5,160.0,0,0,0,1,1,0,28,0,0,7,7,7,14.52857143,0,0,8,11,8,15.01818182,0,16.2,0.3,-0.92,Graduate,Graduate,0,Nursing,1.0,0,1.0,0.0,0,"(25.0, 70.0]"
541,1,1,1,9147,1,1,117.0,1,19,19,5,7,118.4,0,0,0,1,1,0,20,0,0,5,8,5,10.0,0,0,5,10,2,12.0,0,7.6,2.6,0.32,Enrolled,Enrolled,0,Management,1.0,0,0.625,0.0,0,"(19.0, 20.0]"
542,1,44,1,9003,1,39,150.0,1,1,19,4,10,150.0,0,0,0,1,1,1,21,0,0,6,8,6,13.0,0,0,6,10,6,12.625,0,15.5,2.8,-4.06,Graduate,Graduate,0,Agronomy,1.0,0,0.75,0.0,0,"(20.0, 25.0]"
543,1,1,1,9500,1,1,154.0,1,1,1,5,3,144.9,0,0,0,1,1,1,18,0,0,7,7,7,15.95714286,0,0,8,9,8,15.18888889,0,16.2,0.3,-0.92,Graduate,Graduate,0,Nursing,1.0,0,1.0,0.0,0,"(16.999, 19.0]"
544,1,17,2,9119,1,1,127.0,1,19,1,9,10,121.1,1,0,0,1,1,1,18,0,0,5,6,5,13.2,0,0,5,8,5,12.6,0,8.9,1.4,3.51,Enrolled,Enrolled,0,Informatics Engineering,1.0,0,0.8333333333333334,0.0,0,"(16.999, 19.0]"
545,1,1,2,9147,1,1,133.0,1,19,1,5,10,121.8,0,0,0,1,1,0,20,0,0,5,9,4,10.2,0,0,5,6,3,11.0,0,15.5,2.8,-4.06,Enrolled,Enrolled,0,Management,0.8,1,0.4444444444444444,0.0,0,"(19.0, 20.0]"
546,1,39,1,9119,1,40,120.0,1,1,1,5,10,146.8,0,0,0,1,1,0,25,0,2,5,6,5,14.2,0,1,5,5,2,13.5,0,16.2,0.3,-0.92,Enrolled,Enrolled,0,Informatics Engineering,1.0,0,0.8333333333333334,0.0,0,"(20.0, 25.0]"
547,1,1,1,9670,1,1,133.1,1,38,19,5,6,138.0,0,0,1,1,1,0,22,0,0,6,8,6,12.625,0,0,6,11,2,14.5,0,11.1,0.6,2.02,Enrolled,Enrolled,0,Advertising and Marketing Management,1.0,0,0.75,0.0,1,"(20.0, 25.0]"
548,1,1,1,9500,1,1,149.0,1,37,37,9,9,138.0,0,0,0,1,1,0,18,0,0,8,11,6,13.49666667,1,0,8,11,6,13.49666667,1,9.4,-0.8,-3.12,Enrolled,Enrolled,0,Nursing,0.75,2,0.5454545454545454,0.125,0,"(16.999, 19.0]"
549,1,17,2,9147,1,1,125.0,1,19,38,9,7,116.3,1,0,0,1,1,0,19,0,0,5,8,5,13.25,0,0,5,8,5,11.0,0,13.9,-0.3,0.79,Graduate,Graduate,0,Management,1.0,0,0.625,0.0,0,"(16.999, 19.0]"
550,1,1,5,9119,1,1,126.0,1,12,19,4,5,122.5,1,0,0,1,1,0,19,0,0,5,12,3,12.0,0,0,5,10,3,12.0,0,12.4,0.5,1.79,Dropout,Dropout,1,Informatics Engineering,0.6,2,0.25,0.0,0,"(16.999, 19.0]"
551,1,39,1,9773,1,19,133.1,1,19,1,7,9,115.0,1,0,1,0,1,0,25,0,0,6,10,4,13.0,0,0,6,9,4,13.75,0,12.7,3.7,-1.7,Dropout,Dropout,1,Journalism and Communication,0.6666666666666666,2,0.4,0.0,1,"(20.0, 25.0]"
552,1,43,1,9070,1,1,115.0,1,12,12,1,10,115.0,0,0,1,1,1,0,21,0,5,11,12,9,11.77777778,0,3,8,11,3,13.66666667,0,15.5,2.8,-4.06,Dropout,Dropout,1,Communication Design,0.8181818181818182,2,0.75,0.0,1,"(20.0, 25.0]"
553,1,17,3,9119,1,1,117.0,1,1,2,3,2,119.8,1,0,0,1,1,0,19,0,0,5,10,2,11.0,0,0,6,10,0,0.0,0,11.1,0.6,2.02,Dropout,Dropout,1,Informatics Engineering,0.4,3,0.2,0.0,0,"(16.999, 19.0]"
554,1,17,2,9147,1,1,133.1,1,1,1,4,4,95.0,0,0,0,1,1,0,20,0,0,5,14,0,0.0,0,0,5,5,0,0.0,0,11.1,0.6,2.02,Dropout,Dropout,1,Management,0.0,5,0.0,0.0,0,"(19.0, 20.0]"
555,1,44,1,9003,1,39,150.0,1,3,2,2,2,150.0,0,0,0,1,1,0,25,0,9,14,16,14,12.42857143,0,3,9,13,6,10.85714286,0,15.5,2.8,-4.06,Dropout,Dropout,1,Agronomy,1.0,0,0.875,0.0,0,"(20.0, 25.0]"
556,1,17,1,9147,1,1,130.0,1,19,1,7,4,117.8,1,0,0,1,1,0,20,0,0,5,8,3,11.0,0,0,5,11,3,12.0,0,10.8,1.4,1.74,Enrolled,Enrolled,0,Management,0.6,2,0.375,0.0,0,"(19.0, 20.0]"
557,1,1,1,171,1,1,161.0,1,37,37,9,9,144.2,1,0,0,1,1,0,18,0,0,0,0,0,0.0,0,0,0,0,0,0.0,0,7.6,2.6,0.32,Graduate,Graduate,0,Animation and Multimedia Design,0.0,0,0.0,0.0,0,"(16.999, 19.0]"
558,1,44,1,9254,1,39,130.0,1,39,39,194,193,130.0,1,0,1,1,1,0,23,0,0,6,12,3,11.5,0,0,6,12,3,10.66666667,0,8.9,1.4,3.51,Enrolled,Enrolled,0,Tourism,0.5,3,0.25,0.0,1,"(20.0, 25.0]"
559,1,42,1,9500,1,1,111.0,1,1,3,9,10,128.2,1,0,0,1,1,0,23,0,0,8,8,8,12.5075,0,0,8,8,8,12.5075,0,9.4,-0.8,-3.12,Graduate,Graduate,0,Nursing,1.0,0,1.0,0.0,0,"(20.0, 25.0]"
560,1,53,1,9003,1,42,140.0,1,3,38,141,151,135.3,0,0,0,1,1,0,21,0,7,12,18,11,12.09090909,0,5,12,14,11,12.0,0,8.9,1.4,3.51,Graduate,Graduate,0,Agronomy,0.9166666666666666,1,0.6111111111111112,0.0,0,"(20.0, 25.0]"
561,1,1,1,9130,1,1,132.0,1,1,1,3,3,143.9,1,0,0,1,1,0,20,0,0,5,14,2,11.0,3,0,5,9,3,12.66666667,0,9.4,-0.8,-3.12,Enrolled,Enrolled,0,Equinculture,0.4,3,0.14285714285714285,0.6,0,"(19.0, 20.0]"
562,1,39,1,9991,0,1,139.0,1,1,1,4,10,140.7,0,0,0,1,1,0,25,0,0,5,13,1,10.0,0,0,5,8,2,11.33333333,0,12.4,0.5,1.79,Dropout,Dropout,1,Management (evening attendance),0.2,4,0.07692307692307693,0.0,0,"(20.0, 25.0]"
563,1,1,1,9130,1,1,132.0,1,19,38,9,9,130.4,1,0,0,1,1,0,18,0,0,6,6,6,13.5,0,0,6,9,5,13.2,0,8.9,1.4,3.51,Graduate,Graduate,0,Equinculture,1.0,0,1.0,0.0,0,"(16.999, 19.0]"
564,1,1,6,9070,1,6,119.0,1,1,1,9,9,123.2,1,0,0,1,1,0,22,0,0,6,6,6,14.16666667,0,0,6,8,6,13.625,0,10.8,1.4,1.74,Graduate,Graduate,0,Communication Design,1.0,0,1.0,0.0,0,"(20.0, 25.0]"
565,1,39,1,9670,1,1,133.1,1,19,19,3,9,118.0,0,0,0,1,1,0,27,0,0,6,7,6,14.0,0,0,6,7,6,14.71428571,0,8.9,1.4,3.51,Graduate,Graduate,0,Advertising and Marketing Management,1.0,0,0.8571428571428571,0.0,0,"(25.0, 70.0]"
566,1,39,1,9003,1,19,133.1,1,4,1,2,4,120.0,0,0,0,1,1,0,25,0,0,3,4,0,0.0,0,0,3,5,0,0.0,0,16.2,0.3,-0.92,Dropout,Dropout,1,Agronomy,0.0,3,0.0,0.0,0,"(20.0, 25.0]"
567,1,17,4,9119,1,1,129.0,1,34,36,0,5,118.9,1,0,0,1,1,0,18,0,0,5,9,3,11.66666667,0,0,5,10,3,11.33333333,4,7.6,2.6,0.32,Dropout,Dropout,1,Informatics Engineering,0.6,2,0.3333333333333333,0.0,0,"(16.999, 19.0]"
568,1,17,1,9085,1,1,128.0,1,38,19,8,8,117.2,0,0,0,1,1,0,20,0,0,5,7,5,14.6,1,0,5,5,5,14.2,0,12.7,3.7,-1.7,Graduate,Graduate,0,Veterinary Nursing,1.0,0,0.7142857142857143,0.2,0,"(19.0, 20.0]"
569,1,39,1,9003,1,1,120.0,1,3,4,2,2,120.0,0,0,0,1,1,0,27,0,0,6,10,5,13.0,0,0,6,13,5,11.5,0,16.2,0.3,-0.92,Graduate,Graduate,0,Agronomy,0.8333333333333334,1,0.5,0.0,0,"(25.0, 70.0]"
570,1,1,1,8014,0,1,130.0,1,1,1,9,9,118.1,0,0,0,1,1,0,20,0,0,6,7,6,12.16666667,0,0,6,9,6,12.0,0,7.6,2.6,0.32,Graduate,Graduate,0,Social Service (evening attendance),1.0,0,0.8571428571428571,0.0,0,"(19.0, 20.0]"
571,1,1,1,9147,1,1,130.0,1,38,37,9,9,124.8,1,0,0,1,1,0,22,0,0,5,9,0,0.0,0,0,5,5,1,12.0,0,7.6,2.6,0.32,Dropout,Dropout,1,Management,0.0,5,0.0,0.0,0,"(20.0, 25.0]"
572,1,17,6,9119,1,1,111.0,1,19,3,5,10,106.5,1,0,0,1,1,0,19,0,0,5,10,3,10.5,0,0,5,11,3,10.8,0,12.4,0.5,1.79,Dropout,Dropout,1,Informatics Engineering,0.6,2,0.3,0.0,0,"(16.999, 19.0]"
573,1,1,6,9147,1,1,121.0,1,3,19,4,5,116.8,0,0,0,1,1,0,20,0,0,5,14,3,12.4,0,0,5,8,5,10.83333333,0,13.9,-0.3,0.79,Enrolled,Enrolled,0,Management,0.6,2,0.21428571428571427,0.0,0,"(19.0, 20.0]"
574,1,43,4,171,1,1,117.0,1,19,12,9,10,109.3,0,0,0,1,1,0,19,0,0,0,0,0,0.0,0,0,0,0,0,0.0,0,9.4,-0.8,-3.12,Graduate,Graduate,0,Animation and Multimedia Design,0.0,0,0.0,0.0,0,"(16.999, 19.0]"
575,2,39,1,9085,1,9,133.1,1,1,1,4,4,120.0,1,0,0,0,1,0,29,0,0,5,12,0,0.0,4,0,5,8,0,0.0,1,9.4,-0.8,-3.12,Dropout,Dropout,1,Veterinary Nursing,0.0,5,0.0,0.8,1,"(25.0, 70.0]"
576,1,1,2,9500,1,1,149.0,1,3,1,9,9,137.5,0,0,0,1,1,0,19,0,0,8,8,7,13.82857143,0,0,8,8,7,13.82857143,0,12.7,3.7,-1.7,Graduate,Graduate,0,Nursing,0.875,1,0.875,0.0,0,"(16.999, 19.0]"
577,1,39,2,9991,0,1,172.0,1,19,37,9,8,150.0,1,0,0,1,0,1,28,0,0,5,7,5,10.6,0,0,5,6,5,10.2,0,9.4,-0.8,-3.12,Enrolled,Enrolled,0,Management (evening attendance),1.0,0,0.7142857142857143,0.0,0,"(25.0, 70.0]"
578,2,1,1,9238,1,1,134.0,1,37,37,5,5,120.4,0,0,0,1,0,0,20,0,0,6,7,6,11.5,0,0,6,6,6,11.66666667,0,7.6,2.6,0.32,Graduate,Graduate,0,Social Service,1.0,0,0.8571428571428571,0.0,0,"(19.0, 20.0]"
579,1,1,4,9070,1,1,136.0,1,37,37,9,8,136.7,1,0,0,1,0,0,20,0,0,6,6,4,13.5,0,0,6,8,6,13.625,0,10.8,1.4,1.74,Graduate,Graduate,0,Communication Design,0.6666666666666666,2,0.6666666666666666,0.0,0,"(19.0, 20.0]"
580,1,39,1,8014,0,1,133.1,1,34,5,0,1,118.5,1,0,0,1,0,0,31,0,0,6,12,0,0.0,0,0,6,0,0,0.0,0,7.6,2.6,0.32,Dropout,Dropout,1,Social Service (evening attendance),0.0,6,0.0,0.0,0,"(25.0, 70.0]"
581,1,17,5,9500,1,1,141.0,1,12,1,5,5,133.0,1,0,0,1,0,0,18,0,0,7,8,7,12.5375,0,0,8,9,7,12.61428571,0,13.9,-0.3,0.79,Graduate,Graduate,0,Nursing,1.0,0,0.875,0.0,0,"(16.999, 19.0]"
582,1,17,1,9670,1,1,141.0,1,1,19,8,7,128.8,1,0,0,1,0,0,19,0,0,6,6,6,14.83333333,0,0,6,8,6,13.28571429,0,8.9,1.4,3.51,Enrolled,Enrolled,0,Advertising and Marketing Management,1.0,0,1.0,0.0,0,"(16.999, 19.0]"
583,1,1,1,9147,1,1,148.0,1,37,38,9,8,133.0,1,0,0,1,0,0,18,0,0,5,10,4,12.0,0,0,5,9,4,12.8,0,13.9,-0.3,0.79,Graduate,Graduate,0,Management,0.8,1,0.4,0.0,0,"(16.999, 19.0]"
584,1,17,1,9254,1,1,102.0,1,37,37,7,7,102.0,0,0,0,1,0,0,19,0,0,6,8,5,11.8,0,0,6,8,5,11.6,0,10.8,1.4,1.74,Graduate,Graduate,0,Tourism,0.8333333333333334,1,0.625,0.0,0,"(16.999, 19.0]"
585,1,1,1,9147,1,1,143.0,1,1,19,3,3,133.9,0,0,0,1,0,1,18,0,0,5,5,5,15.0,0,0,5,5,5,15.2,0,12.7,3.7,-1.7,Graduate,Graduate,0,Management,1.0,0,1.0,0.0,0,"(16.999, 19.0]"
586,1,17,1,9085,1,1,120.0,1,38,19,90,90,127.0,0,0,0,1,0,0,19,0,0,5,7,3,12.0,0,0,5,7,5,13.2,0,7.6,2.6,0.32,Graduate,Graduate,0,Veterinary Nursing,0.6,2,0.42857142857142855,0.0,0,"(16.999, 19.0]"
587,1,17,1,9773,1,1,121.0,1,38,38,9,8,120.4,1,0,0,1,0,1,18,0,0,6,6,6,12.83333333,0,0,6,7,6,12.28571429,0,15.5,2.8,-4.06,Graduate,Graduate,0,Journalism and Communication,1.0,0,1.0,0.0,0,"(16.999, 19.0]"
588,1,1,3,9254,1,1,122.0,1,37,37,9,3,124.5,1,0,0,1,0,0,19,0,0,6,12,6,11.66666667,0,0,6,14,3,12.0,0,7.6,2.6,0.32,Graduate,Graduate,0,Tourism,1.0,0,0.5,0.0,0,"(16.999, 19.0]"
589,1,1,4,9556,1,1,122.0,1,37,1,5,4,123.9,0,0,0,1,0,0,19,0,0,7,9,7,12.1625,0,0,8,8,8,13.825,0,13.9,-0.3,0.79,Graduate,Graduate,0,Oral Hygiene,1.0,0,0.7777777777777778,0.0,0,"(16.999, 19.0]"
590,1,1,2,9670,1,1,123.0,1,19,1,9,3,117.8,1,0,0,1,0,0,18,0,0,6,6,6,13.83333333,0,0,6,11,6,14.55555556,0,10.8,1.4,1.74,Graduate,Graduate,0,Advertising and Marketing Management,1.0,0,1.0,0.0,0,"(16.999, 19.0]"
591,1,1,1,9500,1,1,133.0,1,3,19,2,8,126.7,0,0,0,1,0,0,19,0,0,7,12,4,12.45,0,0,7,11,5,11.7,0,16.2,0.3,-0.92,Enrolled,Enrolled,0,Nursing,0.5714285714285714,3,0.3333333333333333,0.0,0,"(16.999, 19.0]"
592,1,44,1,9670,1,39,110.0,1,37,1,9,4,110.0,0,0,0,1,0,1,20,0,2,6,9,6,12.125,0,2,6,7,6,13.57142857,0,11.1,0.6,2.02,Graduate,Graduate,0,Advertising and Marketing Management,1.0,0,0.6666666666666666,0.0,0,"(19.0, 20.0]"
593,1,17,1,9670,1,1,155.0,1,1,19,4,8,134.7,1,0,0,1,0,0,20,0,0,6,8,5,13.4,0,0,6,10,4,13.0,0,12.7,3.7,-1.7,Enrolled,Enrolled,0,Advertising and Marketing Management,0.8333333333333334,1,0.625,0.0,0,"(19.0, 20.0]"
594,1,17,1,9003,1,1,119.0,1,37,37,4,6,113.2,0,0,1,1,0,0,20,0,0,6,8,6,13.33333333,0,0,6,8,5,14.0,0,11.1,0.6,2.02,Enrolled,Enrolled,0,Agronomy,1.0,0,0.75,0.0,1,"(19.0, 20.0]"
595,1,39,1,9991,0,3,120.0,1,37,37,9,9,141.0,0,0,0,1,0,0,29,0,10,15,15,11,11.45454545,0,9,13,16,11,11.54545455,0,10.8,1.4,1.74,Dropout,Dropout,1,Management (evening attendance),0.7333333333333333,4,0.7333333333333333,0.0,0,"(25.0, 70.0]"
596,1,17,1,9853,1,1,133.1,1,38,12,7,0,111.5,0,0,0,0,0,1,20,0,0,6,10,4,12.0,0,0,6,14,3,10.0,0,7.6,2.6,0.32,Dropout,Dropout,1,Basic Education,0.6666666666666666,2,0.4,0.0,1,"(19.0, 20.0]"
597,4,39,1,9853,1,1,143.0,1,37,1,9,10,140.0,0,0,1,0,0,0,31,0,0,7,8,6,12.66666667,0,0,7,9,5,12.6,0,8.9,1.4,3.51,Dropout,Dropout,1,Basic Education,0.8571428571428571,1,0.75,0.0,1,"(25.0, 70.0]"
598,1,17,1,9670,1,1,149.0,1,19,37,7,4,134.3,0,1,0,1,0,0,20,0,0,6,7,6,12.66666667,0,0,6,9,6,13.77777778,0,10.8,1.4,1.74,Graduate,Graduate,0,Advertising and Marketing Management,1.0,0,0.8571428571428571,0.0,0,"(19.0, 20.0]"
599,1,17,1,9003,1,1,133.0,1,38,37,9,9,125.3,1,0,0,1,0,0,21,0,12,18,22,18,11.88888889,1,11,13,13,13,11.46153846,0,15.5,2.8,-4.06,Graduate,Graduate,0,Agronomy,1.0,0,0.8181818181818182,0.05555555555555555,0,"(20.0, 25.0]"
600,1,7,1,9130,1,3,140.0,1,19,38,9,9,140.0,1,0,0,1,0,0,23,0,0,6,0,0,0.0,0,0,6,0,0,0.0,0,12.4,0.5,1.79,Dropout,Dropout,1,Equinculture,0.0,6,0.0,0.0,0,"(20.0, 25.0]"
601,1,17,5,9070,1,1,122.0,1,19,38,5,7,119.6,0,0,1,0,0,0,21,0,0,6,6,4,13.0,0,0,6,8,4,11.6,0,10.8,1.4,1.74,Dropout,Dropout,1,Communication Design,0.6666666666666666,2,0.6666666666666666,0.0,1,"(20.0, 25.0]"
602,1,7,1,9500,1,40,170.0,1,1,1,9,4,170.0,0,0,0,1,0,0,24,0,4,7,7,7,16.88571429,0,3,8,9,8,15.74444444,0,16.2,0.3,-0.92,Graduate,Graduate,0,Nursing,1.0,0,1.0,0.0,0,"(20.0, 25.0]"
603,1,39,1,8014,0,1,120.0,1,1,1,4,4,150.5,0,0,0,1,0,0,27,0,0,6,6,6,12.5,0,1,6,6,6,12.33333333,0,15.5,2.8,-4.06,Graduate,Graduate,0,Social Service (evening attendance),1.0,0,1.0,0.0,0,"(25.0, 70.0]"
604,1,1,1,9500,1,1,143.0,1,1,37,3,8,128.0,0,0,0,1,0,1,18,0,0,7,9,7,13.05555556,0,0,8,8,8,15.8125,0,13.9,-0.3,0.79,Graduate,Graduate,0,Nursing,1.0,0,0.7777777777777778,0.0,0,"(16.999, 19.0]"
605,1,1,3,171,1,1,115.0,1,9,1,6,6,108.7,1,0,0,0,0,0,21,0,0,0,0,0,0.0,0,0,0,0,0,0.0,0,9.4,-0.8,-3.12,Dropout,Dropout,1,Animation and Multimedia Design,0.0,0,0.0,0.0,1,"(20.0, 25.0]"
606,1,17,1,9130,1,1,123.0,1,19,3,3,2,121.6,1,0,1,1,0,1,19,0,0,5,7,0,0.0,0,0,5,5,0,0.0,0,7.6,2.6,0.32,Dropout,Dropout,1,Equinculture,0.0,5,0.0,0.0,1,"(16.999, 19.0]"
607,1,1,6,9500,1,1,131.0,1,38,19,7,7,125.3,1,0,0,1,0,1,19,0,0,8,8,7,12.35571429,0,0,8,8,7,12.35571429,0,10.8,1.4,1.74,Graduate,Graduate,0,Nursing,0.875,1,0.875,0.0,0,"(16.999, 19.0]"
608,1,17,1,9085,1,1,127.0,1,19,38,194,193,117.6,0,0,0,1,0,0,18,0,0,6,0,0,0.0,0,0,6,0,0,0.0,0,12.4,0.5,1.79,Dropout,Dropout,1,Veterinary Nursing,0.0,6,0.0,0.0,0,"(16.999, 19.0]"
609,1,43,3,9500,1,1,126.0,1,38,37,6,5,124.3,1,0,0,1,0,1,18,0,0,7,8,5,11.98,0,0,7,8,5,11.98,0,7.6,2.6,0.32,Enrolled,Enrolled,0,Nursing,0.7142857142857143,2,0.625,0.0,0,"(16.999, 19.0]"
610,1,1,2,9853,1,1,112.0,1,37,37,191,182,106.1,1,0,1,1,0,1,20,0,0,7,7,7,13.85714286,0,0,7,8,7,12.57142857,0,8.9,1.4,3.51,Graduate,Graduate,0,Basic Education,1.0,0,1.0,0.0,1,"(19.0, 20.0]"
611,2,1,1,8014,0,1,150.0,1,1,37,4,7,139.9,1,0,0,1,0,0,24,0,0,6,9,5,13.0,0,0,6,6,6,14.16666667,0,9.4,-0.8,-3.12,Graduate,Graduate,0,Social Service (evening attendance),0.8333333333333334,1,0.5555555555555556,0.0,0,"(20.0, 25.0]"
612,1,1,1,9070,1,1,116.0,1,1,1,1,1,110.8,1,0,0,1,0,0,20,0,0,6,6,6,12.83333333,0,0,6,10,6,11.16666667,0,12.4,0.5,1.79,Graduate,Graduate,0,Communication Design,1.0,0,1.0,0.0,0,"(19.0, 20.0]"
613,1,17,3,9147,1,1,118.0,1,1,19,5,7,118.0,0,0,0,1,0,0,20,0,0,5,11,4,11.0,0,0,5,7,5,13.2,0,12.4,0.5,1.79,Enrolled,Enrolled,0,Management,0.8,1,0.36363636363636365,0.0,0,"(19.0, 20.0]"
614,1,1,1,9500,1,1,130.0,1,19,37,9,9,117.8,1,0,0,1,0,1,19,0,0,8,8,7,12.35714286,0,0,8,8,7,12.35714286,0,12.7,3.7,-1.7,Graduate,Graduate,0,Nursing,0.875,1,0.875,0.0,0,"(16.999, 19.0]"
615,1,1,6,9500,1,1,144.0,1,1,37,9,9,127.5,1,0,0,1,0,1,18,0,0,8,8,7,13.85714286,0,0,8,8,7,13.85714286,0,12.7,3.7,-1.7,Graduate,Graduate,0,Nursing,0.875,1,0.875,0.0,0,"(16.999, 19.0]"
616,1,17,2,9238,1,3,105.0,1,37,37,7,8,129.7,1,0,0,1,0,1,20,0,0,6,6,6,12.33333333,0,0,6,6,6,10.66666667,0,9.4,-0.8,-3.12,Graduate,Graduate,0,Social Service,1.0,0,1.0,0.0,0,"(19.0, 20.0]"
617,1,17,1,9500,1,1,143.0,1,37,37,9,8,130.6,1,0,0,1,0,0,20,0,0,7,8,7,12.84714286,0,0,8,10,8,13.78888889,0,16.2,0.3,-0.92,Graduate,Graduate,0,Nursing,1.0,0,0.875,0.0,0,"(19.0, 20.0]"
618,1,17,2,9500,1,1,137.0,1,19,37,4,7,126.3,1,0,0,1,0,1,19,0,0,7,9,6,12.34,0,0,8,9,8,13.01875,0,11.1,0.6,2.02,Graduate,Graduate,0,Nursing,0.8571428571428571,1,0.6666666666666666,0.0,0,"(16.999, 19.0]"
619,1,44,1,9085,1,39,140.0,1,3,1,2,3,140.0,1,0,0,1,0,0,19,0,0,6,10,5,12.66666667,0,0,6,19,4,11.75,0,12.4,0.5,1.79,Enrolled,Enrolled,0,Veterinary Nursing,0.8333333333333334,1,0.5,0.0,0,"(16.999, 19.0]"
620,1,1,1,9773,1,1,133.1,1,3,19,4,5,105.0,1,0,0,1,0,0,20,0,0,6,6,6,13.83333333,0,0,6,6,6,12.5,0,12.7,3.7,-1.7,Graduate,Graduate,0,Journalism and Communication,1.0,0,1.0,0.0,0,"(19.0, 20.0]"
621,1,17,2,9147,1,1,116.0,1,1,38,4,3,114.6,1,0,0,1,0,0,19,0,0,5,15,2,10.75,0,0,5,11,2,10.0,0,13.9,-0.3,0.79,Dropout,Dropout,1,Management,0.4,3,0.13333333333333333,0.0,0,"(16.999, 19.0]"
622,1,17,5,9853,1,1,117.0,1,38,38,9,7,114.6,1,0,0,1,0,0,19,0,0,6,11,4,13.25,0,0,6,10,4,10.25,0,9.4,-0.8,-3.12,Dropout,Dropout,1,Basic Education,0.6666666666666666,2,0.36363636363636365,0.0,0,"(16.999, 19.0]"
623,1,17,1,9500,1,1,137.0,1,38,37,7,5,131.0,1,0,0,1,0,1,18,0,0,8,8,8,13.73125,0,0,8,8,8,13.73125,0,9.4,-0.8,-3.12,Graduate,Graduate,0,Nursing,1.0,0,1.0,0.0,0,"(16.999, 19.0]"
624,1,17,4,9070,1,1,116.0,1,38,37,9,9,109.0,0,0,0,1,0,1,23,0,0,6,6,6,13.33333333,0,0,6,8,3,12.66666667,0,11.1,0.6,2.02,Dropout,Dropout,1,Communication Design,1.0,0,1.0,0.0,0,"(20.0, 25.0]"
625,1,1,1,9853,1,1,133.1,1,19,19,9,8,132.0,1,0,0,1,0,0,21,0,0,6,8,5,12.0,0,0,6,9,5,10.8,0,12.7,3.7,-1.7,Dropout,Dropout,1,Basic Education,0.8333333333333334,1,0.625,0.0,0,"(20.0, 25.0]"
626,1,44,1,8014,0,39,130.0,1,37,38,6,6,130.0,1,0,0,1,0,0,23,0,5,9,10,9,10.88888889,0,3,8,10,6,11.33333333,0,11.1,0.6,2.02,Graduate,Graduate,0,Social Service (evening attendance),1.0,0,0.9,0.0,0,"(20.0, 25.0]"
627,1,1,3,9500,1,1,106.0,1,19,37,9,7,109.5,1,0,0,1,0,0,19,0,0,7,8,7,13.025,0,0,8,9,8,13.81111111,0,13.9,-0.3,0.79,Graduate,Graduate,0,Nursing,1.0,0,0.875,0.0,0,"(16.999, 19.0]"
628,1,17,2,9773,1,1,125.0,1,1,38,5,6,115.9,1,0,0,1,0,0,18,0,0,6,6,6,13.0,0,0,6,6,6,14.16666667,0,12.4,0.5,1.79,Graduate,Graduate,0,Journalism and Communication,1.0,0,1.0,0.0,0,"(16.999, 19.0]"
629,1,1,1,9773,1,1,134.0,1,19,37,9,9,131.6,1,1,0,1,0,0,19,0,0,6,10,5,11.8,0,0,6,10,5,12.0,0,10.8,1.4,1.74,Graduate,Graduate,0,Journalism and Communication,0.8333333333333334,1,0.5,0.0,0,"(16.999, 19.0]"
630,1,39,1,9500,1,1,133.1,1,19,37,9,9,120.0,0,0,0,1,0,1,25,0,0,8,8,7,12.04285714,0,0,8,8,7,12.04285714,0,12.7,3.7,-1.7,Graduate,Graduate,0,Nursing,0.875,1,0.875,0.0,0,"(20.0, 25.0]"
631,1,1,2,9853,1,1,117.0,1,1,38,4,9,109.7,1,0,0,1,0,0,19,0,0,6,9,5,12.2,0,0,6,10,4,13.0,0,9.4,-0.8,-3.12,Enrolled,Enrolled,0,Basic Education,0.8333333333333334,1,0.5555555555555556,0.0,0,"(16.999, 19.0]"
632,1,1,1,9500,1,1,136.0,1,1,19,5,7,136.4,0,0,0,1,0,1,19,0,0,7,8,7,12.8375,0,0,8,8,8,15.5,0,13.9,-0.3,0.79,Graduate,Graduate,0,Nursing,1.0,0,0.875,0.0,0,"(16.999, 19.0]"
633,1,39,1,9556,1,1,120.0,1,38,38,191,193,120.0,0,0,1,1,0,1,24,0,0,7,13,7,11.0,0,0,8,13,7,11.7,0,12.7,3.7,-1.7,Graduate,Graduate,0,Oral Hygiene,1.0,0,0.5384615384615384,0.0,1,"(20.0, 25.0]"
634,1,1,1,9670,1,1,135.0,1,37,37,9,7,132.6,1,0,0,1,0,1,18,0,0,6,7,6,13.5,0,0,6,9,5,14.0,0,8.9,1.4,3.51,Graduate,Graduate,0,Advertising and Marketing Management,1.0,0,0.8571428571428571,0.0,0,"(16.999, 19.0]"
635,1,17,5,9238,1,1,122.0,1,37,37,7,5,112.9,1,0,0,1,0,1,19,0,0,6,8,6,12.125,0,0,6,7,6,12.71428571,0,16.2,0.3,-0.92,Graduate,Graduate,0,Social Service,1.0,0,0.75,0.0,0,"(16.999, 19.0]"
636,1,1,5,9500,1,1,147.0,1,37,37,9,9,134.3,0,0,0,1,0,1,18,0,0,8,12,7,12.62857143,0,0,8,12,7,12.62857143,0,12.7,3.7,-1.7,Graduate,Graduate,0,Nursing,0.875,1,0.5833333333333334,0.0,0,"(16.999, 19.0]"
637,1,39,1,9991,0,1,120.0,1,38,1,9,4,123.2,0,0,0,1,0,0,27,0,0,5,9,3,10.66666667,0,0,5,7,4,11.4,0,10.8,1.4,1.74,Enrolled,Enrolled,0,Management (evening attendance),0.6,2,0.3333333333333333,0.0,0,"(25.0, 70.0]"
638,1,17,3,9238,1,1,121.0,1,1,1,4,5,117.2,0,0,0,1,0,0,19,0,0,6,11,5,11.2,0,0,6,13,5,11.6,0,15.5,2.8,-4.06,Graduate,Graduate,0,Social Service,0.8333333333333334,1,0.45454545454545453,0.0,0,"(16.999, 19.0]"
639,1,18,1,9773,1,1,135.0,1,1,1,3,3,129.8,0,0,0,1,0,1,18,0,0,6,6,6,12.66666667,0,0,6,6,6,11.83333333,0,12.7,3.7,-1.7,Dropout,Dropout,1,Journalism and Communication,1.0,0,1.0,0.0,0,"(16.999, 19.0]"
640,2,39,1,9670,1,1,130.0,1,37,37,9,0,158.0,0,0,1,0,0,0,34,0,0,6,7,4,13.5,0,0,6,6,0,0.0,6,12.7,3.7,-1.7,Dropout,Dropout,1,Advertising and Marketing Management,0.6666666666666666,2,0.5714285714285714,0.0,1,"(25.0, 70.0]"
641,1,1,6,9147,1,1,128.0,1,37,37,9,9,116.5,0,0,0,1,0,0,18,0,0,5,9,3,11.66666667,0,0,5,15,2,11.0,0,7.6,2.6,0.32,Enrolled,Enrolled,0,Management,0.6,2,0.3333333333333333,0.0,0,"(16.999, 19.0]"
642,1,1,1,9147,1,1,129.0,1,37,38,4,9,121.0,1,0,0,1,0,0,18,0,0,5,8,2,10.5,0,0,5,7,3,12.33333333,0,7.6,2.6,0.32,Enrolled,Enrolled,0,Management,0.4,3,0.25,0.0,0,"(16.999, 19.0]"
643,1,1,3,9500,1,1,143.0,1,37,38,7,7,133.8,1,0,0,1,0,0,18,0,0,8,8,8,14.26875,0,0,8,8,8,14.26875,0,9.4,-0.8,-3.12,Enrolled,Enrolled,0,Nursing,1.0,0,1.0,0.0,0,"(16.999, 19.0]"
644,1,1,2,9773,1,1,108.0,1,38,38,7,7,115.0,1,0,1,0,0,0,20,0,0,6,0,0,0.0,0,0,6,0,0,0.0,0,8.9,1.4,3.51,Dropout,Dropout,1,Journalism and Communication,0.0,6,0.0,0.0,1,"(19.0, 20.0]"
645,1,1,1,9147,1,1,130.0,1,19,37,9,9,131.8,1,0,0,1,0,1,19,0,0,5,8,2,10.5,0,0,5,11,3,13.33333333,0,7.6,2.6,0.32,Enrolled,Enrolled,0,Management,0.4,3,0.25,0.0,0,"(16.999, 19.0]"
646,1,1,1,9238,1,1,135.0,1,37,1,3,5,121.0,0,0,0,1,0,0,21,0,0,6,11,5,11.2,0,0,6,15,1,10.0,0,7.6,2.6,0.32,Enrolled,Enrolled,0,Social Service,0.8333333333333334,1,0.45454545454545453,0.0,0,"(20.0, 25.0]"
647,2,39,1,9991,0,3,140.0,1,19,19,9,7,152.4,0,0,0,1,0,0,26,0,0,5,5,5,12.0,0,0,5,6,5,14.83333333,0,10.8,1.4,1.74,Graduate,Graduate,0,Management (evening attendance),1.0,0,1.0,0.0,0,"(25.0, 70.0]"
648,1,43,2,9556,1,1,120.0,1,1,19,4,3,110.2,0,0,0,1,0,0,27,0,0,7,9,7,12.22857143,0,1,8,10,8,13.2125,0,10.8,1.4,1.74,Graduate,Graduate,0,Oral Hygiene,1.0,0,0.7777777777777778,0.0,0,"(25.0, 70.0]"
649,1,1,1,9670,1,1,117.0,1,1,38,5,1,113.5,1,0,0,1,0,0,20,0,0,5,6,4,11.5,0,0,5,5,4,10.75,0,9.4,-0.8,-3.12,Graduate,Graduate,0,Advertising and Marketing Management,0.8,1,0.6666666666666666,0.0,0,"(19.0, 20.0]"
650,1,17,1,9238,1,1,151.0,1,19,1,5,0,144.4,1,0,0,1,0,0,18,0,0,6,8,6,15.375,0,0,6,7,6,16.42857143,0,16.2,0.3,-0.92,Graduate,Graduate,0,Social Service,1.0,0,0.75,0.0,0,"(16.999, 19.0]"
651,1,53,1,9085,1,42,140.0,1,1,1,5,5,143.3,1,0,0,0,0,0,23,0,7,12,19,9,13.66666667,0,4,9,15,6,13.5,0,8.9,1.4,3.51,Enrolled,Enrolled,0,Veterinary Nursing,0.75,3,0.47368421052631576,0.0,1,"(20.0, 25.0]"
652,1,39,1,9500,1,19,133.1,1,1,5,4,3,100.0,0,0,0,1,0,0,24,0,0,8,11,7,12.61428571,0,0,8,11,7,12.61428571,0,12.7,3.7,-1.7,Graduate,Graduate,0,Nursing,0.875,1,0.6363636363636364,0.0,0,"(20.0, 25.0]"
653,1,44,1,9238,1,39,130.0,1,38,38,6,9,126.3,1,0,0,1,0,1,19,0,3,6,7,5,12.2,0,2,6,6,6,11.5,0,13.9,-0.3,0.79,Graduate,Graduate,0,Social Service,0.8333333333333334,1,0.7142857142857143,0.0,0,"(16.999, 19.0]"
654,1,1,1,9773,1,1,125.0,1,19,38,3,5,115.9,0,0,0,1,0,0,19,0,0,6,13,4,11.75,0,0,6,10,4,11.0,0,10.8,1.4,1.74,Graduate,Graduate,0,Journalism and Communication,0.6666666666666666,2,0.3076923076923077,0.0,0,"(16.999, 19.0]"
655,1,1,4,9238,1,1,125.0,1,19,38,9,6,114.9,1,0,1,1,0,1,19,0,0,6,9,5,11.4,0,0,6,9,3,10.0,0,8.9,1.4,3.51,Enrolled,Enrolled,0,Social Service,0.8333333333333334,1,0.5555555555555556,0.0,1,"(16.999, 19.0]"
656,1,1,1,9238,1,1,135.0,1,37,19,5,10,121.0,0,0,1,1,0,0,18,0,0,6,10,5,10.6,0,0,6,14,2,10.0,0,7.6,2.6,0.32,Enrolled,Enrolled,0,Social Service,0.8333333333333334,1,0.5,0.0,1,"(16.999, 19.0]"
657,1,51,1,8014,0,1,121.0,1,1,38,5,7,112.3,0,0,0,1,0,0,22,0,14,16,16,13,10.92307692,0,13,13,13,11,11.45454545,0,16.2,0.3,-0.92,Graduate,Graduate,0,Social Service (evening attendance),0.8125,3,0.8125,0.0,0,"(20.0, 25.0]"
658,1,43,1,9070,1,1,141.0,1,1,19,5,10,127.0,0,0,0,1,0,0,20,0,0,6,6,5,12.4,0,0,6,9,5,12.4,0,12.7,3.7,-1.7,Graduate,Graduate,0,Communication Design,0.8333333333333334,1,0.8333333333333334,0.0,0,"(19.0, 20.0]"
659,1,39,1,9003,1,1,130.0,1,19,19,9,9,120.0,0,0,0,1,0,0,25,0,0,6,6,0,0.0,0,0,6,6,0,0.0,0,11.1,0.6,2.02,Dropout,Dropout,1,Agronomy,0.0,6,0.0,0.0,0,"(20.0, 25.0]"
660,1,44,1,9003,1,39,180.0,1,1,3,4,2,180.0,0,0,0,1,0,0,21,0,0,6,6,6,15.83333333,0,0,6,8,6,15.5,0,15.5,2.8,-4.06,Graduate,Graduate,0,Agronomy,1.0,0,1.0,0.0,0,"(20.0, 25.0]"
661,1,1,1,9500,1,1,117.0,1,19,19,194,193,117.4,1,0,0,1,0,0,19,0,0,7,12,5,11.8,0,0,7,9,6,11.70833333,0,11.1,0.6,2.02,Enrolled,Enrolled,0,Nursing,0.7142857142857143,2,0.4166666666666667,0.0,0,"(16.999, 19.0]"
662,1,17,4,9773,1,1,127.0,1,1,19,4,1,115.8,1,0,0,1,0,0,18,0,0,6,7,6,12.57142857,0,0,6,6,6,13.66666667,0,13.9,-0.3,0.79,Graduate,Graduate,0,Journalism and Communication,1.0,0,0.8571428571428571,0.0,0,"(16.999, 19.0]"
663,1,1,3,9670,1,1,126.0,1,37,37,0,0,136.5,1,0,0,1,0,0,18,0,0,5,7,3,12.0,0,0,5,7,4,13.25,1,7.6,2.6,0.32,Graduate,Graduate,0,Advertising and Marketing Management,0.6,2,0.42857142857142855,0.0,0,"(16.999, 19.0]"
664,1,17,3,9500,1,1,143.0,1,3,3,9,7,129.0,1,0,0,1,1,0,19,0,0,7,8,7,13.3625,0,0,8,9,8,14.44444444,0,13.9,-0.3,0.79,Graduate,Graduate,0,Nursing,1.0,0,0.875,0.0,0,"(16.999, 19.0]"
665,1,1,1,9085,1,1,144.0,13,3,3,6,6,137.6,1,0,0,1,0,1,19,1,0,5,6,5,15.4,0,0,5,5,5,16.0,0,10.8,1.4,1.74,Graduate,Graduate,0,Veterinary Nursing,1.0,0,0.8333333333333334,0.0,0,"(16.999, 19.0]"
666,1,17,2,9773,1,1,126.0,1,37,38,5,5,129.5,1,0,1,0,0,0,18,0,0,6,9,5,12.2,0,0,6,9,4,11.75,0,10.8,1.4,1.74,Dropout,Dropout,1,Journalism and Communication,0.8333333333333334,1,0.5555555555555556,0.0,1,"(16.999, 19.0]"
667,1,51,1,9238,1,39,140.0,1,38,38,5,7,129.1,1,0,0,1,0,1,20,0,6,11,11,11,12.81818182,0,6,11,11,11,13.54545455,0,12.4,0.5,1.79,Graduate,Graduate,0,Social Service,1.0,0,1.0,0.0,0,"(19.0, 20.0]"
668,1,17,5,9500,1,1,148.0,1,1,19,4,8,130.2,1,0,0,1,0,0,19,0,0,7,0,0,0.0,0,0,8,0,0,0.0,0,12.4,0.5,1.79,Dropout,Dropout,1,Nursing,0.0,7,0.0,0.0,0,"(16.999, 19.0]"
669,1,42,1,9500,1,1,100.0,1,19,37,5,7,134.3,1,0,0,1,0,0,28,0,12,17,21,17,13.39473684,0,11,17,19,17,13.55473684,0,16.2,0.3,-0.92,Graduate,Graduate,0,Nursing,1.0,0,0.8095238095238095,0.0,0,"(25.0, 70.0]"
670,1,1,1,9238,1,1,151.0,1,37,1,9,9,138.4,1,0,0,1,0,1,20,0,0,6,8,6,14.25,0,0,6,8,6,11.0,0,12.7,3.7,-1.7,Graduate,Graduate,0,Social Service,1.0,0,0.75,0.0,0,"(19.0, 20.0]"
671,1,42,1,8014,0,1,120.0,1,37,38,90,7,120.0,1,0,0,1,0,0,30,0,9,11,19,9,13.44444444,1,5,7,7,7,14.71428571,0,7.6,2.6,0.32,Dropout,Dropout,1,Social Service (evening attendance),0.8181818181818182,2,0.47368421052631576,0.09090909090909091,0,"(25.0, 70.0]"
672,1,1,4,9500,1,1,135.0,1,1,19,9,7,123.5,1,0,0,1,0,1,19,0,0,7,8,7,12.28571429,0,0,8,10,8,11.7375,0,12.4,0.5,1.79,Graduate,Graduate,0,Nursing,1.0,0,0.875,0.0,0,"(16.999, 19.0]"
673,1,1,2,9070,1,1,121.0,1,19,19,3,3,116.1,1,0,0,1,0,0,22,0,0,6,7,6,11.66666667,0,0,6,7,5,13.2,0,12.7,3.7,-1.7,Graduate,Graduate,0,Communication Design,1.0,0,0.8571428571428571,0.0,0,"(20.0, 25.0]"
674,1,1,1,9254,1,1,116.0,1,38,38,5,8,110.8,1,0,0,1,0,0,18,0,0,6,8,6,12.16666667,0,0,6,6,6,13.5,0,11.1,0.6,2.02,Graduate,Graduate,0,Tourism,1.0,0,0.75,0.0,0,"(16.999, 19.0]"
675,1,17,1,9853,1,1,147.0,1,37,37,9,9,142.8,1,0,0,1,0,0,23,0,0,6,11,2,10.0,0,0,6,15,2,11.0,0,7.6,2.6,0.32,Dropout,Dropout,1,Basic Education,0.3333333333333333,4,0.18181818181818182,0.0,0,"(20.0, 25.0]"
676,1,17,4,9070,1,1,160.0,1,1,19,5,7,155.5,1,0,0,1,0,0,18,0,0,6,6,6,14.0,0,0,6,6,6,15.0,0,11.1,0.6,2.02,Graduate,Graduate,0,Communication Design,1.0,0,1.0,0.0,0,"(16.999, 19.0]"
677,1,1,1,9853,1,1,133.0,1,37,19,7,7,126.7,1,0,0,1,0,0,18,0,0,6,9,5,11.83333333,0,0,6,6,4,12.0,0,15.5,2.8,-4.06,Enrolled,Enrolled,0,Basic Education,0.8333333333333334,1,0.5555555555555556,0.0,0,"(16.999, 19.0]"
678,2,39,1,9773,1,19,100.0,1,37,37,0,0,163.5,0,0,1,0,1,0,50,0,0,6,7,1,15.0,0,0,5,12,0,0.0,0,10.8,1.4,1.74,Dropout,Dropout,1,Journalism and Communication,0.16666666666666666,5,0.14285714285714285,0.0,1,"(25.0, 70.0]"
679,1,1,1,171,1,1,151.0,41,3,3,2,5,161.9,1,0,0,1,0,1,19,1,0,0,0,0,0.0,0,0,0,0,0,0.0,0,13.9,-0.3,0.79,Graduate,Graduate,0,Animation and Multimedia Design,0.0,0,0.0,0.0,0,"(16.999, 19.0]"
680,1,17,2,9254,1,1,124.0,41,19,38,9,9,123.3,1,0,0,1,0,0,22,1,0,6,7,6,10.83333333,0,0,6,6,6,10.66666667,0,13.9,-0.3,0.79,Graduate,Graduate,0,Tourism,1.0,0,0.8571428571428571,0.0,0,"(20.0, 25.0]"
681,1,44,1,9238,1,39,140.0,41,1,1,4,6,137.5,0,0,1,1,0,1,23,1,3,6,7,6,13.14285714,0,2,6,6,6,14.0,0,12.4,0.5,1.79,Graduate,Graduate,0,Social Service,1.0,0,0.8571428571428571,0.0,1,"(20.0, 25.0]"
682,1,18,4,9085,1,1,170.0,1,1,1,4,5,166.6,0,0,1,0,0,1,20,0,2,5,8,5,14.4,1,0,5,6,5,14.0,0,12.7,3.7,-1.7,Dropout,Dropout,1,Veterinary Nursing,1.0,0,0.625,0.2,1,"(19.0, 20.0]"
683,4,39,1,9238,1,19,133.1,1,37,37,9,10,103.5,0,0,0,0,0,0,44,0,0,6,0,0,0.0,0,0,6,0,0,0.0,0,13.9,-0.3,0.79,Dropout,Dropout,1,Social Service,0.0,6,0.0,0.0,1,"(25.0, 70.0]"
684,4,39,1,9003,1,19,133.1,1,37,37,9,9,110.0,0,0,0,1,1,0,49,0,6,12,17,7,12.0,0,3,12,19,9,11.22222222,0,15.5,2.8,-4.06,Graduate,Graduate,0,Agronomy,0.5833333333333334,5,0.4117647058823529,0.0,0,"(25.0, 70.0]"
685,2,43,1,9991,0,1,100.0,1,37,37,9,9,128.2,0,0,0,1,1,0,46,0,6,10,13,9,12.2,0,4,10,12,10,12.8,0,7.6,2.6,0.32,Graduate,Graduate,0,Management (evening attendance),0.9,1,0.6923076923076923,0.0,0,"(25.0, 70.0]"
686,1,39,1,9085,1,39,120.0,1,37,37,1,9,137.7,1,0,0,0,1,0,41,0,3,3,3,3,12.33333333,0,2,2,2,2,11.0,0,12.4,0.5,1.79,Dropout,Dropout,1,Veterinary Nursing,1.0,0,1.0,0.0,1,"(25.0, 70.0]"
687,1,17,3,9500,1,1,133.0,1,38,19,9,8,128.8,1,0,0,1,1,0,18,0,0,7,8,7,11.8375,0,0,8,9,8,12.48125,0,13.9,-0.3,0.79,Graduate,Graduate,0,Nursing,1.0,0,0.875,0.0,0,"(16.999, 19.0]"
688,3,39,1,9991,0,1,120.0,1,37,1,9,2,170.0,0,0,0,1,1,0,43,0,0,5,5,5,11.8,0,0,5,6,5,14.0,0,9.4,-0.8,-3.12,Graduate,Graduate,0,Management (evening attendance),1.0,0,1.0,0.0,0,"(25.0, 70.0]"
689,4,39,2,9147,1,19,133.1,1,37,37,9,7,116.4,0,0,1,0,1,0,70,0,0,5,5,0,0.0,0,0,5,9,0,0.0,0,10.8,1.4,1.74,Dropout,Dropout,1,Management,0.0,5,0.0,0.0,1,"(25.0, 70.0]"
690,4,39,1,9130,1,19,133.1,1,37,38,9,4,100.9,0,0,0,1,1,0,48,0,0,6,0,0,0.0,0,0,6,0,0,0.0,0,15.5,2.8,-4.06,Dropout,Dropout,1,Equinculture,0.0,6,0.0,0.0,0,"(25.0, 70.0]"
691,2,43,1,9003,1,1,133.1,1,37,37,9,7,136.0,0,0,0,1,1,0,41,0,18,19,19,19,12.68421053,0,12,13,13,13,12.38461538,0,15.5,2.8,-4.06,Graduate,Graduate,0,Agronomy,1.0,0,1.0,0.0,0,"(25.0, 70.0]"
692,1,1,1,9254,1,1,140.0,1,19,19,9,3,130.0,0,0,0,1,1,0,21,0,0,6,8,6,12.57142857,0,0,6,10,4,13.0,0,12.7,3.7,-1.7,Enrolled,Enrolled,0,Tourism,1.0,0,0.75,0.0,0,"(20.0, 25.0]"
693,1,39,1,33,1,1,100.0,41,38,37,9,8,100.0,0,0,1,0,1,0,35,1,0,7,18,3,11.25,0,0,7,7,0,0.0,0,16.2,0.3,-0.92,Dropout,Dropout,1,Biofuel Production Technologies,0.42857142857142855,4,0.16666666666666666,0.0,1,"(25.0, 70.0]"
694,2,39,1,9130,1,19,133.1,1,2,1,2,9,157.0,1,0,0,1,1,0,44,0,1,5,13,4,14.0,3,1,5,9,4,15.5,2,10.8,1.4,1.74,Graduate,Graduate,0,Equinculture,0.8,1,0.3076923076923077,0.6,0,"(25.0, 70.0]"
695,1,1,1,9147,1,1,143.0,1,3,1,5,5,152.1,1,0,1,1,1,0,18,0,0,5,15,4,13.33333333,0,0,5,6,2,13.5,0,13.9,-0.3,0.79,Dropout,Dropout,1,Management,0.8,1,0.26666666666666666,0.0,1,"(16.999, 19.0]"
696,2,1,1,8014,0,1,165.0,1,37,37,0,0,162.9,1,0,0,1,1,0,45,0,0,6,7,6,13.66666667,0,0,6,6,6,13.66666667,0,7.6,2.6,0.32,Graduate,Graduate,0,Social Service (evening attendance),1.0,0,0.8571428571428571,0.0,0,"(25.0, 70.0]"
697,1,1,1,9254,1,1,154.0,1,3,1,2,1,137.2,0,0,0,1,1,0,20,0,0,6,12,3,10.0,0,0,6,9,5,10.8,0,15.5,2.8,-4.06,Enrolled,Enrolled,0,Tourism,0.5,3,0.25,0.0,0,"(19.0, 20.0]"
698,1,44,1,9003,1,39,140.0,1,1,38,9,1,140.0,1,0,0,1,1,0,22,0,0,6,12,5,12.6,0,0,6,11,6,11.71428571,0,12.4,0.5,1.79,Graduate,Graduate,0,Agronomy,0.8333333333333334,1,0.4166666666666667,0.0,0,"(20.0, 25.0]"
699,1,43,1,9119,1,1,140.0,1,37,38,5,7,146.5,0,0,0,1,1,0,39,0,0,5,10,3,17.33333333,0,0,5,11,1,17.0,0,13.9,-0.3,0.79,Dropout,Dropout,1,Informatics Engineering,0.6,2,0.3,0.0,0,"(25.0, 70.0]"
700,1,44,1,9085,1,39,130.0,1,2,2,6,6,130.0,0,0,0,0,1,0,20,0,2,6,10,5,13.2,0,1,6,21,3,12.0,0,12.4,0.5,1.79,Enrolled,Enrolled,0,Veterinary Nursing,0.8333333333333334,1,0.5,0.0,1,"(19.0, 20.0]"
701,2,39,1,9147,1,19,133.1,1,37,19,9,3,128.0,0,0,0,1,1,0,49,0,0,5,9,3,14.0,0,0,5,8,3,13.66666667,0,8.9,1.4,3.51,Dropout,Dropout,1,Management,0.6,2,0.3333333333333333,0.0,0,"(25.0, 70.0]"
702,1,7,1,9556,1,4,190.0,1,5,5,2,2,190.0,1,0,0,1,1,0,43,0,4,4,4,4,13.875,0,1,1,1,1,12.5,0,11.1,0.6,2.02,Dropout,Dropout,1,Oral Hygiene,1.0,0,1.0,0.0,0,"(25.0, 70.0]"
703,2,39,1,9991,0,1,120.0,1,37,37,9,9,133.2,1,0,0,1,1,0,32,0,0,5,5,0,0.0,0,0,5,5,0,0.0,0,7.6,2.6,0.32,Dropout,Dropout,1,Management (evening attendance),0.0,5,0.0,0.0,0,"(25.0, 70.0]"
704,1,39,1,9238,1,12,100.0,1,37,37,9,9,124.3,0,0,0,1,1,0,47,0,3,9,9,9,13.11111111,0,3,7,7,7,14.85714286,0,10.8,1.4,1.74,Graduate,Graduate,0,Social Service,1.0,0,1.0,0.0,0,"(25.0, 70.0]"
705,5,39,1,9991,0,1,120.0,1,37,37,9,9,138.1,0,0,0,1,1,1,37,0,0,5,8,5,13.0,0,0,5,11,4,13.33333333,2,16.2,0.3,-0.92,Dropout,Dropout,1,Management (evening attendance),1.0,0,0.625,0.0,0,"(25.0, 70.0]"
706,2,39,1,8014,0,1,133.1,1,19,1,4,8,144.3,0,0,0,1,1,0,41,0,6,10,10,10,12.5,0,3,7,7,7,12.14285714,0,10.8,1.4,1.74,Graduate,Graduate,0,Social Service (evening attendance),1.0,0,1.0,0.0,0,"(25.0, 70.0]"
707,2,39,1,9003,1,1,150.0,1,37,37,9,6,140.0,0,0,0,1,1,0,60,0,17,18,18,18,14.11111111,0,11,13,13,13,14.23076923,0,15.5,2.8,-4.06,Graduate,Graduate,0,Agronomy,1.0,0,1.0,0.0,0,"(25.0, 70.0]"
708,2,39,1,9254,1,1,120.0,1,1,19,9,9,148.3,0,0,0,1,1,0,47,0,6,11,11,11,14.72727273,0,6,9,9,9,15.77777778,0,10.8,1.4,1.74,Graduate,Graduate,0,Tourism,1.0,0,1.0,0.0,0,"(25.0, 70.0]"
709,1,39,1,8014,0,1,133.1,1,37,11,9,7,96.0,0,0,1,0,1,0,50,0,0,6,6,0,0.0,0,0,5,6,0,0.0,0,12.4,0.5,1.79,Dropout,Dropout,1,Social Service (evening attendance),0.0,6,0.0,0.0,1,"(25.0, 70.0]"
710,2,39,1,9991,0,19,133.1,1,38,38,90,90,121.7,1,0,0,1,1,0,45,0,0,5,5,0,0.0,0,0,5,5,0,0.0,0,7.6,2.6,0.32,Dropout,Dropout,1,Management (evening attendance),0.0,5,0.0,0.0,0,"(25.0, 70.0]"
711,1,39,1,9119,1,1,100.0,1,37,37,9,8,160.0,0,0,1,0,1,0,45,0,0,5,5,0,0.0,0,0,5,5,0,0.0,0,15.5,2.8,-4.06,Dropout,Dropout,1,Informatics Engineering,0.0,5,0.0,0.0,1,"(25.0, 70.0]"
712,2,39,1,9085,1,1,133.1,1,37,37,90,90,110.3,0,0,0,1,1,0,33,0,0,5,7,4,13.5,0,0,5,6,5,11.6,0,7.6,2.6,0.32,Graduate,Graduate,0,Veterinary Nursing,0.8,1,0.5714285714285714,0.0,0,"(25.0, 70.0]"
713,1,1,1,9500,1,1,143.0,1,3,3,2,2,129.0,0,0,0,1,1,0,18,0,0,8,8,7,13.10571429,0,0,8,8,7,13.10571429,0,10.8,1.4,1.74,Graduate,Graduate,0,Nursing,0.875,1,0.875,0.0,0,"(16.999, 19.0]"
714,2,39,1,9085,1,1,120.0,1,37,37,6,6,150.0,0,0,0,1,1,0,43,0,0,5,8,5,13.5,2,0,5,5,5,14.4,0,9.4,-0.8,-3.12,Graduate,Graduate,0,Veterinary Nursing,1.0,0,0.625,0.4,0,"(25.0, 70.0]"
715,1,43,1,8014,0,1,161.0,1,19,37,4,10,100.0,0,0,0,1,1,0,44,0,9,13,18,13,11.84615385,0,9,11,11,11,12.0,0,12.7,3.7,-1.7,Graduate,Graduate,0,Social Service (evening attendance),1.0,0,0.7222222222222222,0.0,0,"(25.0, 70.0]"
716,1,39,1,9130,1,9,133.1,1,34,36,0,90,107.5,0,0,0,1,1,0,29,0,0,5,5,0,0.0,0,0,5,5,0,0.0,0,7.6,2.6,0.32,Dropout,Dropout,1,Equinculture,0.0,5,0.0,0.0,0,"(25.0, 70.0]"
717,4,39,1,9670,1,1,140.0,1,2,1,3,9,170.0,0,0,1,0,1,0,53,0,0,6,11,3,14.33333333,0,0,6,6,0,0.0,0,12.7,3.7,-1.7,Dropout,Dropout,1,Advertising and Marketing Management,0.5,3,0.2727272727272727,0.0,1,"(25.0, 70.0]"
718,2,42,1,9991,0,6,123.0,1,37,37,9,9,123.0,0,0,0,1,1,0,37,0,0,5,10,5,15.8,0,0,5,5,5,17.6,0,9.4,-0.8,-3.12,Enrolled,Enrolled,0,Management (evening attendance),1.0,0,0.5,0.0,0,"(25.0, 70.0]"
719,1,43,1,9670,1,1,142.0,1,38,1,8,10,138.5,1,0,0,1,1,0,18,0,0,6,16,5,13.8,0,0,6,7,5,12.4,0,13.9,-0.3,0.79,Enrolled,Enrolled,0,Advertising and Marketing Management,0.8333333333333334,1,0.3125,0.0,0,"(16.999, 19.0]"
720,1,43,1,33,1,19,133.1,1,38,38,4,4,140.0,0,0,1,1,1,0,35,0,3,10,18,6,12.66666667,0,1,9,11,3,12.0,2,16.2,0.3,-0.92,Dropout,Dropout,1,Biofuel Production Technologies,0.6,4,0.3333333333333333,0.0,1,"(25.0, 70.0]"
721,1,1,1,9254,1,1,115.0,1,19,1,3,7,113.6,0,0,0,1,1,0,23,0,0,6,10,6,13.0,0,0,6,9,6,12.0,0,11.1,0.6,2.02,Enrolled,Enrolled,0,Tourism,1.0,0,0.6,0.0,0,"(20.0, 25.0]"
722,1,1,1,171,1,1,156.0,1,19,38,9,5,170.0,1,0,0,1,1,0,22,0,0,0,0,0,0.0,0,0,0,0,0,0.0,0,7.6,2.6,0.32,Graduate,Graduate,0,Animation and Multimedia Design,0.0,0,0.0,0.0,0,"(20.0, 25.0]"
723,1,39,1,8014,0,1,140.0,1,37,37,90,5,115.5,0,0,0,0,1,0,33,0,0,6,6,1,11.0,0,0,6,0,0,0.0,0,10.8,1.4,1.74,Dropout,Dropout,1,Social Service (evening attendance),0.16666666666666666,5,0.16666666666666666,0.0,1,"(25.0, 70.0]"
724,1,7,3,9130,1,3,130.0,1,37,26,90,10,130.0,0,0,0,0,1,0,41,0,0,5,9,0,0.0,4,0,5,9,0,0.0,3,10.8,1.4,1.74,Dropout,Dropout,1,Equinculture,0.0,5,0.0,0.8,1,"(25.0, 70.0]"
725,4,7,1,9500,1,3,140.0,1,37,38,9,7,140.0,0,0,0,1,1,0,51,0,4,7,7,7,15.2,0,6,8,8,8,16.575,0,13.9,-0.3,0.79,Graduate,Graduate,0,Nursing,1.0,0,1.0,0.0,0,"(25.0, 70.0]"
726,1,51,1,9670,1,1,140.0,1,12,5,3,3,126.6,0,0,0,1,1,0,19,0,2,6,7,6,14.42857143,0,1,7,8,7,14.375,0,11.1,0.6,2.02,Graduate,Graduate,0,Advertising and Marketing Management,1.0,0,0.8571428571428571,0.0,0,"(16.999, 19.0]"
727,1,39,1,9991,0,1,133.1,1,37,37,9,9,143.2,0,0,0,1,1,0,35,0,0,5,5,0,0.0,0,0,5,5,0,0.0,0,11.1,0.6,2.02,Dropout,Dropout,1,Management (evening attendance),0.0,5,0.0,0.0,0,"(25.0, 70.0]"
728,1,1,2,171,1,1,131.0,41,19,1,4,7,131.4,1,0,0,1,1,0,20,1,0,0,0,0,0.0,0,0,0,0,0,0.0,0,7.6,2.6,0.32,Graduate,Graduate,0,Animation and Multimedia Design,0.0,0,0.0,0.0,0,"(19.0, 20.0]"
729,1,43,1,9670,1,1,141.0,1,3,2,2,2,133.3,1,0,0,1,1,0,18,0,0,6,13,4,13.75,0,0,6,8,5,11.2,0,13.9,-0.3,0.79,Enrolled,Enrolled,0,Advertising and Marketing Management,0.6666666666666666,2,0.3076923076923077,0.0,0,"(16.999, 19.0]"
730,1,1,1,9773,1,1,120.0,1,19,37,9,9,118.3,0,0,1,0,1,1,18,0,0,6,11,5,12.16666667,0,0,6,15,3,12.0,0,13.9,-0.3,0.79,Dropout,Dropout,1,Journalism and Communication,0.8333333333333334,1,0.45454545454545453,0.0,1,"(16.999, 19.0]"
731,1,44,1,9003,1,39,140.0,1,2,1,4,6,140.0,0,0,0,1,1,0,21,0,0,6,12,5,12.14285714,0,0,6,11,5,11.66666667,0,13.9,-0.3,0.79,Graduate,Graduate,0,Agronomy,0.8333333333333334,1,0.4166666666666667,0.0,0,"(20.0, 25.0]"
732,1,1,1,9254,1,1,132.0,1,1,19,6,6,124.7,1,0,0,1,1,0,21,0,0,6,9,6,12.0,0,0,6,8,5,11.6,0,13.9,-0.3,0.79,Graduate,Graduate,0,Tourism,1.0,0,0.6666666666666666,0.0,0,"(20.0, 25.0]"
733,2,39,2,9147,1,1,130.0,1,19,37,4,7,140.0,0,0,0,1,1,0,34,0,0,5,10,3,11.66666667,1,0,5,7,4,12.75,0,9.4,-0.8,-3.12,Graduate,Graduate,0,Management,0.6,2,0.3,0.2,0,"(25.0, 70.0]"
734,4,39,1,9130,1,1,140.0,1,37,37,6,7,150.0,1,0,0,1,1,0,34,0,0,6,9,0,0.0,0,0,6,6,0,0.0,0,16.2,0.3,-0.92,Dropout,Dropout,1,Equinculture,0.0,6,0.0,0.0,0,"(25.0, 70.0]"
735,1,17,2,9670,1,1,110.0,1,3,3,4,10,115.6,1,0,0,1,1,0,21,0,0,6,10,6,11.875,0,0,6,8,5,12.0,0,11.1,0.6,2.02,Graduate,Graduate,0,Advertising and Marketing Management,1.0,0,0.6,0.0,0,"(20.0, 25.0]"
736,1,43,1,9773,1,1,140.0,1,3,37,3,7,116.9,0,0,0,1,1,0,32,0,6,11,15,7,11.28571429,0,5,7,10,6,12.33333333,0,13.9,-0.3,0.79,Enrolled,Enrolled,0,Journalism and Communication,0.6363636363636364,4,0.4666666666666667,0.0,0,"(25.0, 70.0]"
737,1,17,2,9254,1,1,130.0,1,37,37,5,7,123.4,1,0,0,1,1,0,30,0,0,6,17,2,10.0,0,0,6,15,3,11.33333333,0,7.6,2.6,0.32,Dropout,Dropout,1,Tourism,0.3333333333333333,4,0.11764705882352941,0.0,0,"(25.0, 70.0]"
738,1,1,1,171,1,1,137.0,1,1,3,3,7,146.5,1,0,1,1,1,0,19,0,6,12,13,11,12.0,0,4,11,15,10,11.18181818,0,8.9,1.4,3.51,Enrolled,Enrolled,0,Animation and Multimedia Design,0.9166666666666666,1,0.8461538461538461,0.0,1,"(16.999, 19.0]"
739,1,51,1,9773,1,1,158.0,1,1,19,8,8,117.1,1,0,0,1,1,0,20,0,1,7,7,6,13.83333333,0,1,6,7,5,13.0,0,8.9,1.4,3.51,Dropout,Dropout,1,Journalism and Communication,0.8571428571428571,1,0.8571428571428571,0.0,0,"(19.0, 20.0]"
740,1,1,1,9070,1,1,124.0,1,19,19,9,7,113.9,1,0,0,1,1,0,18,0,0,6,0,0,0.0,0,0,6,0,0,0.0,0,12.4,0.5,1.79,Dropout,Dropout,1,Communication Design,0.0,6,0.0,0.0,0,"(16.999, 19.0]"
741,1,1,1,9254,1,1,136.0,1,3,3,2,2,128.7,0,0,0,1,1,0,19,0,0,6,7,6,14.42857143,0,0,6,6,6,12.5,0,8.9,1.4,3.51,Graduate,Graduate,0,Tourism,1.0,0,0.8571428571428571,0.0,0,"(16.999, 19.0]"
742,1,17,3,9500,1,1,142.0,1,3,3,3,3,132.9,1,0,0,1,1,0,18,0,0,7,8,5,14.2,0,0,7,9,6,12.4,0,12.4,0.5,1.79,Dropout,Dropout,1,Nursing,0.7142857142857143,2,0.625,0.0,0,"(16.999, 19.0]"
743,1,39,1,9991,0,1,150.0,1,1,19,4,8,123.0,0,0,0,1,1,0,27,0,0,5,8,4,11.5,0,0,5,9,3,10.33333333,0,12.7,3.7,-1.7,Dropout,Dropout,1,Management (evening attendance),0.8,1,0.5,0.0,0,"(25.0, 70.0]"
744,1,39,1,9773,1,12,120.0,1,1,1,9,9,129.8,1,0,0,1,1,0,52,0,0,6,7,5,13.0,0,0,6,6,6,15.0,0,9.4,-0.8,-3.12,Graduate,Graduate,0,Journalism and Communication,0.8333333333333334,1,0.7142857142857143,0.0,0,"(25.0, 70.0]"
745,2,43,1,9003,1,1,149.0,1,1,1,4,5,156.1,1,0,0,0,1,0,29,0,0,6,6,0,0.0,0,0,6,8,0,0.0,0,15.5,2.8,-4.06,Dropout,Dropout,1,Agronomy,0.0,6,0.0,0.0,1,"(25.0, 70.0]"
746,1,51,1,9003,1,39,130.0,1,1,19,4,4,120.0,1,0,1,0,1,0,22,0,0,6,12,3,11.33333333,0,0,6,13,2,11.0,0,8.9,1.4,3.51,Dropout,Dropout,1,Agronomy,0.5,3,0.25,0.0,1,"(20.0, 25.0]"
747,1,43,1,9085,1,1,110.0,25,38,38,9,6,117.2,1,0,0,1,1,0,28,1,13,18,45,18,12.5,12,10,13,26,12,11.42857143,6,15.5,2.8,-4.06,Graduate,Graduate,0,Veterinary Nursing,1.0,0,0.4,0.6666666666666666,0,"(25.0, 70.0]"
748,1,39,1,9670,1,6,133.1,1,1,1,90,3,107.0,1,0,0,1,1,0,30,0,0,5,5,0,0.0,0,0,5,5,0,0.0,0,7.6,2.6,0.32,Dropout,Dropout,1,Advertising and Marketing Management,0.0,5,0.0,0.0,0,"(25.0, 70.0]"
749,1,1,2,9500,1,1,134.0,1,1,1,5,3,128.4,1,0,0,1,0,0,18,0,0,7,7,7,13.47142857,0,0,8,9,8,13.94444444,0,16.2,0.3,-0.92,Graduate,Graduate,0,Nursing,1.0,0,1.0,0.0,0,"(16.999, 19.0]"
750,1,1,2,9670,1,1,130.0,1,38,37,5,5,123.4,1,0,0,1,0,0,21,0,0,5,5,4,11.75,0,0,5,5,3,13.33333333,0,9.4,-0.8,-3.12,Graduate,Graduate,0,Advertising and Marketing Management,0.8,1,0.8,0.0,0,"(20.0, 25.0]"
751,1,1,1,9070,1,1,141.0,1,37,37,9,9,126.7,1,0,1,1,0,1,20,0,0,6,9,6,13.33333333,0,0,6,10,6,14.66666667,0,12.7,3.7,-1.7,Graduate,Graduate,0,Communication Design,1.0,0,0.6666666666666666,0.0,1,"(19.0, 20.0]"
752,1,42,1,9500,1,1,123.0,1,37,37,3,3,123.0,1,0,0,1,0,1,21,0,0,8,8,8,13.105,0,0,8,8,8,13.105,0,9.4,-0.8,-3.12,Graduate,Graduate,0,Nursing,1.0,0,1.0,0.0,0,"(20.0, 25.0]"
753,2,39,1,9991,0,19,133.1,1,19,37,7,9,137.2,0,0,1,0,0,0,32,0,0,5,5,0,0.0,0,0,5,6,0,0.0,0,10.8,1.4,1.74,Dropout,Dropout,1,Management (evening attendance),0.0,5,0.0,0.0,1,"(25.0, 70.0]"
754,1,1,3,9070,1,1,122.0,1,37,37,9,9,125.9,1,0,0,1,1,1,20,0,0,6,6,6,15.5,0,0,6,7,6,12.16666667,0,12.4,0.5,1.79,Graduate,Graduate,0,Communication Design,1.0,0,1.0,0.0,0,"(19.0, 20.0]"
755,1,1,4,171,1,1,132.0,1,1,19,4,5,138.0,1,0,1,0,1,0,19,0,0,0,0,0,0.0,0,0,0,0,0,0.0,0,15.5,2.8,-4.06,Dropout,Dropout,1,Animation and Multimedia Design,0.0,0,0.0,0.0,1,"(16.999, 19.0]"
756,1,15,1,9670,1,1,133.1,41,1,1,9,5,128.2,0,0,1,0,1,0,18,1,0,6,6,4,11.25,0,0,6,7,3,12.33333333,0,8.9,1.4,3.51,Dropout,Dropout,1,Advertising and Marketing Management,0.6666666666666666,2,0.6666666666666666,0.0,1,"(16.999, 19.0]"
757,1,43,1,9991,0,1,130.0,1,37,2,9,4,126.5,1,0,0,0,1,0,23,0,10,15,24,12,11.0,0,10,14,21,11,11.36363636,1,7.6,2.6,0.32,Dropout,Dropout,1,Management (evening attendance),0.8,3,0.5,0.0,1,"(20.0, 25.0]"
758,1,1,1,9254,1,1,111.0,1,1,1,3,3,112.4,1,0,0,1,1,0,20,0,0,6,10,6,12.33333333,0,0,6,9,4,13.0,0,12.4,0.5,1.79,Graduate,Graduate,0,Tourism,1.0,0,0.6,0.0,0,"(19.0, 20.0]"
759,2,43,2,9147,1,1,133.1,1,37,37,9,9,109.0,1,0,0,1,0,0,46,0,4,9,18,8,11.375,2,0,5,11,5,11.8,0,9.4,-0.8,-3.12,Graduate,Graduate,0,Management,0.8888888888888888,1,0.4444444444444444,0.2222222222222222,0,"(25.0, 70.0]"
760,1,17,1,9003,1,1,125.0,1,3,3,2,2,100.0,0,0,0,1,1,0,27,0,16,18,19,18,12.22222222,0,9,12,15,12,12.38461538,0,15.5,2.8,-4.06,Graduate,Graduate,0,Agronomy,1.0,0,0.9473684210526315,0.0,0,"(25.0, 70.0]"
761,1,5,1,171,1,1,137.0,1,3,19,1,10,144.7,1,0,0,1,1,0,20,0,0,0,0,0,0.0,0,0,0,0,0,0.0,0,16.2,0.3,-0.92,Enrolled,Enrolled,0,Animation and Multimedia Design,0.0,0,0.0,0.0,0,"(19.0, 20.0]"
762,2,43,3,8014,0,19,100.0,1,37,37,9,9,120.0,1,0,0,1,1,0,41,0,5,9,11,9,12.0,0,3,7,8,6,12.0,0,9.4,-0.8,-3.12,Graduate,Graduate,0,Social Service (evening attendance),1.0,0,0.8181818181818182,0.0,0,"(25.0, 70.0]"
763,1,15,1,9147,1,1,133.1,21,1,3,192,3,100.0,0,0,1,1,1,0,40,1,0,5,10,1,11.0,0,0,5,10,1,10.0,0,11.1,0.6,2.02,Enrolled,Enrolled,0,Management,0.2,4,0.1,0.0,1,"(25.0, 70.0]"
764,2,44,1,8014,0,39,150.0,1,1,1,5,5,154.0,0,0,0,1,1,0,37,0,12,16,17,16,14.125,0,6,11,14,10,13.0,0,12.4,0.5,1.79,Graduate,Graduate,0,Social Service (evening attendance),1.0,0,0.9411764705882353,0.0,0,"(25.0, 70.0]"
765,1,1,4,9147,1,1,120.0,1,38,38,5,10,111.3,0,0,0,1,1,0,20,0,0,5,8,5,10.2,0,0,5,7,5,11.2,0,12.4,0.5,1.79,Enrolled,Enrolled,0,Management,1.0,0,0.625,0.0,0,"(19.0, 20.0]"
766,1,44,1,9130,1,39,150.0,1,1,1,4,4,150.0,1,0,0,1,0,0,20,0,0,5,7,4,12.0,1,0,5,6,4,12.4,0,10.8,1.4,1.74,Enrolled,Enrolled,0,Equinculture,0.8,1,0.5714285714285714,0.2,0,"(19.0, 20.0]"
767,1,7,1,9991,0,40,133.1,1,1,37,4,1,100.0,0,0,0,1,0,0,26,0,8,9,11,9,12.33333333,0,4,7,7,7,12.57142857,0,12.4,0.5,1.79,Graduate,Graduate,0,Management (evening attendance),1.0,0,0.8181818181818182,0.0,0,"(25.0, 70.0]"
768,2,39,1,8014,0,1,133.1,1,37,37,9,7,162.5,0,0,0,1,1,0,54,0,4,9,9,9,14.33333333,0,2,7,7,7,13.85714286,0,8.9,1.4,3.51,Graduate,Graduate,0,Social Service (evening attendance),1.0,0,1.0,0.0,0,"(25.0, 70.0]"
769,1,17,5,9670,1,1,132.0,1,19,19,5,5,134.1,1,0,0,1,1,0,21,0,0,6,6,6,15.16666667,0,0,6,9,6,14.0,0,10.8,1.4,1.74,Graduate,Graduate,0,Advertising and Marketing Management,1.0,0,1.0,0.0,0,"(20.0, 25.0]"
770,1,1,1,9085,1,1,134.0,1,1,1,9,9,133.0,1,0,0,1,0,1,20,0,0,6,8,6,15.14285714,0,0,6,8,6,15.14285714,0,11.1,0.6,2.02,Graduate,Graduate,0,Veterinary Nursing,1.0,0,0.75,0.0,0,"(19.0, 20.0]"
771,1,17,6,9773,1,1,126.0,1,1,19,5,5,119.0,1,0,0,1,0,0,18,0,0,6,0,0,0.0,0,0,6,0,0,0.0,0,12.4,0.5,1.79,Dropout,Dropout,1,Journalism and Communication,0.0,6,0.0,0.0,0,"(16.999, 19.0]"
772,1,1,3,9500,1,1,136.0,1,1,19,4,9,131.1,1,0,0,1,0,0,19,0,0,7,9,6,13.41142857,0,0,8,12,7,13.29444444,0,15.5,2.8,-4.06,Enrolled,Enrolled,0,Nursing,0.8571428571428571,1,0.6666666666666666,0.0,0,"(16.999, 19.0]"
773,1,1,2,9238,1,1,129.0,1,38,1,4,10,129.4,1,0,0,1,0,0,18,0,0,6,7,6,12.33333333,0,0,6,7,6,12.16666667,0,9.4,-0.8,-3.12,Graduate,Graduate,0,Social Service,1.0,0,0.8571428571428571,0.0,0,"(16.999, 19.0]"
774,1,1,1,9085,1,1,126.0,1,3,1,2,8,123.9,1,0,0,1,0,0,19,0,0,6,13,4,11.8,0,0,6,18,4,12.2,0,12.4,0.5,1.79,Enrolled,Enrolled,0,Veterinary Nursing,0.6666666666666666,2,0.3076923076923077,0.0,0,"(16.999, 19.0]"
775,1,44,1,9085,1,39,140.0,1,1,1,4,7,140.0,1,0,1,1,0,0,22,0,2,6,9,6,12.0,0,1,6,12,3,12.0,0,13.9,-0.3,0.79,Dropout,Dropout,1,Veterinary Nursing,1.0,0,0.6666666666666666,0.0,1,"(20.0, 25.0]"
776,1,43,1,9085,1,1,162.0,1,2,1,4,4,162.0,0,0,0,1,0,0,19,0,0,6,7,6,15.0,0,0,6,8,6,15.625,0,12.4,0.5,1.79,Graduate,Graduate,0,Veterinary Nursing,1.0,0,0.8571428571428571,0.0,0,"(16.999, 19.0]"
777,1,1,1,171,1,1,148.0,1,3,2,4,2,131.6,1,0,0,1,0,0,21,0,6,12,12,8,13.875,0,4,11,13,9,12.7,1,8.9,1.4,3.51,Dropout,Dropout,1,Animation and Multimedia Design,0.6666666666666666,4,0.6666666666666666,0.0,0,"(20.0, 25.0]"
778,1,17,1,9853,1,1,119.0,1,3,3,132,132,110.6,0,0,0,1,0,0,20,0,0,7,9,6,11.83333333,0,0,7,7,6,14.33333333,0,11.1,0.6,2.02,Enrolled,Enrolled,0,Basic Education,0.8571428571428571,1,0.6666666666666666,0.0,0,"(19.0, 20.0]"
779,1,17,3,9773,1,1,123.0,1,1,19,5,5,117.4,1,0,0,1,0,1,18,0,0,6,6,6,12.5,0,0,6,6,6,13.83333333,0,16.2,0.3,-0.92,Graduate,Graduate,0,Journalism and Communication,1.0,0,1.0,0.0,0,"(16.999, 19.0]"
780,1,17,1,9773,1,1,150.0,1,38,38,7,7,137.8,1,0,0,1,0,1,18,0,0,6,6,6,15.0,0,0,6,6,6,15.5,0,8.9,1.4,3.51,Graduate,Graduate,0,Journalism and Communication,1.0,0,1.0,0.0,0,"(16.999, 19.0]"
781,1,17,1,9670,1,1,113.0,1,1,1,5,4,106.7,1,0,1,1,0,0,20,0,0,6,10,2,11.66666667,0,0,6,10,4,10.5,0,15.5,2.8,-4.06,Dropout,Dropout,1,Advertising and Marketing Management,0.3333333333333333,4,0.2,0.0,1,"(19.0, 20.0]"
782,1,1,1,9500,1,1,152.0,1,19,37,3,8,156.9,0,0,0,1,0,1,18,0,0,7,10,7,14.668,0,0,8,8,8,14.63375,0,15.5,2.8,-4.06,Graduate,Graduate,0,Nursing,1.0,0,0.7,0.0,0,"(16.999, 19.0]"
783,1,1,3,9500,1,1,154.0,1,3,3,1,3,129.0,1,0,0,1,0,0,18,0,0,8,9,6,13.345,2,0,8,9,6,13.345,2,9.4,-0.8,-3.12,Enrolled,Enrolled,0,Nursing,0.75,2,0.6666666666666666,0.25,0,"(16.999, 19.0]"
784,1,1,2,9773,1,1,130.0,1,1,34,9,9,124.8,1,0,0,1,0,1,20,0,0,6,7,5,12.8,0,0,6,6,6,12.33333333,0,12.4,0.5,1.79,Graduate,Graduate,0,Journalism and Communication,0.8333333333333334,1,0.7142857142857143,0.0,0,"(19.0, 20.0]"
785,1,1,1,9238,1,1,121.0,1,1,1,1,1,115.1,1,0,0,1,0,0,19,0,0,6,10,6,10.83333333,0,0,6,7,6,12.14285714,0,11.1,0.6,2.02,Graduate,Graduate,0,Social Service,1.0,0,0.6,0.0,0,"(16.999, 19.0]"
786,1,1,1,9070,1,1,153.0,1,3,3,1,2,146.7,1,0,0,1,0,0,18,0,0,6,6,6,13.66666667,0,0,6,6,5,14.0,0,12.7,3.7,-1.7,Graduate,Graduate,0,Communication Design,1.0,0,1.0,0.0,0,"(16.999, 19.0]"
787,1,1,1,9500,1,1,148.0,1,3,1,4,5,132.8,0,0,0,1,0,0,18,0,0,8,8,7,14.53714286,0,0,8,8,7,14.53714286,0,10.8,1.4,1.74,Graduate,Graduate,0,Nursing,0.875,1,0.875,0.0,0,"(16.999, 19.0]"
788,1,5,3,9085,1,1,143.0,1,37,37,0,90,159.1,0,0,1,1,0,1,18,0,0,5,5,5,14.4,0,0,5,5,5,14.0,0,7.6,2.6,0.32,Dropout,Dropout,1,Veterinary Nursing,1.0,0,1.0,0.0,1,"(16.999, 19.0]"
789,1,17,3,171,1,1,147.0,1,19,1,5,4,137.6,1,0,0,1,0,1,20,0,0,0,0,0,0.0,0,0,0,0,0,0.0,0,12.7,3.7,-1.7,Graduate,Graduate,0,Animation and Multimedia Design,0.0,0,0.0,0.0,0,"(19.0, 20.0]"
790,1,17,1,9773,1,1,138.0,1,1,19,9,9,124.0,0,0,0,1,0,1,19,0,0,6,6,6,13.16666667,0,0,6,6,6,13.83333333,0,11.1,0.6,2.02,Graduate,Graduate,0,Journalism and Communication,1.0,0,1.0,0.0,0,"(16.999, 19.0]"
791,1,39,1,9500,1,1,120.0,1,3,3,2,2,149.0,0,0,0,0,1,0,36,0,0,6,15,2,11.5,0,0,7,9,0,0.0,0,15.5,2.8,-4.06,Dropout,Dropout,1,Nursing,0.3333333333333333,4,0.13333333333333333,0.0,1,"(25.0, 70.0]"
792,1,17,1,9238,1,1,145.0,1,1,40,9,2,129.6,0,0,0,1,0,1,19,0,0,6,7,6,11.33333333,0,0,6,7,6,12.42857143,0,11.1,0.6,2.02,Graduate,Graduate,0,Social Service,1.0,0,0.8571428571428571,0.0,0,"(16.999, 19.0]"
793,1,17,3,9238,1,1,118.0,1,3,1,2,5,110.0,1,0,0,1,0,0,18,0,0,6,6,6,12.0,0,0,6,6,5,13.6,0,8.9,1.4,3.51,Graduate,Graduate,0,Social Service,1.0,0,1.0,0.0,0,"(16.999, 19.0]"
794,1,1,3,9773,1,1,121.0,1,19,19,3,3,116.1,0,0,0,1,0,1,18,0,0,6,6,6,13.16666667,0,0,6,6,6,12.16666667,0,12.4,0.5,1.79,Graduate,Graduate,0,Journalism and Communication,1.0,0,1.0,0.0,0,"(16.999, 19.0]"
795,1,1,3,9773,1,1,135.0,1,38,38,5,8,133.3,1,0,0,1,0,1,18,0,0,6,6,6,14.83333333,0,0,6,6,6,14.16666667,0,8.9,1.4,3.51,Graduate,Graduate,0,Journalism and Communication,1.0,0,1.0,0.0,0,"(16.999, 19.0]"
796,1,44,1,9070,1,1,140.0,1,1,1,9,8,144.3,1,0,0,1,0,0,19,0,2,7,7,7,13.0,0,5,9,9,9,13.22222222,0,12.4,0.5,1.79,Graduate,Graduate,0,Communication Design,1.0,0,1.0,0.0,0,"(16.999, 19.0]"
797,1,18,3,9500,1,1,145.0,1,1,1,4,8,133.6,1,0,0,1,0,0,18,0,0,7,8,7,13.08714286,0,0,8,8,8,12.95,0,11.1,0.6,2.02,Graduate,Graduate,0,Nursing,1.0,0,0.875,0.0,0,"(16.999, 19.0]"
798,1,1,1,9130,1,1,133.0,1,1,37,9,9,123.2,1,0,0,1,0,1,19,0,0,6,8,6,13.33333333,0,0,6,7,6,13.66666667,0,8.9,1.4,3.51,Graduate,Graduate,0,Equinculture,1.0,0,0.75,0.0,0,"(16.999, 19.0]"
799,1,1,1,9853,1,1,127.0,1,3,1,3,7,137.2,1,0,0,1,0,0,18,0,0,6,7,6,12.16666667,0,0,6,10,4,12.75,0,10.8,1.4,1.74,Enrolled,Enrolled,0,Basic Education,1.0,0,0.8571428571428571,0.0,0,"(16.999, 19.0]"
800,1,53,1,9070,1,42,130.0,1,40,19,3,5,130.0,1,0,0,0,0,1,22,0,0,6,8,6,11.0,0,0,6,10,4,12.0,0,8.9,1.4,3.51,Enrolled,Enrolled,0,Communication Design,1.0,0,0.75,0.0,1,"(20.0, 25.0]"
801,1,1,2,9238,1,1,117.0,1,19,1,9,8,110.0,1,0,1,0,0,0,18,0,0,6,0,0,0.0,0,0,6,0,0,0.0,0,11.1,0.6,2.02,Dropout,Dropout,1,Social Service,0.0,6,0.0,0.0,1,"(16.999, 19.0]"
802,1,17,4,9147,1,1,125.0,1,19,19,5,5,118.0,1,0,0,1,0,0,19,0,0,5,7,5,13.6,0,0,5,6,5,12.2,0,8.9,1.4,3.51,Graduate,Graduate,0,Management,1.0,0,0.7142857142857143,0.0,0,"(16.999, 19.0]"
803,1,1,1,9773,1,1,141.0,1,38,38,9,9,128.4,1,0,0,1,0,0,18,0,0,6,6,6,15.5,0,0,6,6,6,14.0,0,11.1,0.6,2.02,Graduate,Graduate,0,Journalism and Communication,1.0,0,1.0,0.0,0,"(16.999, 19.0]"
804,1,1,3,9853,1,1,122.0,1,1,3,5,3,113.6,0,0,0,1,0,0,19,0,0,7,7,7,13.85714286,0,0,7,7,7,14.28571429,0,11.1,0.6,2.02,Graduate,Graduate,0,Basic Education,1.0,0,1.0,0.0,0,"(16.999, 19.0]"
805,1,17,2,9147,1,1,118.0,1,19,1,9,3,113.5,1,0,1,1,0,0,20,0,0,5,10,2,11.5,0,0,5,8,3,10.0,0,11.1,0.6,2.02,Enrolled,Enrolled,0,Management,0.4,3,0.2,0.0,1,"(19.0, 20.0]"
806,1,17,3,9070,1,1,142.0,1,1,38,3,5,146.9,1,0,0,1,0,1,18,0,0,6,6,6,13.0,0,0,6,6,6,12.16666667,0,16.2,0.3,-0.92,Graduate,Graduate,0,Communication Design,1.0,0,1.0,0.0,0,"(16.999, 19.0]"
807,1,1,1,9130,1,1,143.0,1,3,3,2,10,141.3,0,0,1,0,0,0,23,0,0,6,10,6,14.0,0,0,6,11,4,13.0,0,11.1,0.6,2.02,Enrolled,Enrolled,0,Equinculture,1.0,0,0.6,0.0,1,"(20.0, 25.0]"
808,1,1,4,9773,1,1,143.0,1,1,3,4,7,129.7,1,0,0,1,0,0,20,0,0,4,4,0,0.0,0,0,6,0,0,0.0,0,8.9,1.4,3.51,Dropout,Dropout,1,Journalism and Communication,0.0,4,0.0,0.0,0,"(19.0, 20.0]"
809,1,1,5,9070,1,1,123.0,1,3,1,9,3,121.3,1,0,0,1,0,0,20,0,0,6,6,6,11.16666667,0,0,6,9,6,11.5,0,12.4,0.5,1.79,Enrolled,Enrolled,0,Communication Design,1.0,0,1.0,0.0,0,"(19.0, 20.0]"
810,1,1,1,9238,1,1,115.0,1,1,1,9,4,109.1,1,0,1,0,0,1,22,0,0,6,0,0,0.0,0,0,6,0,0,0.0,0,12.4,0.5,1.79,Dropout,Dropout,1,Social Service,0.0,6,0.0,0.0,1,"(20.0, 25.0]"
811,1,17,2,9853,1,1,112.0,1,19,38,5,7,107.1,1,0,0,1,0,1,18,0,0,7,8,7,12.14285714,0,0,7,9,6,13.66666667,0,11.1,0.6,2.02,Graduate,Graduate,0,Basic Education,1.0,0,0.875,0.0,0,"(16.999, 19.0]"
812,1,17,1,9500,1,1,135.0,1,19,38,9,9,129.2,0,0,0,1,0,1,18,0,0,7,7,7,14.14571429,0,0,8,9,8,13.62777778,0,11.1,0.6,2.02,Graduate,Graduate,0,Nursing,1.0,0,1.0,0.0,0,"(16.999, 19.0]"
813,1,1,1,9500,1,1,162.0,1,3,4,3,3,154.1,0,0,0,1,0,0,18,0,0,7,7,7,14.45,0,0,8,9,8,14.14444444,0,11.1,0.6,2.02,Graduate,Graduate,0,Nursing,1.0,0,1.0,0.0,0,"(16.999, 19.0]"
814,1,1,1,9853,1,1,143.0,1,19,3,4,4,147.2,0,0,0,1,0,0,18,0,0,7,7,7,15.71428571,0,0,7,7,7,15.0,0,11.1,0.6,2.02,Graduate,Graduate,0,Basic Education,1.0,0,1.0,0.0,0,"(16.999, 19.0]"
815,1,51,1,9147,1,1,130.0,1,1,1,4,4,120.0,0,0,0,1,0,0,21,0,0,5,9,5,12.8,0,0,5,11,3,12.66666667,0,11.1,0.6,2.02,Enrolled,Enrolled,0,Management,1.0,0,0.5555555555555556,0.0,0,"(20.0, 25.0]"
816,1,17,1,9070,1,1,136.0,1,1,37,4,5,130.8,0,0,0,1,0,0,20,0,0,6,6,6,12.5,0,0,6,8,6,11.5,0,10.8,1.4,1.74,Enrolled,Enrolled,0,Communication Design,1.0,0,1.0,0.0,0,"(19.0, 20.0]"
817,1,16,1,9070,1,1,125.0,1,1,1,4,4,120.8,1,0,0,1,0,0,18,0,0,6,6,6,14.5,0,0,6,6,6,12.83333333,0,12.4,0.5,1.79,Graduate,Graduate,0,Communication Design,1.0,0,1.0,0.0,0,"(16.999, 19.0]"
818,1,17,2,9500,1,1,132.0,1,19,37,3,5,125.4,1,0,0,0,0,1,20,0,0,7,7,7,13.46285714,0,0,8,10,7,13.16428571,0,11.1,0.6,2.02,Enrolled,Enrolled,0,Nursing,1.0,0,1.0,0.0,1,"(19.0, 20.0]"
819,1,1,1,8014,0,1,123.0,1,34,37,9,90,121.3,1,0,0,1,0,0,25,0,0,6,6,6,12.83333333,0,0,6,6,6,12.83333333,0,7.6,2.6,0.32,Graduate,Graduate,0,Social Service (evening attendance),1.0,0,1.0,0.0,0,"(20.0, 25.0]"
820,1,1,1,9147,1,1,142.0,1,19,19,9,9,127.0,1,0,0,1,0,1,18,0,0,5,10,5,12.0,0,0,5,8,4,11.6,0,13.9,-0.3,0.79,Graduate,Graduate,0,Management,1.0,0,0.5,0.0,0,"(16.999, 19.0]"
821,1,1,3,171,1,1,147.0,1,12,19,9,3,151.6,1,0,0,1,0,0,19,0,0,0,0,0,0.0,0,0,0,0,0,0.0,0,13.9,-0.3,0.79,Graduate,Graduate,0,Animation and Multimedia Design,0.0,0,0.0,0.0,0,"(16.999, 19.0]"
822,1,1,1,9085,1,1,140.0,6,1,19,4,7,131.6,1,0,0,1,0,0,20,1,0,7,9,6,14.71428571,0,1,7,16,6,13.2,0,12.4,0.5,1.79,Enrolled,Enrolled,0,Veterinary Nursing,0.8571428571428571,1,0.6666666666666666,0.0,0,"(19.0, 20.0]"
823,1,1,2,9238,1,1,133.1,1,19,19,9,9,106.0,1,0,0,1,0,1,20,0,0,6,7,6,12.57142857,0,0,6,7,6,13.28571429,0,12.4,0.5,1.79,Graduate,Graduate,0,Social Service,1.0,0,0.8571428571428571,0.0,0,"(19.0, 20.0]"
824,1,18,4,9773,1,1,114.0,1,1,1,9,9,111.6,1,0,0,1,0,1,21,0,0,6,6,6,12.5,0,0,6,6,6,11.5,0,11.1,0.6,2.02,Graduate,Graduate,0,Journalism and Communication,1.0,0,1.0,0.0,0,"(20.0, 25.0]"
825,1,17,3,9670,1,1,125.0,1,1,3,4,3,117.3,1,0,0,1,0,0,18,0,0,6,8,6,14.0,0,0,6,9,5,14.0,0,8.9,1.4,3.51,Graduate,Graduate,0,Advertising and Marketing Management,1.0,0,0.75,0.0,0,"(16.999, 19.0]"
826,1,17,1,9853,1,1,127.0,1,1,1,5,7,121.4,1,0,0,1,0,0,18,0,0,7,8,7,11.57142857,0,0,7,9,6,13.16666667,0,11.1,0.6,2.02,Dropout,Dropout,1,Basic Education,1.0,0,0.875,0.0,0,"(16.999, 19.0]"
827,1,1,3,9070,1,1,132.0,1,1,3,9,7,126.1,1,0,0,1,0,1,18,0,0,6,6,6,15.83333333,0,0,6,6,6,15.33333333,0,11.1,0.6,2.02,Graduate,Graduate,0,Communication Design,1.0,0,1.0,0.0,0,"(16.999, 19.0]"
828,1,1,4,9500,1,1,148.0,1,19,19,4,5,137.0,1,0,0,1,0,0,18,0,0,8,8,8,14.25,0,0,8,8,8,14.25,0,9.4,-0.8,-3.12,Graduate,Graduate,0,Nursing,1.0,0,1.0,0.0,0,"(16.999, 19.0]"
829,1,43,1,9670,1,1,139.0,1,3,19,3,5,120.8,0,0,0,1,0,0,19,0,0,6,0,0,0.0,0,0,6,0,0,0.0,0,15.5,2.8,-4.06,Dropout,Dropout,1,Advertising and Marketing Management,0.0,6,0.0,0.0,0,"(16.999, 19.0]"
830,1,17,1,9254,1,1,136.0,1,39,3,3,3,128.7,1,0,0,1,0,0,20,0,0,6,8,6,11.66666667,0,0,6,10,6,11.0,0,13.9,-0.3,0.79,Dropout,Dropout,1,Tourism,1.0,0,0.75,0.0,0,"(19.0, 20.0]"
831,1,39,1,9238,1,9,133.1,1,34,34,0,0,118.0,0,0,0,1,0,0,47,0,0,6,12,0,0.0,0,0,5,10,0,0.0,0,7.6,2.6,0.32,Dropout,Dropout,1,Social Service,0.0,6,0.0,0.0,0,"(25.0, 70.0]"
832,1,43,1,9130,1,1,120.0,6,1,3,9,2,120.0,0,0,1,1,0,0,21,1,2,5,9,5,13.2,2,0,5,7,2,12.5,2,10.8,1.4,1.74,Enrolled,Enrolled,0,Equinculture,1.0,0,0.5555555555555556,0.4,1,"(20.0, 25.0]"
833,2,39,1,9130,1,1,130.0,1,37,37,9,6,160.0,0,0,0,1,1,0,31,0,1,6,11,2,12.0,1,1,6,12,1,10.0,1,16.2,0.3,-0.92,Dropout,Dropout,1,Equinculture,0.3333333333333333,4,0.18181818181818182,0.16666666666666666,0,"(25.0, 70.0]"
834,2,39,1,9119,1,1,110.0,1,37,37,90,5,150.0,1,0,0,1,1,0,46,0,0,5,6,0,0.0,0,0,5,5,0,0.0,0,7.6,2.6,0.32,Dropout,Dropout,1,Informatics Engineering,0.0,5,0.0,0.0,0,"(25.0, 70.0]"
835,1,1,3,9119,1,1,133.0,1,3,1,3,4,121.8,1,0,0,1,1,0,18,0,0,5,9,4,12.0,0,0,5,10,2,11.0,0,8.9,1.4,3.51,Enrolled,Enrolled,0,Informatics Engineering,0.8,1,0.4444444444444444,0.0,0,"(16.999, 19.0]"
836,1,17,3,9119,1,1,138.0,1,3,3,3,4,125.4,1,1,0,1,1,0,19,0,0,5,10,3,13.33333333,0,0,5,9,4,10.75,0,8.9,1.4,3.51,Dropout,Dropout,1,Informatics Engineering,0.6,2,0.3,0.0,0,"(16.999, 19.0]"
837,1,51,1,9556,1,1,131.0,1,1,37,152,193,126.6,1,0,0,1,1,0,23,0,0,7,11,5,12.41428571,0,0,7,13,2,13.5,0,8.9,1.4,3.51,Enrolled,Enrolled,0,Oral Hygiene,0.7142857142857143,2,0.45454545454545453,0.0,0,"(20.0, 25.0]"
838,1,44,1,9130,1,39,150.0,1,3,1,2,8,150.0,0,0,0,0,1,0,22,0,0,5,5,0,0.0,0,0,5,5,0,0.0,0,12.7,3.7,-1.7,Dropout,Dropout,1,Equinculture,0.0,5,0.0,0.0,1,"(20.0, 25.0]"
839,1,1,1,9147,1,1,125.0,1,38,1,3,10,114.5,1,0,0,1,1,0,19,0,0,5,5,5,13.8,0,0,5,7,5,12.4,0,9.4,-0.8,-3.12,Graduate,Graduate,0,Management,1.0,0,1.0,0.0,0,"(16.999, 19.0]"
840,1,1,1,9147,1,1,108.0,41,3,3,9,9,107.0,0,0,1,0,0,0,19,1,0,5,14,0,0.0,0,0,5,5,0,0.0,0,8.9,1.4,3.51,Dropout,Dropout,1,Management,0.0,5,0.0,0.0,1,"(16.999, 19.0]"
841,1,17,1,9147,1,1,116.0,1,3,1,3,4,115.7,0,0,0,0,1,0,22,0,0,5,10,4,11.5,0,0,5,11,4,14.0,0,8.9,1.4,3.51,Enrolled,Enrolled,0,Management,0.8,1,0.4,0.0,1,"(20.0, 25.0]"
842,1,39,1,9130,1,1,133.1,1,3,34,3,0,120.0,0,0,1,0,1,0,29,0,0,5,11,0,0.0,4,0,5,6,0,0.0,1,9.4,-0.8,-3.12,Dropout,Dropout,1,Equinculture,0.0,5,0.0,0.8,1,"(25.0, 70.0]"
843,1,1,3,9500,1,1,147.0,1,37,38,9,5,134.8,1,0,0,1,0,0,18,0,0,7,7,6,14.01666667,0,0,7,7,6,14.01666667,0,7.6,2.6,0.32,Graduate,Graduate,0,Nursing,0.8571428571428571,1,0.8571428571428571,0.0,0,"(16.999, 19.0]"
844,1,1,1,9238,1,1,143.0,1,38,34,9,9,133.6,1,0,0,1,0,0,18,0,0,6,9,5,11.4,0,0,6,8,5,10.8,0,9.4,-0.8,-3.12,Graduate,Graduate,0,Social Service,0.8333333333333334,1,0.5555555555555556,0.0,0,"(16.999, 19.0]"
845,1,1,1,171,1,1,115.0,1,37,37,9,8,129.0,1,0,1,0,0,1,23,0,0,0,0,0,0.0,0,0,0,0,0,0.0,0,9.4,-0.8,-3.12,Dropout,Dropout,1,Animation and Multimedia Design,0.0,0,0.0,0.0,1,"(20.0, 25.0]"
846,2,39,1,9991,0,1,160.0,1,1,1,194,131,128.4,0,0,0,1,0,0,34,0,0,5,12,5,10.4,0,0,5,11,5,12.0,0,12.4,0.5,1.79,Graduate,Graduate,0,Management (evening attendance),1.0,0,0.4166666666666667,0.0,0,"(25.0, 70.0]"
847,1,17,1,9147,1,1,118.0,1,19,19,9,9,122.2,0,0,0,1,0,0,19,0,0,5,11,3,10.66666667,0,0,5,9,4,10.25,0,11.1,0.6,2.02,Graduate,Graduate,0,Management,0.6,2,0.2727272727272727,0.0,0,"(16.999, 19.0]"
848,1,1,1,9085,1,1,122.0,1,1,1,2,5,113.3,1,0,0,1,0,0,18,0,0,5,9,4,14.25,0,0,5,8,5,12.71428571,0,10.8,1.4,1.74,Enrolled,Enrolled,0,Veterinary Nursing,0.8,1,0.4444444444444444,0.0,0,"(16.999, 19.0]"
849,1,17,6,9500,1,1,143.0,1,1,19,4,4,129.9,0,0,0,1,0,1,20,0,3,7,7,7,13.91428571,0,5,8,8,8,14.10625,0,11.1,0.6,2.02,Graduate,Graduate,0,Nursing,1.0,0,1.0,0.0,0,"(19.0, 20.0]"
850,1,1,6,9500,1,1,133.0,1,3,3,1,1,126.2,1,0,0,1,0,0,19,0,0,7,9,7,13.76111111,0,0,8,11,7,12.82375,0,15.5,2.8,-4.06,Graduate,Graduate,0,Nursing,1.0,0,0.7777777777777778,0.0,0,"(16.999, 19.0]"
851,1,5,2,9853,1,1,122.0,1,19,19,4,5,112.6,1,0,0,1,0,0,22,0,0,6,10,5,12.6,0,0,6,9,4,11.25,0,12.7,3.7,-1.7,Enrolled,Enrolled,0,Basic Education,0.8333333333333334,1,0.5,0.0,0,"(20.0, 25.0]"
852,1,1,1,9238,1,1,164.0,1,19,19,9,9,149.0,1,0,0,1,0,1,23,0,0,6,7,6,13.85714286,0,0,6,6,6,14.16666667,0,10.8,1.4,1.74,Graduate,Graduate,0,Social Service,1.0,0,0.8571428571428571,0.0,0,"(20.0, 25.0]"
853,2,39,1,9500,1,1,133.1,1,1,19,9,9,120.0,0,0,0,1,1,1,34,0,0,8,8,7,13.84285714,0,0,8,8,7,13.84285714,0,12.7,3.7,-1.7,Graduate,Graduate,0,Nursing,0.875,1,0.875,0.0,0,"(25.0, 70.0]"
854,1,17,4,9119,1,1,127.0,1,19,19,5,5,120.4,1,0,1,0,1,0,18,0,0,5,12,0,0.0,0,0,5,8,0,0.0,0,9.4,-0.8,-3.12,Enrolled,Enrolled,0,Informatics Engineering,0.0,5,0.0,0.0,1,"(16.999, 19.0]"
855,1,1,3,9773,1,1,140.0,1,1,39,4,1,128.1,1,1,0,1,1,0,21,0,0,6,6,5,11.8,0,0,6,9,0,0.0,0,16.2,0.3,-0.92,Dropout,Dropout,1,Journalism and Communication,0.8333333333333334,1,0.8333333333333334,0.0,0,"(20.0, 25.0]"
856,1,1,1,9238,1,1,127.0,1,1,19,4,3,141.7,1,0,0,1,1,0,22,0,0,6,6,6,12.66666667,0,0,6,6,6,13.83333333,0,10.8,1.4,1.74,Dropout,Dropout,1,Social Service,1.0,0,1.0,0.0,0,"(20.0, 25.0]"
857,1,39,1,9003,1,12,133.1,1,37,1,9,10,130.0,0,0,0,1,1,0,28,0,0,6,6,0,0.0,0,0,6,6,0,0.0,0,11.1,0.6,2.02,Dropout,Dropout,1,Agronomy,0.0,6,0.0,0.0,0,"(25.0, 70.0]"
858,1,5,4,9119,1,1,115.0,1,19,37,4,6,113.3,1,0,0,1,1,0,23,0,0,5,7,0,0.0,0,0,5,5,0,0.0,0,7.6,2.6,0.32,Dropout,Dropout,1,Informatics Engineering,0.0,5,0.0,0.0,0,"(20.0, 25.0]"
859,1,1,1,9773,1,1,108.0,1,34,38,0,3,105.9,0,0,0,1,1,0,20,0,0,6,11,4,10.75,0,0,6,13,2,10.0,0,7.6,2.6,0.32,Dropout,Dropout,1,Journalism and Communication,0.6666666666666666,2,0.36363636363636365,0.0,0,"(19.0, 20.0]"
860,1,18,2,9119,1,1,136.0,1,1,2,5,4,122.7,1,0,0,1,1,0,18,0,0,5,7,5,12.6,0,0,5,9,3,13.25,0,13.9,-0.3,0.79,Dropout,Dropout,1,Informatics Engineering,1.0,0,0.7142857142857143,0.0,0,"(16.999, 19.0]"
861,1,39,2,9147,1,12,133.1,1,19,38,9,9,120.0,1,0,1,0,1,0,28,0,0,5,5,0,0.0,0,0,5,5,0,0.0,0,9.4,-0.8,-3.12,Dropout,Dropout,1,Management,0.0,5,0.0,0.0,1,"(25.0, 70.0]"
862,1,44,1,9070,1,39,120.0,1,1,19,5,8,119.8,0,0,0,1,1,0,21,0,2,7,7,2,12.0,0,5,9,10,7,12.14285714,0,12.4,0.5,1.79,Dropout,Dropout,1,Communication Design,0.2857142857142857,5,0.2857142857142857,0.0,0,"(20.0, 25.0]"
863,1,39,1,9670,1,1,133.1,1,38,19,9,8,122.9,0,0,1,0,1,0,25,0,0,6,7,3,14.0,0,0,6,9,2,14.5,0,13.9,-0.3,0.79,Dropout,Dropout,1,Advertising and Marketing Management,0.5,3,0.42857142857142855,0.0,1,"(20.0, 25.0]"
864,1,44,1,9085,1,39,160.0,1,1,1,5,4,160.0,1,1,0,0,1,0,19,0,2,6,6,6,14.0,0,1,6,11,6,13.5,0,12.4,0.5,1.79,Dropout,Dropout,1,Veterinary Nursing,1.0,0,1.0,0.0,1,"(16.999, 19.0]"
865,1,1,4,9500,1,1,128.0,1,1,1,4,10,125.2,1,0,0,1,1,1,18,0,0,7,7,7,14.68285714,0,0,8,9,8,15.05555556,0,12.4,0.5,1.79,Graduate,Graduate,0,Nursing,1.0,0,1.0,0.0,0,"(16.999, 19.0]"
866,1,39,1,9119,1,3,130.0,1,1,38,90,90,143.4,0,0,0,1,1,0,29,0,0,3,3,0,0.0,3,0,5,0,0,0.0,0,10.8,1.4,1.74,Dropout,Dropout,1,Informatics Engineering,0.0,3,0.0,1.0,0,"(25.0, 70.0]"
867,1,39,1,9119,1,19,133.1,1,37,38,3,7,96.7,0,0,0,1,1,1,29,0,0,5,6,0,0.0,0,0,5,7,0,0.0,0,12.4,0.5,1.79,Dropout,Dropout,1,Informatics Engineering,0.0,5,0.0,0.0,0,"(25.0, 70.0]"
868,1,18,1,9254,1,1,137.0,1,19,19,4,5,126.9,0,0,0,1,1,0,20,0,0,6,7,6,13.85714286,0,0,6,7,5,12.8,0,16.2,0.3,-0.92,Graduate,Graduate,0,Tourism,1.0,0,0.8571428571428571,0.0,0,"(19.0, 20.0]"
869,1,1,1,171,1,1,163.0,1,19,1,9,7,143.1,0,0,0,1,1,0,18,0,0,0,0,0,0.0,0,0,0,0,0,0.0,0,9.4,-0.8,-3.12,Graduate,Graduate,0,Animation and Multimedia Design,0.0,0,0.0,0.0,0,"(16.999, 19.0]"
870,1,1,1,9254,1,1,125.0,1,1,1,191,193,114.5,0,0,0,1,1,0,20,0,0,6,8,6,13.14285714,0,0,6,7,6,12.5,0,8.9,1.4,3.51,Graduate,Graduate,0,Tourism,1.0,0,0.75,0.0,0,"(19.0, 20.0]"
871,2,39,1,9119,1,1,120.0,1,34,34,0,0,140.0,1,0,0,1,1,0,33,0,0,5,14,1,18.0,0,0,5,9,2,13.0,0,9.4,-0.8,-3.12,Dropout,Dropout,1,Informatics Engineering,0.2,4,0.07142857142857142,0.0,0,"(25.0, 70.0]"
872,1,42,1,9991,0,1,150.0,1,19,19,5,5,113.7,0,0,0,1,1,0,30,0,11,15,15,13,11.46153846,0,6,11,15,10,11.58333333,1,16.2,0.3,-0.92,Graduate,Graduate,0,Management (evening attendance),0.8666666666666667,2,0.8666666666666667,0.0,0,"(25.0, 70.0]"
873,1,1,1,9556,1,1,135.0,1,1,1,1,1,131.5,0,0,0,1,1,1,21,0,0,7,14,5,11.2,0,0,8,11,6,11.58333333,0,16.2,0.3,-0.92,Enrolled,Enrolled,0,Oral Hygiene,0.7142857142857143,2,0.35714285714285715,0.0,0,"(20.0, 25.0]"
874,1,1,1,9003,1,1,148.0,1,1,19,194,194,143.5,0,0,1,1,1,0,18,0,0,6,6,5,15.0,0,0,6,8,4,14.5,0,8.9,1.4,3.51,Graduate,Graduate,0,Agronomy,0.8333333333333334,1,0.8333333333333334,0.0,1,"(16.999, 19.0]"
875,1,1,1,9500,1,1,138.0,1,38,38,9,9,126.8,0,0,0,1,1,1,19,0,0,7,9,7,14.24444444,0,0,8,12,8,12.23333333,0,15.5,2.8,-4.06,Graduate,Graduate,0,Nursing,1.0,0,0.7777777777777778,0.0,0,"(16.999, 19.0]"
876,1,17,1,9070,1,1,119.0,1,38,19,9,9,115.2,0,0,0,1,1,1,21,0,0,6,8,4,11.5,0,0,6,7,5,11.0,0,15.5,2.8,-4.06,Dropout,Dropout,1,Communication Design,0.6666666666666666,2,0.5,0.0,0,"(20.0, 25.0]"
877,1,39,2,9556,1,1,130.0,1,19,19,4,5,100.0,0,0,0,1,1,1,25,0,0,7,7,2,10.0,0,0,7,7,0,0.0,0,15.5,2.8,-4.06,Dropout,Dropout,1,Oral Hygiene,0.2857142857142857,5,0.2857142857142857,0.0,0,"(20.0, 25.0]"
878,1,1,2,9670,1,1,135.0,1,19,19,7,10,121.4,0,0,0,1,1,0,19,0,0,5,7,3,12.33333333,0,0,5,5,5,11.6,0,9.4,-0.8,-3.12,Graduate,Graduate,0,Advertising and Marketing Management,0.6,2,0.42857142857142855,0.0,0,"(16.999, 19.0]"
879,1,44,1,9070,1,39,120.0,1,19,1,9,3,120.0,1,0,0,1,1,0,23,0,2,7,8,5,12.2,0,5,9,10,7,12.14285714,1,16.2,0.3,-0.92,Dropout,Dropout,1,Communication Design,0.7142857142857143,2,0.625,0.0,0,"(20.0, 25.0]"
880,1,17,2,9070,1,1,126.0,1,38,38,9,8,129.9,1,0,0,1,1,1,19,0,0,6,6,6,13.66666667,0,0,6,7,5,13.2,0,12.4,0.5,1.79,Graduate,Graduate,0,Communication Design,1.0,0,1.0,0.0,0,"(16.999, 19.0]"
881,1,1,1,171,1,1,149.0,1,3,2,2,5,151.1,1,0,0,1,1,0,19,0,0,0,0,0,0.0,0,0,0,0,0,0.0,0,9.4,-0.8,-3.12,Graduate,Graduate,0,Animation and Multimedia Design,0.0,0,0.0,0.0,0,"(16.999, 19.0]"
882,1,39,1,9003,1,1,110.0,1,19,37,9,6,120.0,0,0,1,0,1,0,31,0,0,6,15,1,11.0,0,0,6,10,0,0.0,0,16.2,0.3,-0.92,Dropout,Dropout,1,Agronomy,0.16666666666666666,5,0.06666666666666667,0.0,1,"(25.0, 70.0]"
883,1,39,1,9003,1,1,133.1,1,37,37,4,7,130.0,0,0,1,0,1,0,32,0,0,6,8,3,13.0,0,4,10,14,6,11.42857143,0,16.2,0.3,-0.92,Dropout,Dropout,1,Agronomy,0.5,3,0.375,0.0,1,"(25.0, 70.0]"
884,1,16,2,9500,1,1,127.0,1,2,38,4,9,119.0,1,0,0,1,0,1,19,0,0,8,12,7,12.6,0,0,8,12,7,12.6,0,10.8,1.4,1.74,Graduate,Graduate,0,Nursing,0.875,1,0.5833333333333334,0.0,0,"(16.999, 19.0]"
885,1,42,1,9773,1,6,120.0,1,34,34,0,0,122.0,1,0,0,1,0,0,34,0,8,10,11,10,12.2,0,5,10,12,9,12.33333333,0,7.6,2.6,0.32,Graduate,Graduate,0,Journalism and Communication,1.0,0,0.9090909090909091,0.0,0,"(25.0, 70.0]"
886,1,16,6,9773,1,1,136.0,1,38,14,0,0,129.7,1,0,0,1,0,0,21,0,0,6,6,6,13.16666667,0,0,6,6,6,13.0,0,7.6,2.6,0.32,Graduate,Graduate,0,Journalism and Communication,1.0,0,1.0,0.0,0,"(20.0, 25.0]"
887,1,43,2,9238,1,1,110.0,1,37,37,9,7,112.5,1,0,0,1,0,1,53,0,4,7,16,6,11.0,0,2,7,9,7,11.0,0,9.4,-0.8,-3.12,Graduate,Graduate,0,Social Service,0.8571428571428571,1,0.375,0.0,0,"(25.0, 70.0]"
888,1,1,1,9500,1,1,136.0,1,19,19,4,7,136.0,0,0,0,1,0,1,19,0,0,7,7,7,14.01428571,0,0,8,8,8,15.35,0,13.9,-0.3,0.79,Graduate,Graduate,0,Nursing,1.0,0,1.0,0.0,0,"(16.999, 19.0]"
889,1,1,3,9773,1,1,145.0,1,38,38,9,5,133.1,0,0,0,1,0,1,20,0,0,6,9,4,13.0,0,0,6,13,4,11.25,0,10.8,1.4,1.74,Graduate,Graduate,0,Journalism and Communication,0.6666666666666666,2,0.4444444444444444,0.0,0,"(19.0, 20.0]"
890,1,1,2,9773,1,1,159.0,1,1,19,9,9,151.3,1,0,0,1,0,0,18,0,0,6,6,6,14.0,0,0,6,6,6,14.66666667,0,10.8,1.4,1.74,Graduate,Graduate,0,Journalism and Communication,1.0,0,1.0,0.0,0,"(16.999, 19.0]"
891,1,39,1,171,1,1,147.0,1,37,38,175,193,133.3,0,0,0,0,0,0,32,0,0,0,0,0,0.0,0,0,0,0,0,0.0,0,16.2,0.3,-0.92,Dropout,Dropout,1,Animation and Multimedia Design,0.0,0,0.0,0.0,1,"(25.0, 70.0]"
892,1,43,1,9500,1,1,150.0,1,37,37,9,9,130.8,1,0,0,1,0,1,21,0,0,8,8,7,14.42857143,0,0,8,8,7,14.42857143,0,12.7,3.7,-1.7,Graduate,Graduate,0,Nursing,0.875,1,0.875,0.0,0,"(20.0, 25.0]"
893,1,7,1,8014,0,3,140.0,1,37,12,9,4,140.0,0,0,0,0,0,0,26,0,0,5,9,0,0.0,0,0,5,10,0,0.0,0,9.4,-0.8,-3.12,Dropout,Dropout,1,Social Service (evening attendance),0.0,5,0.0,0.0,1,"(25.0, 70.0]"
894,1,42,1,9085,1,39,150.0,1,1,1,4,7,150.0,1,0,0,1,0,0,26,0,11,18,45,18,11.83333333,10,9,13,27,13,12.46153846,5,15.5,2.8,-4.06,Graduate,Graduate,0,Veterinary Nursing,1.0,0,0.4,0.5555555555555556,0,"(25.0, 70.0]"
895,2,44,1,9991,0,39,130.0,1,1,37,4,9,130.0,0,0,0,0,0,0,21,0,0,5,12,3,11.33333333,0,0,5,10,1,13.0,0,15.5,2.8,-4.06,Dropout,Dropout,1,Management (evening attendance),0.6,2,0.25,0.0,1,"(20.0, 25.0]"
896,1,17,1,9773,1,1,120.0,1,37,37,5,5,125.3,0,0,0,1,0,0,18,0,0,6,9,6,12.5,0,0,6,9,6,13.0,0,7.6,2.6,0.32,Graduate,Graduate,0,Journalism and Communication,1.0,0,0.6666666666666666,0.0,0,"(16.999, 19.0]"
897,1,43,1,9070,1,39,130.0,1,19,37,5,9,124.0,1,0,0,1,0,1,21,0,4,12,12,12,13.33333333,0,5,12,12,11,12.54545455,0,15.5,2.8,-4.06,Graduate,Graduate,0,Communication Design,1.0,0,1.0,0.0,0,"(20.0, 25.0]"
898,1,1,1,9254,1,1,112.0,1,38,19,9,5,113.8,1,0,0,1,0,0,21,0,0,6,10,6,10.83333333,0,0,6,10,4,11.0,0,7.6,2.6,0.32,Enrolled,Enrolled,0,Tourism,1.0,0,0.6,0.0,0,"(20.0, 25.0]"
899,1,17,1,9670,1,1,128.0,1,19,19,7,7,124.4,0,0,0,1,0,1,19,0,0,6,6,6,13.0,0,0,6,6,6,14.0,0,13.9,-0.3,0.79,Graduate,Graduate,0,Advertising and Marketing Management,1.0,0,1.0,0.0,0,"(16.999, 19.0]"
900,1,17,1,9147,1,1,114.0,1,19,19,9,7,107.7,0,0,0,1,0,0,19,0,0,5,7,2,10.0,0,0,5,11,2,14.0,0,10.8,1.4,1.74,Dropout,Dropout,1,Management,0.4,3,0.2857142857142857,0.0,0,"(16.999, 19.0]"
901,1,43,2,9238,1,1,118.0,1,38,38,5,5,110.0,0,0,0,1,0,1,19,0,0,6,8,6,11.42857143,0,0,6,11,5,11.2,0,10.8,1.4,1.74,Graduate,Graduate,0,Social Service,1.0,0,0.75,0.0,0,"(16.999, 19.0]"
902,1,7,1,9500,1,3,130.0,1,37,38,7,7,130.0,1,0,0,1,0,0,27,0,0,8,8,8,12.8875,0,0,8,8,8,12.8875,0,9.4,-0.8,-3.12,Graduate,Graduate,0,Nursing,1.0,0,1.0,0.0,0,"(25.0, 70.0]"
903,1,1,2,9500,1,1,145.0,1,37,1,9,4,138.8,1,0,0,1,0,1,18,0,0,7,7,6,12.95,0,0,7,7,6,12.95,0,7.6,2.6,0.32,Graduate,Graduate,0,Nursing,0.8571428571428571,1,0.8571428571428571,0.0,0,"(16.999, 19.0]"
904,1,1,2,9147,1,1,121.0,1,19,19,9,9,126.3,1,0,0,1,0,0,20,0,0,5,12,1,10.0,2,0,5,5,0,0.0,0,12.7,3.7,-1.7,Dropout,Dropout,1,Management,0.2,4,0.08333333333333333,0.4,0,"(19.0, 20.0]"
905,1,1,3,9500,1,1,114.0,1,1,1,5,5,114.5,1,0,0,1,0,1,19,0,0,7,7,7,13.09428571,0,0,8,8,8,12.55,0,12.4,0.5,1.79,Graduate,Graduate,0,Nursing,1.0,0,1.0,0.0,0,"(16.999, 19.0]"
906,1,1,4,9670,1,1,127.0,1,1,1,7,7,116.5,1,0,0,1,0,0,20,0,0,6,7,0,0.0,0,0,6,6,0,0.0,0,16.2,0.3,-0.92,Dropout,Dropout,1,Advertising and Marketing Management,0.0,6,0.0,0.0,0,"(19.0, 20.0]"
907,1,17,2,9238,1,1,145.0,1,19,38,7,6,128.6,1,0,0,1,0,1,19,0,0,6,12,5,11.71428571,0,0,6,11,6,11.0,0,12.7,3.7,-1.7,Graduate,Graduate,0,Social Service,0.8333333333333334,1,0.4166666666666667,0.0,0,"(16.999, 19.0]"
908,1,17,5,9238,1,1,130.0,1,19,1,5,5,130.0,1,0,0,1,0,0,20,0,0,6,8,4,11.25,0,0,6,15,3,10.0,0,9.4,-0.8,-3.12,Enrolled,Enrolled,0,Social Service,0.6666666666666666,2,0.5,0.0,0,"(19.0, 20.0]"
909,1,1,1,171,1,1,150.0,1,38,19,7,10,134.6,0,0,0,1,0,0,20,0,0,0,0,0,0.0,0,0,0,0,0,0.0,0,15.5,2.8,-4.06,Dropout,Dropout,1,Animation and Multimedia Design,0.0,0,0.0,0.0,0,"(19.0, 20.0]"
910,1,1,1,9853,1,1,145.0,1,37,37,9,5,146.8,0,0,0,1,0,0,18,0,0,6,6,6,13.16666667,0,0,6,6,6,13.33333333,0,7.6,2.6,0.32,Graduate,Graduate,0,Basic Education,1.0,0,1.0,0.0,0,"(16.999, 19.0]"
911,1,1,1,9085,1,1,128.0,1,19,1,5,4,135.7,1,0,0,1,0,0,20,0,0,5,7,4,12.75,0,0,5,5,5,13.4,0,10.8,1.4,1.74,Graduate,Graduate,0,Veterinary Nursing,0.8,1,0.5714285714285714,0.0,0,"(19.0, 20.0]"
912,2,39,1,9991,0,1,140.0,1,37,37,9,9,120.0,0,0,0,0,0,0,38,0,0,5,6,5,10.6,0,0,5,9,2,11.0,0,12.7,3.7,-1.7,Dropout,Dropout,1,Management (evening attendance),1.0,0,0.8333333333333334,0.0,1,"(25.0, 70.0]"
913,4,39,1,8014,0,1,130.0,1,37,37,9,7,138.0,0,0,0,1,0,0,42,0,0,6,8,5,11.2,0,0,6,6,6,12.0,0,8.9,1.4,3.51,Graduate,Graduate,0,Social Service (evening attendance),0.8333333333333334,1,0.625,0.0,0,"(25.0, 70.0]"
914,1,39,1,9500,1,1,140.0,1,37,37,9,6,135.5,0,0,0,1,0,0,32,0,0,7,0,0,0.0,0,0,8,0,0,0.0,0,13.9,-0.3,0.79,Dropout,Dropout,1,Nursing,0.0,7,0.0,0.0,0,"(25.0, 70.0]"
915,1,15,1,9773,1,1,120.0,26,19,19,4,5,120.0,1,0,0,1,0,0,22,1,0,6,6,6,13.0,0,0,6,6,6,13.66666667,0,12.4,0.5,1.79,Graduate,Graduate,0,Journalism and Communication,1.0,0,1.0,0.0,0,"(20.0, 25.0]"
916,2,39,1,9991,0,1,147.0,1,34,34,90,90,111.7,1,0,0,1,0,0,28,0,0,5,10,0,0.0,0,0,5,5,0,0.0,0,7.6,2.6,0.32,Dropout,Dropout,1,Management (evening attendance),0.0,5,0.0,0.0,0,"(25.0, 70.0]"
917,2,39,1,8014,0,9,133.1,1,37,37,8,10,100.0,1,0,0,1,0,0,37,0,0,6,0,0,0.0,0,0,6,0,0,0.0,0,9.4,-0.8,-3.12,Dropout,Dropout,1,Social Service (evening attendance),0.0,6,0.0,0.0,0,"(25.0, 70.0]"
918,2,44,1,9003,1,39,160.0,1,37,38,9,4,160.0,0,0,0,1,0,0,43,0,0,6,8,6,14.16666667,0,0,6,9,6,15.0,0,15.5,2.8,-4.06,Graduate,Graduate,0,Agronomy,1.0,0,0.75,0.0,0,"(25.0, 70.0]"
919,6,39,1,8014,0,1,133.1,1,37,1,9,7,114.8,0,0,0,1,0,1,41,0,0,6,10,5,12.83333333,0,0,6,6,6,12.33333333,0,13.9,-0.3,0.79,Graduate,Graduate,0,Social Service (evening attendance),0.8333333333333334,1,0.5,0.0,0,"(25.0, 70.0]"
920,4,39,1,8014,0,19,140.0,1,37,37,9,3,131.0,0,0,0,1,0,1,29,0,0,6,11,4,11.75,0,0,6,9,5,10.4,0,10.8,1.4,1.74,Graduate,Graduate,0,Social Service (evening attendance),0.6666666666666666,2,0.36363636363636365,0.0,0,"(25.0, 70.0]"
921,1,39,1,8014,0,1,133.1,1,37,37,9,9,97.0,0,0,0,1,0,1,35,0,0,6,8,6,10.83333333,0,0,6,7,6,11.5,0,10.8,1.4,1.74,Graduate,Graduate,0,Social Service (evening attendance),1.0,0,0.75,0.0,0,"(25.0, 70.0]"
922,1,17,6,9238,1,1,131.0,1,1,3,4,2,131.7,1,0,0,1,0,0,18,0,0,6,8,4,11.75,0,0,6,8,4,12.25,0,9.4,-0.8,-3.12,Dropout,Dropout,1,Social Service,0.6666666666666666,2,0.5,0.0,0,"(16.999, 19.0]"
923,1,39,1,9500,1,19,133.1,1,37,37,9,6,120.0,0,0,0,0,0,1,39,0,0,7,14,3,11.5,0,0,7,9,2,10.5,0,16.2,0.3,-0.92,Dropout,Dropout,1,Nursing,0.42857142857142855,4,0.21428571428571427,0.0,1,"(25.0, 70.0]"
924,4,39,1,9991,0,1,120.0,1,37,37,9,9,110.0,0,0,0,1,0,0,37,0,0,5,14,2,10.0,0,0,5,7,3,11.33333333,0,12.7,3.7,-1.7,Enrolled,Enrolled,0,Management (evening attendance),0.4,3,0.14285714285714285,0.0,0,"(25.0, 70.0]"
925,1,39,1,9500,1,1,130.0,1,37,37,9,7,133.0,1,0,0,1,0,1,26,0,0,7,7,6,13.7,0,0,7,7,6,13.7,0,7.6,2.6,0.32,Graduate,Graduate,0,Nursing,0.8571428571428571,1,0.8571428571428571,0.0,0,"(25.0, 70.0]"
926,1,7,1,9085,1,3,140.0,1,19,20,4,90,140.0,1,0,0,1,0,0,32,0,0,5,8,1,14.0,2,0,5,12,0,0.0,4,10.8,1.4,1.74,Dropout,Dropout,1,Veterinary Nursing,0.2,4,0.125,0.4,0,"(25.0, 70.0]"
927,2,39,1,8014,0,1,133.1,1,37,37,6,8,100.0,0,0,1,1,0,0,37,0,3,8,12,7,11.375,0,2,7,10,6,12.16666667,0,13.9,-0.3,0.79,Enrolled,Enrolled,0,Social Service (evening attendance),0.875,1,0.5833333333333334,0.0,1,"(25.0, 70.0]"
928,1,39,1,9085,1,1,140.0,1,37,19,191,163,129.3,1,0,1,1,0,0,28,0,0,6,17,0,0.0,0,0,6,6,0,0.0,0,8.9,1.4,3.51,Enrolled,Enrolled,0,Veterinary Nursing,0.0,6,0.0,0.0,1,"(25.0, 70.0]"
929,1,1,1,9238,1,1,133.1,1,19,37,0,0,137.0,1,0,0,1,0,0,19,0,0,6,10,0,0.0,4,0,6,0,0,0.0,0,7.6,2.6,0.32,Dropout,Dropout,1,Social Service,0.0,6,0.0,0.6666666666666666,0,"(16.999, 19.0]"
930,1,1,5,9147,1,1,125.0,1,37,38,7,7,122.2,1,0,0,1,0,0,18,0,0,5,9,1,11.0,0,0,5,9,2,12.5,0,7.6,2.6,0.32,Enrolled,Enrolled,0,Management,0.2,4,0.1111111111111111,0.0,0,"(16.999, 19.0]"
931,1,1,1,9853,1,1,115.0,1,19,38,9,9,108.0,0,0,0,1,0,1,19,0,0,7,10,6,13.0,0,0,7,7,7,13.28571429,0,12.4,0.5,1.79,Graduate,Graduate,0,Basic Education,0.8571428571428571,1,0.6,0.0,0,"(16.999, 19.0]"
932,2,7,1,9670,1,3,110.0,1,37,37,7,7,110.0,0,0,0,1,0,0,32,0,4,11,15,8,13.6,0,2,8,10,8,15.11111111,0,13.9,-0.3,0.79,Graduate,Graduate,0,Advertising and Marketing Management,0.7272727272727273,3,0.5333333333333333,0.0,0,"(25.0, 70.0]"
933,2,39,1,9147,1,1,140.0,1,37,37,9,9,127.7,1,0,0,1,0,0,31,0,0,5,8,3,11.0,0,0,5,9,2,11.5,0,7.6,2.6,0.32,Dropout,Dropout,1,Management,0.6,2,0.375,0.0,0,"(25.0, 70.0]"
934,1,39,1,9500,1,1,100.0,1,3,1,2,5,121.3,1,0,0,1,0,0,34,0,0,8,11,7,11.70571429,0,0,8,11,7,11.70571429,0,10.8,1.4,1.74,Enrolled,Enrolled,0,Nursing,0.875,1,0.6363636363636364,0.0,0,"(25.0, 70.0]"
935,1,1,3,171,1,1,145.0,1,1,1,3,3,140.1,1,0,0,1,0,0,20,0,6,12,12,12,13.25,0,4,11,14,11,14.33333333,0,8.9,1.4,3.51,Graduate,Graduate,0,Animation and Multimedia Design,1.0,0,1.0,0.0,0,"(19.0, 20.0]"
936,1,39,1,9500,1,19,133.1,1,38,38,9,9,114.8,0,0,0,1,0,0,28,0,0,7,15,1,10.75,0,0,7,10,1,10.0,0,13.9,-0.3,0.79,Dropout,Dropout,1,Nursing,0.14285714285714285,6,0.06666666666666667,0.0,0,"(25.0, 70.0]"
937,1,44,1,9991,0,39,150.0,1,37,37,6,6,150.0,0,0,0,1,0,0,31,0,2,6,8,6,12.0,0,2,7,8,7,13.42857143,0,9.4,-0.8,-3.12,Enrolled,Enrolled,0,Management (evening attendance),1.0,0,0.75,0.0,0,"(25.0, 70.0]"
938,1,1,1,9773,1,1,145.0,1,19,38,4,10,131.7,1,0,0,1,0,0,18,0,0,6,7,6,12.66666667,0,0,6,8,4,12.25,0,7.6,2.6,0.32,Enrolled,Enrolled,0,Journalism and Communication,1.0,0,0.8571428571428571,0.0,0,"(16.999, 19.0]"
939,4,39,1,8014,0,19,133.1,1,37,37,90,7,110.0,0,0,0,0,0,0,31,0,0,6,8,5,11.4,0,0,6,9,3,11.0,0,9.4,-0.8,-3.12,Dropout,Dropout,1,Social Service (evening attendance),0.8333333333333334,1,0.625,0.0,1,"(25.0, 70.0]"
940,1,1,3,9773,1,1,110.0,1,19,19,5,5,105.5,1,0,0,1,0,0,19,0,0,6,6,6,13.0,0,0,6,8,5,12.4,0,12.4,0.5,1.79,Graduate,Graduate,0,Journalism and Communication,1.0,0,1.0,0.0,0,"(16.999, 19.0]"
941,1,1,1,9238,1,1,128.0,1,37,19,9,4,127.3,1,0,0,1,0,1,19,0,0,6,8,6,14.0,0,0,6,8,6,12.28571429,0,16.2,0.3,-0.92,Graduate,Graduate,0,Social Service,1.0,0,0.75,0.0,0,"(16.999, 19.0]"
942,2,39,1,9238,1,19,133.1,1,37,37,9,9,130.0,1,0,0,1,0,0,31,0,0,6,11,0,0.0,0,0,5,10,0,0.0,0,9.4,-0.8,-3.12,Enrolled,Enrolled,0,Social Service,0.0,6,0.0,0.0,0,"(25.0, 70.0]"
943,1,7,1,9085,1,3,130.0,1,1,19,9,10,130.0,0,0,0,1,0,0,34,0,0,6,0,0,0.0,0,0,6,0,0,0.0,0,15.5,2.8,-4.06,Dropout,Dropout,1,Veterinary Nursing,0.0,6,0.0,0.0,0,"(25.0, 70.0]"
944,1,16,1,9556,1,1,137.0,1,37,37,9,7,122.7,1,0,0,1,0,1,18,0,0,7,7,7,15.28571429,0,0,8,8,8,16.075,0,12.4,0.5,1.79,Graduate,Graduate,0,Oral Hygiene,1.0,0,1.0,0.0,0,"(16.999, 19.0]"
945,1,17,2,9254,1,1,123.0,1,37,37,7,7,113.9,1,0,0,1,0,0,18,0,0,6,6,6,13.16666667,0,0,6,6,6,12.66666667,0,11.1,0.6,2.02,Graduate,Graduate,0,Tourism,1.0,0,1.0,0.0,0,"(16.999, 19.0]"
946,1,1,1,9147,1,1,156.0,1,3,19,3,3,151.1,0,0,1,1,1,0,19,0,0,5,7,5,13.6,0,0,5,11,5,12.83333333,5,16.2,0.3,-0.92,Graduate,Graduate,0,Management,1.0,0,0.7142857142857143,0.0,1,"(16.999, 19.0]"
947,1,17,2,9773,1,1,133.1,1,3,5,0,2,125.8,1,0,0,0,1,1,22,0,0,4,8,0,0.0,0,0,4,8,0,0.0,0,7.6,2.6,0.32,Dropout,Dropout,1,Journalism and Communication,0.0,4,0.0,0.0,1,"(20.0, 25.0]"
948,2,43,1,9670,1,1,100.0,1,34,34,0,0,128.2,0,0,0,1,1,0,32,0,6,10,12,10,11.4,0,4,9,9,4,11.5,0,7.6,2.6,0.32,Graduate,Graduate,0,Advertising and Marketing Management,1.0,0,0.8333333333333334,0.0,0,"(25.0, 70.0]"
949,1,39,1,9147,1,1,140.0,1,37,3,9,2,135.1,0,0,0,1,1,0,61,0,0,5,0,0,0.0,0,0,5,0,0,0.0,0,15.5,2.8,-4.06,Dropout,Dropout,1,Management,0.0,5,0.0,0.0,0,"(25.0, 70.0]"
950,1,39,1,9991,0,1,130.0,1,37,37,9,9,120.2,1,0,0,1,1,0,30,0,0,5,7,5,11.0,0,0,5,5,5,11.6,0,7.6,2.6,0.32,Graduate,Graduate,0,Management (evening attendance),1.0,0,0.7142857142857143,0.0,0,"(25.0, 70.0]"
951,2,39,1,9991,0,1,133.1,1,37,37,9,9,132.8,0,0,1,0,1,0,45,0,0,5,9,0,0.0,0,0,5,11,0,0.0,0,12.4,0.5,1.79,Dropout,Dropout,1,Management (evening attendance),0.0,5,0.0,0.0,1,"(25.0, 70.0]"
952,1,44,1,9003,1,39,140.0,1,1,19,4,8,140.0,0,0,0,1,1,0,20,0,0,6,7,6,13.57142857,0,0,6,6,6,12.66666667,0,12.4,0.5,1.79,Graduate,Graduate,0,Agronomy,1.0,0,0.8571428571428571,0.0,0,"(19.0, 20.0]"
953,1,18,5,9500,1,1,137.0,1,19,1,1,10,129.3,0,0,0,1,0,0,19,0,0,7,0,0,0.0,0,0,8,0,0,0.0,0,9.4,-0.8,-3.12,Dropout,Dropout,1,Nursing,0.0,7,0.0,0.0,0,"(16.999, 19.0]"
954,1,42,1,9119,1,1,120.0,1,3,1,2,9,108.2,1,0,0,1,1,0,26,0,4,10,14,4,11.25,0,4,11,11,4,12.0,0,7.6,2.6,0.32,Dropout,Dropout,1,Informatics Engineering,0.4,6,0.2857142857142857,0.0,0,"(25.0, 70.0]"
955,1,17,4,9670,1,1,125.0,1,1,1,4,90,125.4,1,0,0,1,1,0,19,0,0,5,6,3,13.33333333,0,0,5,5,1,11.0,0,7.6,2.6,0.32,Dropout,Dropout,1,Advertising and Marketing Management,0.6,2,0.5,0.0,0,"(16.999, 19.0]"
956,1,17,1,9773,1,1,130.0,1,19,37,9,9,140.2,0,0,0,1,1,1,19,0,0,6,6,6,12.0,0,0,6,7,6,11.66666667,0,16.2,0.3,-0.92,Graduate,Graduate,0,Journalism and Communication,1.0,0,1.0,0.0,0,"(16.999, 19.0]"
957,1,1,3,9773,1,1,115.0,1,38,1,9,4,116.1,1,0,0,1,1,0,19,0,0,6,6,6,12.5,0,0,6,7,5,13.0,0,12.4,0.5,1.79,Graduate,Graduate,0,Journalism and Communication,1.0,0,1.0,0.0,0,"(16.999, 19.0]"
958,1,1,1,9147,1,1,150.0,1,1,19,5,5,137.8,1,0,0,1,1,1,19,0,0,5,6,5,13.2,0,0,5,6,5,12.66666667,0,16.2,0.3,-0.92,Graduate,Graduate,0,Management,1.0,0,0.8333333333333334,0.0,0,"(16.999, 19.0]"
959,1,1,3,9670,1,1,134.0,1,14,11,0,0,128.4,1,0,0,0,1,0,19,0,0,5,5,0,0.0,0,0,4,4,0,0.0,0,7.6,2.6,0.32,Dropout,Dropout,1,Advertising and Marketing Management,0.0,5,0.0,0.0,1,"(16.999, 19.0]"
960,1,39,1,9670,1,1,120.0,1,34,34,0,0,106.0,1,0,0,0,1,0,28,0,0,5,7,3,11.66666667,0,0,5,8,2,11.5,1,7.6,2.6,0.32,Dropout,Dropout,1,Advertising and Marketing Management,0.6,2,0.42857142857142855,0.0,1,"(25.0, 70.0]"
961,1,43,1,9147,1,1,141.0,1,37,37,9,9,130.2,0,0,0,1,1,0,24,0,10,15,16,15,13.46666667,1,10,14,14,14,13.64285714,0,9.4,-0.8,-3.12,Graduate,Graduate,0,Management,1.0,0,0.9375,0.06666666666666667,0,"(20.0, 25.0]"
962,1,1,1,9130,1,1,133.0,1,3,1,2,4,126.0,0,0,0,1,1,0,18,0,0,5,7,3,13.66666667,0,0,5,5,5,13.2,0,7.6,2.6,0.32,Graduate,Graduate,0,Equinculture,0.6,2,0.42857142857142855,0.0,0,"(16.999, 19.0]"
963,1,1,2,9119,1,1,149.0,1,38,38,5,5,141.0,0,0,0,1,1,0,18,0,0,5,9,2,11.66666667,0,0,5,9,2,12.5,2,7.6,2.6,0.32,Enrolled,Enrolled,0,Informatics Engineering,0.4,3,0.2222222222222222,0.0,0,"(16.999, 19.0]"
964,1,1,1,9773,1,1,121.0,1,1,3,3,7,113.0,1,0,0,1,1,1,18,0,0,6,7,6,11.66666667,0,0,6,12,5,10.2,0,12.4,0.5,1.79,Graduate,Graduate,0,Journalism and Communication,1.0,0,0.8571428571428571,0.0,0,"(16.999, 19.0]"
965,1,44,1,9003,1,39,120.0,1,4,1,2,8,120.0,0,0,0,1,1,0,21,0,0,6,9,5,13.4,0,0,6,9,5,12.4,0,8.9,1.4,3.51,Graduate,Graduate,0,Agronomy,0.8333333333333334,1,0.5555555555555556,0.0,0,"(20.0, 25.0]"
966,2,39,1,9991,0,1,148.0,1,19,37,9,5,130.9,0,0,0,0,1,0,28,0,0,5,5,0,0.0,0,0,5,6,0,0.0,0,12.4,0.5,1.79,Dropout,Dropout,1,Management (evening attendance),0.0,5,0.0,0.0,1,"(25.0, 70.0]"
967,1,39,1,9003,1,12,133.1,1,37,19,9,10,120.0,0,0,0,1,1,0,58,0,0,6,9,0,0.0,0,0,6,6,0,0.0,0,13.9,-0.3,0.79,Dropout,Dropout,1,Agronomy,0.0,6,0.0,0.0,0,"(25.0, 70.0]"
968,2,39,1,9991,0,1,135.0,1,34,34,0,0,134.1,1,0,0,0,1,0,49,0,0,5,5,0,0.0,0,0,5,5,0,0.0,0,7.6,2.6,0.32,Dropout,Dropout,1,Management (evening attendance),0.0,5,0.0,0.0,1,"(25.0, 70.0]"
969,1,39,1,9119,1,1,150.0,1,1,38,3,5,120.0,0,0,0,1,1,0,24,0,0,5,6,3,10.66666667,0,0,5,9,2,10.5,0,15.5,2.8,-4.06,Enrolled,Enrolled,0,Informatics Engineering,0.6,2,0.5,0.0,0,"(20.0, 25.0]"
970,1,43,1,9670,1,1,130.0,1,34,34,0,0,114.8,0,0,0,1,1,0,25,0,0,5,5,4,13.75,0,0,5,5,4,14.75,0,7.6,2.6,0.32,Graduate,Graduate,0,Advertising and Marketing Management,0.8,1,0.8,0.0,0,"(20.0, 25.0]"
971,4,42,1,9147,1,1,133.1,1,37,38,7,3,123.0,1,0,0,1,1,0,33,0,0,5,5,1,10.0,0,0,5,5,0,0.0,0,7.6,2.6,0.32,Dropout,Dropout,1,Management,0.2,4,0.2,0.0,0,"(25.0, 70.0]"
972,2,39,2,9119,1,19,133.1,1,37,37,7,7,118.0,0,0,0,0,1,0,33,0,0,5,11,0,0.0,0,0,5,5,0,0.0,0,9.4,-0.8,-3.12,Dropout,Dropout,1,Informatics Engineering,0.0,5,0.0,0.0,1,"(25.0, 70.0]"
973,2,43,1,9853,1,1,110.0,1,37,37,7,7,100.0,0,0,0,1,1,0,40,0,0,2,4,1,16.0,0,0,4,5,4,15.5,0,13.9,-0.3,0.79,Graduate,Graduate,0,Basic Education,0.5,1,0.25,0.0,0,"(25.0, 70.0]"
974,2,39,1,9991,0,1,170.0,1,37,19,9,3,151.1,0,0,0,1,1,0,48,0,0,5,9,5,12.28571429,0,0,5,8,5,11.125,0,16.2,0.3,-0.92,Graduate,Graduate,0,Management (evening attendance),1.0,0,0.5555555555555556,0.0,0,"(25.0, 70.0]"
975,1,17,3,9119,1,1,120.0,1,1,19,9,3,116.9,1,0,1,0,1,0,18,0,0,5,10,3,12.0,0,0,5,8,3,10.33333333,0,8.9,1.4,3.51,Enrolled,Enrolled,0,Informatics Engineering,0.6,2,0.3,0.0,1,"(16.999, 19.0]"
976,1,39,1,9500,1,19,133.1,1,38,38,9,8,106.0,1,0,0,1,1,0,24,0,0,7,7,6,12.66666667,1,0,7,7,6,12.66666667,1,7.6,2.6,0.32,Graduate,Graduate,0,Nursing,0.8571428571428571,1,0.8571428571428571,0.14285714285714285,0,"(20.0, 25.0]"
977,2,1,1,9085,1,1,139.0,1,19,19,192,144,127.1,0,0,0,1,1,1,23,0,0,5,6,5,11.8,0,0,5,7,4,13.25,1,10.8,1.4,1.74,Graduate,Graduate,0,Veterinary Nursing,1.0,0,0.8333333333333334,0.0,0,"(20.0, 25.0]"
978,1,39,1,9991,0,19,133.1,1,19,37,7,5,155.5,1,0,1,0,1,0,39,0,0,5,6,5,10.6,0,0,5,7,5,14.66666667,0,10.8,1.4,1.74,Dropout,Dropout,1,Management (evening attendance),1.0,0,0.8333333333333334,0.0,1,"(25.0, 70.0]"
979,1,18,1,9003,1,1,133.1,1,1,38,9,6,101.0,0,0,0,1,1,0,21,0,5,11,16,9,11.9,0,3,9,14,8,12.25,0,15.5,2.8,-4.06,Graduate,Graduate,0,Agronomy,0.8181818181818182,2,0.5625,0.0,0,"(20.0, 25.0]"
980,1,42,1,9119,1,6,120.0,1,35,35,6,6,128.2,1,0,0,1,1,0,34,0,4,6,8,4,11.25,0,1,5,8,2,10.5,0,7.6,2.6,0.32,Dropout,Dropout,1,Informatics Engineering,0.6666666666666666,2,0.5,0.0,0,"(25.0, 70.0]"
981,2,39,1,9991,0,1,100.0,1,19,19,4,4,113.0,0,0,0,1,1,1,41,0,0,5,9,4,11.0,0,0,5,6,5,11.4,0,8.9,1.4,3.51,Enrolled,Enrolled,0,Management (evening attendance),0.8,1,0.4444444444444444,0.0,0,"(25.0, 70.0]"
982,1,1,1,9773,1,1,134.0,1,1,38,4,5,122.8,0,0,0,1,1,0,18,0,0,6,6,6,12.0,0,0,6,6,6,12.5,0,12.7,3.7,-1.7,Graduate,Graduate,0,Journalism and Communication,1.0,0,1.0,0.0,0,"(16.999, 19.0]"
983,2,39,1,9991,0,1,130.0,1,38,38,9,3,145.6,0,0,0,1,1,0,34,0,0,5,10,4,11.75,0,0,5,10,4,10.83333333,0,13.9,-0.3,0.79,Enrolled,Enrolled,0,Management (evening attendance),0.8,1,0.4,0.0,0,"(25.0, 70.0]"
984,1,1,1,9147,1,1,128.0,1,1,1,2,10,116.5,0,0,0,1,1,0,19,0,0,5,8,2,10.0,0,0,5,8,1,16.0,0,7.6,2.6,0.32,Dropout,Dropout,1,Management,0.4,3,0.25,0.0,0,"(16.999, 19.0]"
985,1,1,1,9500,1,1,154.0,1,19,19,3,3,142.0,0,0,0,1,1,0,19,0,0,8,8,7,13.71428571,0,0,8,8,7,13.71428571,0,12.7,3.7,-1.7,Graduate,Graduate,0,Nursing,0.875,1,0.875,0.0,0,"(16.999, 19.0]"
986,1,7,1,9003,1,4,150.0,1,1,1,4,6,150.0,0,0,0,1,1,0,28,0,0,6,14,6,14.875,0,0,6,12,6,15.8,0,16.2,0.3,-0.92,Graduate,Graduate,0,Agronomy,1.0,0,0.42857142857142855,0.0,0,"(25.0, 70.0]"
987,1,17,1,9070,1,1,134.0,1,1,1,5,0,133.3,1,0,0,1,1,0,18,0,0,6,7,5,10.8,1,0,6,6,0,0.0,0,7.6,2.6,0.32,Dropout,Dropout,1,Communication Design,0.8333333333333334,1,0.7142857142857143,0.16666666666666666,0,"(16.999, 19.0]"
988,1,1,1,9238,1,1,127.0,1,2,2,3,4,115.8,1,0,0,1,1,0,19,0,0,6,11,3,12.0,0,0,6,12,2,10.0,0,11.1,0.6,2.02,Dropout,Dropout,1,Social Service,0.5,3,0.2727272727272727,0.0,0,"(16.999, 19.0]"
989,1,17,2,9085,1,1,133.1,1,19,38,9,1,100.0,1,0,1,0,1,0,19,0,0,6,10,5,12.5,0,0,6,19,2,13.5,0,12.4,0.5,1.79,Dropout,Dropout,1,Veterinary Nursing,0.8333333333333334,1,0.5,0.0,1,"(16.999, 19.0]"
990,1,17,1,9500,1,1,130.0,1,1,3,9,2,128.6,1,0,0,1,0,0,18,0,0,7,7,7,14.72857143,0,0,8,11,8,16.32727273,0,16.2,0.3,-0.92,Graduate,Graduate,0,Nursing,1.0,0,1.0,0.0,0,"(16.999, 19.0]"
991,1,1,1,9130,1,1,135.0,1,3,3,2,2,137.1,1,0,0,1,0,0,18,0,0,6,8,6,12.0,0,0,6,8,5,14.8,0,12.4,0.5,1.79,Graduate,Graduate,0,Equinculture,1.0,0,0.75,0.0,0,"(16.999, 19.0]"
992,1,1,1,9773,1,1,143.0,1,1,3,3,3,149.0,1,0,0,1,0,0,18,0,0,6,8,6,11.42857143,0,0,6,7,6,11.0,0,11.1,0.6,2.02,Dropout,Dropout,1,Journalism and Communication,1.0,0,0.75,0.0,0,"(16.999, 19.0]"
993,1,44,2,9238,1,39,150.0,1,3,19,4,9,147.0,1,0,0,1,0,0,19,0,3,6,6,6,14.16666667,0,2,6,6,6,13.5,0,12.4,0.5,1.79,Graduate,Graduate,0,Social Service,1.0,0,1.0,0.0,0,"(16.999, 19.0]"
994,2,7,1,9238,1,3,150.0,1,37,37,191,192,150.0,0,0,0,1,0,0,31,0,1,6,12,5,12.5,0,0,6,10,5,14.6,0,12.7,3.7,-1.7,Graduate,Graduate,0,Social Service,0.8333333333333334,1,0.4166666666666667,0.0,0,"(25.0, 70.0]"
995,1,39,1,8014,0,1,130.0,1,37,37,9,8,103.5,0,0,0,1,0,1,33,0,0,6,6,6,14.16666667,0,0,6,6,6,14.33333333,0,12.7,3.7,-1.7,Graduate,Graduate,0,Social Service (evening attendance),1.0,0,1.0,0.0,0,"(25.0, 70.0]"
996,1,1,3,9500,1,1,113.0,1,3,1,134,135,107.8,1,0,0,1,0,1,20,0,0,7,10,5,14.46,0,0,7,8,6,13.55,0,12.4,0.5,1.79,Enrolled,Enrolled,0,Nursing,0.7142857142857143,2,0.5,0.0,0,"(19.0, 20.0]"
997,1,44,1,9085,1,39,130.0,6,19,1,6,4,130.0,1,0,0,1,0,0,22,1,0,6,12,5,12.8,0,0,6,19,2,11.5,0,12.4,0.5,1.79,Enrolled,Enrolled,0,Veterinary Nursing,0.8333333333333334,1,0.4166666666666667,0.0,0,"(20.0, 25.0]"
998,1,17,1,9254,1,1,115.0,1,1,19,3,3,109.4,1,0,0,1,0,0,19,0,0,6,8,6,12.66666667,0,0,6,8,5,13.4,0,11.1,0.6,2.02,Graduate,Graduate,0,Tourism,1.0,0,0.75,0.0,0,"(16.999, 19.0]"
999,1,1,3,9070,1,1,146.0,1,34,34,0,0,143.6,1,0,0,1,0,0,18,0,0,6,6,6,12.5,0,0,6,6,6,13.0,0,7.6,2.6,0.32,Dropout,Dropout,1,Communication Design,1.0,0,1.0,0.0,0,"(16.999, 19.0]"
1000,1,17,3,9070,1,1,132.0,1,38,1,5,5,124.3,0,1,0,1,0,0,18,0,0,6,0,0,0.0,0,0,6,0,0,0.0,0,15.5,2.8,-4.06,Dropout,Dropout,1,Communication Design,0.0,6,0.0,0.0,0,"(16.999, 19.0]"
1001,1,1,5,9670,1,1,116.0,1,19,38,9,9,119.5,1,0,0,0,0,0,18,0,0,6,0,0,0.0,0,0,6,0,0,0.0,0,8.9,1.4,3.51,Dropout,Dropout,1,Advertising and Marketing Management,0.0,6,0.0,0.0,1,"(16.999, 19.0]"
1002,1,1,1,171,1,1,163.0,1,3,4,2,5,175.6,1,0,0,1,0,0,18,0,0,0,0,0,0.0,0,0,0,0,0,0.0,0,11.1,0.6,2.02,Graduate,Graduate,0,Animation and Multimedia Design,0.0,0,0.0,0.0,0,"(16.999, 19.0]"
1003,1,17,2,9147,1,1,122.0,1,19,19,7,7,116.1,1,0,0,1,0,1,19,0,0,5,8,5,11.2,0,0,5,5,3,11.0,0,12.4,0.5,1.79,Graduate,Graduate,0,Management,1.0,0,0.625,0.0,0,"(16.999, 19.0]"
1004,1,17,2,9238,1,1,136.0,1,1,3,3,4,126.6,1,0,0,1,0,0,18,0,0,6,6,6,16.5,0,0,6,7,6,17.42857143,0,11.1,0.6,2.02,Dropout,Dropout,1,Social Service,1.0,0,1.0,0.0,0,"(16.999, 19.0]"
1005,1,17,1,9085,1,1,142.0,1,3,19,5,5,130.8,1,0,0,1,0,0,18,0,0,5,9,3,13.66666667,1,0,5,5,5,12.0,0,12.7,3.7,-1.7,Graduate,Graduate,0,Veterinary Nursing,0.6,2,0.3333333333333333,0.2,0,"(16.999, 19.0]"
1006,1,17,6,9500,1,1,139.0,1,37,37,9,6,133.5,1,0,0,1,0,1,18,0,0,8,8,7,15.22857143,0,0,8,8,7,15.22857143,0,12.7,3.7,-1.7,Graduate,Graduate,0,Nursing,0.875,1,0.875,0.0,0,"(16.999, 19.0]"
1007,1,53,1,9238,1,42,140.0,1,37,37,9,10,136.9,1,0,0,1,0,0,21,0,5,9,10,9,12.77777778,0,4,9,9,9,13.22222222,0,8.9,1.4,3.51,Graduate,Graduate,0,Social Service,1.0,0,0.9,0.0,0,"(20.0, 25.0]"
1008,1,1,1,9500,1,1,165.0,1,19,37,5,5,142.3,0,0,0,1,0,1,18,0,0,8,8,7,14.42857143,0,0,8,8,7,14.42857143,0,12.7,3.7,-1.7,Graduate,Graduate,0,Nursing,0.875,1,0.875,0.0,0,"(16.999, 19.0]"
1009,1,17,3,9670,1,1,122.0,1,1,38,3,3,114.3,1,0,0,1,0,0,18,0,0,6,8,6,13.875,0,0,6,7,6,13.71428571,0,11.1,0.6,2.02,Graduate,Graduate,0,Advertising and Marketing Management,1.0,0,0.75,0.0,0,"(16.999, 19.0]"
1010,1,1,2,9500,1,1,135.0,1,19,19,9,10,122.9,1,0,0,1,0,0,18,0,0,7,10,7,13.128,0,0,8,13,6,13.19333333,0,15.5,2.8,-4.06,Graduate,Graduate,0,Nursing,1.0,0,0.7,0.0,0,"(16.999, 19.0]"
1011,1,17,1,9500,1,1,128.0,1,19,1,4,3,117.2,1,0,0,1,0,0,20,0,0,7,9,6,11.605,0,0,8,10,7,12.4125,0,16.2,0.3,-0.92,Graduate,Graduate,0,Nursing,0.8571428571428571,1,0.6666666666666666,0.0,0,"(19.0, 20.0]"
1012,1,17,1,9147,1,1,139.0,1,1,38,4,5,152.0,0,0,0,1,0,1,18,0,0,5,5,5,14.6,0,0,5,8,5,12.0,0,12.7,3.7,-1.7,Graduate,Graduate,0,Management,1.0,0,1.0,0.0,0,"(16.999, 19.0]"
1013,1,1,2,9773,1,1,125.0,1,19,1,4,5,122.2,1,0,0,1,0,0,18,0,0,6,0,0,0.0,0,0,6,0,0,0.0,0,11.1,0.6,2.02,Dropout,Dropout,1,Journalism and Communication,0.0,6,0.0,0.0,0,"(16.999, 19.0]"
1014,1,18,2,9147,1,1,102.0,1,37,38,191,143,101.7,1,0,0,1,0,1,20,0,0,5,6,5,11.8,0,0,5,6,5,11.6,0,8.9,1.4,3.51,Graduate,Graduate,0,Management,1.0,0,0.8333333333333334,0.0,0,"(19.0, 20.0]"
1015,1,17,1,9254,1,1,116.0,1,19,19,9,8,119.9,1,0,0,1,0,0,20,0,0,6,6,6,12.33333333,0,0,6,6,6,12.33333333,0,12.4,0.5,1.79,Graduate,Graduate,0,Tourism,1.0,0,1.0,0.0,0,"(19.0, 20.0]"
1016,1,17,1,9147,1,1,138.0,1,37,1,9,9,123.7,1,0,1,1,0,1,19,0,0,5,5,4,11.0,0,0,5,5,0,0.0,0,11.1,0.6,2.02,Dropout,Dropout,1,Management,0.8,1,0.8,0.0,1,"(16.999, 19.0]"
1017,1,51,1,9070,1,1,135.0,1,3,1,3,5,121.8,0,0,0,1,0,1,19,0,5,11,11,11,13.18181818,0,5,11,11,11,12.90909091,0,11.1,0.6,2.02,Graduate,Graduate,0,Communication Design,1.0,0,1.0,0.0,0,"(16.999, 19.0]"
1018,1,17,4,9670,1,1,110.0,1,19,37,9,99,106.1,1,1,1,0,0,1,18,0,0,6,6,1,11.0,0,0,6,0,0,0.0,0,12.7,3.7,-1.7,Dropout,Dropout,1,Advertising and Marketing Management,0.16666666666666666,5,0.16666666666666666,0.0,1,"(16.999, 19.0]"
1019,1,17,3,9773,1,1,132.0,1,1,1,4,9,124.3,1,0,1,1,0,1,19,0,0,6,6,6,11.83333333,0,0,6,7,6,12.28571429,0,15.5,2.8,-4.06,Graduate,Graduate,0,Journalism and Communication,1.0,0,1.0,0.0,1,"(16.999, 19.0]"
1020,1,1,2,9500,1,1,126.0,1,1,38,4,7,124.3,1,0,0,1,0,1,20,0,0,8,8,8,12.98125,0,0,8,8,8,12.98125,0,9.4,-0.8,-3.12,Graduate,Graduate,0,Nursing,1.0,0,1.0,0.0,0,"(19.0, 20.0]"
1021,1,44,1,9147,1,39,117.4,1,19,1,4,9,117.4,1,0,0,1,0,0,21,0,4,7,10,6,11.33333333,0,1,5,6,5,11.2,0,11.1,0.6,2.02,Graduate,Graduate,0,Management,0.8571428571428571,1,0.6,0.0,0,"(20.0, 25.0]"
1022,1,43,2,9500,1,1,120.0,1,41,3,2,2,112.7,0,0,0,1,0,0,21,0,0,8,12,6,11.68,0,0,8,12,6,11.68,0,10.8,1.4,1.74,Graduate,Graduate,0,Nursing,0.75,2,0.5,0.0,0,"(20.0, 25.0]"
1023,1,17,1,9070,1,1,116.0,1,38,38,9,9,123.7,0,0,0,1,0,0,20,0,0,6,6,6,14.5,0,0,6,7,6,13.5,0,11.1,0.6,2.02,Graduate,Graduate,0,Communication Design,1.0,0,1.0,0.0,0,"(19.0, 20.0]"
1024,1,18,2,9853,1,1,111.0,1,38,38,191,171,105.8,1,0,0,1,0,0,19,0,0,7,7,7,13.14285714,0,0,7,8,7,12.85714286,0,8.9,1.4,3.51,Graduate,Graduate,0,Basic Education,1.0,0,1.0,0.0,0,"(16.999, 19.0]"
1025,1,17,3,9085,1,1,128.0,1,1,19,4,90,124.2,0,0,0,0,0,0,21,0,0,5,8,2,11.5,0,0,5,7,2,10.5,0,7.6,2.6,0.32,Dropout,Dropout,1,Veterinary Nursing,0.4,3,0.25,0.0,1,"(20.0, 25.0]"
1026,1,1,1,9085,1,1,123.0,1,30,19,4,90,122.3,0,0,0,1,0,0,18,0,0,5,6,5,14.2,0,0,5,7,5,11.8,0,7.6,2.6,0.32,Graduate,Graduate,0,Veterinary Nursing,1.0,0,0.8333333333333334,0.0,0,"(16.999, 19.0]"
1027,1,1,5,9254,1,1,131.0,1,19,37,9,9,123.7,0,0,0,1,0,1,19,0,0,6,8,5,11.66666667,0,0,6,7,5,12.2,0,8.9,1.4,3.51,Graduate,Graduate,0,Tourism,0.8333333333333334,1,0.625,0.0,0,"(16.999, 19.0]"
1028,1,17,2,9500,1,1,135.0,1,19,19,9,4,129.8,1,0,0,1,0,0,18,0,0,7,8,7,13.175,0,0,8,8,8,14.875,0,13.9,-0.3,0.79,Graduate,Graduate,0,Nursing,1.0,0,0.875,0.0,0,"(16.999, 19.0]"
1029,1,1,4,9500,1,1,136.0,1,1,1,9,9,123.8,1,0,0,1,0,1,19,0,0,8,8,7,13.31428571,0,0,8,8,7,13.31428571,0,12.7,3.7,-1.7,Graduate,Graduate,0,Nursing,0.875,1,0.875,0.0,0,"(16.999, 19.0]"
1030,1,1,2,9147,1,1,132.0,1,1,19,4,3,126.4,1,0,0,1,0,1,18,0,0,5,13,3,10.6,0,0,5,12,3,10.5,0,13.9,-0.3,0.79,Graduate,Graduate,0,Management,0.6,2,0.23076923076923078,0.0,0,"(16.999, 19.0]"
1031,1,1,1,9853,1,1,120.0,1,19,37,5,7,115.1,0,0,0,1,0,1,18,0,0,6,11,4,12.0,0,0,6,8,4,10.75,0,15.5,2.8,-4.06,Enrolled,Enrolled,0,Basic Education,0.6666666666666666,2,0.36363636363636365,0.0,0,"(16.999, 19.0]"
1032,1,1,1,9773,1,1,144.0,1,37,37,8,8,138.4,0,0,0,1,0,0,18,0,0,6,7,6,13.42857143,0,0,6,7,6,14.14285714,0,13.9,-0.3,0.79,Graduate,Graduate,0,Journalism and Communication,1.0,0,0.8571428571428571,0.0,0,"(16.999, 19.0]"
1033,1,17,1,9085,1,1,129.0,1,1,37,9,9,118.2,1,0,0,1,0,1,18,0,0,5,7,4,13.25,0,0,5,8,5,15.57142857,0,10.8,1.4,1.74,Graduate,Graduate,0,Veterinary Nursing,0.8,1,0.5714285714285714,0.0,0,"(16.999, 19.0]"
1034,1,17,1,9070,1,1,136.0,1,38,19,7,7,121.7,1,0,0,1,0,0,18,0,0,6,6,2,13.0,0,0,6,6,0,0.0,0,12.4,0.5,1.79,Dropout,Dropout,1,Communication Design,0.3333333333333333,4,0.3333333333333333,0.0,0,"(16.999, 19.0]"
1035,1,1,3,9070,1,1,125.0,1,1,38,9,7,118.0,0,0,0,1,0,1,18,0,0,6,6,6,14.33333333,0,0,6,7,6,14.0,0,11.1,0.6,2.02,Enrolled,Enrolled,0,Communication Design,1.0,0,1.0,0.0,0,"(16.999, 19.0]"
1036,1,17,1,9238,1,1,125.0,1,1,38,9,7,119.8,0,0,0,1,0,0,18,0,0,6,0,0,0.0,0,0,6,0,0,0.0,0,11.1,0.6,2.02,Dropout,Dropout,1,Social Service,0.0,6,0.0,0.0,0,"(16.999, 19.0]"
1037,1,1,1,9238,1,1,154.0,1,1,3,4,2,164.9,0,0,0,1,0,0,18,0,0,6,6,6,14.0,0,0,6,6,6,13.16666667,0,10.8,1.4,1.74,Graduate,Graduate,0,Social Service,1.0,0,1.0,0.0,0,"(16.999, 19.0]"
1038,1,42,1,9085,1,1,100.0,1,1,38,4,9,100.0,1,0,0,1,0,1,20,0,1,2,2,2,12.0,0,1,6,11,6,12.83333333,0,13.9,-0.3,0.79,Graduate,Graduate,0,Veterinary Nursing,1.0,0,1.0,0.0,0,"(19.0, 20.0]"
1039,1,1,1,9853,1,1,124.0,1,3,1,2,5,121.6,0,0,0,1,0,0,18,0,0,6,9,5,12.33333333,0,0,6,10,5,10.6,0,15.5,2.8,-4.06,Enrolled,Enrolled,0,Basic Education,0.8333333333333334,1,0.5555555555555556,0.0,0,"(16.999, 19.0]"
1040,1,17,4,9070,1,1,126.0,1,1,19,4,5,120.4,1,0,0,1,0,0,18,0,0,6,8,5,11.8,0,0,6,7,5,10.4,1,16.2,0.3,-0.92,Graduate,Graduate,0,Communication Design,0.8333333333333334,1,0.625,0.0,0,"(16.999, 19.0]"
1041,1,18,6,9500,1,1,124.0,1,37,37,9,7,117.8,0,0,0,1,0,1,20,0,0,8,8,7,12.79142857,1,0,8,8,7,12.79142857,1,10.8,1.4,1.74,Graduate,Graduate,0,Nursing,0.875,1,0.875,0.125,0,"(19.0, 20.0]"
1042,4,43,1,9670,1,1,150.0,1,37,37,9,6,110.0,0,0,0,1,0,0,40,0,4,8,8,8,11.625,0,3,7,12,5,11.2,0,9.4,-0.8,-3.12,Graduate,Graduate,0,Advertising and Marketing Management,1.0,0,1.0,0.0,0,"(25.0, 70.0]"
1043,1,1,6,9500,1,1,133.0,1,38,38,9,9,128.8,1,0,0,1,0,1,18,0,0,7,11,6,11.99444444,0,0,8,11,7,12.43142857,0,15.5,2.8,-4.06,Graduate,Graduate,0,Nursing,0.8571428571428571,1,0.5454545454545454,0.0,0,"(16.999, 19.0]"
1044,1,1,5,9254,1,1,126.0,1,19,19,4,7,116.6,1,0,0,1,0,0,19,0,0,6,9,5,11.6,0,0,6,12,5,12.2,0,13.9,-0.3,0.79,Graduate,Graduate,0,Tourism,0.8333333333333334,1,0.5555555555555556,0.0,0,"(16.999, 19.0]"
1045,1,7,1,9991,0,40,120.0,1,1,19,4,9,120.0,0,0,0,1,0,0,24,0,0,5,5,0,0.0,0,0,5,6,0,0.0,0,12.4,0.5,1.79,Dropout,Dropout,1,Management (evening attendance),0.0,5,0.0,0.0,0,"(20.0, 25.0]"
1046,1,1,3,9773,1,1,175.0,1,3,38,2,10,157.5,1,0,0,1,0,0,19,0,0,6,8,6,13.16666667,0,0,6,7,6,13.16666667,0,10.8,1.4,1.74,Dropout,Dropout,1,Journalism and Communication,1.0,0,0.75,0.0,0,"(16.999, 19.0]"
1047,1,1,6,9500,1,1,141.0,1,2,1,4,4,136.3,1,0,0,1,0,0,19,0,0,8,8,7,14.1,0,0,8,8,7,14.1,0,10.8,1.4,1.74,Graduate,Graduate,0,Nursing,0.875,1,0.875,0.0,0,"(16.999, 19.0]"
1048,1,1,1,9500,1,1,133.0,1,1,19,9,6,121.5,1,0,0,1,0,1,20,0,0,7,8,6,12.39666667,0,0,8,9,7,12.94285714,0,11.1,0.6,2.02,Graduate,Graduate,0,Nursing,0.8571428571428571,1,0.75,0.0,0,"(19.0, 20.0]"
1049,1,1,1,9500,1,1,143.0,1,38,38,5,5,133.9,0,0,0,1,0,0,18,0,0,7,7,7,15.01428571,0,0,8,8,8,16.0875,0,12.4,0.5,1.79,Graduate,Graduate,0,Nursing,1.0,0,1.0,0.0,0,"(16.999, 19.0]"
1050,1,1,1,171,1,1,141.0,1,1,38,4,8,136.8,1,0,0,1,0,1,18,0,0,0,0,0,0.0,0,0,0,0,0,0.0,0,13.9,-0.3,0.79,Graduate,Graduate,0,Animation and Multimedia Design,0.0,0,0.0,0.0,0,"(16.999, 19.0]"
1051,1,17,2,9500,1,1,134.0,1,19,37,4,7,133.5,1,0,0,1,0,0,19,0,0,7,8,7,14.05,0,0,8,8,8,15.1,0,13.9,-0.3,0.79,Graduate,Graduate,0,Nursing,1.0,0,0.875,0.0,0,"(16.999, 19.0]"
1052,1,17,3,9500,1,1,138.0,1,3,3,4,5,130.0,1,0,0,1,0,0,18,0,0,7,8,7,14.85,0,0,8,8,8,15.2,0,13.9,-0.3,0.79,Dropout,Dropout,1,Nursing,1.0,0,0.875,0.0,0,"(16.999, 19.0]"
1053,1,44,1,9085,1,39,140.0,1,3,3,2,2,140.0,1,0,0,1,0,0,19,0,0,6,10,6,13.0,0,0,6,19,5,13.0,0,12.4,0.5,1.79,Graduate,Graduate,0,Veterinary Nursing,1.0,0,0.6,0.0,0,"(16.999, 19.0]"
1054,1,1,2,9500,1,1,142.0,1,37,37,9,7,132.7,1,0,0,1,0,1,19,0,0,7,8,7,14.7875,0,0,8,8,8,15.8625,0,13.9,-0.3,0.79,Graduate,Graduate,0,Nursing,1.0,0,0.875,0.0,0,"(16.999, 19.0]"
1055,1,1,1,9500,1,1,118.0,1,19,19,5,7,117.8,0,0,0,1,0,1,19,0,0,7,7,7,13.7,0,0,8,9,7,14.67142857,0,12.4,0.5,1.79,Graduate,Graduate,0,Nursing,1.0,0,1.0,0.0,0,"(16.999, 19.0]"
1056,1,1,2,9500,1,1,131.0,1,1,37,4,4,126.1,1,0,0,1,0,1,19,0,0,7,7,7,12.49571429,0,0,8,9,7,12.24285714,0,11.1,0.6,2.02,Dropout,Dropout,1,Nursing,1.0,0,1.0,0.0,0,"(16.999, 19.0]"
1057,1,1,1,9500,1,1,130.0,1,1,38,1,7,120.0,0,0,0,1,0,0,19,0,0,7,7,6,14.56666667,0,0,7,7,6,14.56666667,0,7.6,2.6,0.32,Graduate,Graduate,0,Nursing,0.8571428571428571,1,0.8571428571428571,0.0,0,"(16.999, 19.0]"
1058,1,39,1,9670,1,12,133.1,1,1,19,1,5,100.0,1,0,1,0,0,0,25,0,0,5,5,5,11.2,0,0,5,5,4,11.25,0,9.4,-0.8,-3.12,Dropout,Dropout,1,Advertising and Marketing Management,1.0,0,1.0,0.0,1,"(20.0, 25.0]"
1059,1,1,1,9500,1,1,130.0,1,19,19,4,10,116.8,0,0,0,1,0,0,20,0,0,8,8,7,12.68571429,0,0,8,8,7,12.68571429,0,12.7,3.7,-1.7,Graduate,Graduate,0,Nursing,0.875,1,0.875,0.0,0,"(19.0, 20.0]"
1060,1,53,1,9238,1,42,130.0,1,1,19,5,5,128.3,0,0,1,0,0,0,23,0,5,9,12,7,13.57142857,0,4,9,14,4,13.25,0,8.9,1.4,3.51,Dropout,Dropout,1,Social Service,0.7777777777777778,2,0.5833333333333334,0.0,1,"(20.0, 25.0]"
1061,1,1,1,9070,1,1,133.1,1,19,19,7,7,117.0,0,0,0,1,0,0,20,0,0,6,0,0,0.0,0,0,6,0,0,0.0,0,15.5,2.8,-4.06,Dropout,Dropout,1,Communication Design,0.0,6,0.0,0.0,0,"(19.0, 20.0]"
1062,1,39,1,8014,0,1,130.0,1,37,11,9,10,131.5,0,0,0,1,0,0,27,0,0,6,8,5,11.0,0,0,6,7,6,11.16666667,0,11.1,0.6,2.02,Graduate,Graduate,0,Social Service (evening attendance),0.8333333333333334,1,0.625,0.0,0,"(25.0, 70.0]"
1063,1,1,1,9500,1,1,149.0,1,19,1,4,4,134.8,0,0,0,1,0,0,18,0,0,8,8,8,14.445,0,0,8,8,8,14.445,0,9.4,-0.8,-3.12,Graduate,Graduate,0,Nursing,1.0,0,1.0,0.0,0,"(16.999, 19.0]"
1064,1,1,1,9853,1,1,163.0,1,19,1,5,10,146.6,1,0,1,1,0,0,18,0,0,6,9,5,13.6,0,0,6,10,4,11.75,0,9.4,-0.8,-3.12,Enrolled,Enrolled,0,Basic Education,0.8333333333333334,1,0.5555555555555556,0.0,1,"(16.999, 19.0]"
1065,1,7,1,8014,0,40,130.0,1,19,1,5,10,130.0,1,0,1,0,0,0,23,0,7,12,12,11,14.0,0,4,10,11,8,14.625,0,13.9,-0.3,0.79,Dropout,Dropout,1,Social Service (evening attendance),0.9166666666666666,1,0.9166666666666666,0.0,1,"(20.0, 25.0]"
1066,1,1,6,9500,1,1,145.0,1,38,37,5,6,127.5,1,0,0,1,0,1,19,0,0,7,7,6,13.41666667,0,0,7,7,6,13.41666667,0,7.6,2.6,0.32,Graduate,Graduate,0,Nursing,0.8571428571428571,1,0.8571428571428571,0.0,0,"(16.999, 19.0]"
1067,1,1,1,9147,1,1,130.0,1,37,38,3,3,123.0,0,0,0,1,0,0,18,0,0,5,8,5,12.33333333,2,0,5,7,5,11.4,0,15.5,2.8,-4.06,Graduate,Graduate,0,Management,1.0,0,0.625,0.4,0,"(16.999, 19.0]"
1068,1,43,1,9500,1,1,128.0,1,1,19,9,8,100.0,1,0,0,1,0,0,20,0,0,7,8,7,13.1,0,0,8,8,8,14.8125,0,13.9,-0.3,0.79,Graduate,Graduate,0,Nursing,1.0,0,0.875,0.0,0,"(19.0, 20.0]"
1069,1,1,2,9670,1,1,111.0,1,19,19,9,9,114.2,1,0,0,1,0,0,18,0,0,6,9,4,13.2,0,0,6,10,5,12.8,0,12.4,0.5,1.79,Graduate,Graduate,0,Advertising and Marketing Management,0.6666666666666666,2,0.4444444444444444,0.0,0,"(16.999, 19.0]"
1070,1,1,1,9500,1,1,140.0,1,1,1,4,4,123.5,1,0,0,1,0,1,19,0,0,8,8,8,14.75,0,0,8,8,8,14.75,0,9.4,-0.8,-3.12,Graduate,Graduate,0,Nursing,1.0,0,1.0,0.0,0,"(16.999, 19.0]"
1071,1,44,1,9238,1,39,140.0,1,19,19,8,8,144.3,1,0,0,1,0,1,19,0,3,6,7,6,13.14285714,0,2,6,6,6,14.33333333,0,12.4,0.5,1.79,Graduate,Graduate,0,Social Service,1.0,0,0.8571428571428571,0.0,0,"(16.999, 19.0]"
1072,1,1,1,9853,1,1,145.0,1,38,37,5,5,142.2,0,0,0,1,0,0,19,0,0,6,9,4,12.5,0,0,6,9,5,12.5,0,9.4,-0.8,-3.12,Enrolled,Enrolled,0,Basic Education,0.6666666666666666,2,0.4444444444444444,0.0,0,"(16.999, 19.0]"
1073,1,1,1,9085,1,1,151.0,1,3,3,1,90,161.9,0,0,0,1,0,0,18,0,0,5,6,4,13.75,0,0,5,8,5,14.85714286,0,7.6,2.6,0.32,Graduate,Graduate,0,Veterinary Nursing,0.8,1,0.6666666666666666,0.0,0,"(16.999, 19.0]"
1074,1,1,1,9238,1,1,132.0,1,37,37,9,5,135.9,0,0,0,1,0,0,18,0,0,6,11,5,12.4,0,0,6,7,6,13.0,0,9.4,-0.8,-3.12,Graduate,Graduate,0,Social Service,0.8333333333333334,1,0.45454545454545453,0.0,0,"(16.999, 19.0]"
1075,1,1,2,9773,1,1,116.0,1,19,19,4,7,110.1,1,0,0,1,0,0,18,0,0,6,6,6,13.33333333,0,0,6,6,6,12.0,0,11.1,0.6,2.02,Graduate,Graduate,0,Journalism and Communication,1.0,0,1.0,0.0,0,"(16.999, 19.0]"
1076,1,2,1,9853,1,1,120.0,1,19,38,9,9,122.5,0,0,0,0,0,0,28,0,11,11,11,11,11.72727273,0,8,8,8,8,12.0,0,15.5,2.8,-4.06,Dropout,Dropout,1,Basic Education,1.0,0,1.0,0.0,1,"(25.0, 70.0]"
1077,1,17,1,9254,1,1,158.0,1,37,37,5,9,138.1,1,0,0,1,0,0,19,0,0,6,8,4,12.5,0,0,6,11,1,14.0,0,7.6,2.6,0.32,Dropout,Dropout,1,Tourism,0.6666666666666666,2,0.5,0.0,0,"(16.999, 19.0]"
1078,1,43,1,171,1,1,116.0,1,3,1,2,3,117.3,1,0,1,1,0,0,20,0,0,0,0,0,0.0,0,0,0,0,0,0.0,0,13.9,-0.3,0.79,Dropout,Dropout,1,Animation and Multimedia Design,0.0,0,0.0,0.0,1,"(19.0, 20.0]"
1079,1,1,2,9500,1,1,112.0,1,1,37,4,9,106.8,1,0,0,1,0,1,19,0,0,7,8,6,13.53333333,0,0,8,9,7,13.61428571,0,12.4,0.5,1.79,Graduate,Graduate,0,Nursing,0.8571428571428571,1,0.75,0.0,0,"(16.999, 19.0]"
1080,1,1,1,9070,1,1,126.0,1,1,19,4,0,120.1,0,1,0,1,0,1,20,0,0,6,6,6,13.16666667,0,0,6,6,6,12.66666667,0,11.1,0.6,2.02,Graduate,Graduate,0,Communication Design,1.0,0,1.0,0.0,0,"(19.0, 20.0]"
1081,1,1,2,9254,1,1,120.0,1,19,19,9,9,116.5,1,0,0,1,0,1,19,0,0,6,9,5,13.2,0,0,6,8,5,11.0,0,12.4,0.5,1.79,Graduate,Graduate,0,Tourism,0.8333333333333334,1,0.5555555555555556,0.0,0,"(16.999, 19.0]"
1082,1,51,1,9070,1,1,117.0,1,5,1,2,10,120.0,1,0,0,1,0,0,21,0,0,6,7,5,12.2,0,0,6,7,4,12.6,0,8.9,1.4,3.51,Enrolled,Enrolled,0,Communication Design,0.8333333333333334,1,0.7142857142857143,0.0,0,"(20.0, 25.0]"
1083,1,1,1,9853,1,1,153.0,1,1,19,9,4,139.7,1,0,0,1,0,1,19,0,0,7,7,7,13.42857143,0,0,7,7,7,14.85714286,0,11.1,0.6,2.02,Graduate,Graduate,0,Basic Education,1.0,0,1.0,0.0,0,"(16.999, 19.0]"
1084,1,1,2,9070,1,1,124.0,1,19,1,9,3,123.7,1,0,0,1,0,1,18,0,1,6,8,6,12.71428571,1,0,6,8,6,12.625,0,13.9,-0.3,0.79,Graduate,Graduate,0,Communication Design,1.0,0,0.75,0.16666666666666666,0,"(16.999, 19.0]"
1085,1,17,2,9130,1,1,127.0,1,3,1,2,1,116.5,0,0,0,1,0,0,19,0,0,6,0,0,0.0,0,0,6,0,0,0.0,0,15.5,2.8,-4.06,Dropout,Dropout,1,Equinculture,0.0,6,0.0,0.0,0,"(16.999, 19.0]"
1086,1,17,1,9670,1,1,126.0,1,12,38,9,5,122.2,0,0,0,1,0,1,19,0,0,6,6,6,13.66666667,0,0,6,9,6,13.66666667,0,8.9,1.4,3.51,Graduate,Graduate,0,Advertising and Marketing Management,1.0,0,1.0,0.0,0,"(16.999, 19.0]"
1087,1,1,1,9773,1,1,133.1,1,38,19,132,103,146.0,0,0,1,1,0,0,20,0,0,6,6,5,11.0,0,0,6,6,6,13.16666667,0,16.2,0.3,-0.92,Graduate,Graduate,0,Journalism and Communication,0.8333333333333334,1,0.8333333333333334,0.0,1,"(19.0, 20.0]"
1088,1,17,2,9853,1,1,114.0,1,1,1,4,0,108.8,1,0,0,1,0,0,18,0,0,7,11,5,11.4,0,0,7,9,6,13.33333333,0,13.9,-0.3,0.79,Enrolled,Enrolled,0,Basic Education,0.7142857142857143,2,0.45454545454545453,0.0,0,"(16.999, 19.0]"
1089,1,43,1,171,1,1,133.0,1,19,19,5,7,133.0,0,0,0,1,0,0,18,0,0,0,0,0,0.0,0,0,0,0,0,0.0,0,15.5,2.8,-4.06,Enrolled,Enrolled,0,Animation and Multimedia Design,0.0,0,0.0,0.0,0,"(16.999, 19.0]"
1090,1,17,1,9130,1,1,130.0,1,1,1,4,5,123.8,0,0,0,1,0,0,18,0,0,5,7,4,12.0,0,0,5,6,5,12.0,0,7.6,2.6,0.32,Graduate,Graduate,0,Equinculture,0.8,1,0.5714285714285714,0.0,0,"(16.999, 19.0]"
1091,1,17,3,9773,1,1,127.0,1,19,19,5,8,120.0,0,0,0,1,0,0,18,0,0,6,6,0,0.0,0,0,6,0,0,0.0,0,8.9,1.4,3.51,Dropout,Dropout,1,Journalism and Communication,0.0,6,0.0,0.0,0,"(16.999, 19.0]"
1092,1,17,3,9238,1,1,143.0,1,37,38,0,7,126.9,1,0,0,1,0,0,18,0,0,6,14,5,11.0,0,0,6,6,6,11.66666667,0,7.6,2.6,0.32,Graduate,Graduate,0,Social Service,0.8333333333333334,1,0.35714285714285715,0.0,0,"(16.999, 19.0]"
1093,1,18,4,9773,1,1,130.0,1,19,19,4,4,121.3,1,0,0,1,0,0,20,0,0,6,12,5,12.0,0,0,6,8,6,11.57142857,0,15.5,2.8,-4.06,Dropout,Dropout,1,Journalism and Communication,0.8333333333333334,1,0.4166666666666667,0.0,0,"(19.0, 20.0]"
1094,1,17,3,9500,1,1,136.0,1,19,1,9,9,129.0,1,0,0,1,0,1,19,0,0,7,7,7,13.30857143,0,0,8,10,8,12.55,0,12.4,0.5,1.79,Graduate,Graduate,0,Nursing,1.0,0,1.0,0.0,0,"(16.999, 19.0]"
1095,1,1,1,9853,1,1,125.0,1,37,37,9,9,114.9,1,0,1,0,0,0,21,0,0,6,8,3,13.66666667,0,0,6,7,3,10.66666667,0,15.5,2.8,-4.06,Dropout,Dropout,1,Basic Education,0.5,3,0.375,0.0,1,"(20.0, 25.0]"
1096,1,17,1,9670,1,3,110.0,1,12,3,5,8,106.5,1,0,1,0,0,0,20,0,0,6,6,0,0.0,0,0,6,9,0,0.0,0,10.8,1.4,1.74,Dropout,Dropout,1,Advertising and Marketing Management,0.0,6,0.0,0.0,1,"(19.0, 20.0]"
1097,1,1,1,9254,1,1,130.0,1,37,38,9,9,133.9,1,0,0,1,0,0,18,0,0,6,10,5,12.2,0,0,6,8,4,11.25,0,9.4,-0.8,-3.12,Graduate,Graduate,0,Tourism,0.8333333333333334,1,0.5,0.0,0,"(16.999, 19.0]"
1098,1,1,1,9773,1,1,135.0,1,1,4,5,3,124.9,0,0,0,1,0,1,20,0,0,6,7,6,12.66666667,0,0,6,6,6,12.83333333,0,10.8,1.4,1.74,Graduate,Graduate,0,Journalism and Communication,1.0,0,0.8571428571428571,0.0,0,"(19.0, 20.0]"
1099,1,1,2,9500,1,1,133.0,1,19,37,1,9,128.5,1,0,0,1,0,1,19,0,0,8,8,8,14.07125,0,0,8,8,8,14.07125,0,9.4,-0.8,-3.12,Graduate,Graduate,0,Nursing,1.0,0,1.0,0.0,0,"(16.999, 19.0]"
1100,1,1,1,9085,1,6,122.0,1,19,19,9,9,126.2,1,0,0,1,0,0,22,0,0,5,14,4,14.25,3,0,5,9,5,13.2,4,9.4,-0.8,-3.12,Dropout,Dropout,1,Veterinary Nursing,0.8,1,0.2857142857142857,0.6,0,"(20.0, 25.0]"
1101,1,17,1,9130,1,1,122.0,1,19,19,9,9,121.7,1,0,0,0,0,0,22,0,0,6,0,0,0.0,0,0,2,2,0,0.0,2,9.4,-0.8,-3.12,Dropout,Dropout,1,Equinculture,0.0,6,0.0,0.0,1,"(20.0, 25.0]"
1102,1,1,2,9853,1,1,121.0,1,38,38,7,5,120.0,1,0,0,1,0,0,18,0,0,6,10,3,12.0,0,0,6,8,4,10.25,0,10.8,1.4,1.74,Enrolled,Enrolled,0,Basic Education,0.5,3,0.3,0.0,0,"(16.999, 19.0]"
1103,1,43,1,9147,1,1,123.0,1,3,19,9,9,113.2,0,0,0,1,0,0,21,0,3,10,18,6,11.16666667,2,4,10,16,7,10.57142857,0,7.6,2.6,0.32,Enrolled,Enrolled,0,Management,0.6,4,0.3333333333333333,0.2,0,"(20.0, 25.0]"
1104,1,1,1,9238,1,1,128.0,1,19,19,0,5,120.3,1,0,0,1,0,0,19,0,0,6,12,2,13.0,0,0,6,8,5,11.6,0,7.6,2.6,0.32,Graduate,Graduate,0,Social Service,0.3333333333333333,4,0.16666666666666666,0.0,0,"(16.999, 19.0]"
1105,1,1,4,171,1,1,139.0,1,37,38,9,9,127.8,1,0,0,1,0,0,19,0,0,0,0,0,0.0,0,0,0,0,0,0.0,0,10.8,1.4,1.74,Dropout,Dropout,1,Animation and Multimedia Design,0.0,0,0.0,0.0,0,"(16.999, 19.0]"
1106,1,1,2,9500,1,1,124.0,1,34,34,0,0,123.3,1,0,0,1,0,1,20,0,0,8,8,7,14.90142857,1,0,8,8,7,14.90142857,1,9.4,-0.8,-3.12,Dropout,Dropout,1,Nursing,0.875,1,0.875,0.125,0,"(19.0, 20.0]"
1107,1,1,3,9500,1,1,135.0,1,38,19,8,8,126.3,1,0,1,1,0,1,18,0,0,7,8,7,12.65,0,0,8,9,8,12.44555556,0,15.5,2.8,-4.06,Graduate,Graduate,0,Nursing,1.0,0,0.875,0.0,1,"(16.999, 19.0]"
1108,1,51,1,9991,0,42,110.0,1,19,37,5,9,128.2,0,0,0,0,0,0,22,0,7,12,12,7,11.0,0,5,5,5,5,10.6,0,8.9,1.4,3.51,Dropout,Dropout,1,Management (evening attendance),0.5833333333333334,5,0.5833333333333334,0.0,1,"(20.0, 25.0]"
1109,1,17,4,9085,1,1,138.0,1,19,36,90,7,134.9,1,0,0,1,0,0,20,0,0,5,7,4,12.4,0,0,5,9,5,12.66666667,0,7.6,2.6,0.32,Graduate,Graduate,0,Veterinary Nursing,0.8,1,0.5714285714285714,0.0,0,"(19.0, 20.0]"
1110,1,44,1,9003,1,39,140.0,1,38,38,6,6,140.0,0,0,0,1,0,0,19,0,0,6,7,6,12.0,0,0,6,7,6,12.66666667,0,12.4,0.5,1.79,Graduate,Graduate,0,Agronomy,1.0,0,0.8571428571428571,0.0,0,"(16.999, 19.0]"
1111,1,1,5,9500,1,1,126.0,1,1,19,6,7,115.5,1,0,0,1,0,1,19,0,0,7,8,7,12.13571429,0,0,8,10,7,13.32857143,0,12.4,0.5,1.79,Graduate,Graduate,0,Nursing,1.0,0,0.875,0.0,0,"(16.999, 19.0]"
1112,1,1,2,9500,1,1,113.0,1,38,19,9,7,106.7,1,0,0,1,0,1,20,0,0,7,10,5,12.62,0,0,7,8,6,12.5,0,11.1,0.6,2.02,Enrolled,Enrolled,0,Nursing,0.7142857142857143,2,0.5,0.0,0,"(19.0, 20.0]"
1113,1,39,1,9991,0,1,120.0,1,38,38,3,3,140.0,0,0,0,1,0,0,25,0,0,5,11,3,10.66666667,0,0,5,11,3,11.33333333,0,15.5,2.8,-4.06,Enrolled,Enrolled,0,Management (evening attendance),0.6,2,0.2727272727272727,0.0,0,"(20.0, 25.0]"
1114,1,1,1,9500,1,1,145.0,1,19,19,9,7,136.6,0,0,0,1,0,1,19,0,0,7,12,6,13.76666667,0,0,8,10,7,14.05142857,0,15.5,2.8,-4.06,Graduate,Graduate,0,Nursing,0.8571428571428571,1,0.5,0.0,0,"(16.999, 19.0]"
1115,1,18,1,9500,1,1,124.0,1,38,37,9,7,119.3,1,0,0,1,0,0,19,0,0,8,8,8,13.11625,0,0,8,8,8,13.11625,0,9.4,-0.8,-3.12,Graduate,Graduate,0,Nursing,1.0,0,1.0,0.0,0,"(16.999, 19.0]"
1116,1,1,1,9070,1,1,160.0,1,3,38,1,9,152.0,1,0,0,0,0,0,19,0,0,5,5,0,0.0,0,0,6,0,0,0.0,0,10.8,1.4,1.74,Dropout,Dropout,1,Communication Design,0.0,5,0.0,0.0,1,"(16.999, 19.0]"
1117,1,1,1,9500,1,1,138.0,1,38,19,9,5,144.3,0,0,0,1,0,0,20,0,0,7,9,6,12.7,0,0,8,8,7,13.57142857,0,13.9,-0.3,0.79,Graduate,Graduate,0,Nursing,0.8571428571428571,1,0.6666666666666666,0.0,0,"(19.0, 20.0]"
1118,1,39,2,9556,1,1,130.0,1,37,37,9,9,159.0,1,0,0,1,0,0,25,0,0,7,11,7,11.85714286,0,0,8,21,5,11.7,0,12.4,0.5,1.79,Enrolled,Enrolled,0,Oral Hygiene,1.0,0,0.6363636363636364,0.0,0,"(20.0, 25.0]"
1119,1,17,1,9500,1,1,127.0,1,19,38,5,9,129.5,1,0,0,1,0,1,20,0,0,7,7,6,12.33333333,0,0,7,7,6,12.33333333,0,7.6,2.6,0.32,Graduate,Graduate,0,Nursing,0.8571428571428571,1,0.8571428571428571,0.0,0,"(19.0, 20.0]"
1120,1,39,1,9238,1,1,170.0,1,38,19,9,9,140.0,1,0,0,1,0,0,24,0,0,6,9,4,15.75,0,0,6,10,5,16.4,0,9.4,-0.8,-3.12,Enrolled,Enrolled,0,Social Service,0.6666666666666666,2,0.4444444444444444,0.0,0,"(20.0, 25.0]"
1121,1,1,3,9670,1,1,111.0,1,1,1,5,5,105.4,0,0,0,1,0,0,20,0,0,5,6,5,13.33333333,0,0,5,6,5,13.2,0,7.6,2.6,0.32,Graduate,Graduate,0,Advertising and Marketing Management,1.0,0,0.8333333333333334,0.0,0,"(19.0, 20.0]"
1122,1,42,1,9500,1,1,100.0,1,1,19,4,8,136.0,1,0,0,1,0,0,21,0,4,7,9,7,14.35555556,0,5,8,8,8,13.49375,0,15.5,2.8,-4.06,Graduate,Graduate,0,Nursing,1.0,0,0.7777777777777778,0.0,0,"(20.0, 25.0]"
1123,1,44,1,9003,1,39,160.0,1,37,38,9,9,160.0,0,0,1,1,0,1,19,0,0,6,8,6,13.0,0,0,6,11,5,13.0,0,15.5,2.8,-4.06,Graduate,Graduate,0,Agronomy,1.0,0,0.75,0.0,1,"(16.999, 19.0]"
1124,1,1,1,9773,1,1,152.0,1,38,37,9,9,139.1,0,0,0,1,0,1,19,0,0,6,6,6,12.83333333,0,0,6,6,6,13.5,0,16.2,0.3,-0.92,Graduate,Graduate,0,Journalism and Communication,1.0,0,1.0,0.0,0,"(16.999, 19.0]"
1125,1,1,2,9670,1,1,144.0,1,37,38,9,9,126.9,0,0,0,1,0,1,21,0,0,5,5,5,13.2,0,0,5,5,4,13.0,0,9.4,-0.8,-3.12,Graduate,Graduate,0,Advertising and Marketing Management,1.0,0,1.0,0.0,0,"(20.0, 25.0]"
1126,1,39,1,9500,1,3,133.8,1,3,37,2,10,184.0,0,0,0,1,0,0,28,0,0,7,9,7,17.00555556,0,1,8,9,8,16.58222222,0,15.5,2.8,-4.06,Graduate,Graduate,0,Nursing,1.0,0,0.7777777777777778,0.0,0,"(25.0, 70.0]"
1127,1,1,1,9238,1,1,125.0,1,37,38,9,9,125.0,1,0,1,0,0,1,19,0,0,6,8,5,10.6,0,0,6,8,5,11.0,0,10.8,1.4,1.74,Graduate,Graduate,0,Social Service,0.8333333333333334,1,0.625,0.0,1,"(16.999, 19.0]"
1128,1,1,1,9147,1,1,150.0,1,37,37,9,6,138.5,0,0,0,1,0,1,18,0,0,5,5,5,14.0,0,0,5,6,5,13.6,0,12.4,0.5,1.79,Graduate,Graduate,0,Management,1.0,0,1.0,0.0,0,"(16.999, 19.0]"
1129,5,17,5,9500,1,1,143.0,1,37,38,5,8,133.5,1,0,0,1,0,1,18,0,0,8,8,7,12.11428571,0,0,8,8,7,12.11428571,0,12.7,3.7,-1.7,Graduate,Graduate,0,Nursing,0.875,1,0.875,0.0,0,"(16.999, 19.0]"
1130,1,1,3,9500,1,1,145.0,1,19,37,7,7,141.5,1,0,0,1,0,1,18,0,0,8,8,8,13.05875,0,0,8,8,8,13.05875,0,9.4,-0.8,-3.12,Graduate,Graduate,0,Nursing,1.0,0,1.0,0.0,0,"(16.999, 19.0]"
1131,1,42,1,9500,1,1,120.0,1,1,2,9,3,130.0,1,0,0,1,0,0,22,0,4,8,8,7,13.28571429,0,4,8,8,7,13.28571429,0,12.7,3.7,-1.7,Graduate,Graduate,0,Nursing,0.875,1,0.875,0.0,0,"(20.0, 25.0]"
1132,1,1,1,9147,1,1,138.0,1,37,37,194,171,131.0,1,0,0,1,0,0,19,0,0,5,9,4,11.0,0,0,5,8,3,10.66666667,0,12.4,0.5,1.79,Enrolled,Enrolled,0,Management,0.8,1,0.4444444444444444,0.0,0,"(16.999, 19.0]"
1133,1,1,1,9500,1,1,145.0,1,19,1,9,5,145.0,0,0,0,1,0,1,18,0,0,7,7,7,14.07142857,0,0,8,8,8,15.1625,0,13.9,-0.3,0.79,Graduate,Graduate,0,Nursing,1.0,0,1.0,0.0,0,"(16.999, 19.0]"
1134,1,17,1,9254,1,1,122.0,1,37,37,5,6,114.3,0,0,0,0,0,0,20,0,0,6,0,0,0.0,0,0,6,0,0,0.0,0,15.5,2.8,-4.06,Dropout,Dropout,1,Tourism,0.0,6,0.0,0.0,1,"(19.0, 20.0]"
1135,1,44,1,171,1,39,110.0,1,37,37,5,6,108.3,0,0,0,0,0,0,26,0,4,9,9,4,11.25,0,3,10,12,3,11.0,0,12.4,0.5,1.79,Dropout,Dropout,1,Animation and Multimedia Design,0.4444444444444444,5,0.4444444444444444,0.0,1,"(25.0, 70.0]"
1136,1,1,3,9070,1,1,136.0,1,37,38,9,9,125.2,1,0,0,1,0,1,18,0,0,6,6,6,14.0,0,0,6,8,6,13.625,0,10.8,1.4,1.74,Graduate,Graduate,0,Communication Design,1.0,0,1.0,0.0,0,"(16.999, 19.0]"
1137,1,1,1,9254,1,1,145.0,1,1,38,4,9,131.7,1,0,0,1,0,1,21,0,0,6,8,6,12.16666667,0,0,6,11,3,11.66666667,0,10.8,1.4,1.74,Dropout,Dropout,1,Tourism,1.0,0,0.75,0.0,0,"(20.0, 25.0]"
1138,1,17,4,9500,1,1,141.0,1,38,37,3,3,126.3,1,0,0,1,0,0,18,0,0,8,8,7,13.29714286,0,0,8,8,7,13.29714286,0,10.8,1.4,1.74,Graduate,Graduate,0,Nursing,0.875,1,0.875,0.0,0,"(16.999, 19.0]"
1139,1,1,1,9085,1,1,149.0,1,19,19,4,6,147.6,1,0,0,1,0,0,20,0,0,6,14,6,13.92307692,0,0,6,9,6,14.25,0,15.5,2.8,-4.06,Graduate,Graduate,0,Veterinary Nursing,1.0,0,0.42857142857142855,0.0,0,"(19.0, 20.0]"
1140,1,1,6,9500,1,1,130.0,1,38,19,5,6,125.1,1,0,0,1,0,0,18,0,0,7,11,7,13.37,0,0,8,13,7,12.83333333,0,15.5,2.8,-4.06,Graduate,Graduate,0,Nursing,1.0,0,0.6363636363636364,0.0,0,"(16.999, 19.0]"
1141,1,17,6,9147,1,1,121.0,1,19,38,7,9,123.8,0,0,0,1,0,1,19,0,0,5,5,5,12.4,0,0,5,8,3,11.0,0,12.7,3.7,-1.7,Enrolled,Enrolled,0,Management,1.0,0,1.0,0.0,0,"(16.999, 19.0]"
1142,1,1,1,9670,1,1,128.0,1,1,1,2,2,130.8,1,0,0,1,0,0,20,0,0,5,5,4,15.0,0,0,5,5,4,13.75,0,7.6,2.6,0.32,Dropout,Dropout,1,Advertising and Marketing Management,0.8,1,0.8,0.0,0,"(19.0, 20.0]"
1143,1,1,1,9853,1,1,152.0,1,19,19,9,5,154.1,0,0,1,1,0,1,18,0,0,6,6,6,13.33333333,0,0,6,7,6,12.57142857,0,12.7,3.7,-1.7,Graduate,Graduate,0,Basic Education,1.0,0,1.0,0.0,1,"(16.999, 19.0]"
1144,1,16,2,9147,1,1,132.0,1,37,37,9,9,122.6,1,0,0,1,0,1,20,0,0,5,8,3,12.0,0,0,5,9,4,12.625,0,10.8,1.4,1.74,Enrolled,Enrolled,0,Management,0.6,2,0.375,0.0,0,"(19.0, 20.0]"
1145,1,1,2,8014,0,1,107.0,1,19,11,0,0,103.5,1,0,0,1,0,0,22,0,0,6,7,5,13.4,0,0,6,9,5,12.2,0,7.6,2.6,0.32,Graduate,Graduate,0,Social Service (evening attendance),0.8333333333333334,1,0.7142857142857143,0.0,0,"(20.0, 25.0]"
1146,1,1,1,171,1,1,131.0,1,19,38,4,5,132.8,1,0,0,1,0,0,18,0,0,0,0,0,0.0,0,0,0,0,0,0.0,0,7.6,2.6,0.32,Enrolled,Enrolled,0,Animation and Multimedia Design,0.0,0,0.0,0.0,0,"(16.999, 19.0]"
1147,1,51,1,9991,0,1,141.0,1,19,38,5,7,100.0,0,0,0,1,0,0,21,0,1,5,9,4,11.5,0,1,5,5,5,11.4,0,8.9,1.4,3.51,Graduate,Graduate,0,Management (evening attendance),0.8,1,0.4444444444444444,0.0,0,"(20.0, 25.0]"
1148,1,18,2,9853,1,1,120.0,1,1,1,9,0,115.8,0,0,0,1,0,0,18,0,0,7,12,6,12.0,0,0,7,11,6,12.16666667,0,13.9,-0.3,0.79,Enrolled,Enrolled,0,Basic Education,0.8571428571428571,1,0.5,0.0,0,"(16.999, 19.0]"
1149,1,1,1,9500,1,1,148.0,1,19,19,4,4,133.8,0,0,0,1,0,0,18,0,0,8,8,7,13.48571429,0,0,8,8,7,13.48571429,0,12.7,3.7,-1.7,Graduate,Graduate,0,Nursing,0.875,1,0.875,0.0,0,"(16.999, 19.0]"
1150,1,1,1,9070,1,1,130.0,1,12,19,4,5,118.5,0,1,0,1,0,1,18,0,0,6,6,6,12.0,0,0,6,8,6,11.28571429,0,8.9,1.4,3.51,Graduate,Graduate,0,Communication Design,1.0,0,1.0,0.0,0,"(16.999, 19.0]"
1151,1,17,1,171,1,1,145.0,1,37,37,9,1,150.3,1,0,0,1,0,0,19,0,0,0,0,0,0.0,0,0,0,0,0,0.0,0,15.5,2.8,-4.06,Dropout,Dropout,1,Animation and Multimedia Design,0.0,0,0.0,0.0,0,"(16.999, 19.0]"
1152,1,17,3,9147,1,1,112.0,1,1,19,3,5,107.8,1,0,0,1,0,0,19,0,0,5,7,3,10.33333333,0,0,5,11,3,14.42857143,0,10.8,1.4,1.74,Enrolled,Enrolled,0,Management,0.6,2,0.42857142857142855,0.0,0,"(16.999, 19.0]"
1153,1,1,1,9500,1,1,138.0,1,38,1,9,4,127.5,1,0,0,1,0,0,19,0,0,7,10,5,12.94,0,0,7,7,5,13.76,0,16.2,0.3,-0.92,Enrolled,Enrolled,0,Nursing,0.7142857142857143,2,0.5,0.0,0,"(16.999, 19.0]"
1154,1,1,3,9500,1,1,135.0,1,1,37,7,7,120.5,1,0,0,1,0,0,19,0,0,8,11,7,13.25857143,0,0,8,11,7,13.25857143,0,10.8,1.4,1.74,Graduate,Graduate,0,Nursing,0.875,1,0.6363636363636364,0.0,0,"(16.999, 19.0]"
1155,1,1,1,9147,1,1,118.0,1,1,2,10,10,117.3,1,0,0,1,0,0,19,0,0,5,9,4,12.25,0,0,5,10,4,12.0,0,8.9,1.4,3.51,Enrolled,Enrolled,0,Management,0.8,1,0.4444444444444444,0.0,0,"(16.999, 19.0]"
1156,1,17,1,9254,1,1,123.0,1,38,37,9,7,120.6,1,0,0,0,0,0,19,0,0,6,9,3,11.66666667,0,0,6,15,1,10.0,0,10.8,1.4,1.74,Dropout,Dropout,1,Tourism,0.5,3,0.3333333333333333,0.0,1,"(16.999, 19.0]"
1157,1,16,4,9254,1,1,126.0,1,38,37,9,7,118.7,1,0,0,1,0,1,21,0,0,6,7,6,13.57142857,0,0,6,6,6,12.5,0,8.9,1.4,3.51,Graduate,Graduate,0,Tourism,1.0,0,0.8571428571428571,0.0,0,"(20.0, 25.0]"
1158,1,1,2,9773,1,1,150.0,41,1,37,9,7,130.8,0,0,0,1,0,1,20,1,0,6,9,5,11.8,0,0,6,9,5,11.83333333,0,15.5,2.8,-4.06,Graduate,Graduate,0,Journalism and Communication,0.8333333333333334,1,0.5555555555555556,0.0,0,"(19.0, 20.0]"
1159,1,1,1,9147,1,1,121.0,1,19,19,3,9,112.6,1,0,0,1,0,1,20,0,0,5,7,5,14.2,0,0,5,7,5,13.28571429,0,11.1,0.6,2.02,Graduate,Graduate,0,Management,1.0,0,0.7142857142857143,0.0,0,"(19.0, 20.0]"
1160,1,39,1,9991,0,19,133.1,1,37,37,9,9,117.2,0,0,0,1,0,0,41,0,0,5,8,5,11.0,0,0,5,6,5,11.8,1,7.6,2.6,0.32,Graduate,Graduate,0,Management (evening attendance),1.0,0,0.625,0.0,0,"(25.0, 70.0]"
1161,4,7,1,9500,1,40,130.0,1,37,37,3,3,130.0,1,0,0,1,0,0,32,0,0,7,16,4,13.625,0,0,7,8,7,12.6375,0,12.4,0.5,1.79,Enrolled,Enrolled,0,Nursing,0.5714285714285714,3,0.25,0.0,0,"(25.0, 70.0]"
1162,1,17,3,9500,1,1,139.0,1,38,1,9,5,131.8,1,0,0,1,0,0,18,0,0,8,8,7,14.65285714,0,0,8,8,7,14.65285714,0,10.8,1.4,1.74,Graduate,Graduate,0,Nursing,0.875,1,0.875,0.0,0,"(16.999, 19.0]"
1163,4,39,1,8014,0,1,160.0,1,37,37,3,4,97.0,0,0,0,1,0,1,35,0,0,6,9,6,11.33333333,0,0,6,6,6,11.33333333,0,15.5,2.8,-4.06,Graduate,Graduate,0,Social Service (evening attendance),1.0,0,0.6666666666666666,0.0,0,"(25.0, 70.0]"
1164,1,39,1,9500,1,1,110.0,1,37,37,9,9,130.0,0,0,1,0,0,0,32,0,0,7,12,4,13.7,0,0,7,7,0,0.0,0,16.2,0.3,-0.92,Dropout,Dropout,1,Nursing,0.5714285714285714,3,0.3333333333333333,0.0,1,"(25.0, 70.0]"
1165,1,39,1,8014,0,40,140.0,1,19,37,5,9,148.0,0,0,0,1,0,0,37,0,7,11,11,11,13.72727273,0,4,8,8,8,14.75,0,12.4,0.5,1.79,Graduate,Graduate,0,Social Service (evening attendance),1.0,0,1.0,0.0,0,"(25.0, 70.0]"
1166,2,39,2,9147,1,3,130.0,1,3,37,9,9,103.4,0,0,0,1,0,0,30,0,4,7,9,7,11.75,0,3,8,12,7,11.14285714,0,12.7,3.7,-1.7,Dropout,Dropout,1,Management,1.0,0,0.7777777777777778,0.0,0,"(25.0, 70.0]"
1167,1,43,2,9773,1,1,132.0,1,19,19,0,0,127.1,0,0,0,1,1,0,23,0,0,6,9,6,12.33333333,0,0,6,11,5,13.0,0,7.6,2.6,0.32,Graduate,Graduate,0,Journalism and Communication,1.0,0,0.6666666666666666,0.0,0,"(20.0, 25.0]"
1168,1,17,2,9773,1,1,139.0,1,3,1,2,7,124.0,1,0,0,1,0,1,20,0,0,6,6,6,14.0,0,0,6,7,6,13.85714286,0,15.5,2.8,-4.06,Dropout,Dropout,1,Journalism and Communication,1.0,0,1.0,0.0,0,"(19.0, 20.0]"
1169,1,1,1,9670,1,1,135.0,1,19,37,5,7,121.4,0,0,0,1,1,0,21,0,0,5,7,4,11.5,0,0,5,6,4,11.75,0,9.4,-0.8,-3.12,Graduate,Graduate,0,Advertising and Marketing Management,0.8,1,0.5714285714285714,0.0,0,"(20.0, 25.0]"
1170,1,1,1,9147,1,1,117.0,1,38,19,5,7,118.1,0,0,0,1,1,0,19,0,0,5,6,5,11.2,0,0,5,5,5,13.2,0,12.4,0.5,1.79,Graduate,Graduate,0,Management,1.0,0,0.8333333333333334,0.0,0,"(16.999, 19.0]"
1171,1,17,4,9500,1,1,137.0,1,1,19,4,3,121.3,1,0,0,1,1,1,18,0,0,8,8,7,15.07,0,0,8,8,7,15.07,0,10.8,1.4,1.74,Graduate,Graduate,0,Nursing,0.875,1,0.875,0.0,0,"(16.999, 19.0]"
1172,1,42,1,9119,1,1,144.0,1,34,34,0,0,119.5,0,0,0,1,1,0,18,0,0,5,6,1,10.0,0,0,5,7,1,12.0,0,10.8,1.4,1.74,Dropout,Dropout,1,Informatics Engineering,0.2,4,0.16666666666666666,0.0,0,"(16.999, 19.0]"
1173,1,39,1,9991,0,1,130.0,1,1,1,4,10,115.2,0,0,0,1,1,0,24,0,0,5,5,4,12.0,0,0,5,6,5,12.66666667,0,12.4,0.5,1.79,Enrolled,Enrolled,0,Management (evening attendance),0.8,1,0.8,0.0,0,"(20.0, 25.0]"
1174,1,18,1,9670,1,1,140.0,1,1,37,9,9,130.2,1,0,0,1,1,0,22,0,0,6,11,4,13.0,0,0,6,11,4,12.6,0,12.7,3.7,-1.7,Graduate,Graduate,0,Advertising and Marketing Management,0.6666666666666666,2,0.36363636363636365,0.0,0,"(20.0, 25.0]"
1175,1,17,4,9254,1,1,130.0,1,19,1,5,5,130.0,1,0,0,1,1,0,18,0,0,6,7,4,11.0,0,0,6,7,3,11.25,0,16.2,0.3,-0.92,Dropout,Dropout,1,Tourism,0.6666666666666666,2,0.5714285714285714,0.0,0,"(16.999, 19.0]"
1176,1,16,2,9238,1,1,130.0,1,37,37,5,6,126.9,1,0,0,1,0,0,18,0,0,6,8,6,13.57142857,0,0,6,11,5,12.16666667,0,9.4,-0.8,-3.12,Graduate,Graduate,0,Social Service,1.0,0,0.75,0.0,0,"(16.999, 19.0]"
1177,1,1,2,9070,1,1,152.0,101,2,1,9,1,168.5,1,0,0,1,1,0,21,1,0,6,7,5,14.6,0,0,6,6,5,14.2,0,16.2,0.3,-0.92,Graduate,Graduate,0,Communication Design,0.8333333333333334,1,0.7142857142857143,0.0,0,"(20.0, 25.0]"
1178,4,39,1,9500,1,1,133.1,1,37,37,9,9,130.0,0,0,1,1,0,0,38,0,0,7,13,3,11.83333333,0,0,7,14,2,10.0,0,16.2,0.3,-0.92,Dropout,Dropout,1,Nursing,0.42857142857142855,4,0.23076923076923078,0.0,1,"(25.0, 70.0]"
1179,1,18,1,9556,1,1,140.0,1,38,37,9,9,122.8,0,0,0,1,0,1,19,0,0,7,11,7,12.625,0,0,8,11,8,12.5125,0,12.7,3.7,-1.7,Graduate,Graduate,0,Oral Hygiene,1.0,0,0.6363636363636364,0.0,0,"(16.999, 19.0]"
1180,6,39,1,9500,1,1,133.1,1,37,37,9,9,110.0,0,0,0,1,0,0,36,0,0,7,12,4,11.5,0,0,7,14,3,12.33333333,0,16.2,0.3,-0.92,Dropout,Dropout,1,Nursing,0.5714285714285714,3,0.3333333333333333,0.0,0,"(25.0, 70.0]"
1181,1,16,1,9085,1,1,140.0,1,1,1,9,9,127.1,1,0,0,1,0,0,18,0,0,5,8,4,13.25,1,0,5,10,4,10.5,0,12.7,3.7,-1.7,Graduate,Graduate,0,Veterinary Nursing,0.8,1,0.5,0.2,0,"(16.999, 19.0]"
1182,1,1,3,9500,1,1,133.1,1,19,19,5,5,108.5,1,0,0,1,0,0,19,0,0,7,9,7,12.60625,0,0,8,12,6,11.9,0,12.4,0.5,1.79,Graduate,Graduate,0,Nursing,1.0,0,0.7777777777777778,0.0,0,"(16.999, 19.0]"
1183,1,53,1,9085,1,42,140.0,1,19,38,9,9,138.2,0,0,1,0,0,0,21,0,7,10,15,8,13.75,0,4,9,17,5,13.2,0,8.9,1.4,3.51,Dropout,Dropout,1,Veterinary Nursing,0.8,2,0.5333333333333333,0.0,1,"(20.0, 25.0]"
1184,1,1,2,9500,1,1,133.1,1,19,38,192,192,96.0,1,0,0,1,0,0,19,0,0,7,10,6,13.59833333,0,0,8,11,6,11.93333333,0,11.1,0.6,2.02,Enrolled,Enrolled,0,Nursing,0.8571428571428571,1,0.6,0.0,0,"(16.999, 19.0]"
1185,1,1,1,9238,1,1,135.0,1,19,19,9,9,124.5,0,0,0,1,0,1,18,0,0,6,11,5,11.14285714,0,0,6,8,6,12.28571429,0,16.2,0.3,-0.92,Graduate,Graduate,0,Social Service,0.8333333333333334,1,0.45454545454545453,0.0,0,"(16.999, 19.0]"
1186,2,7,1,9500,1,3,120.0,1,37,19,9,7,120.0,1,0,0,1,0,0,45,0,7,11,11,11,12.7,0,6,10,12,10,12.96818182,0,13.9,-0.3,0.79,Enrolled,Enrolled,0,Nursing,1.0,0,1.0,0.0,0,"(25.0, 70.0]"
1187,1,17,1,9147,1,1,140.0,1,37,37,9,7,132.3,1,0,0,1,0,0,20,0,0,5,9,1,10.0,0,0,5,10,1,11.0,0,7.6,2.6,0.32,Dropout,Dropout,1,Management,0.2,4,0.1111111111111111,0.0,0,"(19.0, 20.0]"
1188,1,17,1,9254,1,1,128.0,1,19,1,5,7,120.7,1,0,1,1,0,0,18,0,0,6,8,6,11.66666667,0,0,6,10,4,11.5,0,13.9,-0.3,0.79,Graduate,Graduate,0,Tourism,1.0,0,0.75,0.0,1,"(16.999, 19.0]"
1189,1,1,1,9670,1,1,141.0,1,1,19,4,4,132.6,0,0,0,1,0,1,18,0,0,6,8,6,14.0,0,0,6,7,6,13.14285714,0,11.1,0.6,2.02,Graduate,Graduate,0,Advertising and Marketing Management,1.0,0,0.75,0.0,0,"(16.999, 19.0]"
1190,1,7,2,9130,1,3,140.0,1,34,34,0,0,140.0,0,0,0,1,0,0,25,0,0,5,9,0,0.0,4,0,5,9,0,0.0,3,10.8,1.4,1.74,Dropout,Dropout,1,Equinculture,0.0,5,0.0,0.8,0,"(20.0, 25.0]"
1191,1,1,6,9500,1,1,139.0,1,1,1,4,4,124.5,1,0,0,1,0,0,19,0,0,8,9,7,12.04142857,0,0,8,9,7,12.04142857,0,10.8,1.4,1.74,Graduate,Graduate,0,Nursing,0.875,1,0.7777777777777778,0.0,0,"(16.999, 19.0]"
1192,1,1,1,171,1,1,142.0,1,19,19,7,7,142.0,1,0,0,1,0,1,18,0,0,0,0,0,0.0,0,0,0,0,0,0.0,0,13.9,-0.3,0.79,Graduate,Graduate,0,Animation and Multimedia Design,0.0,0,0.0,0.0,0,"(16.999, 19.0]"
1193,1,7,1,9254,1,40,130.0,1,1,1,3,6,130.0,0,0,0,1,0,0,39,0,12,13,14,13,13.76923077,0,9,12,16,12,14.58333333,0,13.9,-0.3,0.79,Graduate,Graduate,0,Tourism,1.0,0,0.9285714285714286,0.0,0,"(25.0, 70.0]"
1194,2,39,1,9003,1,1,130.0,1,38,37,9,9,144.0,0,0,0,1,0,0,29,0,13,18,20,18,15.44444444,0,11,13,13,13,15.30769231,0,15.5,2.8,-4.06,Graduate,Graduate,0,Agronomy,1.0,0,0.9,0.0,0,"(25.0, 70.0]"
1195,1,17,1,9853,1,1,125.0,1,19,19,4,7,128.5,1,0,0,1,0,0,18,0,0,7,9,6,11.5,0,0,7,8,7,12.71428571,0,13.9,-0.3,0.79,Enrolled,Enrolled,0,Basic Education,0.8571428571428571,1,0.6666666666666666,0.0,0,"(16.999, 19.0]"
1196,1,7,1,9070,1,3,140.0,1,37,2,9,3,140.0,0,0,0,0,0,0,23,0,0,3,3,2,10.0,0,0,6,0,0,0.0,0,10.8,1.4,1.74,Dropout,Dropout,1,Communication Design,0.6666666666666666,1,0.6666666666666666,0.0,1,"(20.0, 25.0]"
1197,1,42,1,9853,1,1,120.0,1,1,37,5,5,113.9,1,0,0,1,0,0,21,0,0,6,8,4,12.25,0,0,6,13,3,10.33333333,0,12.7,3.7,-1.7,Dropout,Dropout,1,Basic Education,0.6666666666666666,2,0.5,0.0,0,"(20.0, 25.0]"
1198,1,1,1,9238,1,1,147.0,1,1,19,4,4,137.2,0,0,0,0,0,0,18,0,0,6,6,6,14.5,0,0,6,6,6,15.16666667,0,10.8,1.4,1.74,Graduate,Graduate,0,Social Service,1.0,0,1.0,0.0,1,"(16.999, 19.0]"
1199,1,7,1,9085,1,40,140.0,1,1,19,5,5,140.0,1,0,0,1,0,0,23,0,0,6,7,6,15.57142857,0,0,6,8,6,16.375,0,12.4,0.5,1.79,Graduate,Graduate,0,Veterinary Nursing,1.0,0,0.8571428571428571,0.0,0,"(20.0, 25.0]"
1200,1,1,1,9130,1,1,161.0,1,1,19,4,4,152.3,0,0,0,1,0,0,18,0,0,6,7,6,15.57142857,0,0,6,7,6,14.71428571,0,11.1,0.6,2.02,Graduate,Graduate,0,Equinculture,1.0,0,0.8571428571428571,0.0,0,"(16.999, 19.0]"
1201,2,39,1,8014,0,19,133.1,1,37,37,4,8,112.5,0,0,0,1,0,0,32,0,0,6,8,5,13.8,0,0,6,7,6,12.16666667,0,9.4,-0.8,-3.12,Graduate,Graduate,0,Social Service (evening attendance),0.8333333333333334,1,0.625,0.0,0,"(25.0, 70.0]"
1202,2,39,2,9147,1,1,150.0,1,19,37,9,7,101.0,0,0,1,0,0,0,29,0,0,5,8,3,10.66666667,0,0,5,14,2,14.8,0,10.8,1.4,1.74,Dropout,Dropout,1,Management,0.6,2,0.375,0.0,1,"(25.0, 70.0]"
1203,1,1,6,9238,1,1,113.0,1,1,38,194,163,112.3,1,0,1,1,0,1,20,0,0,6,8,5,11.6,0,0,6,8,4,11.75,0,8.9,1.4,3.51,Graduate,Graduate,0,Social Service,0.8333333333333334,1,0.625,0.0,1,"(19.0, 20.0]"
1204,1,39,1,9238,1,1,140.0,1,34,34,0,0,114.0,1,0,0,0,0,0,28,0,0,6,11,1,13.0,0,0,6,12,0,0.0,0,9.4,-0.8,-3.12,Dropout,Dropout,1,Social Service,0.16666666666666666,5,0.09090909090909091,0.0,1,"(25.0, 70.0]"
1205,1,7,1,9147,1,3,130.0,1,38,38,1,9,130.0,0,0,0,1,0,0,27,0,0,5,9,3,12.0,0,0,5,11,4,13.625,0,10.8,1.4,1.74,Graduate,Graduate,0,Management,0.6,2,0.3333333333333333,0.0,0,"(25.0, 70.0]"
1206,1,43,2,9500,1,1,120.0,1,37,34,90,0,121.5,0,0,1,1,0,0,22,0,11,14,14,12,12.33333333,2,11,14,14,12,12.33333333,2,7.6,2.6,0.32,Graduate,Graduate,0,Nursing,0.8571428571428571,2,0.8571428571428571,0.14285714285714285,1,"(20.0, 25.0]"
1207,2,39,1,9003,1,19,133.1,1,19,37,9,10,120.0,0,0,1,1,0,0,37,0,0,6,10,6,12.875,0,0,6,12,6,12.9,0,16.2,0.3,-0.92,Enrolled,Enrolled,0,Agronomy,1.0,0,0.6,0.0,1,"(25.0, 70.0]"
1208,1,7,1,8014,0,3,130.0,1,37,38,0,5,130.0,0,0,0,0,0,0,28,0,0,6,12,1,11.0,0,0,6,0,0,0.0,0,12.7,3.7,-1.7,Dropout,Dropout,1,Social Service (evening attendance),0.16666666666666666,5,0.08333333333333333,0.0,1,"(25.0, 70.0]"
1209,2,39,1,9003,1,1,120.0,1,37,37,9,9,125.7,0,0,1,0,0,0,43,0,0,6,10,4,12.25,0,0,6,13,4,10.5,0,8.9,1.4,3.51,Dropout,Dropout,1,Agronomy,0.6666666666666666,2,0.4,0.0,1,"(25.0, 70.0]"
1210,1,43,1,9556,1,1,140.0,1,37,37,9,9,128.0,1,0,0,0,0,0,32,0,0,7,7,0,0.0,7,0,8,8,0,0.0,7,10.8,1.4,1.74,Dropout,Dropout,1,Oral Hygiene,0.0,7,0.0,1.0,1,"(25.0, 70.0]"
1211,1,17,1,9238,1,1,123.0,1,1,1,9,9,113.2,0,0,0,1,0,1,20,0,0,6,11,4,10.75,0,0,6,13,5,11.5,0,15.5,2.8,-4.06,Enrolled,Enrolled,0,Social Service,0.6666666666666666,2,0.36363636363636365,0.0,0,"(19.0, 20.0]"
1212,4,39,1,9500,1,19,133.1,1,38,1,9,4,120.0,0,0,0,1,0,1,35,0,0,8,9,8,13.63,1,0,8,9,8,13.63,1,9.4,-0.8,-3.12,Graduate,Graduate,0,Nursing,1.0,0,0.8888888888888888,0.125,0,"(25.0, 70.0]"
1213,1,1,1,9670,1,1,130.0,1,37,37,0,0,117.8,1,0,0,1,0,0,21,0,0,5,8,3,13.0,0,0,5,7,4,11.5,1,7.6,2.6,0.32,Graduate,Graduate,0,Advertising and Marketing Management,0.6,2,0.375,0.0,0,"(20.0, 25.0]"
1214,1,1,4,9500,1,1,126.0,1,19,19,7,9,121.3,1,0,0,1,0,1,18,0,0,7,9,6,13.53333333,0,0,7,7,7,12.22857143,0,12.4,0.5,1.79,Enrolled,Enrolled,0,Nursing,0.8571428571428571,1,0.6666666666666666,0.0,0,"(16.999, 19.0]"
1215,1,1,1,9500,1,1,176.0,1,3,38,3,7,169.7,0,0,0,1,0,1,18,0,0,7,7,7,16.9,0,0,8,9,8,16.37777778,0,16.2,0.3,-0.92,Graduate,Graduate,0,Nursing,1.0,0,1.0,0.0,0,"(16.999, 19.0]"
1216,1,17,4,9238,1,1,124.0,1,19,19,5,8,117.7,1,0,0,1,0,0,18,0,0,6,10,5,12.0,0,0,6,11,4,12.0,0,16.2,0.3,-0.92,Graduate,Graduate,0,Social Service,0.8333333333333334,1,0.5,0.0,0,"(16.999, 19.0]"
1217,1,44,1,8014,0,39,120.0,1,19,37,7,6,121.8,1,0,0,1,0,0,22,0,3,6,6,6,12.5,0,2,6,7,6,13.28571429,0,12.4,0.5,1.79,Graduate,Graduate,0,Social Service (evening attendance),1.0,0,1.0,0.0,0,"(20.0, 25.0]"
1218,1,1,2,9500,1,1,140.0,1,1,1,4,10,128.3,1,0,0,1,0,0,19,0,0,8,8,7,12.76428571,0,0,8,8,7,12.76428571,0,10.8,1.4,1.74,Graduate,Graduate,0,Nursing,0.875,1,0.875,0.0,0,"(16.999, 19.0]"
1219,1,18,2,9147,1,1,143.0,1,19,38,9,7,132.2,1,0,0,1,0,1,18,0,0,5,8,5,13.75,0,0,5,6,5,12.16666667,0,13.9,-0.3,0.79,Graduate,Graduate,0,Management,1.0,0,0.625,0.0,0,"(16.999, 19.0]"
1220,1,1,2,171,1,1,136.0,1,39,1,3,4,134.3,1,0,1,1,0,0,19,0,0,0,0,0,0.0,0,0,0,0,0,0.0,0,12.4,0.5,1.79,Dropout,Dropout,1,Animation and Multimedia Design,0.0,0,0.0,0.0,1,"(16.999, 19.0]"
1221,1,1,1,9500,1,1,132.0,1,19,1,9,5,123.4,0,0,0,1,0,1,18,0,0,7,7,7,14.60428571,0,0,8,9,8,15.68333333,0,11.1,0.6,2.02,Graduate,Graduate,0,Nursing,1.0,0,1.0,0.0,0,"(16.999, 19.0]"
1222,2,39,1,9991,0,19,133.1,1,19,39,5,3,121.7,0,0,1,0,0,0,31,0,0,5,7,0,0.0,0,0,5,7,0,0.0,0,16.2,0.3,-0.92,Dropout,Dropout,1,Management (evening attendance),0.0,5,0.0,0.0,1,"(25.0, 70.0]"
1223,2,39,1,8014,0,19,100.0,1,1,19,1,5,130.0,0,0,1,1,0,1,33,0,0,6,9,5,13.83333333,0,0,6,7,6,12.5,0,9.4,-0.8,-3.12,Graduate,Graduate,0,Social Service (evening attendance),0.8333333333333334,1,0.5555555555555556,0.0,1,"(25.0, 70.0]"
1224,1,1,3,9500,1,1,137.0,1,19,38,7,7,126.5,1,0,0,1,0,1,19,0,0,8,8,8,13.57625,0,0,8,8,8,13.57625,0,9.4,-0.8,-3.12,Graduate,Graduate,0,Nursing,1.0,0,1.0,0.0,0,"(16.999, 19.0]"
1225,1,17,1,9238,1,1,153.0,1,38,38,7,7,159.7,1,0,0,1,0,1,18,0,0,6,7,6,15.14285714,0,0,6,6,6,15.83333333,0,12.7,3.7,-1.7,Graduate,Graduate,0,Social Service,1.0,0,0.8571428571428571,0.0,0,"(16.999, 19.0]"
1226,1,1,1,9147,1,1,160.0,1,9,19,4,3,151.3,0,0,0,1,0,0,23,0,0,5,8,3,10.66666667,0,0,5,8,5,11.6,0,7.6,2.6,0.32,Graduate,Graduate,0,Management,0.6,2,0.375,0.0,0,"(20.0, 25.0]"
1227,1,17,1,9238,1,1,145.0,1,38,38,5,7,138.0,1,0,0,1,0,0,20,0,0,6,11,5,11.2,0,0,6,6,6,12.0,0,9.4,-0.8,-3.12,Graduate,Graduate,0,Social Service,0.8333333333333334,1,0.45454545454545453,0.0,0,"(19.0, 20.0]"
1228,1,1,5,9500,1,1,137.0,1,38,38,4,8,126.5,1,0,0,1,0,0,18,0,0,8,8,8,13.76375,0,0,8,8,8,13.76375,0,9.4,-0.8,-3.12,Graduate,Graduate,0,Nursing,1.0,0,1.0,0.0,0,"(16.999, 19.0]"
1229,1,53,1,9085,1,42,140.0,1,1,1,4,3,140.0,1,0,1,1,0,0,21,0,7,9,10,8,13.25,0,4,9,14,5,12.2,0,8.9,1.4,3.51,Enrolled,Enrolled,0,Veterinary Nursing,0.8888888888888888,1,0.8,0.0,1,"(20.0, 25.0]"
1230,1,1,1,9238,1,1,120.0,1,19,38,5,6,112.3,0,0,0,1,0,1,22,0,0,6,10,5,10.71428571,0,0,6,10,5,12.2,0,12.7,3.7,-1.7,Graduate,Graduate,0,Social Service,0.8333333333333334,1,0.5,0.0,0,"(20.0, 25.0]"
1231,1,1,1,9238,1,1,122.0,1,1,19,4,4,127.3,1,0,1,1,0,0,20,0,0,6,6,6,12.16666667,0,0,6,7,6,11.66666667,0,9.4,-0.8,-3.12,Graduate,Graduate,0,Social Service,1.0,0,1.0,0.0,1,"(19.0, 20.0]"
1232,1,7,1,9500,1,3,130.0,1,19,38,4,10,130.0,1,0,0,1,0,0,23,0,1,7,8,6,14.35714286,0,1,7,8,6,14.35714286,0,7.6,2.6,0.32,Graduate,Graduate,0,Nursing,0.8571428571428571,1,0.75,0.0,0,"(20.0, 25.0]"
1233,1,17,2,9773,1,1,133.1,1,3,1,4,5,115.0,1,0,0,1,0,0,19,0,0,6,6,6,12.83333333,0,0,6,6,6,12.66666667,0,16.2,0.3,-0.92,Graduate,Graduate,0,Journalism and Communication,1.0,0,1.0,0.0,0,"(16.999, 19.0]"
1234,1,17,6,9500,1,1,150.0,1,1,37,1,1,131.5,1,0,0,1,0,0,19,0,0,8,8,7,13.92571429,0,0,8,8,7,13.92571429,0,10.8,1.4,1.74,Graduate,Graduate,0,Nursing,0.875,1,0.875,0.0,0,"(16.999, 19.0]"
1235,1,39,1,9991,0,1,133.1,1,19,38,7,4,125.7,0,0,0,1,0,0,26,0,0,5,9,2,12.0,0,0,5,9,3,11.0,0,10.8,1.4,1.74,Dropout,Dropout,1,Management (evening attendance),0.4,3,0.2222222222222222,0.0,0,"(25.0, 70.0]"
1236,1,1,6,9500,1,1,141.0,1,1,37,4,3,126.8,1,0,0,1,0,0,18,0,0,7,7,7,13.44285714,0,0,8,9,8,13.74444444,0,16.2,0.3,-0.92,Graduate,Graduate,0,Nursing,1.0,0,1.0,0.0,0,"(16.999, 19.0]"
1237,1,18,1,9119,1,1,146.0,1,1,37,7,7,132.4,1,0,0,1,1,0,18,0,0,5,5,1,16.0,0,0,5,5,0,0.0,0,9.4,-0.8,-3.12,Dropout,Dropout,1,Informatics Engineering,0.2,4,0.2,0.0,0,"(16.999, 19.0]"
1238,1,44,1,9003,1,39,150.0,1,38,37,9,9,150.0,1,0,0,1,1,0,20,0,0,6,8,6,13.125,0,0,6,10,6,13.2,0,16.2,0.3,-0.92,Graduate,Graduate,0,Agronomy,1.0,0,0.75,0.0,0,"(19.0, 20.0]"
1239,1,1,1,9670,1,1,133.1,1,3,1,4,4,95.0,0,0,0,1,1,0,19,0,0,6,7,0,0.0,0,0,6,6,0,0.0,0,15.5,2.8,-4.06,Dropout,Dropout,1,Advertising and Marketing Management,0.0,6,0.0,0.0,0,"(16.999, 19.0]"
1240,1,43,1,9991,0,1,120.0,1,37,37,9,9,128.2,0,0,0,0,1,0,32,0,5,9,9,5,11.4,0,4,4,4,4,11.0,0,10.8,1.4,1.74,Dropout,Dropout,1,Management (evening attendance),0.5555555555555556,4,0.5555555555555556,0.0,1,"(25.0, 70.0]"
1241,2,39,1,9130,1,1,150.0,1,19,19,4,4,130.0,0,0,0,0,1,0,31,0,0,4,12,2,11.0,2,0,5,9,3,11.66666667,0,9.4,-0.8,-3.12,Dropout,Dropout,1,Equinculture,0.5,2,0.16666666666666666,0.5,1,"(25.0, 70.0]"
1242,1,39,1,9119,1,19,133.1,1,1,19,4,5,100.0,0,0,0,1,1,0,25,0,0,5,13,1,11.0,0,0,5,11,1,10.0,0,13.9,-0.3,0.79,Enrolled,Enrolled,0,Informatics Engineering,0.2,4,0.07692307692307693,0.0,0,"(20.0, 25.0]"
1243,1,42,1,9085,1,39,140.0,1,19,3,9,1,159.9,1,0,0,1,0,0,21,0,2,6,14,5,13.66666667,0,2,6,10,5,13.0,0,16.2,0.3,-0.92,Graduate,Graduate,0,Veterinary Nursing,0.8333333333333334,1,0.35714285714285715,0.0,0,"(20.0, 25.0]"
1244,2,43,1,9991,0,1,140.0,1,37,37,4,9,100.0,0,0,0,0,0,0,31,0,2,6,10,4,11.75,0,0,5,6,1,10.0,0,12.7,3.7,-1.7,Dropout,Dropout,1,Management (evening attendance),0.6666666666666666,2,0.4,0.0,1,"(25.0, 70.0]"
1245,2,39,1,9853,1,1,133.1,1,37,37,5,5,116.5,0,0,0,1,0,0,34,0,0,7,11,1,10.0,0,0,7,7,1,13.0,0,16.2,0.3,-0.92,Dropout,Dropout,1,Basic Education,0.14285714285714285,6,0.09090909090909091,0.0,0,"(25.0, 70.0]"
1246,1,1,1,9238,1,1,128.0,1,19,19,9,9,120.0,0,0,0,1,0,1,18,0,0,6,8,6,13.5,0,0,6,9,6,12.83333333,0,11.1,0.6,2.02,Graduate,Graduate,0,Social Service,1.0,0,0.75,0.0,0,"(16.999, 19.0]"
1247,1,1,3,9238,1,1,117.0,1,19,19,9,9,117.0,1,0,1,1,0,0,19,0,0,6,0,0,0.0,0,0,6,0,0,0.0,0,12.4,0.5,1.79,Dropout,Dropout,1,Social Service,0.0,6,0.0,0.0,1,"(16.999, 19.0]"
1248,1,53,1,9670,1,42,140.0,1,19,37,3,6,140.0,1,0,1,1,0,0,21,0,0,6,12,1,12.0,0,0,6,11,1,11.0,0,8.9,1.4,3.51,Enrolled,Enrolled,0,Advertising and Marketing Management,0.16666666666666666,5,0.08333333333333333,0.0,1,"(20.0, 25.0]"
1249,1,1,2,9853,1,1,124.0,1,38,37,5,3,118.1,1,0,0,0,0,0,18,0,0,6,11,3,13.0,0,0,6,10,5,11.8,0,9.4,-0.8,-3.12,Dropout,Dropout,1,Basic Education,0.5,3,0.2727272727272727,0.0,1,"(16.999, 19.0]"
1250,1,1,1,9254,1,1,158.0,1,19,39,4,8,153.5,1,0,0,1,0,0,20,0,0,6,7,6,14.83333333,0,0,6,6,6,16.0,0,11.1,0.6,2.02,Graduate,Graduate,0,Tourism,1.0,0,0.8571428571428571,0.0,0,"(19.0, 20.0]"
1251,1,43,1,9773,1,1,137.0,1,38,37,9,5,127.9,1,0,0,1,0,0,20,0,0,6,6,6,11.83333333,0,0,6,7,6,12.85714286,0,15.5,2.8,-4.06,Graduate,Graduate,0,Journalism and Communication,1.0,0,1.0,0.0,0,"(19.0, 20.0]"
1252,1,17,3,9670,1,1,123.0,1,38,38,7,8,118.8,1,1,0,1,0,1,18,0,0,6,10,5,12.0,0,0,6,11,5,12.33333333,0,11.1,0.6,2.02,Graduate,Graduate,0,Advertising and Marketing Management,0.8333333333333334,1,0.5,0.0,0,"(16.999, 19.0]"
1253,1,1,1,9238,1,1,126.0,1,38,38,7,8,126.7,1,0,0,1,0,0,19,0,0,6,11,4,12.75,0,0,6,7,6,11.33333333,0,7.6,2.6,0.32,Graduate,Graduate,0,Social Service,0.6666666666666666,2,0.36363636363636365,0.0,0,"(16.999, 19.0]"
1254,1,43,1,9085,1,1,170.0,1,19,19,5,1,170.0,1,0,0,1,0,0,19,0,0,5,5,0,0.0,5,0,5,7,4,14.75,1,12.7,3.7,-1.7,Enrolled,Enrolled,0,Veterinary Nursing,0.0,5,0.0,1.0,0,"(16.999, 19.0]"
1255,4,39,1,9130,1,1,133.1,1,3,1,5,5,110.0,1,0,0,1,0,1,30,0,0,6,7,0,0.0,0,0,6,16,1,10.0,0,11.1,0.6,2.02,Dropout,Dropout,1,Equinculture,0.0,6,0.0,0.0,0,"(25.0, 70.0]"
1256,1,17,1,9238,1,1,115.0,1,19,38,5,5,115.0,1,0,0,1,0,0,19,0,0,6,6,6,12.0,0,0,6,7,6,12.85714286,0,11.1,0.6,2.02,Graduate,Graduate,0,Social Service,1.0,0,1.0,0.0,0,"(16.999, 19.0]"
1257,1,1,3,9556,1,1,132.0,1,38,37,7,7,119.0,1,0,0,1,0,0,19,0,0,7,9,7,11.67777778,0,0,8,8,8,13.8,0,12.7,3.7,-1.7,Graduate,Graduate,0,Oral Hygiene,1.0,0,0.7777777777777778,0.0,0,"(16.999, 19.0]"
1258,1,1,4,9500,1,1,132.0,1,1,37,4,7,121.8,1,0,0,1,0,1,19,0,0,8,8,7,13.6,0,0,8,8,7,13.6,0,12.7,3.7,-1.7,Graduate,Graduate,0,Nursing,0.875,1,0.875,0.0,0,"(16.999, 19.0]"
1259,1,1,1,9085,1,1,143.0,1,19,38,9,9,133.4,1,0,0,1,0,0,19,0,0,6,7,6,16.0,0,0,6,8,6,15.875,0,12.4,0.5,1.79,Graduate,Graduate,0,Veterinary Nursing,1.0,0,0.8571428571428571,0.0,0,"(16.999, 19.0]"
1260,1,1,3,9238,1,1,137.0,1,1,1,3,3,131.4,1,0,0,1,0,0,20,0,0,6,9,5,11.8,0,0,6,7,6,11.5,0,7.6,2.6,0.32,Graduate,Graduate,0,Social Service,0.8333333333333334,1,0.5555555555555556,0.0,0,"(19.0, 20.0]"
1261,1,42,1,9119,1,1,130.0,1,19,37,9,3,135.0,0,0,1,1,1,0,25,0,0,5,5,0,0.0,0,2,6,7,2,14.0,0,13.9,-0.3,0.79,Dropout,Dropout,1,Informatics Engineering,0.0,5,0.0,0.0,1,"(20.0, 25.0]"
1262,1,1,2,9773,1,1,121.0,1,19,19,9,9,122.8,0,0,0,1,1,0,19,0,0,6,0,0,0.0,0,0,6,0,0,0.0,0,12.4,0.5,1.79,Dropout,Dropout,1,Journalism and Communication,0.0,6,0.0,0.0,0,"(16.999, 19.0]"
1263,2,39,1,9853,1,1,130.0,1,37,19,7,3,140.0,0,0,1,1,0,1,34,0,0,6,7,6,16.14285714,0,0,6,10,6,16.2,0,9.4,-0.8,-3.12,Graduate,Graduate,0,Basic Education,1.0,0,0.8571428571428571,0.0,1,"(25.0, 70.0]"
1264,1,18,2,9500,1,1,135.0,1,38,37,9,5,125.3,1,0,0,1,0,1,18,0,0,8,8,7,11.78571429,0,0,8,8,7,11.78571429,0,12.7,3.7,-1.7,Graduate,Graduate,0,Nursing,0.875,1,0.875,0.0,0,"(16.999, 19.0]"
1265,1,1,6,9500,1,1,137.0,1,1,1,4,5,126.3,1,0,0,1,0,1,18,0,0,8,8,8,13.42375,0,0,8,8,8,13.42375,0,9.4,-0.8,-3.12,Graduate,Graduate,0,Nursing,1.0,0,1.0,0.0,0,"(16.999, 19.0]"
1266,1,1,1,9670,1,1,100.0,1,38,38,9,10,100.0,0,0,0,1,0,0,20,0,0,6,8,6,12.5,0,0,6,10,5,14.16666667,0,11.1,0.6,2.02,Graduate,Graduate,0,Advertising and Marketing Management,1.0,0,0.75,0.0,0,"(19.0, 20.0]"
1267,1,17,2,9500,1,1,127.0,1,19,37,9,7,121.3,1,0,0,1,0,1,20,0,0,8,8,7,12.46428571,0,0,8,8,7,12.46428571,0,10.8,1.4,1.74,Graduate,Graduate,0,Nursing,0.875,1,0.875,0.0,0,"(19.0, 20.0]"
1268,1,53,1,9991,0,1,140.0,1,38,38,191,193,135.0,0,0,1,1,0,0,23,0,6,11,18,8,12.375,0,3,9,15,5,12.6,0,8.9,1.4,3.51,Enrolled,Enrolled,0,Management (evening attendance),0.7272727272727273,3,0.4444444444444444,0.0,1,"(20.0, 25.0]"
1269,1,39,1,9670,1,1,140.0,1,37,37,6,6,120.0,0,0,0,1,0,0,28,0,0,6,8,1,10.0,0,0,6,9,0,0.0,0,10.8,1.4,1.74,Dropout,Dropout,1,Advertising and Marketing Management,0.16666666666666666,5,0.125,0.0,0,"(25.0, 70.0]"
1270,1,17,1,9773,1,1,121.0,1,37,19,9,10,113.7,0,0,0,1,0,0,18,0,0,6,8,5,12.6,0,0,6,10,6,12.42857143,0,15.5,2.8,-4.06,Enrolled,Enrolled,0,Journalism and Communication,0.8333333333333334,1,0.625,0.0,0,"(16.999, 19.0]"
1271,1,43,1,9147,1,1,131.0,1,19,38,9,9,129.7,1,0,0,1,0,0,19,0,0,5,5,5,12.6,0,0,5,6,4,12.4,0,16.2,0.3,-0.92,Graduate,Graduate,0,Management,1.0,0,1.0,0.0,0,"(16.999, 19.0]"
1272,2,1,1,9147,1,1,151.0,1,38,37,9,8,132.1,1,0,0,1,0,0,34,0,0,5,7,2,10.0,0,0,5,6,4,12.0,0,7.6,2.6,0.32,Dropout,Dropout,1,Management,0.4,3,0.2857142857142857,0.0,0,"(25.0, 70.0]"
1273,2,51,1,9853,1,1,130.0,1,37,37,7,8,120.3,0,0,0,1,0,0,35,0,0,7,7,0,0.0,0,0,6,0,0,0.0,0,8.9,1.4,3.51,Dropout,Dropout,1,Basic Education,0.0,7,0.0,0.0,0,"(25.0, 70.0]"
1274,1,7,1,9991,0,40,120.0,1,37,37,9,7,120.0,0,0,0,1,0,0,32,0,0,5,7,5,11.6,0,0,5,8,5,12.33333333,0,12.4,0.5,1.79,Graduate,Graduate,0,Management (evening attendance),1.0,0,0.7142857142857143,0.0,0,"(25.0, 70.0]"
1275,1,17,2,9254,1,1,136.0,1,19,19,4,7,123.1,1,0,0,1,0,0,19,0,0,6,8,6,12.16666667,0,0,6,6,6,13.5,0,11.1,0.6,2.02,Graduate,Graduate,0,Tourism,1.0,0,0.75,0.0,0,"(16.999, 19.0]"
1276,1,17,5,9670,1,1,125.0,1,1,19,9,7,119.4,1,0,0,1,0,0,18,0,0,6,10,4,13.6,0,0,6,7,5,12.66666667,0,11.1,0.6,2.02,Graduate,Graduate,0,Advertising and Marketing Management,0.6666666666666666,2,0.4,0.0,0,"(16.999, 19.0]"
1277,2,39,1,9147,1,1,133.1,1,37,37,9,9,140.0,0,0,0,0,0,0,35,0,0,5,8,4,12.5,1,0,5,8,5,11.8,0,9.4,-0.8,-3.12,Dropout,Dropout,1,Management,0.8,1,0.5,0.2,1,"(25.0, 70.0]"
1278,1,39,1,8014,0,1,133.1,1,1,12,4,5,116.5,0,0,0,1,1,1,24,0,0,6,6,4,12.25,0,0,6,10,4,11.5,0,12.4,0.5,1.79,Enrolled,Enrolled,0,Social Service (evening attendance),0.6666666666666666,2,0.6666666666666666,0.0,0,"(20.0, 25.0]"
1279,1,17,1,9238,1,1,120.0,1,19,37,9,9,113.0,1,0,0,1,0,1,20,0,0,6,7,6,11.71428571,0,0,6,8,6,12.625,0,13.9,-0.3,0.79,Graduate,Graduate,0,Social Service,1.0,0,0.8571428571428571,0.0,0,"(19.0, 20.0]"
1280,1,1,3,9773,1,1,143.0,11,19,19,4,9,133.9,1,0,0,1,1,1,18,1,0,6,7,6,13.5,0,0,6,7,6,13.0,0,16.2,0.3,-0.92,Graduate,Graduate,0,Journalism and Communication,1.0,0,0.8571428571428571,0.0,0,"(16.999, 19.0]"
1281,1,1,3,9500,1,1,133.1,1,38,19,7,9,115.5,1,0,0,1,1,1,20,0,0,8,8,7,13.02428571,0,0,8,8,7,13.02428571,0,10.8,1.4,1.74,Graduate,Graduate,0,Nursing,0.875,1,0.875,0.0,0,"(19.0, 20.0]"
1282,1,17,5,9254,1,1,121.0,1,1,19,4,7,116.5,1,0,0,0,1,0,18,0,0,6,12,0,0.0,0,0,6,0,0,0.0,0,9.4,-0.8,-3.12,Dropout,Dropout,1,Tourism,0.0,6,0.0,0.0,1,"(16.999, 19.0]"
1283,1,1,1,9119,1,1,168.0,1,19,19,4,4,171.2,0,0,0,1,1,1,18,0,0,5,6,5,17.33333333,0,0,5,8,5,18.57142857,0,12.4,0.5,1.79,Graduate,Graduate,0,Informatics Engineering,1.0,0,0.8333333333333334,0.0,0,"(16.999, 19.0]"
1284,1,1,1,9670,1,1,124.0,1,19,37,5,7,119.1,0,0,0,1,1,1,20,0,0,5,7,4,11.0,0,0,5,7,4,11.5,0,9.4,-0.8,-3.12,Graduate,Graduate,0,Advertising and Marketing Management,0.8,1,0.5714285714285714,0.0,0,"(19.0, 20.0]"
1285,1,17,2,9853,1,1,127.0,1,19,38,3,3,121.1,1,0,0,1,1,0,19,0,0,7,10,6,13.66666667,0,0,7,9,6,12.5,0,12.4,0.5,1.79,Dropout,Dropout,1,Basic Education,0.8571428571428571,1,0.6,0.0,0,"(16.999, 19.0]"
1286,1,1,2,9070,1,1,129.0,1,1,1,4,9,132.9,1,0,0,1,1,1,20,0,0,6,9,6,11.375,0,0,6,6,5,13.8,0,7.6,2.6,0.32,Enrolled,Enrolled,0,Communication Design,1.0,0,0.6666666666666666,0.0,0,"(19.0, 20.0]"
1287,1,1,1,9238,1,1,137.0,1,19,1,9,9,132.8,0,0,0,1,1,0,19,0,0,6,6,6,12.83333333,0,0,6,8,6,11.83333333,0,10.8,1.4,1.74,Graduate,Graduate,0,Social Service,1.0,0,1.0,0.0,0,"(16.999, 19.0]"
1288,1,1,1,9773,1,1,120.0,1,36,37,0,0,126.7,1,0,0,1,1,0,20,0,0,6,9,5,12.6,0,0,6,11,4,11.5,0,7.6,2.6,0.32,Graduate,Graduate,0,Journalism and Communication,0.8333333333333334,1,0.5555555555555556,0.0,0,"(19.0, 20.0]"
1289,1,1,1,9500,1,1,110.0,1,19,19,9,7,105.8,1,0,0,1,1,0,22,0,0,7,8,6,14.33333333,0,0,8,9,7,13.77142857,0,11.1,0.6,2.02,Graduate,Graduate,0,Nursing,0.8571428571428571,1,0.75,0.0,0,"(20.0, 25.0]"
1290,1,17,2,9119,1,1,120.0,1,1,19,9,8,117.2,0,0,0,1,1,1,18,0,0,5,8,4,13.5,0,0,6,10,6,13.625,0,11.1,0.6,2.02,Enrolled,Enrolled,0,Informatics Engineering,0.8,1,0.5,0.0,0,"(16.999, 19.0]"
1291,1,1,1,9500,1,1,143.0,1,38,38,9,9,140.0,0,0,0,1,1,0,19,0,0,8,8,7,14.28571429,0,0,8,8,7,14.28571429,0,12.7,3.7,-1.7,Graduate,Graduate,0,Nursing,0.875,1,0.875,0.0,0,"(16.999, 19.0]"
1292,1,44,1,9003,1,39,120.0,1,1,19,9,7,120.0,0,0,0,1,1,0,22,0,2,6,15,3,11.75,0,0,6,12,2,10.0,0,13.9,-0.3,0.79,Dropout,Dropout,1,Agronomy,0.5,3,0.2,0.0,0,"(20.0, 25.0]"
1293,1,17,5,9119,1,1,124.0,11,4,12,2,9,119.5,1,0,0,1,1,0,20,1,0,5,5,5,14.8,0,0,5,5,5,17.6,0,8.9,1.4,3.51,Graduate,Graduate,0,Informatics Engineering,1.0,0,1.0,0.0,0,"(19.0, 20.0]"
1294,2,39,1,9003,1,1,168.0,1,1,41,9,3,153.9,0,0,1,0,1,0,34,0,0,6,7,0,0.0,0,0,6,0,0,0.0,0,12.4,0.5,1.79,Dropout,Dropout,1,Agronomy,0.0,6,0.0,0.0,1,"(25.0, 70.0]"
1295,2,39,1,8014,0,19,133.1,1,1,1,4,4,130.0,0,0,0,1,1,0,24,0,0,6,14,1,10.0,0,0,5,5,0,0.0,0,16.2,0.3,-0.92,Dropout,Dropout,1,Social Service (evening attendance),0.16666666666666666,5,0.07142857142857142,0.0,0,"(20.0, 25.0]"
1296,1,39,2,9670,1,1,150.0,1,34,34,0,0,107.0,1,0,0,1,1,0,26,0,0,5,5,0,0.0,0,0,5,5,0,0.0,0,7.6,2.6,0.32,Dropout,Dropout,1,Advertising and Marketing Management,0.0,5,0.0,0.0,0,"(25.0, 70.0]"
1297,1,39,1,9500,1,1,140.0,1,37,37,9,6,132.8,0,0,0,1,1,0,35,0,0,7,10,4,12.6,0,0,7,9,5,12.38,0,12.4,0.5,1.79,Dropout,Dropout,1,Nursing,0.5714285714285714,3,0.4,0.0,0,"(25.0, 70.0]"
1298,1,1,1,9991,0,1,145.0,1,2,37,4,9,127.5,1,0,0,1,1,0,22,0,0,5,9,5,12.42857143,1,0,5,7,5,11.8,0,7.6,2.6,0.32,Graduate,Graduate,0,Management (evening attendance),1.0,0,0.5555555555555556,0.2,0,"(20.0, 25.0]"
1299,1,18,1,9254,1,1,118.0,1,38,38,5,5,123.3,1,0,0,1,1,0,26,0,0,6,10,4,10.0,0,0,6,11,3,12.0,0,9.4,-0.8,-3.12,Enrolled,Enrolled,0,Tourism,0.6666666666666666,2,0.4,0.0,0,"(25.0, 70.0]"
1300,1,17,1,9147,1,1,123.0,1,1,19,3,4,122.0,0,0,0,1,1,0,19,0,0,5,7,3,12.33333333,0,0,5,5,0,0.0,0,8.9,1.4,3.51,Dropout,Dropout,1,Management,0.6,2,0.42857142857142855,0.0,0,"(16.999, 19.0]"
1301,1,1,5,9254,1,1,120.0,1,3,19,3,9,114.8,1,0,0,0,1,0,19,0,0,6,0,0,0.0,0,0,6,0,0,0.0,0,8.9,1.4,3.51,Dropout,Dropout,1,Tourism,0.0,6,0.0,0.0,1,"(16.999, 19.0]"
1302,1,44,1,171,1,39,140.0,1,3,3,2,2,140.0,0,0,1,1,1,0,20,0,0,0,0,0,0.0,0,0,0,0,0,0.0,0,15.5,2.8,-4.06,Graduate,Graduate,0,Animation and Multimedia Design,0.0,0,0.0,0.0,1,"(19.0, 20.0]"
1303,1,51,1,9670,1,1,126.0,1,3,3,1,10,111.0,0,0,1,1,1,0,21,0,5,11,12,10,12.1,0,2,8,9,8,13.33333333,0,11.1,0.6,2.02,Graduate,Graduate,0,Advertising and Marketing Management,0.9090909090909091,1,0.8333333333333334,0.0,1,"(20.0, 25.0]"
1304,1,1,2,9773,1,1,137.0,1,1,19,7,7,133.2,1,0,0,1,0,1,19,0,0,6,7,6,14.71428571,0,0,6,6,6,15.0,0,13.9,-0.3,0.79,Graduate,Graduate,0,Journalism and Communication,1.0,0,0.8571428571428571,0.0,0,"(16.999, 19.0]"
1305,1,1,3,9773,1,1,130.0,1,19,19,9,9,123.0,1,0,0,1,0,0,18,0,0,6,6,6,12.66666667,0,0,6,7,6,12.83333333,0,12.7,3.7,-1.7,Graduate,Graduate,0,Journalism and Communication,1.0,0,1.0,0.0,0,"(16.999, 19.0]"
1306,1,53,1,9003,1,42,150.0,1,1,38,8,8,150.0,0,0,0,1,0,1,23,0,7,12,14,12,14.38461538,0,5,10,12,10,13.3,0,8.9,1.4,3.51,Graduate,Graduate,0,Agronomy,1.0,0,0.8571428571428571,0.0,0,"(20.0, 25.0]"
1307,1,17,3,9147,1,1,147.0,1,19,38,5,7,132.3,1,0,0,1,0,1,18,0,0,5,5,5,13.4,0,0,5,6,5,12.2,0,12.7,3.7,-1.7,Graduate,Graduate,0,Management,1.0,0,1.0,0.0,0,"(16.999, 19.0]"
1308,1,18,1,9500,1,1,140.0,1,37,38,5,7,126.0,1,0,0,1,0,0,18,0,0,8,8,7,13.31428571,0,0,8,8,7,13.31428571,0,12.7,3.7,-1.7,Graduate,Graduate,0,Nursing,0.875,1,0.875,0.0,0,"(16.999, 19.0]"
1309,1,1,3,9500,1,1,132.0,1,38,38,9,9,119.3,1,0,0,1,0,0,19,0,0,8,8,7,11.98857143,0,0,8,8,7,11.98857143,0,10.8,1.4,1.74,Graduate,Graduate,0,Nursing,0.875,1,0.875,0.0,0,"(16.999, 19.0]"
1310,1,53,1,9147,1,42,130.0,1,1,19,143,172,133.8,1,0,0,1,0,0,21,0,6,11,17,11,11.54545455,0,3,9,13,8,12.88888889,0,8.9,1.4,3.51,Graduate,Graduate,0,Management,1.0,0,0.6470588235294118,0.0,0,"(20.0, 25.0]"
1311,1,1,1,9085,1,1,130.0,1,37,37,9,6,126.5,1,0,0,1,0,1,18,0,0,6,13,6,16.46153846,0,0,6,8,6,13.875,0,15.5,2.8,-4.06,Graduate,Graduate,0,Veterinary Nursing,1.0,0,0.46153846153846156,0.0,0,"(16.999, 19.0]"
1312,1,1,1,9773,1,1,151.0,1,38,37,9,5,138.4,1,0,0,1,0,1,24,0,0,6,7,6,13.66666667,0,0,6,6,6,12.83333333,0,10.8,1.4,1.74,Graduate,Graduate,0,Journalism and Communication,1.0,0,0.8571428571428571,0.0,0,"(20.0, 25.0]"
1313,1,1,4,9500,1,1,144.0,1,3,39,2,3,129.0,1,0,0,1,0,0,18,0,0,7,8,7,12.65,0,0,8,9,8,13.41111111,0,16.2,0.3,-0.92,Dropout,Dropout,1,Nursing,1.0,0,0.875,0.0,0,"(16.999, 19.0]"
1314,1,1,1,9670,1,1,127.0,1,19,1,5,7,118.3,1,0,0,1,0,0,18,0,0,6,7,6,12.33333333,0,0,6,10,3,12.0,0,13.9,-0.3,0.79,Enrolled,Enrolled,0,Advertising and Marketing Management,1.0,0,0.8571428571428571,0.0,0,"(16.999, 19.0]"
1315,1,17,2,9500,1,1,131.0,1,19,37,9,7,129.8,1,0,0,1,0,0,20,0,0,7,8,6,14.37,0,0,8,10,7,14.65,0,12.4,0.5,1.79,Graduate,Graduate,0,Nursing,0.8571428571428571,1,0.75,0.0,0,"(19.0, 20.0]"
1316,1,17,2,9085,1,1,123.0,1,1,19,4,9,113.6,1,0,0,1,0,0,19,0,0,5,13,3,12.0,2,0,5,8,4,11.75,0,9.4,-0.8,-3.12,Enrolled,Enrolled,0,Veterinary Nursing,0.6,2,0.23076923076923078,0.4,0,"(16.999, 19.0]"
1317,1,1,5,9773,1,1,130.0,1,34,38,0,8,128.3,1,0,0,0,0,1,18,0,0,6,12,3,12.0,0,0,6,15,3,10.66666667,0,7.6,2.6,0.32,Dropout,Dropout,1,Journalism and Communication,0.5,3,0.25,0.0,1,"(16.999, 19.0]"
1318,1,43,1,9254,1,1,130.0,1,1,19,5,7,130.0,0,0,0,1,0,1,19,0,0,6,11,4,12.0,0,0,6,14,3,11.0,0,10.8,1.4,1.74,Dropout,Dropout,1,Tourism,0.6666666666666666,2,0.36363636363636365,0.0,0,"(16.999, 19.0]"
1319,1,17,2,9853,1,1,131.0,1,1,38,4,8,121.9,1,0,0,1,0,0,19,0,0,6,10,5,12.6,0,0,6,7,5,11.2,0,10.8,1.4,1.74,Graduate,Graduate,0,Basic Education,0.8333333333333334,1,0.5,0.0,0,"(16.999, 19.0]"
1320,1,1,5,9238,1,3,135.0,1,1,38,9,3,129.4,0,0,1,1,0,0,18,0,0,6,6,6,12.16666667,0,0,6,6,6,12.33333333,0,10.8,1.4,1.74,Graduate,Graduate,0,Social Service,1.0,0,1.0,0.0,1,"(16.999, 19.0]"
1321,1,1,2,9853,1,1,123.0,1,19,1,194,103,115.3,1,0,0,1,0,0,20,0,0,7,8,6,13.5,0,0,7,8,6,14.0,0,11.1,0.6,2.02,Enrolled,Enrolled,0,Basic Education,0.8571428571428571,1,0.75,0.0,0,"(19.0, 20.0]"
1322,1,1,5,9500,1,1,145.0,1,38,38,9,9,125.5,1,0,0,1,0,1,18,0,0,8,8,8,13.76375,0,0,8,8,8,13.76375,0,9.4,-0.8,-3.12,Graduate,Graduate,0,Nursing,1.0,0,1.0,0.0,0,"(16.999, 19.0]"
1323,1,17,6,9556,1,1,118.0,1,38,38,5,5,117.8,1,0,0,1,0,1,19,0,0,7,11,6,12.4,0,0,7,8,6,12.8,0,11.1,0.6,2.02,Graduate,Graduate,0,Oral Hygiene,0.8571428571428571,1,0.5454545454545454,0.0,0,"(16.999, 19.0]"
1324,1,17,3,9147,1,1,125.0,1,3,38,2,10,118.7,1,0,0,1,0,0,18,0,0,5,16,4,10.66666667,0,0,5,11,2,12.0,0,13.9,-0.3,0.79,Enrolled,Enrolled,0,Management,0.8,1,0.25,0.0,0,"(16.999, 19.0]"
1325,1,1,2,9500,1,1,152.0,1,37,37,9,9,139.0,1,0,0,1,0,0,18,0,0,7,7,6,14.33333333,0,0,7,7,6,14.33333333,0,7.6,2.6,0.32,Graduate,Graduate,0,Nursing,0.8571428571428571,1,0.8571428571428571,0.0,0,"(16.999, 19.0]"
1326,1,1,1,9085,1,1,101.0,1,1,37,4,9,98.9,1,0,0,1,0,0,21,0,0,6,12,4,12.5,0,0,6,13,2,12.66666667,0,11.1,0.6,2.02,Enrolled,Enrolled,0,Veterinary Nursing,0.6666666666666666,2,0.3333333333333333,0.0,0,"(20.0, 25.0]"
1327,1,17,1,9254,1,1,137.0,1,34,38,0,7,137.7,1,0,1,0,0,0,19,0,0,6,14,1,10.0,0,0,6,13,0,0.0,0,7.6,2.6,0.32,Dropout,Dropout,1,Tourism,0.16666666666666666,5,0.07142857142857142,0.0,1,"(16.999, 19.0]"
1328,1,1,4,9500,1,1,123.0,1,1,1,3,3,113.6,1,0,0,1,0,0,21,0,0,7,8,7,14.69625,0,0,8,9,8,14.62222222,0,12.4,0.5,1.79,Graduate,Graduate,0,Nursing,1.0,0,0.875,0.0,0,"(20.0, 25.0]"
1329,1,1,1,9085,1,1,120.0,1,4,1,2,9,113.4,0,0,0,1,0,0,18,0,0,6,14,4,11.5,0,0,6,17,3,13.75,0,11.1,0.6,2.02,Enrolled,Enrolled,0,Veterinary Nursing,0.6666666666666666,2,0.2857142857142857,0.0,0,"(16.999, 19.0]"
1330,1,17,3,9556,1,1,131.0,1,19,38,9,7,128.5,0,0,0,1,0,1,18,0,0,7,9,7,12.85555556,0,0,8,8,8,13.9125,0,12.7,3.7,-1.7,Graduate,Graduate,0,Oral Hygiene,1.0,0,0.7777777777777778,0.0,0,"(16.999, 19.0]"
1331,1,1,1,9500,1,1,141.0,1,1,1,3,10,142.8,0,0,0,1,0,0,18,0,0,7,7,7,13.7,0,0,8,9,8,13.99444444,0,11.1,0.6,2.02,Graduate,Graduate,0,Nursing,1.0,0,1.0,0.0,0,"(16.999, 19.0]"
1332,1,1,1,9130,1,1,144.0,1,3,1,1,3,137.7,0,0,0,0,0,0,23,0,0,5,9,0,0.0,3,1,5,10,1,12.0,3,10.8,1.4,1.74,Dropout,Dropout,1,Equinculture,0.0,5,0.0,0.6,1,"(20.0, 25.0]"
1333,1,1,1,9238,1,1,107.0,1,19,37,7,7,103.5,1,0,0,1,0,0,20,0,0,6,13,3,11.2,0,0,6,9,4,12.0,0,16.2,0.3,-0.92,Enrolled,Enrolled,0,Social Service,0.5,3,0.23076923076923078,0.0,0,"(19.0, 20.0]"
1334,1,1,1,9500,1,1,133.0,1,38,38,5,5,123.2,0,0,0,1,0,0,18,0,0,7,7,7,13.28571429,0,0,8,9,8,13.33333333,0,16.2,0.3,-0.92,Graduate,Graduate,0,Nursing,1.0,0,1.0,0.0,0,"(16.999, 19.0]"
1335,1,17,2,9853,1,1,126.0,1,1,19,2,10,126.0,1,0,0,1,0,0,19,0,0,6,9,5,13.0,0,0,6,8,5,10.4,0,7.6,2.6,0.32,Enrolled,Enrolled,0,Basic Education,0.8333333333333334,1,0.5555555555555556,0.0,0,"(16.999, 19.0]"
1336,1,39,1,9500,1,1,133.1,1,1,38,3,7,121.7,0,0,0,1,0,1,27,0,0,7,8,6,12.6,0,0,7,9,6,11.68571429,0,12.4,0.5,1.79,Enrolled,Enrolled,0,Nursing,0.8571428571428571,1,0.75,0.0,0,"(25.0, 70.0]"
1337,1,17,1,9147,1,1,147.0,1,37,37,9,6,142.8,1,0,1,0,0,1,19,0,0,5,5,5,12.8,0,0,5,5,4,12.0,0,11.1,0.6,2.02,Enrolled,Enrolled,0,Management,1.0,0,1.0,0.0,1,"(16.999, 19.0]"
1338,1,43,1,9130,1,1,120.0,1,1,19,9,9,120.0,1,0,0,1,0,0,21,0,0,6,14,5,11.5,1,0,6,13,5,11.0,1,15.5,2.8,-4.06,Dropout,Dropout,1,Equinculture,0.8333333333333334,1,0.35714285714285715,0.16666666666666666,0,"(20.0, 25.0]"
1339,1,18,1,9500,1,1,130.0,1,37,38,7,8,119.3,1,0,0,1,0,1,19,0,0,8,8,7,11.4,0,0,8,8,7,11.4,0,10.8,1.4,1.74,Graduate,Graduate,0,Nursing,0.875,1,0.875,0.0,0,"(16.999, 19.0]"
1340,1,44,1,9238,1,1,120.0,1,37,37,6,9,121.0,0,0,0,1,0,1,21,0,3,6,6,6,12.33333333,0,2,6,8,6,11.33333333,0,13.9,-0.3,0.79,Graduate,Graduate,0,Social Service,1.0,0,1.0,0.0,0,"(20.0, 25.0]"
1341,1,1,5,9773,1,1,138.0,1,19,19,9,9,139.4,1,0,0,1,0,0,18,0,0,6,7,5,12.8,0,0,6,10,4,12.2,0,10.8,1.4,1.74,Graduate,Graduate,0,Journalism and Communication,0.8333333333333334,1,0.7142857142857143,0.0,0,"(16.999, 19.0]"
1342,1,17,1,9085,1,1,124.0,1,19,38,7,7,113.9,1,0,0,1,0,1,20,0,0,5,8,5,12.0,1,0,5,8,4,15.0,1,12.7,3.7,-1.7,Graduate,Graduate,0,Veterinary Nursing,1.0,0,0.625,0.2,0,"(19.0, 20.0]"
1343,1,1,1,9853,1,1,133.0,1,37,37,9,7,124.6,1,0,0,1,0,1,18,0,0,6,8,5,13.0,0,0,6,9,5,13.5,0,9.4,-0.8,-3.12,Graduate,Graduate,0,Basic Education,0.8333333333333334,1,0.625,0.0,0,"(16.999, 19.0]"
1344,1,17,1,9070,1,1,122.0,1,1,1,4,8,123.8,1,0,1,0,0,1,18,0,0,6,6,6,11.83333333,0,0,6,8,6,11.0,0,12.7,3.7,-1.7,Dropout,Dropout,1,Communication Design,1.0,0,1.0,0.0,1,"(16.999, 19.0]"
1345,1,1,3,9085,1,1,138.0,1,1,3,4,4,126.3,1,0,0,1,0,0,18,0,0,6,8,6,14.0,0,0,6,9,6,13.33333333,0,8.9,1.4,3.51,Graduate,Graduate,0,Veterinary Nursing,1.0,0,0.75,0.0,0,"(16.999, 19.0]"
1346,1,17,4,9773,1,1,134.0,1,1,1,3,3,120.4,1,0,0,1,0,1,18,0,0,6,6,6,12.33333333,0,0,6,6,6,13.5,0,16.2,0.3,-0.92,Graduate,Graduate,0,Journalism and Communication,1.0,0,1.0,0.0,0,"(16.999, 19.0]"
1347,1,1,3,9500,1,1,128.0,1,1,1,7,7,120.5,1,0,0,1,0,1,19,0,0,7,10,5,13.04,0,0,7,7,7,12.5,0,12.4,0.5,1.79,Enrolled,Enrolled,0,Nursing,0.7142857142857143,2,0.5,0.0,0,"(16.999, 19.0]"
1348,1,53,1,9085,1,42,140.0,1,19,38,8,9,144.9,1,0,1,0,0,0,23,0,7,11,18,11,13.16666667,0,4,9,15,8,13.33333333,0,8.9,1.4,3.51,Enrolled,Enrolled,0,Veterinary Nursing,1.0,0,0.6111111111111112,0.0,1,"(20.0, 25.0]"
1349,1,39,1,9085,1,19,133.1,1,19,19,4,9,139.9,1,0,0,1,0,1,24,0,1,6,7,6,12.5,0,0,6,11,6,12.83333333,0,8.9,1.4,3.51,Graduate,Graduate,0,Veterinary Nursing,1.0,0,0.8571428571428571,0.0,0,"(20.0, 25.0]"
1350,1,1,1,171,1,1,142.0,1,1,1,3,3,133.3,1,0,0,1,0,0,19,0,0,0,0,0,0.0,0,0,0,0,0,0.0,0,10.8,1.4,1.74,Graduate,Graduate,0,Animation and Multimedia Design,0.0,0,0.0,0.0,0,"(16.999, 19.0]"
1351,1,1,3,9500,1,1,141.0,1,19,19,9,9,126.0,1,0,0,1,0,0,18,0,0,8,8,7,15.65714286,0,0,8,8,7,15.65714286,0,12.7,3.7,-1.7,Graduate,Graduate,0,Nursing,0.875,1,0.875,0.0,0,"(16.999, 19.0]"
1352,1,1,2,9070,1,1,145.0,1,1,19,4,3,133.5,0,0,0,1,0,0,19,0,0,6,6,6,12.16666667,0,0,6,6,6,11.33333333,0,12.7,3.7,-1.7,Graduate,Graduate,0,Communication Design,1.0,0,1.0,0.0,0,"(16.999, 19.0]"
1353,1,17,2,9853,1,1,145.0,1,38,19,4,9,127.9,1,0,0,1,0,0,19,0,0,6,0,0,0.0,0,0,6,0,0,0.0,0,10.8,1.4,1.74,Dropout,Dropout,1,Basic Education,0.0,6,0.0,0.0,0,"(16.999, 19.0]"
1354,1,1,1,9238,1,1,108.0,1,1,38,5,8,105.9,0,0,0,1,0,1,20,0,0,6,11,5,10.6,0,0,6,9,5,11.16666667,0,11.1,0.6,2.02,Enrolled,Enrolled,0,Social Service,0.8333333333333334,1,0.45454545454545453,0.0,0,"(19.0, 20.0]"
1355,1,1,1,9085,1,1,132.0,1,1,12,4,5,124.3,0,0,0,1,0,0,20,0,0,6,10,6,13.42857143,0,0,6,11,5,12.66666667,0,13.9,-0.3,0.79,Enrolled,Enrolled,0,Veterinary Nursing,1.0,0,0.6,0.0,0,"(19.0, 20.0]"
1356,1,39,1,9773,1,1,140.0,1,34,37,0,0,102.5,0,0,0,1,0,0,26,0,0,6,8,4,11.75,0,0,6,12,0,0.0,0,7.6,2.6,0.32,Dropout,Dropout,1,Journalism and Communication,0.6666666666666666,2,0.5,0.0,0,"(25.0, 70.0]"
1357,1,39,1,9254,1,19,133.1,1,19,1,9,5,97.0,0,0,1,0,1,0,36,0,0,5,10,0,0.0,0,0,5,5,0,0.0,0,15.5,2.8,-4.06,Dropout,Dropout,1,Tourism,0.0,5,0.0,0.0,1,"(25.0, 70.0]"
1358,1,17,1,171,1,1,128.0,1,1,1,4,10,134.7,0,0,0,0,1,0,19,0,0,0,0,0,0.0,0,0,0,0,0,0.0,0,10.8,1.4,1.74,Dropout,Dropout,1,Animation and Multimedia Design,0.0,0,0.0,0.0,1,"(16.999, 19.0]"
1359,1,42,1,9119,1,1,120.0,1,19,37,9,9,113.8,0,0,0,0,1,0,27,0,0,5,0,0,0.0,0,0,5,0,0,0.0,0,15.5,2.8,-4.06,Dropout,Dropout,1,Informatics Engineering,0.0,5,0.0,0.0,1,"(25.0, 70.0]"
1360,1,1,4,9119,1,1,120.0,1,3,1,123,152,116.9,0,0,0,1,1,0,18,0,0,5,9,1,13.0,0,0,5,5,0,0.0,0,8.9,1.4,3.51,Dropout,Dropout,1,Informatics Engineering,0.2,4,0.1111111111111111,0.0,0,"(16.999, 19.0]"
1361,1,1,4,9500,1,1,139.0,1,37,38,9,9,124.0,1,0,0,1,1,1,18,0,0,8,8,7,13.33142857,0,0,8,8,7,13.33142857,0,10.8,1.4,1.74,Graduate,Graduate,0,Nursing,0.875,1,0.875,0.0,0,"(16.999, 19.0]"
1362,1,39,1,9070,1,1,139.3,1,38,38,5,5,117.5,0,0,0,1,1,0,28,0,0,6,0,0,0.0,0,0,6,0,0,0.0,0,12.4,0.5,1.79,Dropout,Dropout,1,Communication Design,0.0,6,0.0,0.0,0,"(25.0, 70.0]"
1363,1,44,1,171,1,39,150.0,1,19,1,9,9,154.8,1,0,0,1,1,0,21,0,0,0,0,0,0.0,0,0,0,0,0,0.0,0,12.4,0.5,1.79,Graduate,Graduate,0,Animation and Multimedia Design,0.0,0,0.0,0.0,0,"(20.0, 25.0]"
1364,1,1,1,9500,1,1,138.0,1,19,37,4,9,141.0,0,0,0,1,1,0,19,0,0,7,7,6,13.7,0,0,7,7,6,13.7,0,7.6,2.6,0.32,Graduate,Graduate,0,Nursing,0.8571428571428571,1,0.8571428571428571,0.0,0,"(16.999, 19.0]"
1365,1,39,1,9670,1,9,133.1,1,6,22,3,3,120.0,0,0,1,0,1,0,26,0,0,5,5,0,0.0,0,0,5,5,0,0.0,5,9.4,-0.8,-3.12,Dropout,Dropout,1,Advertising and Marketing Management,0.0,5,0.0,0.0,1,"(25.0, 70.0]"
1366,1,51,1,9119,1,1,136.0,1,1,19,3,5,133.6,1,0,0,1,1,0,20,0,4,9,12,9,13.45454545,0,2,7,9,6,13.875,0,11.1,0.6,2.02,Dropout,Dropout,1,Informatics Engineering,1.0,0,0.75,0.0,0,"(19.0, 20.0]"
1367,1,1,6,9500,1,1,134.0,1,38,38,9,9,122.0,1,0,0,1,1,0,19,0,0,8,8,7,12.2,0,0,8,8,7,12.2,0,12.7,3.7,-1.7,Graduate,Graduate,0,Nursing,0.875,1,0.875,0.0,0,"(16.999, 19.0]"
1368,1,1,1,9147,1,1,140.0,1,19,19,7,3,120.0,1,0,0,1,1,0,21,0,0,5,8,3,10.0,0,0,5,10,4,11.0,0,12.7,3.7,-1.7,Dropout,Dropout,1,Management,0.6,2,0.375,0.0,0,"(20.0, 25.0]"
1369,1,53,1,9670,1,42,110.0,1,1,19,9,9,114.2,0,0,0,1,1,1,23,0,0,6,7,5,13.0,0,0,6,7,6,12.85714286,0,8.9,1.4,3.51,Graduate,Graduate,0,Advertising and Marketing Management,0.8333333333333334,1,0.7142857142857143,0.0,0,"(20.0, 25.0]"
1370,1,39,1,8014,0,38,133.1,1,38,37,4,8,95.5,0,0,0,1,1,0,29,0,0,6,11,6,12.0,0,0,6,6,6,14.0,0,11.1,0.6,2.02,Graduate,Graduate,0,Social Service (evening attendance),1.0,0,0.5454545454545454,0.0,0,"(25.0, 70.0]"
1371,1,1,1,9500,1,1,129.0,1,1,1,9,9,120.0,0,0,0,1,1,0,20,0,0,8,8,7,15.02857143,0,0,8,8,7,15.02857143,0,12.7,3.7,-1.7,Graduate,Graduate,0,Nursing,0.875,1,0.875,0.0,0,"(19.0, 20.0]"
1372,1,1,1,9238,1,1,116.0,1,1,19,5,9,111.1,0,0,0,1,1,0,18,0,0,6,8,6,12.0,0,0,6,7,6,11.71428571,0,15.5,2.8,-4.06,Graduate,Graduate,0,Social Service,1.0,0,0.75,0.0,0,"(16.999, 19.0]"
1373,1,1,1,9773,1,1,130.0,1,1,38,3,5,128.6,1,0,0,1,1,0,19,0,0,6,8,5,12.0,0,0,6,8,5,12.4,0,9.4,-0.8,-3.12,Graduate,Graduate,0,Journalism and Communication,0.8333333333333334,1,0.625,0.0,0,"(16.999, 19.0]"
1374,1,7,1,9556,1,3,130.0,1,1,37,4,8,130.0,0,0,0,0,1,0,23,0,3,7,7,3,13.66666667,0,3,8,8,3,11.33333333,4,10.8,1.4,1.74,Dropout,Dropout,1,Oral Hygiene,0.42857142857142855,4,0.42857142857142855,0.0,1,"(20.0, 25.0]"
1375,1,1,1,171,1,1,116.0,1,38,1,5,1,111.1,0,0,0,1,1,0,21,0,0,0,0,0,0.0,0,0,0,0,0,0.0,0,13.9,-0.3,0.79,Dropout,Dropout,1,Animation and Multimedia Design,0.0,0,0.0,0.0,0,"(20.0, 25.0]"
1376,1,17,1,9147,1,1,136.0,1,1,1,9,3,122.7,1,0,0,1,1,0,18,0,0,5,6,5,12.0,0,0,5,7,4,12.5,0,15.5,2.8,-4.06,Enrolled,Enrolled,0,Management,1.0,0,0.8333333333333334,0.0,0,"(16.999, 19.0]"
1377,1,1,1,171,1,1,147.0,1,37,19,7,7,134.4,1,0,0,1,1,1,18,0,0,0,0,0,0.0,0,0,0,0,0,0.0,0,10.8,1.4,1.74,Graduate,Graduate,0,Animation and Multimedia Design,0.0,0,0.0,0.0,0,"(16.999, 19.0]"
1378,1,1,5,9070,1,1,117.0,1,19,37,5,5,131.0,1,0,1,0,1,0,21,0,0,6,6,1,14.0,0,0,6,7,0,0.0,7,9.4,-0.8,-3.12,Dropout,Dropout,1,Communication Design,0.16666666666666666,5,0.16666666666666666,0.0,1,"(20.0, 25.0]"
1379,1,51,1,9238,1,1,141.0,1,1,1,5,9,125.0,0,0,0,1,1,0,22,0,0,6,6,0,0.0,0,0,6,7,0,0.0,0,11.1,0.6,2.02,Dropout,Dropout,1,Social Service,0.0,6,0.0,0.0,0,"(20.0, 25.0]"
1380,1,18,1,9556,1,1,133.1,1,3,19,2,8,106.0,1,0,0,1,1,0,21,0,0,7,8,7,12.375,0,0,7,11,5,12.58333333,0,8.9,1.4,3.51,Graduate,Graduate,0,Oral Hygiene,1.0,0,0.875,0.0,0,"(20.0, 25.0]"
1381,1,39,1,9500,1,1,133.1,1,38,19,9,9,128.0,1,0,0,0,1,0,32,0,0,7,0,0,0.0,0,0,8,0,0,0.0,0,16.2,0.3,-0.92,Dropout,Dropout,1,Nursing,0.0,7,0.0,0.0,1,"(25.0, 70.0]"
1382,1,7,1,9003,1,3,120.0,1,1,19,4,1,120.0,1,0,0,1,1,0,27,0,14,18,21,18,11.42105263,0,10,13,16,13,11.07692308,1,15.5,2.8,-4.06,Graduate,Graduate,0,Agronomy,1.0,0,0.8571428571428571,0.0,0,"(25.0, 70.0]"
1383,1,1,1,9500,1,1,148.0,1,19,38,9,8,134.8,1,0,0,1,1,0,18,0,0,7,7,6,13.35,0,0,7,7,6,13.35,0,7.6,2.6,0.32,Graduate,Graduate,0,Nursing,0.8571428571428571,1,0.8571428571428571,0.0,0,"(16.999, 19.0]"
1384,1,39,1,9070,1,1,130.0,1,1,1,5,3,112.0,1,0,0,1,1,1,24,0,0,6,6,6,15.0,0,0,6,6,2,16.0,0,15.5,2.8,-4.06,Graduate,Graduate,0,Communication Design,1.0,0,1.0,0.0,0,"(20.0, 25.0]"
1385,1,1,1,9130,1,1,120.0,1,19,37,1,9,116.1,1,0,0,1,1,0,22,0,0,5,9,2,10.5,0,0,5,5,0,0.0,0,12.7,3.7,-1.7,Dropout,Dropout,1,Equinculture,0.4,3,0.2222222222222222,0.0,0,"(20.0, 25.0]"
1386,1,43,1,9130,1,1,120.0,1,2,3,3,2,120.0,1,0,0,0,1,0,22,0,0,6,0,0,0.0,0,0,4,6,0,0.0,2,10.8,1.4,1.74,Dropout,Dropout,1,Equinculture,0.0,6,0.0,0.0,1,"(20.0, 25.0]"
1387,1,1,3,9147,1,1,133.0,1,37,37,9,5,119.7,1,0,0,1,1,0,19,0,0,5,8,5,13.25,0,0,5,6,5,11.83333333,0,13.9,-0.3,0.79,Graduate,Graduate,0,Management,1.0,0,0.625,0.0,0,"(16.999, 19.0]"
1388,1,17,6,9119,1,1,129.0,1,37,13,4,90,117.1,1,0,0,1,1,0,19,0,0,5,10,0,0.0,0,0,5,5,0,0.0,0,7.6,2.6,0.32,Dropout,Dropout,1,Informatics Engineering,0.0,5,0.0,0.0,0,"(16.999, 19.0]"
1389,1,1,2,9085,1,1,118.0,1,1,19,3,3,112.4,1,0,0,1,1,0,21,0,0,5,7,4,11.5,0,0,5,15,3,10.6,4,10.8,1.4,1.74,Enrolled,Enrolled,0,Veterinary Nursing,0.8,1,0.5714285714285714,0.0,0,"(20.0, 25.0]"
1390,1,1,2,9500,1,1,140.0,1,1,1,2,7,131.0,1,0,0,1,0,1,18,0,0,8,8,8,13.88125,0,0,8,8,8,13.88125,0,9.4,-0.8,-3.12,Graduate,Graduate,0,Nursing,1.0,0,1.0,0.0,0,"(16.999, 19.0]"
1391,1,1,2,9254,1,1,127.0,1,3,19,3,10,130.9,1,0,0,1,0,0,18,0,0,6,8,6,11.33333333,0,0,6,8,5,12.6,0,9.4,-0.8,-3.12,Graduate,Graduate,0,Tourism,1.0,0,0.75,0.0,0,"(16.999, 19.0]"
1392,1,1,1,171,1,1,131.0,1,19,19,9,9,134.9,1,0,1,1,0,0,20,0,0,0,0,0,0.0,0,0,0,0,0,0.0,0,16.2,0.3,-0.92,Dropout,Dropout,1,Animation and Multimedia Design,0.0,0,0.0,0.0,1,"(19.0, 20.0]"
1393,1,17,1,9238,1,1,132.0,1,1,19,4,9,127.1,1,0,0,1,0,0,19,0,0,6,7,6,12.85714286,0,0,6,7,6,13.66666667,0,13.9,-0.3,0.79,Graduate,Graduate,0,Social Service,1.0,0,0.8571428571428571,0.0,0,"(16.999, 19.0]"
1394,1,17,5,9773,1,1,113.0,1,38,38,191,175,110.2,1,0,1,1,0,0,19,0,0,6,6,5,11.6,0,0,6,6,6,12.5,0,8.9,1.4,3.51,Graduate,Graduate,0,Journalism and Communication,0.8333333333333334,1,0.8333333333333334,0.0,1,"(16.999, 19.0]"
1395,1,17,1,9254,1,1,115.0,1,12,1,9,3,108.7,1,0,0,1,0,1,18,0,0,6,9,5,11.4,0,0,6,6,6,11.33333333,0,12.4,0.5,1.79,Graduate,Graduate,0,Tourism,0.8333333333333334,1,0.5555555555555556,0.0,0,"(16.999, 19.0]"
1396,1,1,1,9130,1,1,133.1,1,1,1,3,9,138.0,1,0,0,1,0,0,20,0,0,6,11,6,13.33333333,0,0,6,10,6,13.0,0,16.2,0.3,-0.92,Enrolled,Enrolled,0,Equinculture,1.0,0,0.5454545454545454,0.0,0,"(19.0, 20.0]"
1397,1,44,1,9070,1,39,150.0,1,12,37,3,9,147.7,0,0,1,1,0,1,22,0,2,7,7,7,13.57142857,0,5,9,9,9,13.77777778,0,12.4,0.5,1.79,Graduate,Graduate,0,Communication Design,1.0,0,1.0,0.0,1,"(20.0, 25.0]"
1398,2,39,1,9556,1,19,133.1,1,37,38,9,9,123.0,0,0,0,1,0,0,31,0,0,7,13,6,11.83333333,0,0,7,8,7,12.22857143,0,12.4,0.5,1.79,Graduate,Graduate,0,Oral Hygiene,0.8571428571428571,1,0.46153846153846156,0.0,0,"(25.0, 70.0]"
1399,1,17,1,9853,1,1,141.0,1,19,19,9,8,142.8,0,0,0,1,0,1,19,0,0,7,7,7,14.42857143,0,0,7,7,7,14.14285714,0,16.2,0.3,-0.92,Graduate,Graduate,0,Basic Education,1.0,0,1.0,0.0,0,"(16.999, 19.0]"
1400,1,1,2,171,1,1,140.0,1,1,3,3,3,138.3,1,0,0,1,0,0,18,0,0,0,0,0,0.0,0,0,0,0,0,0.0,0,12.4,0.5,1.79,Enrolled,Enrolled,0,Animation and Multimedia Design,0.0,0,0.0,0.0,0,"(16.999, 19.0]"
1401,1,1,2,9254,1,1,136.0,1,38,38,9,7,125.2,1,0,0,1,0,1,18,0,0,6,8,6,12.28571429,0,0,6,9,5,12.4,0,8.9,1.4,3.51,Graduate,Graduate,0,Tourism,1.0,0,0.75,0.0,0,"(16.999, 19.0]"
1402,1,1,1,9085,1,1,140.0,1,12,1,1,90,141.8,0,0,0,1,0,0,21,0,0,5,7,5,14.4,0,0,5,5,5,13.8,0,7.6,2.6,0.32,Graduate,Graduate,0,Veterinary Nursing,1.0,0,0.7142857142857143,0.0,0,"(20.0, 25.0]"
1403,1,17,5,9500,1,1,143.0,1,38,1,9,7,130.6,1,0,0,1,0,1,18,0,0,7,8,7,13.15,0,0,8,9,8,15.06875,0,13.9,-0.3,0.79,Graduate,Graduate,0,Nursing,1.0,0,0.875,0.0,0,"(16.999, 19.0]"
1404,1,44,1,9147,1,39,130.0,22,2,37,2,8,130.0,0,0,1,0,1,0,25,1,0,5,6,0,0.0,0,0,5,5,0,0.0,0,15.5,2.8,-4.06,Dropout,Dropout,1,Management,0.0,5,0.0,0.0,1,"(20.0, 25.0]"
1405,1,15,1,9119,1,1,133.1,41,1,3,5,8,100.0,0,0,1,1,1,0,21,1,0,5,5,0,0.0,0,0,6,8,0,0.0,0,11.1,0.6,2.02,Dropout,Dropout,1,Informatics Engineering,0.0,5,0.0,0.0,1,"(20.0, 25.0]"
1406,1,18,2,9500,1,1,129.0,1,38,37,5,5,119.0,1,0,0,1,0,1,19,0,0,8,8,7,12.34285714,0,0,8,8,7,12.34285714,0,10.8,1.4,1.74,Graduate,Graduate,0,Nursing,0.875,1,0.875,0.0,0,"(16.999, 19.0]"
1407,1,1,2,9773,1,1,132.0,1,38,1,9,9,124.3,1,0,0,1,0,0,19,0,0,6,6,5,12.2,0,0,6,7,5,10.8,0,10.8,1.4,1.74,Enrolled,Enrolled,0,Journalism and Communication,0.8333333333333334,1,0.8333333333333334,0.0,0,"(16.999, 19.0]"
1408,1,17,1,9254,1,1,118.0,1,11,34,5,0,122.2,1,0,0,1,0,0,22,0,0,6,10,4,10.5,0,0,6,14,1,11.0,0,7.6,2.6,0.32,Dropout,Dropout,1,Tourism,0.6666666666666666,2,0.4,0.0,0,"(20.0, 25.0]"
1409,1,15,1,9147,1,1,150.0,1,38,1,9,1,150.0,0,0,0,1,1,0,19,0,0,5,5,5,10.6,0,0,5,8,5,11.6,0,12.4,0.5,1.79,Graduate,Graduate,0,Management,1.0,0,1.0,0.0,0,"(16.999, 19.0]"
1410,1,39,1,8014,0,19,133.1,1,37,37,9,5,135.5,0,0,0,1,0,0,58,0,0,6,6,0,0.0,0,0,6,6,0,0.0,0,11.1,0.6,2.02,Dropout,Dropout,1,Social Service (evening attendance),0.0,6,0.0,0.0,0,"(25.0, 70.0]"
1411,1,16,2,9238,1,1,122.0,1,19,37,9,7,127.3,1,0,0,1,0,1,19,0,0,6,8,4,11.25,0,0,6,6,6,12.0,0,10.8,1.4,1.74,Graduate,Graduate,0,Social Service,0.6666666666666666,2,0.5,0.0,0,"(16.999, 19.0]"
1412,1,43,1,9670,1,1,127.0,22,37,37,9,9,127.0,1,0,0,1,1,0,23,1,3,9,11,6,10.5,0,4,10,10,10,11.7,0,9.4,-0.8,-3.12,Graduate,Graduate,0,Advertising and Marketing Management,0.6666666666666666,3,0.5454545454545454,0.0,0,"(20.0, 25.0]"
1413,1,1,2,9773,1,1,122.0,1,37,37,9,9,126.9,1,0,0,1,0,1,19,0,0,6,11,4,11.0,0,0,6,11,3,11.66666667,0,9.4,-0.8,-3.12,Enrolled,Enrolled,0,Journalism and Communication,0.6666666666666666,2,0.36363636363636365,0.0,0,"(16.999, 19.0]"
1414,1,18,3,9500,1,1,131.0,1,19,1,4,7,127.5,1,0,0,1,0,0,18,0,0,7,7,7,13.45714286,0,0,8,8,8,14.5125,0,13.9,-0.3,0.79,Graduate,Graduate,0,Nursing,1.0,0,1.0,0.0,0,"(16.999, 19.0]"
1415,1,1,2,9085,1,1,130.0,1,19,19,90,90,122.0,0,0,0,1,0,0,20,0,0,5,6,5,12.6,0,0,5,8,4,12.33333333,0,7.6,2.6,0.32,Graduate,Graduate,0,Veterinary Nursing,1.0,0,0.8333333333333334,0.0,0,"(19.0, 20.0]"
1416,1,17,5,9085,1,1,130.0,1,19,19,90,7,115.8,0,0,0,0,0,0,18,0,0,6,0,0,0.0,0,0,6,0,0,0.0,0,12.7,3.7,-1.7,Dropout,Dropout,1,Veterinary Nursing,0.0,6,0.0,0.0,1,"(16.999, 19.0]"
1417,1,17,1,9670,1,1,130.0,1,3,19,5,5,121.6,0,0,0,1,0,0,18,0,0,6,6,6,13.66666667,0,0,6,8,5,13.6,0,8.9,1.4,3.51,Graduate,Graduate,0,Advertising and Marketing Management,1.0,0,1.0,0.0,0,"(16.999, 19.0]"
1418,1,17,4,9147,1,1,122.0,1,19,19,5,7,116.4,1,0,1,1,0,1,18,0,0,5,5,5,11.6,0,0,5,5,5,11.8,0,11.1,0.6,2.02,Graduate,Graduate,0,Management,1.0,0,1.0,0.0,1,"(16.999, 19.0]"
1419,1,39,1,9130,1,1,114.0,1,38,38,9,10,120.0,0,0,0,1,0,0,24,0,0,6,9,6,12.57142857,0,0,6,10,5,12.83333333,0,11.1,0.6,2.02,Dropout,Dropout,1,Equinculture,1.0,0,0.6666666666666666,0.0,0,"(20.0, 25.0]"
1420,1,17,4,9853,1,1,143.0,1,37,37,9,5,127.3,1,0,0,1,0,0,18,0,0,6,7,5,11.8,0,0,6,7,5,11.4,0,10.8,1.4,1.74,Dropout,Dropout,1,Basic Education,0.8333333333333334,1,0.7142857142857143,0.0,0,"(16.999, 19.0]"
1421,1,1,3,9147,1,1,127.0,1,1,38,5,7,123.5,1,0,0,1,0,1,19,0,0,5,5,5,11.6,0,0,5,11,3,12.66666667,0,9.4,-0.8,-3.12,Enrolled,Enrolled,0,Management,1.0,0,1.0,0.0,0,"(16.999, 19.0]"
1422,1,17,3,9238,1,1,141.0,1,19,38,9,7,125.6,1,0,0,1,0,1,19,0,0,6,8,6,11.33333333,0,0,6,6,6,11.83333333,0,8.9,1.4,3.51,Graduate,Graduate,0,Social Service,1.0,0,0.75,0.0,0,"(16.999, 19.0]"
1423,1,1,1,9254,1,1,129.0,1,38,38,6,6,118.5,1,0,0,1,0,0,18,0,0,6,6,6,10.66666667,0,0,6,6,6,11.5,0,7.6,2.6,0.32,Graduate,Graduate,0,Tourism,1.0,0,1.0,0.0,0,"(16.999, 19.0]"
1424,1,1,2,9130,1,1,140.0,1,19,37,9,9,129.5,1,0,0,1,0,0,18,0,0,5,10,4,13.5,1,0,5,5,5,13.4,0,12.7,3.7,-1.7,Enrolled,Enrolled,0,Equinculture,0.8,1,0.4,0.2,0,"(16.999, 19.0]"
1425,1,1,1,171,1,1,137.0,1,19,19,5,5,134.6,1,0,0,1,0,1,19,0,0,0,0,0,0.0,0,0,0,0,0,0.0,0,10.8,1.4,1.74,Graduate,Graduate,0,Animation and Multimedia Design,0.0,0,0.0,0.0,0,"(16.999, 19.0]"
1426,1,44,1,9085,1,1,140.0,1,4,4,2,6,140.0,0,0,0,1,0,0,22,0,2,6,9,6,13.33333333,0,1,6,9,4,11.5,0,13.9,-0.3,0.79,Graduate,Graduate,0,Veterinary Nursing,1.0,0,0.6666666666666666,0.0,0,"(20.0, 25.0]"
1427,1,1,1,9254,1,1,143.0,1,2,37,1,1,133.2,1,0,0,1,0,0,19,0,0,6,9,5,13.4,0,0,6,16,2,13.5,0,10.8,1.4,1.74,Enrolled,Enrolled,0,Tourism,0.8333333333333334,1,0.5555555555555556,0.0,0,"(16.999, 19.0]"
1428,3,17,1,9238,1,1,138.0,1,37,37,9,9,133.5,1,0,0,1,0,1,21,0,0,6,8,3,10.2,0,0,6,13,4,12.25,0,12.7,3.7,-1.7,Enrolled,Enrolled,0,Social Service,0.5,3,0.375,0.0,0,"(20.0, 25.0]"
1429,1,17,1,9773,1,1,120.0,1,19,38,9,7,117.9,1,0,0,1,0,1,21,0,0,6,6,5,13.0,0,0,6,7,6,12.83333333,0,8.9,1.4,3.51,Graduate,Graduate,0,Journalism and Communication,0.8333333333333334,1,0.8333333333333334,0.0,0,"(20.0, 25.0]"
1430,1,1,3,9500,1,1,144.0,1,38,38,5,7,128.0,1,0,0,1,0,1,18,0,0,8,11,7,12.90857143,0,0,8,11,7,12.90857143,0,10.8,1.4,1.74,Graduate,Graduate,0,Nursing,0.875,1,0.6363636363636364,0.0,0,"(16.999, 19.0]"
1431,1,1,5,9853,1,1,123.0,1,1,12,4,9,113.2,1,0,0,1,0,0,20,0,0,6,12,4,12.0,0,0,6,11,1,10.0,0,10.8,1.4,1.74,Dropout,Dropout,1,Basic Education,0.6666666666666666,2,0.3333333333333333,0.0,0,"(19.0, 20.0]"
1432,1,1,3,9254,1,1,129.0,1,37,38,7,7,122.0,1,0,0,1,0,1,18,0,0,6,9,6,10.83333333,0,0,6,8,5,11.0,0,7.6,2.6,0.32,Enrolled,Enrolled,0,Tourism,1.0,0,0.6666666666666666,0.0,0,"(16.999, 19.0]"
1433,1,16,3,9070,1,1,152.0,1,1,38,4,8,156.9,1,0,0,1,0,0,19,0,0,6,6,6,15.33333333,0,0,6,9,6,15.83333333,0,12.7,3.7,-1.7,Graduate,Graduate,0,Communication Design,1.0,0,1.0,0.0,0,"(16.999, 19.0]"
1434,1,1,2,9500,1,1,130.0,1,1,38,9,9,125.1,1,0,0,1,0,1,18,0,0,7,9,6,12.81666667,0,0,8,11,6,12.875,0,11.1,0.6,2.02,Enrolled,Enrolled,0,Nursing,0.8571428571428571,1,0.6666666666666666,0.0,0,"(16.999, 19.0]"
1435,1,15,1,9147,1,1,133.1,41,41,1,3,4,100.0,0,0,1,0,1,0,26,1,6,7,7,6,13.0,0,2,6,6,2,14.0,0,11.1,0.6,2.02,Dropout,Dropout,1,Management,0.8571428571428571,1,0.8571428571428571,0.0,1,"(25.0, 70.0]"
1436,1,15,1,9119,1,1,160.0,32,1,3,143,152,160.0,0,0,1,1,0,0,19,1,0,6,11,2,13.5,1,0,5,11,2,11.0,0,8.9,1.4,3.51,Enrolled,Enrolled,0,Informatics Engineering,0.3333333333333333,4,0.18181818181818182,0.16666666666666666,1,"(16.999, 19.0]"
1437,2,39,1,8014,0,1,140.0,1,37,37,9,9,101.0,0,0,0,1,0,0,35,0,0,6,7,6,12.5,0,0,6,6,6,12.16666667,0,15.5,2.8,-4.06,Graduate,Graduate,0,Social Service (evening attendance),1.0,0,0.8571428571428571,0.0,0,"(25.0, 70.0]"
1438,1,18,1,9670,1,1,133.0,1,1,1,9,9,121.5,1,0,0,1,0,1,19,0,0,6,7,6,13.0,0,0,6,6,6,14.33333333,0,12.4,0.5,1.79,Graduate,Graduate,0,Advertising and Marketing Management,1.0,0,0.8571428571428571,0.0,0,"(16.999, 19.0]"
1439,1,1,1,9085,1,1,138.0,1,38,37,9,6,126.8,1,0,0,1,1,0,18,0,0,5,6,4,11.75,0,0,5,10,5,12.57142857,1,10.8,1.4,1.74,Graduate,Graduate,0,Veterinary Nursing,0.8,1,0.6666666666666666,0.0,0,"(16.999, 19.0]"
1440,1,1,5,9670,1,1,142.0,1,19,19,7,3,132.9,0,0,0,1,1,0,19,0,0,5,5,4,12.5,0,0,5,5,4,14.25,0,7.6,2.6,0.32,Graduate,Graduate,0,Advertising and Marketing Management,0.8,1,0.8,0.0,0,"(16.999, 19.0]"
1441,1,1,1,171,1,1,115.0,1,1,1,9,9,134.3,1,0,0,1,1,0,25,0,16,17,19,17,11.61111111,0,14,17,22,17,12.05555556,0,12.4,0.5,1.79,Graduate,Graduate,0,Animation and Multimedia Design,1.0,0,0.8947368421052632,0.0,0,"(20.0, 25.0]"
1442,1,17,6,9254,1,1,125.0,1,1,1,4,3,120.5,1,0,0,1,1,0,18,0,0,6,6,6,14.0,0,0,6,6,6,14.66666667,0,11.1,0.6,2.02,Graduate,Graduate,0,Tourism,1.0,0,1.0,0.0,0,"(16.999, 19.0]"
1443,1,17,1,9003,1,1,170.0,1,1,4,9,5,144.1,1,0,1,0,1,0,26,0,0,6,8,0,0.0,0,0,6,10,0,0.0,0,16.2,0.3,-0.92,Dropout,Dropout,1,Agronomy,0.0,6,0.0,0.0,1,"(25.0, 70.0]"
1444,1,43,1,9991,0,1,140.0,1,1,1,6,6,100.0,0,0,0,1,1,0,34,0,0,5,5,5,13.8,0,0,5,6,5,13.83333333,0,9.4,-0.8,-3.12,Graduate,Graduate,0,Management (evening attendance),1.0,0,1.0,0.0,0,"(25.0, 70.0]"
1445,1,1,2,9254,1,1,110.0,1,4,19,4,3,114.8,1,0,0,0,1,0,18,0,0,5,6,0,0.0,0,0,5,5,0,0.0,0,12.7,3.7,-1.7,Dropout,Dropout,1,Tourism,0.0,5,0.0,0.0,1,"(16.999, 19.0]"
1446,1,1,1,171,1,1,114.0,1,3,29,3,5,111.9,0,0,0,0,1,0,18,0,0,0,0,0,0.0,0,0,0,0,0,0.0,0,9.4,-0.8,-3.12,Dropout,Dropout,1,Animation and Multimedia Design,0.0,0,0.0,0.0,1,"(16.999, 19.0]"
1447,1,17,3,9119,1,1,138.0,1,1,19,4,3,125.4,1,0,0,1,1,1,18,0,0,5,9,4,12.25,0,0,5,9,3,12.33333333,0,8.9,1.4,3.51,Dropout,Dropout,1,Informatics Engineering,0.8,1,0.4444444444444444,0.0,0,"(16.999, 19.0]"
1448,1,44,1,9003,1,39,140.0,1,37,37,9,4,140.0,0,0,0,1,1,0,20,0,0,6,12,3,11.5,0,0,6,12,3,13.66666667,0,12.4,0.5,1.79,Dropout,Dropout,1,Agronomy,0.5,3,0.25,0.0,0,"(19.0, 20.0]"
1449,1,44,1,9070,1,39,140.0,1,1,19,4,4,140.0,0,0,0,1,1,0,25,0,2,7,9,6,12.57142857,0,5,9,9,9,12.55555556,0,16.2,0.3,-0.92,Graduate,Graduate,0,Communication Design,0.8571428571428571,1,0.6666666666666666,0.0,0,"(20.0, 25.0]"
1450,1,17,1,9130,1,1,132.0,1,2,1,4,1,127.8,0,0,0,1,1,0,18,0,0,6,9,6,12.0,0,0,6,10,5,12.16666667,0,11.1,0.6,2.02,Dropout,Dropout,1,Equinculture,1.0,0,0.6666666666666666,0.0,0,"(16.999, 19.0]"
1451,1,1,1,9003,1,1,148.0,1,19,37,9,9,131.6,1,0,0,1,1,0,19,0,8,12,17,11,12.0,2,4,12,21,12,12.30769231,0,15.5,2.8,-4.06,Graduate,Graduate,0,Agronomy,0.9166666666666666,1,0.6470588235294118,0.16666666666666666,0,"(16.999, 19.0]"
1452,1,1,1,171,1,1,132.0,1,1,1,4,1,119.4,1,0,0,1,1,0,20,0,0,0,0,0,0.0,0,0,0,0,0,0.0,0,10.8,1.4,1.74,Dropout,Dropout,1,Animation and Multimedia Design,0.0,0,0.0,0.0,0,"(19.0, 20.0]"
1453,1,18,2,9238,1,1,126.0,1,19,37,5,7,129.9,1,0,0,1,1,1,20,0,1,7,9,6,12.0,0,2,6,6,6,11.16666667,0,10.8,1.4,1.74,Graduate,Graduate,0,Social Service,0.8571428571428571,1,0.6666666666666666,0.0,0,"(19.0, 20.0]"
1454,1,1,1,9119,1,1,121.0,1,3,1,2,3,114.0,0,0,0,1,1,0,20,0,0,5,9,4,11.6,0,0,5,7,4,12.25,2,7.6,2.6,0.32,Enrolled,Enrolled,0,Informatics Engineering,0.8,1,0.4444444444444444,0.0,0,"(19.0, 20.0]"
1455,1,1,2,9147,1,1,120.0,1,1,37,4,9,113.4,1,0,0,1,1,1,19,0,0,5,5,0,0.0,0,0,5,5,0,0.0,0,11.1,0.6,2.02,Dropout,Dropout,1,Management,0.0,5,0.0,0.0,0,"(16.999, 19.0]"
1456,1,1,1,9147,1,1,123.0,1,1,19,4,5,117.8,0,0,0,1,1,0,20,0,0,5,9,5,12.0,0,0,5,9,4,13.0,0,8.9,1.4,3.51,Enrolled,Enrolled,0,Management,1.0,0,0.5555555555555556,0.0,0,"(19.0, 20.0]"
1457,1,1,6,9500,1,1,122.0,1,1,1,3,7,114.3,1,0,0,1,1,0,18,0,0,7,8,6,13.97666667,0,0,8,12,6,12.04166667,1,11.1,0.6,2.02,Enrolled,Enrolled,0,Nursing,0.8571428571428571,1,0.75,0.0,0,"(16.999, 19.0]"
1458,1,1,1,9670,1,1,136.0,1,2,38,143,163,129.7,1,0,0,1,1,0,19,0,0,6,10,4,12.5,0,0,6,12,1,10.0,3,16.2,0.3,-0.92,Enrolled,Enrolled,0,Advertising and Marketing Management,0.6666666666666666,2,0.4,0.0,0,"(16.999, 19.0]"
1459,1,18,1,9147,1,1,119.0,1,37,37,7,7,112.0,1,0,0,0,1,0,20,0,0,5,5,0,0.0,0,0,5,0,0,0.0,0,9.4,-0.8,-3.12,Dropout,Dropout,1,Management,0.0,5,0.0,0.0,1,"(19.0, 20.0]"
1460,1,39,1,9670,1,1,120.0,1,38,37,7,7,140.0,0,0,0,1,1,0,24,0,0,6,15,4,10.5,0,0,6,16,4,12.5,0,15.5,2.8,-4.06,Dropout,Dropout,1,Advertising and Marketing Management,0.6666666666666666,2,0.26666666666666666,0.0,0,"(20.0, 25.0]"
1461,1,44,1,9003,1,39,150.0,1,38,38,9,8,150.0,1,0,0,1,1,0,20,0,0,6,8,5,12.85714286,0,0,6,11,6,12.3,0,16.2,0.3,-0.92,Graduate,Graduate,0,Agronomy,0.8333333333333334,1,0.625,0.0,0,"(19.0, 20.0]"
1462,1,1,3,9670,1,1,121.0,1,3,19,2,8,122.4,1,0,0,1,1,0,19,0,0,5,7,3,11.66666667,0,0,5,5,4,12.0,0,9.4,-0.8,-3.12,Enrolled,Enrolled,0,Advertising and Marketing Management,0.6,2,0.42857142857142855,0.0,0,"(16.999, 19.0]"
1463,1,51,1,9119,1,1,140.0,1,1,19,4,4,150.0,0,0,0,1,1,0,23,0,0,5,7,2,13.0,0,0,5,11,1,10.0,0,8.9,1.4,3.51,Dropout,Dropout,1,Informatics Engineering,0.4,3,0.2857142857142857,0.0,0,"(20.0, 25.0]"
1464,1,17,2,9254,1,1,135.0,1,19,19,4,3,135.0,1,0,0,1,1,0,20,0,0,6,8,6,11.83333333,0,0,6,9,5,10.4,0,7.6,2.6,0.32,Enrolled,Enrolled,0,Tourism,1.0,0,0.75,0.0,0,"(19.0, 20.0]"
1465,1,43,4,8014,0,1,116.0,1,34,34,0,0,116.2,0,0,0,1,1,0,21,0,9,11,11,11,12.45454545,0,3,11,17,8,12.75,0,9.4,-0.8,-3.12,Graduate,Graduate,0,Social Service (evening attendance),1.0,0,1.0,0.0,0,"(20.0, 25.0]"
1466,1,17,2,9119,1,1,120.0,1,10,12,9,9,120.4,1,0,0,1,1,0,20,0,0,5,6,3,11.0,0,0,5,6,0,0.0,0,10.8,1.4,1.74,Dropout,Dropout,1,Informatics Engineering,0.6,2,0.5,0.0,0,"(19.0, 20.0]"
1467,2,17,5,9119,1,1,126.0,1,37,38,4,4,122.9,1,0,0,1,1,0,21,0,0,5,10,4,13.2,0,0,5,7,4,14.25,2,7.6,2.6,0.32,Enrolled,Enrolled,0,Informatics Engineering,0.8,1,0.4,0.0,0,"(20.0, 25.0]"
1468,1,1,1,9773,1,1,170.0,1,1,19,9,7,155.0,0,0,0,1,1,1,18,0,0,6,6,6,15.5,0,0,6,6,6,14.16666667,0,11.1,0.6,2.02,Graduate,Graduate,0,Journalism and Communication,1.0,0,1.0,0.0,0,"(16.999, 19.0]"
1469,1,1,3,9254,1,1,123.0,1,1,1,4,3,123.4,1,0,0,1,1,0,18,0,0,6,8,6,12.33333333,0,0,6,6,6,13.66666667,0,11.1,0.6,2.02,Graduate,Graduate,0,Tourism,1.0,0,0.75,0.0,0,"(16.999, 19.0]"
1470,1,17,1,9147,1,1,120.0,1,3,38,3,7,124.2,1,0,0,1,1,0,18,0,0,5,13,5,12.0,0,0,5,9,4,11.4,0,13.9,-0.3,0.79,Enrolled,Enrolled,0,Management,1.0,0,0.38461538461538464,0.0,0,"(16.999, 19.0]"
1471,1,44,1,9003,1,39,130.0,1,3,3,7,1,130.0,1,0,0,1,1,0,20,0,0,6,12,4,11.6,0,0,6,11,5,11.5,0,15.5,2.8,-4.06,Enrolled,Enrolled,0,Agronomy,0.6666666666666666,2,0.3333333333333333,0.0,0,"(19.0, 20.0]"
1472,1,17,1,9773,1,1,130.0,1,19,38,4,9,126.2,0,0,0,1,1,1,18,0,0,6,7,6,11.33333333,0,0,6,8,6,12.28571429,0,16.2,0.3,-0.92,Graduate,Graduate,0,Journalism and Communication,1.0,0,0.8571428571428571,0.0,0,"(16.999, 19.0]"
1473,1,17,1,9773,1,1,117.0,1,37,37,0,4,120.5,1,0,0,1,1,0,19,0,0,6,12,0,0.0,1,0,6,0,0,0.0,0,9.4,-0.8,-3.12,Dropout,Dropout,1,Journalism and Communication,0.0,6,0.0,0.16666666666666666,0,"(16.999, 19.0]"
1474,1,17,1,9119,1,1,131.0,1,1,3,9,10,123.7,1,0,0,1,1,0,20,0,0,5,7,4,12.0,0,0,5,8,2,12.5,0,10.8,1.4,1.74,Enrolled,Enrolled,0,Informatics Engineering,0.8,1,0.5714285714285714,0.0,0,"(19.0, 20.0]"
1475,1,17,1,9130,1,1,130.0,1,19,38,4,7,122.5,0,0,0,1,1,0,19,0,0,5,11,4,12.0,1,0,5,9,5,12.6,0,9.4,-0.8,-3.12,Graduate,Graduate,0,Equinculture,0.8,1,0.36363636363636365,0.2,0,"(16.999, 19.0]"
1476,1,39,1,9991,0,1,133.0,1,37,37,9,5,139.2,1,0,1,1,1,0,33,0,0,5,11,2,12.5,0,0,5,9,2,11.5,1,12.7,3.7,-1.7,Dropout,Dropout,1,Management (evening attendance),0.4,3,0.18181818181818182,0.0,1,"(25.0, 70.0]"
1477,1,51,1,171,1,1,128.0,1,2,1,3,3,131.2,1,0,0,1,1,0,21,0,6,12,12,12,13.66666667,0,4,11,16,11,13.0,0,8.9,1.4,3.51,Graduate,Graduate,0,Animation and Multimedia Design,1.0,0,1.0,0.0,0,"(20.0, 25.0]"
1478,2,39,1,9003,1,1,133.1,1,1,19,4,4,120.0,0,0,1,0,1,0,25,0,0,6,17,2,14.5,2,0,6,13,0,0.0,1,15.5,2.8,-4.06,Dropout,Dropout,1,Agronomy,0.3333333333333333,4,0.11764705882352941,0.3333333333333333,1,"(20.0, 25.0]"
1479,1,1,1,9085,1,1,123.0,1,1,1,4,9,116.7,1,0,0,1,1,1,20,0,0,6,10,4,13.2,0,0,6,8,0,0.0,0,12.4,0.5,1.79,Dropout,Dropout,1,Veterinary Nursing,0.6666666666666666,2,0.4,0.0,0,"(19.0, 20.0]"
1480,1,53,1,9085,1,42,150.0,1,1,1,9,4,150.0,1,0,0,1,1,1,22,0,1,7,11,5,12.16666667,0,4,8,14,5,14.8,0,8.9,1.4,3.51,Dropout,Dropout,1,Veterinary Nursing,0.7142857142857143,2,0.45454545454545453,0.0,0,"(20.0, 25.0]"
1481,4,39,1,9773,1,19,133.1,1,37,37,9,1,117.5,0,0,0,1,0,0,39,0,0,6,10,4,11.25,0,0,6,6,6,11.33333333,0,10.8,1.4,1.74,Graduate,Graduate,0,Journalism and Communication,0.6666666666666666,2,0.4,0.0,0,"(25.0, 70.0]"
1482,1,1,2,9670,1,1,140.0,1,3,1,2,6,137.6,1,0,0,1,1,1,21,0,0,6,8,6,15.16666667,0,0,6,7,6,14.42857143,0,8.9,1.4,3.51,Graduate,Graduate,0,Advertising and Marketing Management,1.0,0,0.75,0.0,0,"(20.0, 25.0]"
1483,1,17,1,9254,1,1,126.0,1,1,1,9,9,124.3,0,0,0,1,0,1,19,0,0,6,8,6,11.16666667,0,0,6,7,4,13.4,0,16.2,0.3,-0.92,Graduate,Graduate,0,Tourism,1.0,0,0.75,0.0,0,"(16.999, 19.0]"
1484,1,39,1,9500,1,19,133.1,1,37,37,9,7,116.0,0,0,0,1,0,1,26,0,0,7,8,6,10.98333333,0,0,7,8,6,10.98333333,0,7.6,2.6,0.32,Graduate,Graduate,0,Nursing,0.8571428571428571,1,0.75,0.0,0,"(25.0, 70.0]"
1485,1,18,2,9238,1,1,121.0,1,19,1,4,3,121.4,1,0,0,1,0,1,19,0,0,6,8,4,10.75,0,0,6,11,5,11.5,0,15.5,2.8,-4.06,Graduate,Graduate,0,Social Service,0.6666666666666666,2,0.5,0.0,0,"(16.999, 19.0]"
1486,1,53,1,9085,1,42,140.0,1,1,3,4,2,142.8,1,0,0,0,0,1,20,0,7,12,15,11,13.38461538,0,4,9,13,7,14.28571429,0,8.9,1.4,3.51,Graduate,Graduate,0,Veterinary Nursing,0.9166666666666666,1,0.7333333333333333,0.0,1,"(19.0, 20.0]"
1487,1,17,1,9670,1,1,133.1,1,1,37,4,9,96.0,1,0,0,1,0,1,25,0,0,6,8,6,11.28571429,0,0,6,10,5,12.2,0,15.5,2.8,-4.06,Enrolled,Enrolled,0,Advertising and Marketing Management,1.0,0,0.75,0.0,0,"(20.0, 25.0]"
1488,1,43,1,8014,0,1,131.0,1,19,37,8,5,125.0,0,0,0,1,1,0,24,0,0,6,13,0,0.0,3,0,6,6,0,0.0,0,16.2,0.3,-0.92,Dropout,Dropout,1,Social Service (evening attendance),0.0,6,0.0,0.5,0,"(20.0, 25.0]"
1489,1,17,6,9119,1,1,124.0,1,19,19,4,0,126.1,1,0,0,1,1,0,20,0,0,5,7,4,13.0,0,0,5,9,5,14.83333333,3,7.6,2.6,0.32,Graduate,Graduate,0,Informatics Engineering,0.8,1,0.5714285714285714,0.0,0,"(19.0, 20.0]"
1490,2,39,1,9003,1,1,120.0,1,37,37,9,9,155.8,0,0,0,1,1,0,29,0,0,6,9,6,16.11111111,0,0,6,7,6,13.5,0,13.9,-0.3,0.79,Graduate,Graduate,0,Agronomy,1.0,0,0.6666666666666666,0.0,0,"(25.0, 70.0]"
1491,1,1,1,9773,1,1,133.1,1,1,3,9,9,116.0,0,0,0,1,1,0,20,0,0,6,8,6,11.5,0,0,6,8,6,11.0,0,16.2,0.3,-0.92,Graduate,Graduate,0,Journalism and Communication,1.0,0,0.75,0.0,0,"(19.0, 20.0]"
1492,1,44,1,9130,1,39,110.0,1,3,4,2,2,110.0,1,0,0,1,1,0,20,0,0,6,15,4,10.75,0,0,6,12,2,10.5,0,13.9,-0.3,0.79,Dropout,Dropout,1,Equinculture,0.6666666666666666,2,0.26666666666666666,0.0,0,"(19.0, 20.0]"
1493,1,39,1,9670,1,19,133.1,1,19,1,5,8,97.2,1,0,0,1,1,1,24,0,0,6,10,4,11.6,0,0,6,8,5,13.0,0,11.1,0.6,2.02,Graduate,Graduate,0,Advertising and Marketing Management,0.6666666666666666,2,0.4,0.0,0,"(20.0, 25.0]"
1494,1,39,1,9500,1,19,133.1,1,1,3,2,2,100.0,0,0,1,1,1,0,24,0,0,7,21,0,0.0,3,0,7,7,0,0.0,0,16.2,0.3,-0.92,Dropout,Dropout,1,Nursing,0.0,7,0.0,0.42857142857142855,1,"(20.0, 25.0]"
1495,1,7,1,9119,1,40,140.0,1,3,1,2,5,140.0,0,0,0,1,1,0,23,0,0,5,5,5,13.8,0,0,5,7,5,14.14285714,0,11.1,0.6,2.02,Graduate,Graduate,0,Informatics Engineering,1.0,0,1.0,0.0,0,"(20.0, 25.0]"
1496,1,43,1,9556,1,1,130.0,1,1,37,5,5,128.0,1,0,0,1,1,0,20,0,0,7,8,7,13.58571429,0,0,8,8,8,14.6875,0,15.5,2.8,-4.06,Graduate,Graduate,0,Oral Hygiene,1.0,0,0.875,0.0,0,"(19.0, 20.0]"
1497,1,17,2,9670,1,1,110.0,1,1,1,4,10,115.3,1,0,0,1,1,0,19,0,0,6,8,6,13.85714286,0,0,6,8,5,13.0,0,15.5,2.8,-4.06,Graduate,Graduate,0,Advertising and Marketing Management,1.0,0,0.75,0.0,0,"(16.999, 19.0]"
1498,4,39,1,9003,1,1,140.0,1,37,37,9,8,150.0,0,0,0,1,1,0,28,0,0,6,12,5,12.0,0,0,6,10,6,12.33333333,0,11.1,0.6,2.02,Enrolled,Enrolled,0,Agronomy,0.8333333333333334,1,0.4166666666666667,0.0,0,"(25.0, 70.0]"
1499,1,44,1,9003,1,39,160.0,1,1,38,4,4,160.0,1,0,0,1,1,1,20,0,0,6,9,6,13.44444444,0,0,6,9,5,12.6,0,13.9,-0.3,0.79,Graduate,Graduate,0,Agronomy,1.0,0,0.6666666666666666,0.0,0,"(19.0, 20.0]"
1500,1,1,1,9070,1,1,138.0,1,38,37,3,3,133.1,0,0,0,1,1,0,18,0,0,6,6,6,14.0,0,0,6,7,6,13.85714286,0,8.9,1.4,3.51,Graduate,Graduate,0,Communication Design,1.0,0,1.0,0.0,0,"(16.999, 19.0]"
1501,1,1,1,9670,1,1,126.0,1,1,1,90,90,119.0,1,0,1,1,1,0,20,0,0,6,10,1,12.0,1,0,6,0,0,0.0,0,10.8,1.4,1.74,Dropout,Dropout,1,Advertising and Marketing Management,0.16666666666666666,5,0.1,0.16666666666666666,1,"(19.0, 20.0]"
1502,2,39,1,9991,0,1,120.0,1,37,19,5,3,156.0,1,0,0,1,1,0,33,0,0,5,5,5,14.2,0,0,5,6,5,13.83333333,0,10.8,1.4,1.74,Graduate,Graduate,0,Management (evening attendance),1.0,0,1.0,0.0,0,"(25.0, 70.0]"
1503,2,39,1,9500,1,1,130.0,1,37,37,191,183,163.7,0,0,0,1,0,0,35,0,0,7,11,5,13.34,0,0,7,9,5,10.84,0,12.4,0.5,1.79,Enrolled,Enrolled,0,Nursing,0.7142857142857143,2,0.45454545454545453,0.0,0,"(25.0, 70.0]"
1504,1,39,1,9500,1,40,130.0,1,37,37,9,7,130.0,0,0,0,1,0,0,27,0,3,8,12,7,12.45714286,0,3,8,12,7,12.45714286,0,12.7,3.7,-1.7,Enrolled,Enrolled,0,Nursing,0.875,1,0.5833333333333334,0.0,0,"(25.0, 70.0]"
1505,1,17,5,9773,1,1,122.0,1,38,38,7,7,123.1,1,0,0,0,0,0,19,0,0,6,12,3,11.0,0,0,6,12,3,12.0,0,9.4,-0.8,-3.12,Dropout,Dropout,1,Journalism and Communication,0.5,3,0.25,0.0,1,"(16.999, 19.0]"
1506,1,39,1,9991,0,1,160.0,41,37,19,9,9,160.0,0,0,0,1,0,1,31,1,0,5,13,4,10.5,0,0,5,10,4,10.5,0,15.5,2.8,-4.06,Enrolled,Enrolled,0,Management (evening attendance),0.8,1,0.3076923076923077,0.0,0,"(25.0, 70.0]"
1507,1,1,1,171,1,1,134.0,1,19,37,7,7,136.1,1,0,0,1,1,0,19,0,0,0,0,0,0.0,0,0,0,0,0,0.0,0,9.4,-0.8,-3.12,Graduate,Graduate,0,Animation and Multimedia Design,0.0,0,0.0,0.0,0,"(16.999, 19.0]"
1508,1,43,1,9070,1,1,134.0,1,19,37,7,7,132.7,1,0,0,1,1,0,22,0,9,13,13,13,14.0,0,7,12,13,12,13.0,0,15.5,2.8,-4.06,Graduate,Graduate,0,Communication Design,1.0,0,1.0,0.0,0,"(20.0, 25.0]"
1509,1,43,1,9500,1,1,140.0,100,1,1,6,6,128.2,0,0,0,1,0,0,39,1,0,7,0,0,0.0,0,0,8,0,0,0.0,0,12.7,3.7,-1.7,Dropout,Dropout,1,Nursing,0.0,7,0.0,0.0,0,"(25.0, 70.0]"
1510,1,17,1,9254,1,1,127.0,1,1,1,4,8,126.7,1,0,0,0,1,0,22,0,0,1,1,0,0.0,0,0,6,0,0,0.0,0,12.4,0.5,1.79,Dropout,Dropout,1,Tourism,0.0,1,0.0,0.0,1,"(20.0, 25.0]"
1511,2,39,1,9991,0,1,133.1,1,37,19,9,10,150.0,0,0,0,1,1,0,47,0,0,5,8,4,10.0,0,0,5,8,4,12.5,0,9.4,-0.8,-3.12,Enrolled,Enrolled,0,Management (evening attendance),0.8,1,0.5,0.0,0,"(25.0, 70.0]"
1512,1,17,1,171,1,1,143.0,1,19,37,5,9,156.3,1,0,0,1,1,1,19,0,0,0,0,0,0.0,0,0,0,0,0,0.0,0,11.1,0.6,2.02,Graduate,Graduate,0,Animation and Multimedia Design,0.0,0,0.0,0.0,0,"(16.999, 19.0]"
1513,1,10,1,9254,1,1,115.0,24,3,1,9,9,116.1,1,0,0,1,0,0,19,1,0,6,6,6,13.5,0,0,6,6,6,14.33333333,0,12.4,0.5,1.79,Graduate,Graduate,0,Tourism,1.0,0,1.0,0.0,0,"(16.999, 19.0]"
1514,1,17,1,9500,1,1,131.0,1,19,37,9,9,123.8,1,0,0,1,0,0,19,0,0,7,0,0,0.0,0,0,8,0,0,0.0,0,15.5,2.8,-4.06,Dropout,Dropout,1,Nursing,0.0,7,0.0,0.0,0,"(16.999, 19.0]"
1515,1,1,1,171,1,1,146.0,1,19,37,9,7,153.0,1,0,0,1,0,1,21,0,15,17,18,17,13.38888889,0,15,17,18,17,14.88888889,0,11.1,0.6,2.02,Graduate,Graduate,0,Animation and Multimedia Design,1.0,0,0.9444444444444444,0.0,0,"(20.0, 25.0]"
1516,1,7,1,9500,1,5,140.0,1,19,1,4,1,140.0,1,0,0,0,0,0,39,0,0,7,0,0,0.0,0,0,8,0,0,0.0,0,12.4,0.5,1.79,Dropout,Dropout,1,Nursing,0.0,7,0.0,0.0,1,"(25.0, 70.0]"
1517,1,17,1,171,1,1,135.0,1,19,1,4,1,131.9,1,0,0,1,1,0,19,0,6,12,12,12,13.58333333,0,4,11,12,11,13.58333333,0,8.9,1.4,3.51,Graduate,Graduate,0,Animation and Multimedia Design,1.0,0,1.0,0.0,0,"(16.999, 19.0]"
1518,1,1,1,171,1,1,133.0,1,37,19,9,8,141.4,0,0,0,1,1,1,20,0,0,0,0,0,0.0,0,0,0,0,0,0.0,0,13.9,-0.3,0.79,Enrolled,Enrolled,0,Animation and Multimedia Design,0.0,0,0.0,0.0,0,"(19.0, 20.0]"
1519,1,39,1,9147,1,12,133.1,1,1,1,9,4,140.0,1,0,1,0,1,0,24,0,0,5,5,0,0.0,0,0,5,5,0,0.0,0,12.7,3.7,-1.7,Dropout,Dropout,1,Management,0.0,5,0.0,0.0,1,"(20.0, 25.0]"
1520,1,39,1,9991,0,1,120.0,1,19,19,9,9,115.0,1,0,0,1,1,0,27,0,0,5,9,1,10.0,0,0,5,5,0,0.0,0,12.7,3.7,-1.7,Dropout,Dropout,1,Management (evening attendance),0.2,4,0.1111111111111111,0.0,0,"(25.0, 70.0]"
1521,2,39,1,9991,0,1,133.1,1,37,37,9,9,168.0,0,0,0,1,1,0,29,0,0,5,5,5,15.2,0,0,5,5,5,15.2,0,11.1,0.6,2.02,Graduate,Graduate,0,Management (evening attendance),1.0,0,1.0,0.0,0,"(25.0, 70.0]"
1522,1,17,1,9085,1,1,130.0,1,19,1,9,4,101.3,1,0,0,1,1,0,20,0,0,6,12,4,12.8,0,0,6,17,0,0.0,0,12.4,0.5,1.79,Dropout,Dropout,1,Veterinary Nursing,0.6666666666666666,2,0.3333333333333333,0.0,0,"(19.0, 20.0]"
1523,1,1,1,9670,1,1,125.0,1,19,1,7,4,122.6,0,0,0,1,1,0,21,0,0,5,7,5,11.16666667,0,0,5,5,4,11.0,0,9.4,-0.8,-3.12,Dropout,Dropout,1,Advertising and Marketing Management,1.0,0,0.7142857142857143,0.0,0,"(20.0, 25.0]"
1524,1,1,1,171,1,1,134.0,1,3,2,2,2,141.7,1,0,0,1,1,0,18,0,0,0,0,0,0.0,0,0,0,0,0,0.0,0,7.6,2.6,0.32,Enrolled,Enrolled,0,Animation and Multimedia Design,0.0,0,0.0,0.0,0,"(16.999, 19.0]"
1525,1,1,1,9500,1,1,151.0,1,1,1,4,3,132.3,0,0,0,1,1,0,19,0,0,8,9,7,12.82857143,0,0,8,9,7,12.82857143,0,12.7,3.7,-1.7,Graduate,Graduate,0,Nursing,0.875,1,0.7777777777777778,0.0,0,"(16.999, 19.0]"
1526,1,17,1,9773,1,1,112.0,1,1,1,5,1,111.7,0,0,1,0,1,0,19,0,0,6,6,6,12.5,0,0,6,10,4,12.6,0,15.5,2.8,-4.06,Dropout,Dropout,1,Journalism and Communication,1.0,0,1.0,0.0,1,"(16.999, 19.0]"
1527,1,39,1,9119,1,1,120.0,1,37,37,9,9,98.7,0,0,0,1,1,1,28,0,0,5,12,3,10.0,0,0,5,10,3,12.4,0,12.4,0.5,1.79,Graduate,Graduate,0,Informatics Engineering,0.6,2,0.25,0.0,0,"(25.0, 70.0]"
1528,1,15,1,9254,1,1,140.0,26,19,1,9,7,140.0,1,0,0,0,0,0,21,1,0,6,6,6,11.5,0,0,6,10,4,13.25,0,13.9,-0.3,0.79,Graduate,Graduate,0,Tourism,1.0,0,1.0,0.0,1,"(20.0, 25.0]"
1529,1,10,1,9500,1,1,140.0,24,3,3,2,9,140.0,1,0,1,0,0,0,23,1,0,8,11,7,11.32857143,0,0,8,11,7,11.32857143,0,12.7,3.7,-1.7,Dropout,Dropout,1,Nursing,0.875,1,0.6363636363636364,0.0,1,"(20.0, 25.0]"
1530,4,39,1,9003,1,1,133.1,1,19,19,9,4,100.7,0,0,0,1,0,0,39,0,0,6,15,2,13.0,2,0,6,13,3,13.0,1,15.5,2.8,-4.06,Enrolled,Enrolled,0,Agronomy,0.3333333333333333,4,0.13333333333333333,0.3333333333333333,0,"(25.0, 70.0]"
1531,1,17,3,9500,1,1,143.0,1,38,1,9,5,133.8,1,0,0,1,0,0,18,0,0,7,7,6,13.03333333,0,0,7,7,6,13.03333333,0,7.6,2.6,0.32,Graduate,Graduate,0,Nursing,0.8571428571428571,1,0.8571428571428571,0.0,0,"(16.999, 19.0]"
1532,2,15,1,9773,1,1,133.1,41,37,37,9,6,100.0,0,0,0,1,0,0,59,1,0,6,8,6,12.16666667,0,0,6,7,4,11.75,0,11.1,0.6,2.02,Graduate,Graduate,0,Journalism and Communication,1.0,0,0.75,0.0,0,"(25.0, 70.0]"
1533,1,7,1,9119,1,4,180.0,1,4,3,2,7,180.0,0,0,1,1,1,0,30,0,0,5,6,4,14.5,0,0,5,10,3,16.2,0,13.9,-0.3,0.79,Enrolled,Enrolled,0,Informatics Engineering,0.8,1,0.6666666666666666,0.0,1,"(25.0, 70.0]"
1534,1,1,1,9085,1,1,136.0,1,1,38,9,9,130.8,1,0,0,1,0,0,18,0,0,5,7,5,14.4,1,0,5,5,5,13.6,0,12.7,3.7,-1.7,Graduate,Graduate,0,Veterinary Nursing,1.0,0,0.7142857142857143,0.2,0,"(16.999, 19.0]"
1535,2,44,1,9991,0,39,140.0,1,37,37,9,9,140.0,0,0,0,1,0,0,41,0,2,6,10,4,12.25,0,3,7,9,6,12.5,0,9.4,-0.8,-3.12,Enrolled,Enrolled,0,Management (evening attendance),0.6666666666666666,2,0.4,0.0,0,"(25.0, 70.0]"
1536,1,39,1,9500,1,1,130.0,1,37,19,9,8,106.2,1,0,0,1,0,0,27,0,0,7,14,0,0.0,0,0,7,14,0,0.0,0,11.1,0.6,2.02,Dropout,Dropout,1,Nursing,0.0,7,0.0,0.0,0,"(25.0, 70.0]"
1537,1,1,1,9238,1,1,141.0,1,38,19,9,10,125.6,1,0,0,1,0,1,18,0,0,6,6,6,12.66666667,0,0,6,6,6,12.0,0,9.4,-0.8,-3.12,Graduate,Graduate,0,Social Service,1.0,0,1.0,0.0,0,"(16.999, 19.0]"
1538,1,18,5,9853,1,1,121.0,1,38,19,7,7,117.5,1,0,1,0,0,0,20,0,0,6,14,2,12.0,0,0,6,14,3,11.66666667,0,10.8,1.4,1.74,Dropout,Dropout,1,Basic Education,0.3333333333333333,4,0.14285714285714285,0.0,1,"(19.0, 20.0]"
1539,2,39,1,9119,1,3,120.0,1,37,37,4,7,122.5,0,0,0,0,0,0,32,0,0,5,6,0,0.0,0,0,5,5,0,0.0,0,12.7,3.7,-1.7,Dropout,Dropout,1,Informatics Engineering,0.0,5,0.0,0.0,1,"(25.0, 70.0]"
1540,1,17,1,9147,1,1,129.0,1,38,37,3,5,132.9,1,0,0,1,0,0,19,0,0,5,5,3,11.66666667,0,0,5,10,4,10.8,0,9.4,-0.8,-3.12,Dropout,Dropout,1,Management,0.6,2,0.6,0.0,0,"(16.999, 19.0]"
1541,2,39,1,9853,1,12,133.1,1,37,37,7,8,103.0,0,0,0,1,0,0,41,0,0,6,0,0,0.0,0,0,6,0,0,0.0,0,16.2,0.3,-0.92,Dropout,Dropout,1,Basic Education,0.0,6,0.0,0.0,0,"(25.0, 70.0]"
1542,4,17,5,8014,0,1,100.0,1,19,19,90,90,107.0,0,0,0,1,0,0,38,0,0,5,12,1,10.0,0,0,5,10,0,0.0,0,10.8,1.4,1.74,Dropout,Dropout,1,Social Service (evening attendance),0.2,4,0.08333333333333333,0.0,0,"(25.0, 70.0]"
1543,1,7,1,9130,1,2,133.1,6,42,1,4,9,100.0,0,0,0,1,1,0,35,1,0,7,8,0,0.0,1,0,6,9,0,0.0,0,8.9,1.4,3.51,Dropout,Dropout,1,Equinculture,0.0,7,0.0,0.14285714285714285,0,"(25.0, 70.0]"
1544,1,39,1,8014,0,1,133.1,1,34,34,0,0,100.0,1,0,0,1,0,0,27,0,0,6,11,4,12.25,0,0,6,16,3,12.0,0,7.6,2.6,0.32,Dropout,Dropout,1,Social Service (evening attendance),0.6666666666666666,2,0.36363636363636365,0.0,0,"(25.0, 70.0]"
1545,1,17,1,9070,1,1,139.0,1,1,37,4,9,131.3,1,0,0,1,0,0,19,0,0,6,10,4,12.0,1,0,6,6,6,12.5,0,7.6,2.6,0.32,Graduate,Graduate,0,Communication Design,0.6666666666666666,2,0.4,0.16666666666666666,0,"(16.999, 19.0]"
1546,1,18,1,9773,1,1,125.0,1,19,37,9,5,122.2,0,0,0,0,0,0,18,0,0,6,7,5,12.6,0,0,6,6,5,11.8,0,11.1,0.6,2.02,Enrolled,Enrolled,0,Journalism and Communication,0.8333333333333334,1,0.7142857142857143,0.0,1,"(16.999, 19.0]"
1547,2,39,1,9991,0,9,133.1,1,34,34,0,0,118.4,0,0,0,0,0,0,39,0,0,5,5,0,0.0,0,0,5,5,0,0.0,0,7.6,2.6,0.32,Dropout,Dropout,1,Management (evening attendance),0.0,5,0.0,0.0,1,"(25.0, 70.0]"
1548,2,7,1,9254,1,2,100.0,1,37,37,9,9,100.0,0,0,0,0,0,0,37,0,0,5,5,0,0.0,0,0,5,10,0,0.0,0,10.8,1.4,1.74,Dropout,Dropout,1,Tourism,0.0,5,0.0,0.0,1,"(25.0, 70.0]"
1549,5,39,1,9500,1,1,110.0,1,38,38,9,9,110.0,0,0,0,0,0,0,37,0,0,8,8,0,0.0,1,0,8,8,0,0.0,1,12.7,3.7,-1.7,Dropout,Dropout,1,Nursing,0.0,8,0.0,0.125,1,"(25.0, 70.0]"
1550,2,43,1,8014,0,1,133.1,1,34,34,0,0,100.0,0,0,0,1,0,1,35,0,11,16,16,16,12.6875,0,11,13,13,13,12.0,0,9.4,-0.8,-3.12,Graduate,Graduate,0,Social Service (evening attendance),1.0,0,1.0,0.0,0,"(25.0, 70.0]"
1551,1,43,1,9147,1,1,123.0,1,37,37,9,9,106.2,0,0,0,1,0,0,49,0,9,13,22,10,10.4,0,4,9,18,6,10.66666667,0,12.7,3.7,-1.7,Graduate,Graduate,0,Management,0.7692307692307693,3,0.45454545454545453,0.0,0,"(25.0, 70.0]"
1552,1,7,1,9147,1,40,110.0,1,37,37,9,9,110.0,0,0,0,1,0,0,52,0,11,15,26,14,10.46666667,0,9,12,16,12,10.92307692,0,13.9,-0.3,0.79,Graduate,Graduate,0,Management,0.9333333333333333,1,0.5384615384615384,0.0,0,"(25.0, 70.0]"
1553,1,1,2,9085,1,1,130.0,1,1,38,5,5,122.3,1,0,0,1,0,0,18,0,0,5,10,5,14.33333333,2,0,5,8,5,13.0,1,9.4,-0.8,-3.12,Graduate,Graduate,0,Veterinary Nursing,1.0,0,0.5,0.4,0,"(16.999, 19.0]"
1554,1,39,1,8014,0,1,133.1,1,37,37,9,9,112.5,0,0,0,1,0,1,30,0,0,7,7,6,14.66666667,1,0,6,7,6,14.33333333,0,10.8,1.4,1.74,Graduate,Graduate,0,Social Service (evening attendance),0.8571428571428571,1,0.8571428571428571,0.14285714285714285,0,"(25.0, 70.0]"
1555,1,1,2,9500,1,1,97.0,1,1,19,2,7,98.1,1,0,0,1,0,0,21,0,0,7,7,7,12.83571429,0,0,8,8,8,14.23125,0,11.1,0.6,2.02,Graduate,Graduate,0,Nursing,1.0,0,1.0,0.0,0,"(20.0, 25.0]"
1556,1,1,1,9119,1,1,130.0,1,37,19,9,5,140.2,1,0,0,1,1,0,20,0,0,5,5,0,0.0,0,0,5,0,0,0.0,0,9.4,-0.8,-3.12,Dropout,Dropout,1,Informatics Engineering,0.0,5,0.0,0.0,0,"(19.0, 20.0]"
1557,1,17,1,9147,1,1,139.0,1,1,38,6,6,143.6,1,0,1,1,1,0,18,0,0,5,9,0,0.0,0,0,5,5,0,0.0,0,7.6,2.6,0.32,Enrolled,Enrolled,0,Management,0.0,5,0.0,0.0,1,"(16.999, 19.0]"
1558,1,16,1,171,1,1,150.0,1,37,37,9,9,134.6,1,0,0,1,1,0,19,0,0,0,0,0,0.0,0,0,0,0,0,0.0,0,7.6,2.6,0.32,Dropout,Dropout,1,Animation and Multimedia Design,0.0,0,0.0,0.0,0,"(16.999, 19.0]"
1559,1,1,3,9500,1,1,141.0,1,3,19,2,10,126.8,1,0,0,1,1,0,18,0,0,8,8,8,13.24875,0,0,8,8,8,13.24875,0,9.4,-0.8,-3.12,Graduate,Graduate,0,Nursing,1.0,0,1.0,0.0,0,"(16.999, 19.0]"
1560,1,15,1,33,1,1,133.1,41,2,3,2,4,100.0,0,0,0,1,1,0,20,1,0,7,10,7,12.85714286,0,0,7,7,4,12.75,0,8.9,1.4,3.51,Enrolled,Enrolled,0,Biofuel Production Technologies,1.0,0,0.7,0.0,0,"(19.0, 20.0]"
1561,1,17,1,9130,1,1,137.0,1,38,19,5,7,130.0,1,0,0,1,0,0,21,0,0,6,12,5,13.6,0,0,6,10,4,14.25,0,12.4,0.5,1.79,Enrolled,Enrolled,0,Equinculture,0.8333333333333334,1,0.4166666666666667,0.0,0,"(20.0, 25.0]"
1562,1,1,4,9147,1,1,116.0,1,1,1,3,4,113.6,1,0,0,1,0,1,22,0,0,5,6,3,14.0,0,0,5,8,5,12.4,0,11.1,0.6,2.02,Graduate,Graduate,0,Management,0.6,2,0.5,0.0,0,"(20.0, 25.0]"
1563,1,44,1,9130,1,39,140.0,1,19,19,5,5,140.0,1,0,1,0,0,0,20,0,1,6,11,3,12.0,0,0,6,11,2,11.0,0,12.4,0.5,1.79,Enrolled,Enrolled,0,Equinculture,0.5,3,0.2727272727272727,0.0,1,"(19.0, 20.0]"
1564,1,17,4,9085,1,1,106.0,1,37,1,3,9,106.0,0,0,0,1,0,0,20,0,0,6,9,6,13.16666667,0,0,6,8,4,14.0,0,13.9,-0.3,0.79,Enrolled,Enrolled,0,Veterinary Nursing,1.0,0,0.6666666666666666,0.0,0,"(19.0, 20.0]"
1565,1,17,6,9238,1,1,135.0,1,1,19,7,7,126.6,1,0,0,1,0,1,19,0,0,6,8,6,13.625,0,0,6,7,6,12.16666667,0,12.7,3.7,-1.7,Graduate,Graduate,0,Social Service,1.0,0,0.75,0.0,0,"(16.999, 19.0]"
1566,1,17,5,9500,1,1,144.0,1,19,38,9,5,130.7,1,0,0,1,0,1,18,0,0,7,8,7,14.85,0,0,8,9,8,15.61111111,0,13.9,-0.3,0.79,Graduate,Graduate,0,Nursing,1.0,0,0.875,0.0,0,"(16.999, 19.0]"
1567,1,1,2,9147,1,1,108.0,1,1,19,4,4,105.9,1,0,0,1,1,0,21,0,0,5,9,4,10.75,0,0,5,6,5,11.4,0,11.1,0.6,2.02,Graduate,Graduate,0,Management,0.8,1,0.4444444444444444,0.0,0,"(20.0, 25.0]"
1568,1,15,1,9556,1,1,137.0,26,19,1,9,4,137.0,0,0,1,1,0,0,19,1,0,7,11,0,0.0,4,0,7,11,2,11.66666667,0,8.9,1.4,3.51,Enrolled,Enrolled,0,Oral Hygiene,0.0,7,0.0,0.5714285714285714,1,"(16.999, 19.0]"
1569,1,43,1,9130,1,1,133.1,6,37,37,9,6,100.0,0,0,0,1,0,0,37,1,0,6,0,0,0.0,0,0,6,0,0,0.0,0,13.9,-0.3,0.79,Dropout,Dropout,1,Equinculture,0.0,6,0.0,0.0,0,"(25.0, 70.0]"
1570,2,1,1,8014,0,1,121.0,1,37,37,9,9,114.4,1,0,0,1,0,0,45,0,8,12,14,12,14.0,0,2,7,12,7,13.85714286,0,7.6,2.6,0.32,Enrolled,Enrolled,0,Social Service (evening attendance),1.0,0,0.8571428571428571,0.0,0,"(25.0, 70.0]"
1571,1,39,1,9003,1,19,133.1,1,37,37,9,10,120.0,0,0,1,0,1,0,38,0,0,6,8,0,0.0,0,0,6,10,0,0.0,0,16.2,0.3,-0.92,Dropout,Dropout,1,Agronomy,0.0,6,0.0,0.0,1,"(25.0, 70.0]"
1572,6,39,1,9991,0,12,130.0,1,37,37,90,90,119.0,1,0,0,0,1,0,55,0,0,5,5,0,0.0,0,0,5,5,0,0.0,0,7.6,2.6,0.32,Dropout,Dropout,1,Management (evening attendance),0.0,5,0.0,0.0,1,"(25.0, 70.0]"
1573,5,39,1,9003,1,1,133.1,1,37,37,9,7,110.0,0,0,1,0,0,0,28,0,0,6,17,5,13.0,0,0,6,11,4,11.75,0,13.9,-0.3,0.79,Dropout,Dropout,1,Agronomy,0.8333333333333334,1,0.29411764705882354,0.0,1,"(25.0, 70.0]"
1574,5,7,1,9991,0,2,120.0,1,37,37,6,6,120.0,0,0,0,1,0,0,46,0,6,8,12,8,12.375,0,4,9,11,5,12.4,0,8.9,1.4,3.51,Graduate,Graduate,0,Management (evening attendance),1.0,0,0.6666666666666666,0.0,0,"(25.0, 70.0]"
1575,1,1,4,171,1,1,131.0,1,19,19,4,4,119.8,1,1,0,1,0,0,22,0,0,0,0,0,0.0,0,0,0,0,0,0.0,0,16.2,0.3,-0.92,Graduate,Graduate,0,Animation and Multimedia Design,0.0,0,0.0,0.0,0,"(20.0, 25.0]"
1576,2,39,2,9670,1,19,133.1,1,37,37,9,9,135.6,0,0,0,1,0,0,46,0,0,6,10,5,11.4,0,0,6,9,4,13.75,0,12.4,0.5,1.79,Dropout,Dropout,1,Advertising and Marketing Management,0.8333333333333334,1,0.5,0.0,0,"(25.0, 70.0]"
1577,1,39,1,9991,0,1,100.0,1,19,37,5,5,120.7,0,0,0,1,0,0,28,0,0,5,9,4,11.25,0,0,5,7,4,13.0,0,7.6,2.6,0.32,Enrolled,Enrolled,0,Management (evening attendance),0.8,1,0.4444444444444444,0.0,0,"(25.0, 70.0]"
1578,1,1,3,9085,1,1,131.0,1,37,19,9,8,136.3,1,0,1,0,0,0,18,0,0,5,7,3,13.0,0,0,5,8,3,12.0,0,7.6,2.6,0.32,Dropout,Dropout,1,Veterinary Nursing,0.6,2,0.42857142857142855,0.0,1,"(16.999, 19.0]"
1579,1,16,1,171,1,1,158.0,1,38,37,9,9,164.3,1,0,0,1,1,1,18,0,0,0,0,0,0.0,0,0,0,0,0,0.0,0,10.8,1.4,1.74,Enrolled,Enrolled,0,Animation and Multimedia Design,0.0,0,0.0,0.0,0,"(16.999, 19.0]"
1580,1,1,1,9773,1,1,146.0,1,37,37,9,7,149.2,1,0,0,1,1,1,21,0,0,6,6,6,13.5,0,0,6,6,6,14.16666667,0,12.7,3.7,-1.7,Graduate,Graduate,0,Journalism and Communication,1.0,0,1.0,0.0,0,"(20.0, 25.0]"
1581,1,16,2,9070,1,1,133.0,1,1,3,4,2,122.5,1,0,0,1,0,0,18,0,0,6,11,1,11.0,1,0,6,11,4,11.0,4,7.6,2.6,0.32,Enrolled,Enrolled,0,Communication Design,0.16666666666666666,5,0.09090909090909091,0.16666666666666666,0,"(16.999, 19.0]"
1582,1,43,1,9991,0,1,120.0,1,19,37,3,9,100.0,0,0,0,1,0,0,34,0,0,5,9,0,0.0,0,0,5,10,1,11.0,0,13.9,-0.3,0.79,Dropout,Dropout,1,Management (evening attendance),0.0,5,0.0,0.0,0,"(25.0, 70.0]"
1583,1,17,1,9853,1,1,119.0,1,37,38,9,9,125.0,1,0,0,1,0,1,21,0,0,6,9,5,12.0,0,0,6,8,5,11.2,0,10.8,1.4,1.74,Dropout,Dropout,1,Basic Education,0.8333333333333334,1,0.5555555555555556,0.0,0,"(20.0, 25.0]"
1584,1,1,1,9773,1,1,132.0,1,37,19,9,9,131.0,1,0,0,1,0,1,18,0,0,6,8,5,13.0,0,0,6,7,6,13.0,0,15.5,2.8,-4.06,Graduate,Graduate,0,Journalism and Communication,0.8333333333333334,1,0.625,0.0,0,"(16.999, 19.0]"
1585,1,1,1,171,1,1,130.0,1,29,38,9,8,122.0,1,0,0,1,1,0,20,0,0,0,0,0,0.0,0,0,0,0,0,0.0,0,7.6,2.6,0.32,Graduate,Graduate,0,Animation and Multimedia Design,0.0,0,0.0,0.0,0,"(19.0, 20.0]"
1586,1,1,1,9147,1,1,132.0,1,38,37,7,7,131.3,1,0,0,1,0,0,18,0,0,5,8,4,12.0,0,0,5,8,4,12.25,0,9.4,-0.8,-3.12,Enrolled,Enrolled,0,Management,0.8,1,0.5,0.0,0,"(16.999, 19.0]"
1587,1,17,2,9119,1,1,133.1,1,1,2,3,3,117.0,1,0,0,1,1,0,21,0,0,5,10,5,11.16666667,0,0,5,10,3,10.8,0,12.4,0.5,1.79,Enrolled,Enrolled,0,Informatics Engineering,1.0,0,0.5,0.0,0,"(20.0, 25.0]"
1588,1,17,1,9254,1,1,119.0,1,37,37,5,4,118.0,1,0,0,1,1,0,19,0,0,6,13,2,10.5,0,0,6,11,1,12.0,0,10.8,1.4,1.74,Dropout,Dropout,1,Tourism,0.3333333333333333,4,0.15384615384615385,0.0,0,"(16.999, 19.0]"
1589,1,17,2,8014,0,1,134.0,1,1,19,4,99,126.0,1,0,0,1,1,0,22,0,0,6,7,6,12.66666667,0,0,6,6,6,12.16666667,0,7.6,2.6,0.32,Graduate,Graduate,0,Social Service (evening attendance),1.0,0,0.8571428571428571,0.0,0,"(20.0, 25.0]"
1590,1,44,1,9003,1,39,120.0,1,1,19,4,7,120.0,0,0,0,1,1,0,23,0,1,6,6,1,11.0,0,0,6,8,0,0.0,0,15.5,2.8,-4.06,Dropout,Dropout,1,Agronomy,0.16666666666666666,5,0.16666666666666666,0.0,0,"(20.0, 25.0]"
1591,1,17,4,171,1,1,172.0,1,3,1,2,10,155.6,1,0,0,1,1,0,19,0,0,0,0,0,0.0,0,0,0,0,0,0.0,0,9.4,-0.8,-3.12,Dropout,Dropout,1,Animation and Multimedia Design,0.0,0,0.0,0.0,0,"(16.999, 19.0]"
1592,1,1,4,9147,1,1,120.0,1,19,38,5,5,122.8,1,0,0,1,1,0,18,0,0,5,6,4,11.5,0,0,5,12,2,10.33333333,0,10.8,1.4,1.74,Enrolled,Enrolled,0,Management,0.8,1,0.6666666666666666,0.0,0,"(16.999, 19.0]"
1593,1,1,3,171,1,1,129.0,1,38,37,9,3,127.3,1,0,1,0,1,1,19,0,0,0,0,0,0.0,0,0,0,0,0,0.0,0,9.4,-0.8,-3.12,Dropout,Dropout,1,Animation and Multimedia Design,0.0,0,0.0,0.0,1,"(16.999, 19.0]"
1594,1,17,1,9147,1,1,118.0,1,1,38,9,9,118.4,1,0,0,1,1,0,19,0,0,5,10,2,10.5,0,0,5,5,4,11.75,0,12.4,0.5,1.79,Enrolled,Enrolled,0,Management,0.4,3,0.2,0.0,0,"(16.999, 19.0]"
1595,1,1,1,9670,1,1,127.0,1,1,37,4,9,128.1,0,0,0,1,1,0,19,0,0,5,8,4,12.5,0,0,5,6,4,11.0,0,7.6,2.6,0.32,Enrolled,Enrolled,0,Advertising and Marketing Management,0.8,1,0.5,0.0,0,"(16.999, 19.0]"
1596,1,1,2,9500,1,1,133.1,1,37,37,9,9,99.0,1,0,0,1,1,0,22,0,0,7,9,6,12.83333333,0,0,8,12,6,12.5,0,16.2,0.3,-0.92,Enrolled,Enrolled,0,Nursing,0.8571428571428571,1,0.6666666666666666,0.0,0,"(20.0, 25.0]"
1597,1,1,1,9773,1,1,164.0,1,19,1,9,9,161.2,0,0,0,1,1,1,18,0,0,6,7,6,15.57142857,0,0,6,7,6,16.14285714,0,13.9,-0.3,0.79,Graduate,Graduate,0,Journalism and Communication,1.0,0,0.8571428571428571,0.0,0,"(16.999, 19.0]"
1598,1,17,1,9238,1,1,136.0,1,37,37,7,7,140.9,1,0,0,1,1,0,18,0,0,6,10,4,12.0,0,0,6,7,5,11.8,0,9.4,-0.8,-3.12,Dropout,Dropout,1,Social Service,0.6666666666666666,2,0.4,0.0,0,"(16.999, 19.0]"
1599,1,17,1,9773,1,1,117.0,1,38,38,9,9,111.1,0,0,1,1,1,0,19,0,0,6,6,4,11.25,0,0,6,6,3,11.33333333,0,16.2,0.3,-0.92,Dropout,Dropout,1,Journalism and Communication,0.6666666666666666,2,0.6666666666666666,0.0,1,"(16.999, 19.0]"
1600,1,1,4,171,1,1,131.0,1,1,1,0,3,149.9,1,0,0,1,1,0,18,0,0,0,0,0,0.0,0,0,0,0,0,0.0,0,11.1,0.6,2.02,Graduate,Graduate,0,Animation and Multimedia Design,0.0,0,0.0,0.0,0,"(16.999, 19.0]"
1601,1,17,6,9670,1,1,110.0,1,1,19,4,10,111.3,0,0,0,1,1,0,21,0,0,6,10,6,12.28571429,0,0,6,11,4,14.25,0,15.5,2.8,-4.06,Enrolled,Enrolled,0,Advertising and Marketing Management,1.0,0,0.6,0.0,0,"(20.0, 25.0]"
1602,1,1,2,9254,1,1,125.0,1,1,19,4,1,121.5,1,0,0,1,1,0,18,0,0,6,12,5,11.0,0,0,6,11,3,10.33333333,0,9.4,-0.8,-3.12,Enrolled,Enrolled,0,Tourism,0.8333333333333334,1,0.4166666666666667,0.0,0,"(16.999, 19.0]"
1603,1,44,1,9003,1,39,120.0,1,19,38,6,6,120.0,1,0,0,1,1,0,19,0,0,6,8,6,12.14285714,0,0,6,11,5,13.6,0,12.4,0.5,1.79,Graduate,Graduate,0,Agronomy,1.0,0,0.75,0.0,0,"(16.999, 19.0]"
1604,1,39,1,9003,1,19,133.1,1,1,19,9,8,120.0,0,0,1,0,1,0,27,0,0,6,11,2,11.5,0,0,6,7,0,0.0,0,8.9,1.4,3.51,Dropout,Dropout,1,Agronomy,0.3333333333333333,4,0.18181818181818182,0.0,1,"(25.0, 70.0]"
1605,1,53,1,9003,1,42,130.0,1,38,38,9,9,130.0,1,0,1,1,1,0,20,0,7,12,16,11,12.54545455,0,5,10,12,8,11.625,0,8.9,1.4,3.51,Enrolled,Enrolled,0,Agronomy,0.9166666666666666,1,0.6875,0.0,1,"(19.0, 20.0]"
1606,1,1,5,9254,1,1,101.0,1,3,19,3,9,98.9,1,0,0,1,1,0,20,0,0,6,10,4,13.0,0,0,6,6,6,13.0,0,12.4,0.5,1.79,Graduate,Graduate,0,Tourism,0.6666666666666666,2,0.4,0.0,0,"(19.0, 20.0]"
1607,1,1,6,9500,1,1,141.0,1,4,3,2,1,136.3,1,0,0,1,1,0,18,0,0,8,9,8,12.8875,1,0,8,9,8,12.8875,1,9.4,-0.8,-3.12,Graduate,Graduate,0,Nursing,1.0,0,0.8888888888888888,0.125,0,"(16.999, 19.0]"
1608,1,17,1,9773,1,1,128.0,1,38,19,9,10,125.2,1,0,0,1,1,0,18,0,0,6,6,6,12.66666667,0,0,6,7,5,13.6,0,12.4,0.5,1.79,Enrolled,Enrolled,0,Journalism and Communication,1.0,0,1.0,0.0,0,"(16.999, 19.0]"
1609,1,1,2,9070,1,1,145.0,1,38,19,7,7,130.0,1,0,0,1,1,0,18,0,0,6,7,6,12.83333333,0,0,6,7,6,12.57142857,0,8.9,1.4,3.51,Graduate,Graduate,0,Communication Design,1.0,0,0.8571428571428571,0.0,0,"(16.999, 19.0]"
1610,1,1,1,9147,1,1,160.0,1,1,38,4,7,141.5,1,0,0,1,1,0,18,0,0,5,10,3,10.66666667,1,0,5,11,2,12.5,0,9.4,-0.8,-3.12,Dropout,Dropout,1,Management,0.6,2,0.3,0.2,0,"(16.999, 19.0]"
1611,1,16,5,9085,1,1,134.0,1,19,37,8,8,123.9,1,0,0,1,1,0,18,0,0,5,11,5,13.0,2,0,5,7,5,12.4,0,9.4,-0.8,-3.12,Enrolled,Enrolled,0,Veterinary Nursing,1.0,0,0.45454545454545453,0.4,0,"(16.999, 19.0]"
1612,1,17,2,9500,1,1,125.0,1,19,19,5,5,114.5,1,0,0,1,0,0,18,0,0,7,11,6,11.98333333,0,0,8,12,8,12.28125,0,16.2,0.3,-0.92,Graduate,Graduate,0,Nursing,0.8571428571428571,1,0.5454545454545454,0.0,0,"(16.999, 19.0]"
1613,1,39,1,8014,0,15,133.1,1,34,34,0,0,100.0,1,0,0,0,0,0,37,0,0,5,9,0,0.0,0,0,5,5,0,0.0,5,9.4,-0.8,-3.12,Dropout,Dropout,1,Social Service (evening attendance),0.0,5,0.0,0.0,1,"(25.0, 70.0]"
1614,2,39,1,8014,0,1,120.0,1,38,37,5,3,110.5,0,0,0,1,0,1,36,0,0,6,6,6,11.83333333,0,0,6,6,6,11.5,0,10.8,1.4,1.74,Graduate,Graduate,0,Social Service (evening attendance),1.0,0,1.0,0.0,0,"(25.0, 70.0]"
1615,2,39,1,9085,1,19,133.1,1,19,19,9,5,101.0,1,0,0,1,0,0,26,0,0,6,21,3,12.66666667,0,0,6,15,2,11.0,0,15.5,2.8,-4.06,Dropout,Dropout,1,Veterinary Nursing,0.5,3,0.14285714285714285,0.0,0,"(25.0, 70.0]"
1616,1,1,1,9085,1,1,121.0,1,37,38,6,9,121.0,0,0,0,1,0,0,19,0,0,5,9,4,13.75,1,0,5,8,4,14.5,0,7.6,2.6,0.32,Graduate,Graduate,0,Veterinary Nursing,0.8,1,0.4444444444444444,0.2,0,"(16.999, 19.0]"
1617,1,39,1,8014,0,1,120.0,1,37,1,7,4,95.0,1,0,0,1,0,0,24,0,0,6,8,5,11.4,0,0,6,8,5,11.8,0,15.5,2.8,-4.06,Dropout,Dropout,1,Social Service (evening attendance),0.8333333333333334,1,0.625,0.0,0,"(20.0, 25.0]"
1618,1,1,2,9773,1,1,130.0,109,19,1,9,9,126.9,1,0,0,1,0,1,19,1,0,6,8,6,13.16666667,0,0,6,6,6,13.0,0,11.1,0.6,2.02,Dropout,Dropout,1,Journalism and Communication,1.0,0,0.75,0.0,0,"(16.999, 19.0]"
1619,1,42,1,9670,1,1,130.0,1,1,1,9,10,116.3,1,0,0,1,0,1,20,0,3,7,10,6,12.83333333,0,2,8,8,5,11.8,0,12.7,3.7,-1.7,Graduate,Graduate,0,Advertising and Marketing Management,0.8571428571428571,1,0.6,0.0,0,"(19.0, 20.0]"
1620,1,18,1,9670,1,1,128.0,1,19,3,9,7,120.0,1,0,0,1,0,0,19,0,0,6,8,6,14.125,0,0,6,10,5,14.5,0,11.1,0.6,2.02,Graduate,Graduate,0,Advertising and Marketing Management,1.0,0,0.75,0.0,0,"(16.999, 19.0]"
1621,1,1,1,9085,1,1,126.0,1,38,37,9,9,123.6,1,0,0,1,0,0,21,0,0,5,10,3,11.66666667,0,0,5,5,5,13.0,0,10.8,1.4,1.74,Graduate,Graduate,0,Veterinary Nursing,0.6,2,0.3,0.0,0,"(20.0, 25.0]"
1622,2,39,1,9556,1,1,120.0,1,37,37,9,4,150.0,0,0,0,0,0,0,50,0,0,7,18,6,10.25,0,0,7,14,4,11.25,0,12.7,3.7,-1.7,Dropout,Dropout,1,Oral Hygiene,0.8571428571428571,1,0.3333333333333333,0.0,1,"(25.0, 70.0]"
1623,2,39,1,9556,1,1,100.0,1,37,37,9,9,120.0,0,0,0,1,0,0,47,0,1,7,16,6,12.51428571,0,0,7,15,4,11.75,0,12.7,3.7,-1.7,Dropout,Dropout,1,Oral Hygiene,0.8571428571428571,1,0.375,0.0,0,"(25.0, 70.0]"
1624,1,42,1,9853,1,1,120.0,1,1,19,4,7,111.3,0,0,0,1,0,0,24,0,9,13,17,10,11.5,0,7,13,18,9,10.44444444,0,16.2,0.3,-0.92,Dropout,Dropout,1,Basic Education,0.7692307692307693,3,0.5882352941176471,0.0,0,"(20.0, 25.0]"
1625,1,39,1,9991,0,1,110.0,1,37,37,7,10,150.0,0,0,0,0,0,0,48,0,0,5,5,1,10.0,0,0,5,5,0,0.0,0,15.5,2.8,-4.06,Dropout,Dropout,1,Management (evening attendance),0.2,4,0.2,0.0,1,"(25.0, 70.0]"
1626,1,1,1,9085,1,1,127.0,1,37,2,9,4,123.2,1,0,0,1,0,1,18,0,0,6,7,6,15.71428571,0,0,6,17,5,12.77777778,0,12.4,0.5,1.79,Graduate,Graduate,0,Veterinary Nursing,1.0,0,0.8571428571428571,0.0,0,"(16.999, 19.0]"
1627,1,44,1,9991,0,39,130.0,1,37,37,5,5,130.0,1,0,0,1,1,0,32,0,2,6,9,4,12.5,0,3,7,7,4,11.0,0,9.4,-0.8,-3.12,Dropout,Dropout,1,Management (evening attendance),0.6666666666666666,2,0.4444444444444444,0.0,0,"(25.0, 70.0]"
1628,1,1,1,9670,1,1,141.0,1,19,3,4,0,137.9,1,0,0,0,1,0,20,0,0,5,6,3,12.0,0,0,5,5,4,12.75,0,7.6,2.6,0.32,Dropout,Dropout,1,Advertising and Marketing Management,0.6,2,0.5,0.0,1,"(19.0, 20.0]"
1629,1,39,1,9119,1,1,120.0,1,37,38,9,8,100.0,0,0,1,1,1,0,24,0,0,5,11,0,0.0,0,0,5,5,0,0.0,0,16.2,0.3,-0.92,Dropout,Dropout,1,Informatics Engineering,0.0,5,0.0,0.0,1,"(20.0, 25.0]"
1630,2,39,1,9130,1,19,133.1,1,37,38,9,9,120.0,0,0,0,1,1,0,53,0,0,5,9,4,12.25,2,0,5,8,4,11.75,0,9.4,-0.8,-3.12,Graduate,Graduate,0,Equinculture,0.8,1,0.4444444444444444,0.4,0,"(25.0, 70.0]"
1631,2,39,1,9773,1,19,133.1,1,19,19,9,4,131.0,0,0,1,0,1,0,42,0,0,4,5,0,0.0,0,0,4,4,0,0.0,0,13.9,-0.3,0.79,Dropout,Dropout,1,Journalism and Communication,0.0,4,0.0,0.0,1,"(25.0, 70.0]"
1632,2,39,1,9991,0,12,133.1,1,37,37,9,9,133.8,1,0,0,1,1,0,52,0,0,5,5,5,13.6,0,0,5,5,5,14.2,0,7.6,2.6,0.32,Graduate,Graduate,0,Management (evening attendance),1.0,0,1.0,0.0,0,"(25.0, 70.0]"
1633,1,43,1,8014,0,1,130.0,1,38,3,132,122,100.0,0,0,0,1,1,0,54,0,9,13,14,13,13.30769231,0,7,11,12,11,12.81818182,0,12.7,3.7,-1.7,Enrolled,Enrolled,0,Social Service (evening attendance),1.0,0,0.9285714285714286,0.0,0,"(25.0, 70.0]"
1634,2,39,1,9991,0,1,110.0,1,37,37,9,10,150.0,0,0,0,1,1,0,49,0,0,5,6,5,12.2,0,0,5,9,5,11.8,0,15.5,2.8,-4.06,Graduate,Graduate,0,Management (evening attendance),1.0,0,0.8333333333333334,0.0,0,"(25.0, 70.0]"
1635,1,17,1,9670,1,1,125.0,1,38,37,7,5,126.4,0,0,0,1,1,1,18,0,0,6,7,6,12.28571429,0,0,6,7,6,13.33333333,1,16.2,0.3,-0.92,Graduate,Graduate,0,Advertising and Marketing Management,1.0,0,0.8571428571428571,0.0,0,"(16.999, 19.0]"
1636,2,39,1,9130,1,1,130.0,1,1,19,6,6,154.0,1,0,0,1,1,0,37,0,1,5,12,3,12.0,2,1,5,8,4,13.0,1,10.8,1.4,1.74,Graduate,Graduate,0,Equinculture,0.6,2,0.25,0.4,0,"(25.0, 70.0]"
1637,1,1,1,9500,1,1,121.0,1,1,1,4,4,114.9,0,0,0,1,1,1,21,0,0,7,9,6,13.34285714,0,0,8,10,7,11.65,0,12.4,0.5,1.79,Graduate,Graduate,0,Nursing,0.8571428571428571,1,0.6666666666666666,0.0,0,"(20.0, 25.0]"
1638,1,39,1,9670,1,9,133.1,1,37,37,5,3,110.0,0,0,1,1,1,0,26,0,0,5,5,0,0.0,0,0,5,5,0,0.0,0,9.4,-0.8,-3.12,Dropout,Dropout,1,Advertising and Marketing Management,0.0,5,0.0,0.0,1,"(25.0, 70.0]"
1639,1,1,1,9070,1,1,147.0,1,3,1,2,3,149.8,1,0,0,1,1,0,20,0,5,12,12,11,14.27272727,0,5,12,12,11,14.81818182,0,16.2,0.3,-0.92,Graduate,Graduate,0,Communication Design,0.9166666666666666,1,0.9166666666666666,0.0,0,"(19.0, 20.0]"
1640,1,1,4,9500,1,1,128.0,1,1,37,4,3,117.9,1,0,0,1,0,1,19,0,0,7,9,7,12.1375,0,0,8,9,8,12.91111111,0,12.4,0.5,1.79,Graduate,Graduate,0,Nursing,1.0,0,0.7777777777777778,0.0,0,"(16.999, 19.0]"
1641,1,1,2,9070,1,1,164.0,1,38,38,9,7,165.8,1,0,0,1,0,0,18,0,0,6,7,6,14.16666667,0,0,6,7,6,14.85714286,0,9.4,-0.8,-3.12,Graduate,Graduate,0,Communication Design,1.0,0,0.8571428571428571,0.0,0,"(16.999, 19.0]"
1642,1,17,5,9500,1,1,137.0,1,1,1,4,4,127.6,1,0,0,1,0,0,18,0,0,7,7,7,13.52857143,0,0,8,9,8,14.65555556,0,12.4,0.5,1.79,Graduate,Graduate,0,Nursing,1.0,0,1.0,0.0,0,"(16.999, 19.0]"
1643,1,17,2,8014,0,1,122.0,1,37,19,9,9,123.8,0,0,0,1,0,0,20,0,0,6,8,5,12.0,0,0,6,8,6,11.0,0,10.8,1.4,1.74,Graduate,Graduate,0,Social Service (evening attendance),0.8333333333333334,1,0.625,0.0,0,"(19.0, 20.0]"
1644,1,17,4,9254,1,1,124.0,1,3,3,3,3,126.1,1,0,0,1,0,0,20,0,0,5,5,5,11.4,0,0,6,11,1,11.0,0,10.8,1.4,1.74,Dropout,Dropout,1,Tourism,1.0,0,1.0,0.0,0,"(19.0, 20.0]"
1645,1,1,2,171,1,1,120.0,1,3,19,4,7,119.7,1,0,0,1,0,0,21,0,0,0,0,0,0.0,0,0,0,0,0,0.0,0,8.9,1.4,3.51,Dropout,Dropout,1,Animation and Multimedia Design,0.0,0,0.0,0.0,0,"(20.0, 25.0]"
1646,1,1,2,171,1,1,117.0,1,1,19,3,3,121.6,1,0,0,1,0,0,22,0,6,12,12,12,12.91666667,0,4,11,16,11,14.5,0,8.9,1.4,3.51,Graduate,Graduate,0,Animation and Multimedia Design,1.0,0,1.0,0.0,0,"(20.0, 25.0]"
1647,1,43,1,9500,1,1,140.0,1,1,38,4,7,100.0,0,0,0,1,0,1,18,0,0,7,8,7,13.6375,0,0,8,8,8,14.3875,0,13.9,-0.3,0.79,Graduate,Graduate,0,Nursing,1.0,0,0.875,0.0,0,"(16.999, 19.0]"
1648,1,1,5,9500,1,1,130.0,1,19,37,9,7,127.6,1,0,0,1,0,0,18,0,0,7,10,7,12.9,0,0,8,15,7,12.14285714,0,15.5,2.8,-4.06,Dropout,Dropout,1,Nursing,1.0,0,0.7,0.0,0,"(16.999, 19.0]"
1649,1,1,1,9500,1,1,138.0,1,1,38,4,9,132.5,1,0,0,1,0,1,19,0,0,8,8,7,14.36,0,0,8,8,7,14.36,0,10.8,1.4,1.74,Graduate,Graduate,0,Nursing,0.875,1,0.875,0.0,0,"(16.999, 19.0]"
1650,1,1,1,9500,1,1,141.0,1,3,1,9,9,124.3,0,0,0,1,0,0,19,0,0,8,8,7,14.51428571,0,0,8,8,7,14.51428571,0,12.7,3.7,-1.7,Enrolled,Enrolled,0,Nursing,0.875,1,0.875,0.0,0,"(16.999, 19.0]"
1651,1,1,3,9500,1,1,142.0,1,1,1,4,7,131.0,1,0,0,1,0,0,18,0,0,8,8,7,14.7,0,0,8,8,7,14.7,0,10.8,1.4,1.74,Graduate,Graduate,0,Nursing,0.875,1,0.875,0.0,0,"(16.999, 19.0]"
1652,1,7,1,9991,0,40,120.0,1,43,3,3,3,120.0,0,0,0,1,0,0,27,0,0,5,5,5,15.2,0,0,5,6,5,14.0,0,11.1,0.6,2.02,Enrolled,Enrolled,0,Management (evening attendance),1.0,0,1.0,0.0,0,"(25.0, 70.0]"
1653,1,1,3,9556,1,1,122.0,1,19,19,3,10,113.3,1,0,0,1,0,1,20,0,0,7,7,7,13.0,0,0,8,8,8,15.0625,0,12.4,0.5,1.79,Graduate,Graduate,0,Oral Hygiene,1.0,0,1.0,0.0,0,"(19.0, 20.0]"
1654,1,1,2,9853,1,1,131.0,1,1,1,2,9,121.9,1,0,0,1,0,0,20,0,0,6,6,6,13.5,0,0,6,6,0,0.0,0,12.7,3.7,-1.7,Dropout,Dropout,1,Basic Education,1.0,0,1.0,0.0,0,"(19.0, 20.0]"
1655,1,1,2,9085,1,1,120.0,1,38,1,9,3,118.3,1,0,0,1,0,0,20,0,0,5,11,5,12.33333333,2,0,5,7,5,12.6,0,9.4,-0.8,-3.12,Graduate,Graduate,0,Veterinary Nursing,1.0,0,0.45454545454545453,0.4,0,"(19.0, 20.0]"
1656,1,1,1,9147,1,1,131.0,1,3,19,1,4,118.8,0,0,0,1,0,0,19,0,0,5,6,5,13.4,0,0,5,6,5,13.0,0,16.2,0.3,-0.92,Graduate,Graduate,0,Management,1.0,0,0.8333333333333334,0.0,0,"(16.999, 19.0]"
1657,1,1,2,9085,1,1,130.0,1,37,19,9,8,129.0,0,0,0,1,0,0,20,0,0,5,7,4,11.75,0,0,5,9,2,10.5,0,7.6,2.6,0.32,Enrolled,Enrolled,0,Veterinary Nursing,0.8,1,0.5714285714285714,0.0,0,"(19.0, 20.0]"
1658,1,43,3,171,1,1,120.0,1,37,37,9,9,143.3,1,0,0,1,0,1,20,0,0,0,0,0,0.0,0,0,0,0,0,0.0,0,7.6,2.6,0.32,Graduate,Graduate,0,Animation and Multimedia Design,0.0,0,0.0,0.0,0,"(19.0, 20.0]"
1659,1,1,1,171,1,1,136.0,1,3,3,1,2,152.5,1,0,0,1,0,0,20,0,0,0,0,0,0.0,0,0,0,0,0,0.0,0,13.9,-0.3,0.79,Enrolled,Enrolled,0,Animation and Multimedia Design,0.0,0,0.0,0.0,0,"(19.0, 20.0]"
1660,1,53,1,9085,1,42,160.0,1,1,19,4,6,155.7,1,0,0,1,0,0,27,0,7,12,17,11,14.72727273,0,4,9,10,7,14.14285714,0,8.9,1.4,3.51,Graduate,Graduate,0,Veterinary Nursing,0.9166666666666666,1,0.6470588235294118,0.0,0,"(25.0, 70.0]"
1661,1,1,2,9085,1,1,157.0,1,3,3,5,2,153.9,1,0,0,1,0,0,18,0,0,6,7,6,16.57142857,0,0,6,6,6,15.66666667,0,13.9,-0.3,0.79,Graduate,Graduate,0,Veterinary Nursing,1.0,0,0.8571428571428571,0.0,0,"(16.999, 19.0]"
1662,1,1,1,9500,1,1,150.0,1,19,1,4,4,137.8,0,0,0,1,0,0,18,0,0,7,10,7,15.145,0,0,8,8,8,15.7425,0,15.5,2.8,-4.06,Graduate,Graduate,0,Nursing,1.0,0,0.7,0.0,0,"(16.999, 19.0]"
1663,1,17,1,9500,1,1,148.0,1,1,37,9,7,143.3,0,0,0,1,0,1,18,0,0,7,7,7,13.44285714,0,0,8,8,8,15.075,0,13.9,-0.3,0.79,Graduate,Graduate,0,Nursing,1.0,0,1.0,0.0,0,"(16.999, 19.0]"
1664,1,1,1,9085,1,1,120.0,1,37,37,9,1,123.2,0,0,0,1,0,0,20,0,0,5,8,5,14.16666667,2,0,5,6,4,11.75,2,9.4,-0.8,-3.12,Graduate,Graduate,0,Veterinary Nursing,1.0,0,0.625,0.4,0,"(19.0, 20.0]"
1665,1,1,1,9773,1,1,150.0,1,1,1,4,4,138.1,1,0,0,1,0,0,19,0,0,6,7,6,14.0,0,0,6,7,5,15.0,0,11.1,0.6,2.02,Enrolled,Enrolled,0,Journalism and Communication,1.0,0,0.8571428571428571,0.0,0,"(16.999, 19.0]"
1666,1,17,1,9238,1,1,158.0,1,1,1,5,6,140.5,0,0,0,1,0,1,20,0,0,6,9,6,11.33333333,0,0,6,6,6,12.33333333,0,10.8,1.4,1.74,Graduate,Graduate,0,Social Service,1.0,0,0.6666666666666666,0.0,0,"(19.0, 20.0]"
1667,1,1,4,9500,1,1,145.0,1,3,19,1,5,130.0,1,0,0,1,0,0,18,0,0,8,8,8,13.76125,0,0,8,8,8,13.76125,0,9.4,-0.8,-3.12,Graduate,Graduate,0,Nursing,1.0,0,1.0,0.0,0,"(16.999, 19.0]"
1668,1,44,1,9070,1,39,100.0,1,1,38,4,6,104.8,0,0,1,0,0,0,22,0,2,7,9,5,11.6,0,5,9,9,5,10.0,0,12.4,0.5,1.79,Dropout,Dropout,1,Communication Design,0.7142857142857143,2,0.5555555555555556,0.0,1,"(20.0, 25.0]"
1669,1,17,1,8014,0,1,136.0,1,37,37,5,8,132.5,0,0,1,1,0,1,22,0,1,6,7,4,12.75,0,1,6,8,5,13.0,0,13.9,-0.3,0.79,Graduate,Graduate,0,Social Service (evening attendance),0.6666666666666666,2,0.5714285714285714,0.0,1,"(20.0, 25.0]"
1670,1,39,1,9991,0,1,133.1,1,1,1,4,2,127.7,0,0,0,1,0,0,25,0,0,5,12,4,12.5,0,0,5,10,4,11.0,0,13.9,-0.3,0.79,Enrolled,Enrolled,0,Management (evening attendance),0.8,1,0.3333333333333333,0.0,0,"(20.0, 25.0]"
1671,1,1,1,9085,1,1,148.0,1,19,3,4,2,136.5,0,0,0,1,0,0,19,0,0,6,13,6,15.30769231,0,0,6,9,6,14.0,0,15.5,2.8,-4.06,Graduate,Graduate,0,Veterinary Nursing,1.0,0,0.46153846153846156,0.0,0,"(16.999, 19.0]"
1672,1,44,1,9130,1,39,130.0,1,3,1,4,1,130.0,1,0,0,0,0,0,21,0,1,6,12,5,13.28571429,0,0,6,10,4,12.0,0,16.2,0.3,-0.92,Dropout,Dropout,1,Equinculture,0.8333333333333334,1,0.4166666666666667,0.0,1,"(20.0, 25.0]"
1673,1,39,1,9500,1,40,130.0,1,1,1,4,4,190.0,1,0,0,1,0,0,27,0,1,7,7,7,14.75714286,0,1,8,9,8,14.07777778,0,16.2,0.3,-0.92,Graduate,Graduate,0,Nursing,1.0,0,1.0,0.0,0,"(25.0, 70.0]"
1674,1,17,4,9500,1,1,136.0,1,1,1,4,9,128.5,1,0,0,1,0,0,18,0,0,7,7,6,12.76666667,0,0,7,7,6,12.76666667,0,7.6,2.6,0.32,Graduate,Graduate,0,Nursing,0.8571428571428571,1,0.8571428571428571,0.0,0,"(16.999, 19.0]"
1675,1,17,3,9254,1,1,122.0,1,1,1,4,4,126.6,0,0,0,0,0,0,18,0,0,5,5,5,10.4,0,0,6,13,0,0.0,0,10.8,1.4,1.74,Dropout,Dropout,1,Tourism,1.0,0,1.0,0.0,1,"(16.999, 19.0]"
1676,1,17,1,9556,1,1,140.0,1,3,3,1,7,131.6,1,0,0,1,1,0,19,0,0,7,0,0,0.0,0,0,7,0,0,0.0,0,11.1,0.6,2.02,Dropout,Dropout,1,Oral Hygiene,0.0,7,0.0,0.0,0,"(16.999, 19.0]"
1677,5,39,1,9991,0,1,110.0,1,1,1,3,3,119.0,0,0,0,1,1,1,35,0,0,5,10,4,10.5,0,0,5,6,5,12.6,0,8.9,1.4,3.51,Graduate,Graduate,0,Management (evening attendance),0.8,1,0.4,0.0,0,"(25.0, 70.0]"
1678,1,17,1,9085,1,1,130.0,1,37,36,4,90,127.6,0,0,0,1,1,0,23,0,0,5,6,4,14.25,0,0,5,6,5,13.4,0,7.6,2.6,0.32,Graduate,Graduate,0,Veterinary Nursing,0.8,1,0.6666666666666666,0.0,0,"(20.0, 25.0]"
1679,1,39,1,9500,1,1,133.1,1,1,37,9,9,100.0,0,0,0,1,1,0,28,0,0,7,11,3,11.91666667,1,0,7,17,0,0.0,0,16.2,0.3,-0.92,Dropout,Dropout,1,Nursing,0.42857142857142855,4,0.2727272727272727,0.14285714285714285,0,"(25.0, 70.0]"
1680,1,1,1,9119,1,1,128.0,1,38,38,9,7,124.5,1,0,0,1,1,0,19,0,0,5,10,3,10.66666667,0,0,5,9,2,14.0,2,7.6,2.6,0.32,Enrolled,Enrolled,0,Informatics Engineering,0.6,2,0.3,0.0,0,"(16.999, 19.0]"
1681,1,1,1,9773,1,1,117.0,1,1,19,4,4,109.3,0,0,0,1,1,0,19,0,0,6,11,4,12.25,0,0,6,10,3,12.66666667,0,7.6,2.6,0.32,Enrolled,Enrolled,0,Journalism and Communication,0.6666666666666666,2,0.36363636363636365,0.0,0,"(16.999, 19.0]"
1682,1,1,2,9670,1,1,124.0,1,19,1,9,4,117.7,1,0,1,1,1,0,20,0,0,5,5,4,12.0,0,0,5,6,5,11.6,0,9.4,-0.8,-3.12,Dropout,Dropout,1,Advertising and Marketing Management,0.8,1,0.8,0.0,1,"(19.0, 20.0]"
1683,1,1,1,9670,1,1,124.0,1,2,2,3,3,124.7,1,0,0,1,1,0,21,0,0,5,7,3,11.0,0,0,5,5,4,12.75,0,7.6,2.6,0.32,Dropout,Dropout,1,Advertising and Marketing Management,0.6,2,0.42857142857142855,0.0,0,"(20.0, 25.0]"
1684,1,17,3,9070,1,1,128.0,1,37,37,5,5,124.5,1,0,0,1,1,0,18,0,0,6,6,6,14.16666667,0,0,6,8,5,13.0,0,10.8,1.4,1.74,Graduate,Graduate,0,Communication Design,1.0,0,1.0,0.0,0,"(16.999, 19.0]"
1685,1,1,5,9070,1,1,125.0,1,3,3,2,2,140.8,1,0,0,1,1,0,22,0,0,6,6,6,14.66666667,0,0,6,6,6,15.0,0,9.4,-0.8,-3.12,Graduate,Graduate,0,Communication Design,1.0,0,1.0,0.0,0,"(20.0, 25.0]"
1686,1,17,3,9085,1,1,121.0,1,38,1,9,9,111.9,1,0,0,1,1,0,21,0,0,5,11,0,0.0,0,0,5,10,5,12.28571429,1,10.8,1.4,1.74,Graduate,Graduate,0,Veterinary Nursing,0.0,5,0.0,0.0,0,"(20.0, 25.0]"
1687,1,7,1,9556,1,3,140.0,1,3,3,2,2,140.0,0,0,1,0,1,0,38,0,0,7,8,3,12.66666667,0,0,5,5,0,0.0,0,13.9,-0.3,0.79,Dropout,Dropout,1,Oral Hygiene,0.42857142857142855,4,0.375,0.0,1,"(25.0, 70.0]"
1688,1,1,1,171,1,1,124.0,1,19,1,9,9,121.2,1,0,0,1,1,0,20,0,0,0,0,0,0.0,0,0,0,0,0,0.0,0,10.8,1.4,1.74,Enrolled,Enrolled,0,Animation and Multimedia Design,0.0,0,0.0,0.0,0,"(19.0, 20.0]"
1689,1,43,4,171,1,1,136.0,1,37,37,9,9,123.8,1,0,0,1,1,0,19,0,0,0,0,0,0.0,0,0,0,0,0,0.0,0,7.6,2.6,0.32,Dropout,Dropout,1,Animation and Multimedia Design,0.0,0,0.0,0.0,0,"(16.999, 19.0]"
1690,1,7,1,9119,1,1,140.8,1,34,34,0,0,134.0,0,0,0,1,1,0,24,0,0,5,0,0,0.0,0,0,5,0,0,0.0,0,7.6,2.6,0.32,Dropout,Dropout,1,Informatics Engineering,0.0,5,0.0,0.0,0,"(20.0, 25.0]"
1691,1,18,3,9070,1,1,142.0,1,1,37,4,7,130.8,1,0,0,0,1,0,19,0,0,6,0,0,0.0,0,0,6,0,0,0.0,0,12.7,3.7,-1.7,Dropout,Dropout,1,Communication Design,0.0,6,0.0,0.0,1,"(16.999, 19.0]"
1692,1,1,1,9500,1,1,133.0,1,37,38,9,9,130.2,1,0,0,1,1,1,19,0,0,7,7,7,13.7,0,0,8,9,8,14.02222222,0,16.2,0.3,-0.92,Graduate,Graduate,0,Nursing,1.0,0,1.0,0.0,0,"(16.999, 19.0]"
1693,1,1,1,9147,1,1,131.0,1,3,19,3,10,123.3,0,0,0,1,1,0,19,0,0,5,7,5,11.8,0,0,5,8,4,12.4,2,16.2,0.3,-0.92,Enrolled,Enrolled,0,Management,1.0,0,0.7142857142857143,0.0,0,"(16.999, 19.0]"
1694,1,39,1,9119,1,3,130.0,1,3,3,3,10,147.6,0,0,0,1,1,0,31,0,0,5,0,0,0.0,0,0,5,0,0,0.0,0,10.8,1.4,1.74,Dropout,Dropout,1,Informatics Engineering,0.0,5,0.0,0.0,0,"(25.0, 70.0]"
1695,1,17,1,9670,1,1,120.0,1,38,37,9,8,113.4,1,0,0,1,1,1,19,0,0,6,6,6,13.33333333,0,0,6,7,6,13.28571429,0,8.9,1.4,3.51,Graduate,Graduate,0,Advertising and Marketing Management,1.0,0,1.0,0.0,0,"(16.999, 19.0]"
1696,1,17,1,9070,1,1,141.0,1,19,38,4,5,133.7,1,0,0,1,1,0,22,0,0,6,7,5,11.4,0,0,6,6,6,12.16666667,0,7.6,2.6,0.32,Graduate,Graduate,0,Communication Design,0.8333333333333334,1,0.7142857142857143,0.0,0,"(20.0, 25.0]"
1697,1,39,1,9085,1,1,130.0,1,34,1,0,2,128.2,0,0,0,1,1,0,25,0,0,5,5,0,0.0,0,0,5,5,0,0.0,0,7.6,2.6,0.32,Dropout,Dropout,1,Veterinary Nursing,0.0,5,0.0,0.0,0,"(20.0, 25.0]"
1698,1,1,1,9500,1,1,168.0,1,1,1,5,5,161.0,1,0,0,1,1,0,18,0,0,7,7,7,16.14285714,0,0,8,9,0,0.0,0,16.2,0.3,-0.92,Dropout,Dropout,1,Nursing,1.0,0,1.0,0.0,0,"(16.999, 19.0]"
1699,1,7,1,9500,1,3,130.0,1,37,37,90,90,130.0,1,0,0,1,1,0,30,0,0,8,8,0,0.0,8,0,8,8,0,0.0,8,9.4,-0.8,-3.12,Dropout,Dropout,1,Nursing,0.0,8,0.0,1.0,0,"(25.0, 70.0]"
1700,1,1,1,9500,1,1,156.0,1,38,37,9,9,156.3,0,0,0,1,1,1,18,0,0,8,8,8,15.63375,0,0,8,8,8,15.63375,0,9.4,-0.8,-3.12,Graduate,Graduate,0,Nursing,1.0,0,1.0,0.0,0,"(16.999, 19.0]"
1701,1,1,1,9773,1,1,137.0,1,1,1,5,5,129.3,1,0,0,1,1,0,18,0,0,6,6,6,13.66666667,0,0,6,6,6,14.5,0,12.7,3.7,-1.7,Graduate,Graduate,0,Journalism and Communication,1.0,0,1.0,0.0,0,"(16.999, 19.0]"
1702,1,17,6,9773,1,1,131.0,1,34,34,0,0,129.3,0,0,0,1,1,0,18,0,0,6,0,0,0.0,0,0,6,0,0,0.0,0,7.6,2.6,0.32,Dropout,Dropout,1,Journalism and Communication,0.0,6,0.0,0.0,0,"(16.999, 19.0]"
1703,1,1,1,9238,1,1,130.0,1,38,38,7,7,136.3,1,0,0,1,1,0,18,0,0,6,8,6,12.5,0,0,6,7,6,11.5,0,10.8,1.4,1.74,Graduate,Graduate,0,Social Service,1.0,0,0.75,0.0,0,"(16.999, 19.0]"
1704,1,39,1,9670,1,1,133.1,1,1,19,4,9,140.0,0,0,0,1,1,1,25,0,0,6,8,6,12.28571429,0,0,6,6,6,13.0,0,15.5,2.8,-4.06,Graduate,Graduate,0,Advertising and Marketing Management,1.0,0,0.75,0.0,0,"(20.0, 25.0]"
1705,1,1,1,9119,1,1,131.0,1,3,1,4,1,135.9,0,0,0,1,1,0,18,0,0,5,10,2,14.0,0,0,5,7,3,11.0,1,7.6,2.6,0.32,Enrolled,Enrolled,0,Informatics Engineering,0.4,3,0.2,0.0,0,"(16.999, 19.0]"
1706,1,1,5,171,1,1,160.0,1,1,1,4,4,139.7,0,0,0,1,1,0,18,0,0,0,0,0,0.0,0,0,0,0,0,0.0,0,12.7,3.7,-1.7,Dropout,Dropout,1,Animation and Multimedia Design,0.0,0,0.0,0.0,0,"(16.999, 19.0]"
1707,1,1,4,9147,1,1,117.0,1,1,38,8,9,117.0,1,0,0,1,1,0,19,0,0,5,5,4,10.75,0,0,5,6,4,12.25,0,12.4,0.5,1.79,Enrolled,Enrolled,0,Management,0.8,1,0.8,0.0,0,"(16.999, 19.0]"
1708,1,39,1,9556,1,19,133.1,1,19,1,7,10,105.0,0,0,0,1,1,0,25,0,0,7,14,4,12.95,1,0,7,11,4,13.125,1,15.5,2.8,-4.06,Dropout,Dropout,1,Oral Hygiene,0.5714285714285714,3,0.2857142857142857,0.14285714285714285,0,"(20.0, 25.0]"
1709,1,1,3,9500,1,1,130.0,1,37,38,9,5,130.5,1,0,0,1,0,0,19,0,0,7,7,6,12.45,0,0,7,7,6,12.45,0,7.6,2.6,0.32,Graduate,Graduate,0,Nursing,0.8571428571428571,1,0.8571428571428571,0.0,0,"(16.999, 19.0]"
1710,1,44,1,9991,0,39,130.0,1,37,37,9,9,130.0,0,0,0,1,0,0,31,0,2,6,12,4,12.25,0,3,7,9,7,12.0,0,9.4,-0.8,-3.12,Enrolled,Enrolled,0,Management (evening attendance),0.6666666666666666,2,0.3333333333333333,0.0,0,"(25.0, 70.0]"
1711,1,1,3,9500,1,1,137.0,1,19,19,5,4,131.5,1,0,0,1,0,1,20,0,0,8,8,8,13.38125,0,0,8,8,8,13.38125,0,9.4,-0.8,-3.12,Graduate,Graduate,0,Nursing,1.0,0,1.0,0.0,0,"(19.0, 20.0]"
1712,1,42,1,9500,1,1,133.1,41,3,1,3,10,100.0,1,0,0,0,0,0,33,1,1,7,10,5,12.16,0,0,6,7,5,11.34,0,12.4,0.5,1.79,Dropout,Dropout,1,Nursing,0.7142857142857143,2,0.5,0.0,1,"(25.0, 70.0]"
1713,1,44,1,9085,1,39,140.0,1,1,3,9,4,140.0,0,0,1,0,0,0,24,0,2,6,11,4,12.5,0,1,6,18,2,11.5,0,12.4,0.5,1.79,Enrolled,Enrolled,0,Veterinary Nursing,0.6666666666666666,2,0.36363636363636365,0.0,1,"(20.0, 25.0]"
1714,1,17,4,9238,1,1,140.0,1,19,37,9,9,130.2,1,0,0,1,0,1,18,0,0,6,8,6,12.75,0,0,6,10,6,12.16666667,0,12.7,3.7,-1.7,Graduate,Graduate,0,Social Service,1.0,0,0.75,0.0,0,"(16.999, 19.0]"
1715,1,17,2,9500,1,1,135.0,1,1,19,4,10,133.5,1,0,0,1,0,0,19,0,0,8,8,8,13.3425,0,0,8,8,8,13.3425,0,9.4,-0.8,-3.12,Graduate,Graduate,0,Nursing,1.0,0,1.0,0.0,0,"(16.999, 19.0]"
1716,1,1,4,9500,1,1,140.0,1,38,38,7,7,133.2,1,0,0,1,0,1,20,0,0,7,10,7,14.175,0,0,8,14,6,13.03125,0,15.5,2.8,-4.06,Graduate,Graduate,0,Nursing,1.0,0,0.7,0.0,0,"(19.0, 20.0]"
1717,2,39,1,9500,1,1,100.0,1,37,38,4,4,130.0,0,0,0,1,1,1,33,0,0,8,16,1,10.0,1,0,8,16,1,10.0,1,12.7,3.7,-1.7,Enrolled,Enrolled,0,Nursing,0.125,7,0.0625,0.125,0,"(25.0, 70.0]"
1718,1,39,1,9119,1,1,160.0,1,38,37,7,7,129.0,0,0,0,1,1,0,24,0,0,5,9,0,0.0,0,0,5,8,2,14.5,2,7.6,2.6,0.32,Dropout,Dropout,1,Informatics Engineering,0.0,5,0.0,0.0,0,"(20.0, 25.0]"
1719,1,39,1,9991,0,19,133.1,1,2,1,2,4,100.0,0,0,0,1,1,0,24,0,0,5,7,0,0.0,0,0,5,7,0,0.0,0,16.2,0.3,-0.92,Dropout,Dropout,1,Management (evening attendance),0.0,5,0.0,0.0,0,"(20.0, 25.0]"
1720,1,17,1,9085,1,1,128.0,1,38,37,9,9,116.5,1,0,0,1,1,0,18,0,0,5,6,5,12.0,0,0,5,8,5,12.14285714,0,10.8,1.4,1.74,Graduate,Graduate,0,Veterinary Nursing,1.0,0,0.8333333333333334,0.0,0,"(16.999, 19.0]"
1721,1,1,2,9254,1,1,121.0,1,37,37,9,9,124.2,1,0,0,1,0,1,18,0,0,6,8,6,10.57142857,0,0,6,9,5,11.4,0,16.2,0.3,-0.92,Graduate,Graduate,0,Tourism,1.0,0,0.75,0.0,0,"(16.999, 19.0]"
1722,1,51,1,9085,1,1,127.0,1,3,3,2,8,138.8,1,0,0,1,0,0,22,0,4,12,19,11,14.15384615,0,5,12,20,12,15.42857143,0,8.9,1.4,3.51,Graduate,Graduate,0,Veterinary Nursing,0.9166666666666666,1,0.5789473684210527,0.0,0,"(20.0, 25.0]"
1723,1,1,1,9773,1,1,132.0,1,2,1,9,9,126.4,1,1,0,1,0,1,18,0,0,6,9,6,11.16666667,0,0,6,11,5,12.4,0,10.8,1.4,1.74,Graduate,Graduate,0,Journalism and Communication,1.0,0,0.6666666666666666,0.0,0,"(16.999, 19.0]"
1724,1,1,1,171,1,1,147.0,1,19,19,3,10,151.9,1,0,0,1,0,0,21,0,13,17,20,17,12.0,0,14,17,18,17,12.66666667,0,11.1,0.6,2.02,Graduate,Graduate,0,Animation and Multimedia Design,1.0,0,0.85,0.0,0,"(20.0, 25.0]"
1725,2,39,1,9991,0,1,110.0,1,37,37,5,1,120.0,1,0,0,1,0,0,38,0,0,5,11,3,11.33333333,0,0,5,9,4,12.0,0,9.4,-0.8,-3.12,Dropout,Dropout,1,Management (evening attendance),0.6,2,0.2727272727272727,0.0,0,"(25.0, 70.0]"
1726,1,43,1,9238,1,1,142.0,1,34,34,99,99,131.9,0,0,0,1,0,1,29,0,9,16,17,16,12.58823529,0,10,13,14,13,13.35714286,0,9.4,-0.8,-3.12,Graduate,Graduate,0,Social Service,1.0,0,0.9411764705882353,0.0,0,"(25.0, 70.0]"
1727,1,44,1,9130,1,39,130.0,1,38,37,4,9,130.0,1,0,0,1,0,1,20,0,0,6,11,4,12.0,0,0,6,9,4,10.75,0,16.2,0.3,-0.92,Enrolled,Enrolled,0,Equinculture,0.6666666666666666,2,0.36363636363636365,0.0,0,"(19.0, 20.0]"
1728,1,17,1,9254,1,1,131.0,1,38,37,4,9,131.7,1,0,0,0,0,0,18,0,0,6,0,0,0.0,0,0,6,0,0,0.0,0,12.7,3.7,-1.7,Dropout,Dropout,1,Tourism,0.0,6,0.0,0.0,1,"(16.999, 19.0]"
1729,2,43,1,9991,0,1,110.0,1,37,37,9,9,132.5,0,0,0,1,1,0,37,0,7,12,13,12,12.25,0,8,13,13,13,12.84615385,0,9.4,-0.8,-3.12,Graduate,Graduate,0,Management (evening attendance),1.0,0,0.9230769230769231,0.0,0,"(25.0, 70.0]"
1730,1,1,3,9147,1,1,128.0,1,3,3,5,10,116.5,0,0,0,1,1,0,20,0,0,5,7,5,11.6,0,0,5,5,5,12.8,0,12.4,0.5,1.79,Graduate,Graduate,0,Management,1.0,0,0.7142857142857143,0.0,0,"(19.0, 20.0]"
1731,1,1,1,9130,1,1,136.0,1,19,19,90,8,133.9,1,0,0,0,1,0,20,0,0,5,7,4,13.0,0,0,5,11,3,12.0,2,10.8,1.4,1.74,Dropout,Dropout,1,Equinculture,0.8,1,0.5714285714285714,0.0,1,"(19.0, 20.0]"
1732,2,39,1,9119,1,1,120.0,1,37,38,9,10,145.4,0,0,1,1,1,0,40,0,0,5,11,3,10.66666667,0,0,5,5,2,12.5,0,16.2,0.3,-0.92,Dropout,Dropout,1,Informatics Engineering,0.6,2,0.2727272727272727,0.0,1,"(25.0, 70.0]"
1733,2,39,1,8014,0,1,140.0,1,37,3,9,10,172.0,0,0,0,1,1,0,44,0,5,11,21,9,12.33333333,0,8,11,16,9,11.0,0,12.4,0.5,1.79,Enrolled,Enrolled,0,Social Service (evening attendance),0.8181818181818182,2,0.42857142857142855,0.0,0,"(25.0, 70.0]"
1734,1,1,1,9147,1,1,118.0,1,1,1,9,9,111.0,0,0,0,0,1,0,21,0,0,5,7,2,11.0,0,0,5,9,3,11.42857143,0,10.8,1.4,1.74,Dropout,Dropout,1,Management,0.4,3,0.2857142857142857,0.0,1,"(20.0, 25.0]"
1735,1,44,1,9070,1,39,120.0,1,2,19,3,8,120.0,0,0,0,1,1,0,21,0,2,7,10,6,13.42857143,0,5,9,9,8,13.125,0,16.2,0.3,-0.92,Graduate,Graduate,0,Communication Design,0.8571428571428571,1,0.6,0.0,0,"(20.0, 25.0]"
1736,1,1,6,9500,1,1,151.0,1,3,1,2,1,129.8,1,0,0,1,1,0,18,0,0,8,10,8,13.05375,2,0,8,10,8,13.05375,2,9.4,-0.8,-3.12,Graduate,Graduate,0,Nursing,1.0,0,0.8,0.25,0,"(16.999, 19.0]"
1737,1,1,5,9500,1,1,130.0,1,1,3,9,10,118.1,1,0,0,1,1,0,18,0,0,7,10,6,12.03571429,0,0,8,9,7,13.75,0,13.9,-0.3,0.79,Enrolled,Enrolled,0,Nursing,0.8571428571428571,1,0.6,0.0,0,"(16.999, 19.0]"
1738,1,39,1,9003,1,1,140.0,1,3,1,5,9,130.0,0,0,0,1,1,0,27,0,0,6,6,6,14.16666667,0,0,6,7,6,13.83333333,0,11.1,0.6,2.02,Graduate,Graduate,0,Agronomy,1.0,0,1.0,0.0,0,"(25.0, 70.0]"
1739,2,39,1,9070,1,19,133.1,1,37,37,9,10,126.3,0,0,0,0,1,0,38,0,0,6,6,0,0.0,0,0,6,8,0,0.0,0,10.8,1.4,1.74,Dropout,Dropout,1,Communication Design,0.0,6,0.0,0.0,1,"(25.0, 70.0]"
1740,1,18,1,9130,1,1,146.0,1,3,3,5,2,137.8,0,0,0,1,1,0,18,0,0,6,11,5,13.6,0,0,6,13,3,12.66666667,0,13.9,-0.3,0.79,Dropout,Dropout,1,Equinculture,0.8333333333333334,1,0.45454545454545453,0.0,0,"(16.999, 19.0]"
1741,1,17,4,9254,1,1,122.0,1,1,1,4,2,116.1,1,0,0,1,1,0,19,0,0,6,7,5,12.2,0,0,6,12,2,12.0,0,7.6,2.6,0.32,Enrolled,Enrolled,0,Tourism,0.8333333333333334,1,0.7142857142857143,0.0,0,"(16.999, 19.0]"
1742,1,1,1,9130,1,1,121.0,1,3,19,2,9,115.4,1,0,0,1,1,0,18,0,0,6,8,6,13.71428571,0,0,6,7,5,13.33333333,0,15.5,2.8,-4.06,Dropout,Dropout,1,Equinculture,1.0,0,0.75,0.0,0,"(16.999, 19.0]"
1743,1,43,1,9773,1,1,127.0,1,1,1,9,6,110.0,0,0,1,0,1,0,19,0,0,6,10,3,11.66666667,0,0,6,11,2,10.0,0,16.2,0.3,-0.92,Dropout,Dropout,1,Journalism and Communication,0.5,3,0.3,0.0,1,"(16.999, 19.0]"
1744,1,39,1,9670,1,1,133.1,1,37,37,90,90,97.4,0,0,1,0,1,0,44,0,0,6,9,1,14.0,0,0,6,6,0,0.0,0,12.7,3.7,-1.7,Dropout,Dropout,1,Advertising and Marketing Management,0.16666666666666666,5,0.1111111111111111,0.0,1,"(25.0, 70.0]"
1745,1,44,1,9085,1,39,130.0,1,1,1,4,4,130.0,1,1,0,1,1,0,26,0,2,6,20,4,12.5,0,1,6,16,3,10.0,0,15.5,2.8,-4.06,Dropout,Dropout,1,Veterinary Nursing,0.6666666666666666,2,0.2,0.0,0,"(25.0, 70.0]"
1746,1,43,1,9130,1,1,156.0,1,19,1,9,4,156.0,0,0,1,0,1,0,24,0,0,6,11,5,11.83333333,0,0,6,11,4,11.5,0,15.5,2.8,-4.06,Dropout,Dropout,1,Equinculture,0.8333333333333334,1,0.45454545454545453,0.0,1,"(20.0, 25.0]"
1747,1,39,1,9003,1,1,130.0,1,19,1,9,6,126.1,1,0,0,0,1,0,27,0,0,6,6,0,0.0,0,0,6,8,0,0.0,0,15.5,2.8,-4.06,Dropout,Dropout,1,Agronomy,0.0,6,0.0,0.0,1,"(25.0, 70.0]"
1748,1,39,1,9003,1,1,110.0,1,1,1,9,4,120.0,0,0,1,0,1,0,27,0,0,6,0,0,0.0,0,0,6,0,0,0.0,0,13.9,-0.3,0.79,Dropout,Dropout,1,Agronomy,0.0,6,0.0,0.0,1,"(25.0, 70.0]"
1749,1,43,1,9070,1,1,108.0,1,38,38,7,7,105.2,1,0,0,1,1,0,25,0,11,17,18,13,11.53846154,0,10,15,15,10,12.4,0,12.7,3.7,-1.7,Dropout,Dropout,1,Communication Design,0.7647058823529411,4,0.7222222222222222,0.0,0,"(20.0, 25.0]"
1750,1,44,1,9003,1,1,120.0,1,3,2,2,6,120.0,1,0,0,1,1,0,21,0,4,9,14,7,11.28571429,2,2,8,15,4,12.25,0,12.7,3.7,-1.7,Enrolled,Enrolled,0,Agronomy,0.7777777777777778,2,0.5,0.2222222222222222,0,"(20.0, 25.0]"
1751,1,1,1,171,1,1,150.0,1,38,19,9,9,137.8,1,0,0,1,1,1,19,0,0,0,0,0,0.0,0,0,0,0,0,0.0,0,13.9,-0.3,0.79,Graduate,Graduate,0,Animation and Multimedia Design,0.0,0,0.0,0.0,0,"(16.999, 19.0]"
1752,1,17,2,9070,1,1,152.0,1,39,39,3,3,134.2,1,0,0,1,1,0,20,0,0,6,7,5,11.8,0,0,6,9,4,12.0,0,15.5,2.8,-4.06,Enrolled,Enrolled,0,Communication Design,0.8333333333333334,1,0.7142857142857143,0.0,0,"(19.0, 20.0]"
1753,1,44,1,9119,1,39,150.0,1,19,3,5,2,150.0,0,0,0,1,1,0,20,0,0,5,16,0,0.0,0,0,5,12,2,10.5,0,12.7,3.7,-1.7,Enrolled,Enrolled,0,Informatics Engineering,0.0,5,0.0,0.0,0,"(19.0, 20.0]"
1754,1,17,5,9119,1,1,123.0,1,3,1,2,9,116.0,1,0,1,0,1,0,20,0,0,5,5,0,0.0,0,0,5,5,0,0.0,0,8.9,1.4,3.51,Dropout,Dropout,1,Informatics Engineering,0.0,5,0.0,0.0,1,"(19.0, 20.0]"
1755,1,1,1,9119,1,1,150.0,1,1,1,3,3,143.4,0,0,0,0,1,1,18,0,0,5,5,5,14.2,0,0,5,5,5,14.2,0,8.9,1.4,3.51,Enrolled,Enrolled,0,Informatics Engineering,1.0,0,1.0,0.0,1,"(16.999, 19.0]"
1756,1,17,1,171,1,1,145.0,1,4,4,3,3,143.6,0,0,1,1,1,0,19,0,5,12,12,10,12.7,0,4,11,16,10,12.27272727,0,8.9,1.4,3.51,Enrolled,Enrolled,0,Animation and Multimedia Design,0.8333333333333334,2,0.8333333333333334,0.0,1,"(16.999, 19.0]"
1757,1,44,1,9130,1,39,150.0,1,1,37,4,8,150.0,1,0,0,0,0,0,22,0,1,6,10,3,12.66666667,0,0,6,7,0,0.0,0,15.5,2.8,-4.06,Dropout,Dropout,1,Equinculture,0.5,3,0.3,0.0,1,"(20.0, 25.0]"
1758,1,1,4,9670,1,1,125.0,1,4,19,2,5,118.0,1,0,0,1,0,0,19,0,0,6,7,6,14.42857143,0,0,6,8,6,15.0,2,16.2,0.3,-0.92,Graduate,Graduate,0,Advertising and Marketing Management,1.0,0,0.8571428571428571,0.0,0,"(16.999, 19.0]"
1759,1,1,4,9500,1,1,117.0,1,1,1,4,7,109.3,1,0,0,1,0,1,18,0,0,7,7,7,13.11714286,0,0,8,9,7,12.6,0,11.1,0.6,2.02,Graduate,Graduate,0,Nursing,1.0,0,1.0,0.0,0,"(16.999, 19.0]"
1760,1,1,2,9238,1,1,121.0,1,19,19,191,171,119.3,1,0,1,1,0,0,20,0,0,6,7,6,12.66666667,0,0,6,7,6,11.83333333,0,8.9,1.4,3.51,Graduate,Graduate,0,Social Service,1.0,0,0.8571428571428571,0.0,1,"(19.0, 20.0]"
1761,1,17,1,171,1,1,140.0,41,1,1,5,7,146.3,1,0,0,1,0,1,18,1,0,0,0,0,0.0,0,0,0,0,0,0.0,0,12.7,3.7,-1.7,Dropout,Dropout,1,Animation and Multimedia Design,0.0,0,0.0,0.0,0,"(16.999, 19.0]"
1762,1,39,1,9773,1,1,130.0,1,1,19,1,3,161.5,0,0,0,1,1,0,36,0,0,6,7,6,15.28571429,0,0,6,6,6,16.5,0,10.8,1.4,1.74,Graduate,Graduate,0,Journalism and Communication,1.0,0,0.8571428571428571,0.0,0,"(25.0, 70.0]"
1763,1,15,1,9147,1,1,140.0,26,37,2,6,4,140.0,0,0,1,1,1,0,19,1,0,5,12,3,10.5,0,0,5,8,4,11.25,0,12.4,0.5,1.79,Graduate,Graduate,0,Management,0.6,2,0.25,0.0,1,"(16.999, 19.0]"
1764,1,53,1,9147,1,42,140.0,1,1,1,6,6,142.2,0,0,0,1,1,1,21,0,6,11,11,11,12.63636364,0,3,9,11,9,12.6,0,8.9,1.4,3.51,Graduate,Graduate,0,Management,1.0,0,1.0,0.0,0,"(20.0, 25.0]"
1765,1,1,1,9147,1,1,140.0,1,19,38,9,9,129.2,1,0,0,1,0,0,26,0,0,5,6,0,0.0,0,0,5,0,0,0.0,0,15.5,2.8,-4.06,Dropout,Dropout,1,Management,0.0,5,0.0,0.0,0,"(25.0, 70.0]"
1766,1,39,1,9003,1,1,140.0,41,1,1,9,9,100.0,0,0,1,0,0,0,29,1,3,9,9,3,14.33333333,0,1,7,8,1,14.0,0,15.5,2.8,-4.06,Dropout,Dropout,1,Agronomy,0.3333333333333333,6,0.3333333333333333,0.0,1,"(25.0, 70.0]"
1767,1,44,1,9254,1,39,170.0,1,19,2,9,3,170.0,0,0,0,0,1,0,26,0,2,8,14,8,15.125,0,1,6,12,6,13.66666667,0,11.1,0.6,2.02,Enrolled,Enrolled,0,Tourism,1.0,0,0.5714285714285714,0.0,1,"(25.0, 70.0]"
1768,1,7,1,9500,1,3,140.0,1,3,19,2,6,140.0,0,0,0,1,1,0,27,0,0,7,0,0,0.0,0,0,8,0,0,0.0,0,12.4,0.5,1.79,Dropout,Dropout,1,Nursing,0.0,7,0.0,0.0,0,"(25.0, 70.0]"
1769,1,51,1,9147,1,1,116.0,1,3,3,2,2,115.2,0,0,1,1,1,0,32,0,2,7,16,3,12.0,0,3,8,10,3,10.33333333,0,8.9,1.4,3.51,Enrolled,Enrolled,0,Management,0.42857142857142855,4,0.1875,0.0,1,"(25.0, 70.0]"
1770,1,16,3,9853,1,1,134.0,1,37,19,9,5,121.4,1,0,0,1,0,1,23,0,0,6,10,4,14.25,1,0,6,8,5,12.0,0,7.6,2.6,0.32,Enrolled,Enrolled,0,Basic Education,0.6666666666666666,2,0.4,0.16666666666666666,0,"(20.0, 25.0]"
1771,1,39,1,9147,1,1,133.1,41,38,38,9,8,134.8,0,0,0,1,0,0,24,1,0,5,12,2,10.5,0,0,5,9,4,10.0,2,16.2,0.3,-0.92,Enrolled,Enrolled,0,Management,0.4,3,0.16666666666666666,0.0,0,"(20.0, 25.0]"
1772,1,1,2,9773,1,1,140.0,1,1,1,9,9,136.9,1,0,0,1,0,1,19,0,0,6,7,6,13.5,0,0,6,7,6,14.42857143,0,16.2,0.3,-0.92,Graduate,Graduate,0,Journalism and Communication,1.0,0,0.8571428571428571,0.0,0,"(16.999, 19.0]"
1773,1,42,1,9003,1,1,140.0,1,19,19,4,4,140.0,1,0,0,1,1,0,25,0,0,6,14,5,11.66666667,0,0,6,11,4,12.0,0,15.5,2.8,-4.06,Enrolled,Enrolled,0,Agronomy,0.8333333333333334,1,0.35714285714285715,0.0,0,"(20.0, 25.0]"
1774,1,17,6,9254,1,1,108.0,1,1,19,4,5,112.2,1,0,0,1,1,0,19,0,0,6,13,5,10.8,0,0,6,12,3,10.0,0,9.4,-0.8,-3.12,Enrolled,Enrolled,0,Tourism,0.8333333333333334,1,0.38461538461538464,0.0,0,"(16.999, 19.0]"
1775,1,1,3,9773,1,1,149.0,1,1,3,0,0,148.7,0,0,0,0,1,0,20,0,0,4,4,0,0.0,0,0,4,8,0,0.0,0,10.8,1.4,1.74,Dropout,Dropout,1,Journalism and Communication,0.0,4,0.0,0.0,1,"(19.0, 20.0]"
1776,2,1,1,9254,1,1,140.0,1,19,38,4,7,133.0,0,0,0,1,1,0,33,0,3,9,11,9,12.8,0,2,7,9,7,11.42857143,0,12.7,3.7,-1.7,Graduate,Graduate,0,Tourism,1.0,0,0.8181818181818182,0.0,0,"(25.0, 70.0]"
1777,2,39,1,9991,0,1,140.0,1,37,12,9,9,150.0,0,0,1,1,1,0,35,0,0,5,6,5,10.8,0,0,5,7,5,12.0,2,9.4,-0.8,-3.12,Dropout,Dropout,1,Management (evening attendance),1.0,0,0.8333333333333334,0.0,1,"(25.0, 70.0]"
1778,1,1,1,9147,1,1,133.1,1,37,38,7,7,98.0,1,0,0,1,1,0,23,0,0,5,8,4,11.4,0,0,5,7,4,11.0,0,11.1,0.6,2.02,Graduate,Graduate,0,Management,0.8,1,0.5,0.0,0,"(20.0, 25.0]"
1779,1,1,1,9500,1,1,125.0,1,37,19,9,9,122.4,1,0,0,1,1,0,19,0,0,7,7,7,13.72571429,0,0,8,8,8,14.5,0,11.1,0.6,2.02,Graduate,Graduate,0,Nursing,1.0,0,1.0,0.0,0,"(16.999, 19.0]"
1780,1,1,1,9670,1,1,133.1,1,1,37,9,10,139.0,0,0,0,1,1,0,21,0,0,6,6,5,12.8,0,0,6,9,5,12.25,0,10.8,1.4,1.74,Enrolled,Enrolled,0,Advertising and Marketing Management,0.8333333333333334,1,0.8333333333333334,0.0,0,"(20.0, 25.0]"
1781,1,1,5,9070,1,1,133.1,1,1,19,3,3,112.0,1,0,0,1,1,1,21,0,0,6,6,6,13.5,0,0,6,6,6,11.16666667,0,11.1,0.6,2.02,Graduate,Graduate,0,Communication Design,1.0,0,1.0,0.0,0,"(20.0, 25.0]"
1782,1,39,1,9500,1,1,130.0,1,37,37,3,7,143.8,0,0,0,1,1,0,27,0,0,8,8,7,15.57,0,0,8,8,7,15.57,0,10.8,1.4,1.74,Dropout,Dropout,1,Nursing,0.875,1,0.875,0.0,0,"(25.0, 70.0]"
1783,1,17,3,9147,1,1,122.0,1,3,38,123,171,116.1,1,0,1,1,1,0,19,0,0,5,10,4,11.0,0,0,5,13,2,12.0,0,8.9,1.4,3.51,Enrolled,Enrolled,0,Management,0.8,1,0.4,0.0,1,"(16.999, 19.0]"
1784,1,7,2,9500,1,3,140.0,1,37,38,9,9,138.0,0,0,0,1,1,0,28,0,0,7,7,7,14.11428571,0,0,8,9,8,15.91111111,0,16.2,0.3,-0.92,Dropout,Dropout,1,Nursing,1.0,0,1.0,0.0,0,"(25.0, 70.0]"
1785,1,43,1,9147,1,1,123.0,1,37,38,7,7,110.0,0,0,0,1,1,0,25,0,0,5,12,3,11.0,1,0,5,12,4,11.5,0,9.4,-0.8,-3.12,Enrolled,Enrolled,0,Management,0.6,2,0.25,0.2,0,"(20.0, 25.0]"
1786,2,39,1,9238,1,19,133.1,1,37,37,9,4,103.5,0,0,0,1,1,0,42,0,0,6,0,0,0.0,0,0,6,0,0,0.0,0,15.5,2.8,-4.06,Dropout,Dropout,1,Social Service,0.0,6,0.0,0.0,0,"(25.0, 70.0]"
1787,1,7,1,9991,0,3,140.0,1,37,37,9,9,140.0,0,0,0,1,1,0,27,0,0,5,6,4,13.5,0,0,5,6,4,13.75,0,7.6,2.6,0.32,Graduate,Graduate,0,Management (evening attendance),0.8,1,0.6666666666666666,0.0,0,"(25.0, 70.0]"
1788,1,1,1,9070,1,1,116.0,1,3,3,0,1,108.7,1,0,0,1,1,0,23,0,0,6,9,4,11.25,1,0,6,10,0,0.0,4,7.6,2.6,0.32,Dropout,Dropout,1,Communication Design,0.6666666666666666,2,0.4444444444444444,0.16666666666666666,0,"(20.0, 25.0]"
1789,1,17,3,9254,1,1,118.0,1,19,1,4,4,115.9,1,0,0,1,1,1,18,0,0,6,7,6,12.14285714,0,0,6,8,6,11.33333333,0,8.9,1.4,3.51,Graduate,Graduate,0,Tourism,1.0,0,0.8571428571428571,0.0,0,"(16.999, 19.0]"
1790,2,39,1,9500,1,1,140.0,1,37,37,9,4,127.3,0,0,0,1,1,0,26,0,0,8,8,7,13.07571429,0,0,8,8,7,13.07571429,0,10.8,1.4,1.74,Graduate,Graduate,0,Nursing,0.875,1,0.875,0.0,0,"(25.0, 70.0]"
1791,1,1,4,9147,1,1,146.0,1,3,1,3,10,138.7,0,0,0,1,1,0,18,0,0,5,0,0,0.0,0,0,5,0,0,0.0,0,8.9,1.4,3.51,Dropout,Dropout,1,Management,0.0,5,0.0,0.0,0,"(16.999, 19.0]"
1792,1,39,1,9991,0,1,150.0,1,3,5,2,2,135.8,0,0,1,1,1,0,29,0,1,5,9,3,11.0,0,0,5,11,2,13.5,0,12.7,3.7,-1.7,Dropout,Dropout,1,Management (evening attendance),0.6,2,0.3333333333333333,0.0,1,"(25.0, 70.0]"
1793,1,17,1,9085,1,1,137.0,1,1,1,4,7,134.6,1,0,0,1,1,0,22,0,0,6,16,0,0.0,0,0,6,7,0,0.0,0,16.2,0.3,-0.92,Dropout,Dropout,1,Veterinary Nursing,0.0,6,0.0,0.0,0,"(20.0, 25.0]"
1794,1,43,1,9500,1,1,136.0,1,19,37,173,183,118.4,1,0,0,1,0,0,21,0,0,7,12,4,13.125,0,0,7,8,6,12.33333333,0,13.9,-0.3,0.79,Enrolled,Enrolled,0,Nursing,0.5714285714285714,3,0.3333333333333333,0.0,0,"(20.0, 25.0]"
1795,1,1,3,9500,1,1,134.0,1,38,38,7,9,132.8,1,0,0,1,0,1,19,0,0,8,8,7,13.51285714,0,0,8,8,7,13.51285714,0,10.8,1.4,1.74,Graduate,Graduate,0,Nursing,0.875,1,0.875,0.0,0,"(16.999, 19.0]"
1796,1,1,1,9238,1,1,160.0,1,38,37,9,7,155.5,1,0,0,1,0,1,18,0,0,6,7,6,12.83333333,0,0,6,6,6,12.16666667,0,10.8,1.4,1.74,Graduate,Graduate,0,Social Service,1.0,0,0.8571428571428571,0.0,0,"(16.999, 19.0]"
1797,1,1,3,9085,1,1,126.0,1,38,1,9,9,132.0,1,0,0,1,0,1,18,0,0,5,8,3,15.0,2,0,5,9,3,11.66666667,0,9.4,-0.8,-3.12,Dropout,Dropout,1,Veterinary Nursing,0.6,2,0.375,0.4,0,"(16.999, 19.0]"
1798,1,39,1,9003,1,19,133.1,1,37,38,4,9,110.0,0,0,1,0,0,0,40,0,0,6,12,5,12.8,0,0,6,16,3,13.33333333,0,11.1,0.6,2.02,Dropout,Dropout,1,Agronomy,0.8333333333333334,1,0.4166666666666667,0.0,1,"(25.0, 70.0]"
1799,1,17,3,9254,1,1,114.0,26,38,3,9,3,127.3,1,0,1,0,0,0,20,1,0,6,14,3,12.33333333,0,0,6,16,0,0.0,0,10.8,1.4,1.74,Dropout,Dropout,1,Tourism,0.5,3,0.21428571428571427,0.0,1,"(19.0, 20.0]"
1800,1,1,3,9500,1,1,139.0,1,3,1,4,1,126.0,1,0,0,1,1,0,18,0,0,8,15,5,12.288,1,0,8,15,5,12.288,1,10.8,1.4,1.74,Dropout,Dropout,1,Nursing,0.625,3,0.3333333333333333,0.125,0,"(16.999, 19.0]"
1801,1,43,2,8014,0,3,130.0,1,34,34,0,0,130.0,0,0,0,1,1,0,31,0,8,12,21,12,12.33333333,0,6,10,13,7,13.28571429,2,7.6,2.6,0.32,Graduate,Graduate,0,Social Service (evening attendance),1.0,0,0.5714285714285714,0.0,0,"(25.0, 70.0]"
1802,1,1,2,9147,1,1,131.0,1,1,1,9,9,118.8,0,0,0,1,1,1,18,0,0,5,9,4,11.5,0,0,5,5,5,12.8,0,12.4,0.5,1.79,Graduate,Graduate,0,Management,0.8,1,0.4444444444444444,0.0,0,"(16.999, 19.0]"
1803,1,43,2,9670,1,1,130.0,1,19,1,4,4,127.6,1,0,0,1,1,0,22,0,4,6,6,6,11.83333333,0,0,6,11,4,11.14285714,0,10.8,1.4,1.74,Dropout,Dropout,1,Advertising and Marketing Management,1.0,0,1.0,0.0,0,"(20.0, 25.0]"
1804,1,51,1,9147,1,19,133.1,1,19,19,9,5,112.1,0,0,1,0,1,0,38,0,0,5,5,0,0.0,0,0,5,5,0,0.0,0,8.9,1.4,3.51,Dropout,Dropout,1,Management,0.0,5,0.0,0.0,1,"(25.0, 70.0]"
1805,1,43,1,9991,0,3,130.0,1,3,1,2,9,130.0,0,0,0,1,1,0,33,0,0,5,5,0,0.0,0,0,5,5,0,0.0,0,12.7,3.7,-1.7,Dropout,Dropout,1,Management (evening attendance),0.0,5,0.0,0.0,0,"(25.0, 70.0]"
1806,1,1,3,9119,1,1,117.0,1,1,1,3,5,111.1,0,0,0,1,1,1,19,0,0,5,10,5,11.8,0,0,5,12,3,11.5,0,11.1,0.6,2.02,Enrolled,Enrolled,0,Informatics Engineering,1.0,0,0.5,0.0,0,"(16.999, 19.0]"
1807,1,17,1,9670,1,1,127.0,1,3,3,1,1,121.4,0,0,0,1,1,0,18,0,0,6,0,0,0.0,0,0,6,0,0,0.0,0,15.5,2.8,-4.06,Dropout,Dropout,1,Advertising and Marketing Management,0.0,6,0.0,0.0,0,"(16.999, 19.0]"
1808,1,1,5,9119,1,1,131.0,1,1,19,4,7,126.8,0,0,0,0,1,1,18,0,0,5,6,5,12.2,0,0,5,8,4,12.0,0,8.9,1.4,3.51,Enrolled,Enrolled,0,Informatics Engineering,1.0,0,0.8333333333333334,0.0,1,"(16.999, 19.0]"
1809,1,51,1,9991,0,1,134.0,1,1,1,5,3,120.6,1,0,0,1,1,0,27,0,2,6,6,6,12.33333333,0,0,5,5,5,13.0,0,11.1,0.6,2.02,Graduate,Graduate,0,Management (evening attendance),1.0,0,1.0,0.0,0,"(25.0, 70.0]"
1810,1,39,1,9254,1,1,130.0,1,37,37,9,9,126.5,0,0,0,1,1,0,26,0,0,6,7,6,12.42857143,0,0,6,6,6,12.83333333,0,7.6,2.6,0.32,Graduate,Graduate,0,Tourism,1.0,0,0.8571428571428571,0.0,0,"(25.0, 70.0]"
1811,1,1,6,9500,1,1,127.0,1,1,19,3,3,120.2,1,0,0,1,0,1,19,0,0,7,7,7,12.76571429,0,0,8,9,8,13.54444444,0,12.4,0.5,1.79,Graduate,Graduate,0,Nursing,1.0,0,1.0,0.0,0,"(16.999, 19.0]"
1812,2,51,1,9500,1,1,130.0,1,37,37,5,5,120.0,0,0,0,1,1,0,44,0,0,7,11,5,12.1,0,0,7,10,5,12.6,0,11.1,0.6,2.02,Dropout,Dropout,1,Nursing,0.7142857142857143,2,0.45454545454545453,0.0,0,"(25.0, 70.0]"
1813,1,1,2,9147,1,1,142.0,1,37,38,9,9,137.5,1,0,0,1,1,0,19,0,0,5,10,5,12.0,0,0,5,9,5,11.5,0,13.9,-0.3,0.79,Graduate,Graduate,0,Management,1.0,0,0.5,0.0,0,"(16.999, 19.0]"
1814,1,18,1,9070,1,1,117.0,1,1,37,4,7,127.9,1,0,0,1,1,0,20,0,0,6,6,0,0.0,0,0,6,6,0,0.0,0,9.4,-0.8,-3.12,Dropout,Dropout,1,Communication Design,0.0,6,0.0,0.0,0,"(19.0, 20.0]"
1815,1,39,1,9003,1,19,133.1,1,19,37,1,1,140.0,0,0,1,1,1,0,24,0,0,6,10,6,14.88888889,0,0,6,11,6,13.72727273,0,16.2,0.3,-0.92,Enrolled,Enrolled,0,Agronomy,1.0,0,0.6,0.0,1,"(20.0, 25.0]"
1816,4,43,1,9991,0,1,164.0,1,37,37,6,6,131.8,0,0,0,1,0,0,31,0,7,14,19,13,11.35714286,0,9,14,14,13,12.0,1,9.4,-0.8,-3.12,Graduate,Graduate,0,Management (evening attendance),0.9285714285714286,1,0.6842105263157895,0.0,0,"(25.0, 70.0]"
1817,1,43,1,9070,1,1,130.0,1,37,37,9,9,129.0,1,0,0,1,0,0,25,0,0,6,6,6,13.5,0,0,6,6,6,12.5,0,9.4,-0.8,-3.12,Graduate,Graduate,0,Communication Design,1.0,0,1.0,0.0,0,"(20.0, 25.0]"
1818,1,17,4,9773,1,1,127.0,1,2,37,9,9,115.8,1,0,1,0,0,0,19,0,0,6,6,0,0.0,0,0,6,0,0,0.0,0,8.9,1.4,3.51,Dropout,Dropout,1,Journalism and Communication,0.0,6,0.0,0.0,1,"(16.999, 19.0]"
1819,1,17,3,9500,1,1,140.0,1,3,2,3,3,126.4,1,0,0,1,0,0,18,0,0,7,7,7,13.88428571,0,0,8,9,8,14.75,0,11.1,0.6,2.02,Dropout,Dropout,1,Nursing,1.0,0,1.0,0.0,0,"(16.999, 19.0]"
1820,1,43,1,9085,1,1,130.0,1,19,38,4,9,130.0,1,0,0,0,0,0,19,0,0,6,12,5,13.0,0,0,6,12,3,11.66666667,0,13.9,-0.3,0.79,Enrolled,Enrolled,0,Veterinary Nursing,0.8333333333333334,1,0.4166666666666667,0.0,1,"(16.999, 19.0]"
1821,1,1,3,9500,1,1,122.0,1,3,1,4,3,114.8,1,0,0,1,0,1,19,0,0,7,11,4,12.65,0,0,7,9,5,11.1,0,12.4,0.5,1.79,Enrolled,Enrolled,0,Nursing,0.5714285714285714,3,0.36363636363636365,0.0,0,"(16.999, 19.0]"
1822,1,17,1,9147,1,1,162.0,1,1,38,4,5,138.6,1,0,0,1,0,0,19,0,0,5,10,1,11.0,0,0,5,13,0,0.0,0,12.7,3.7,-1.7,Enrolled,Enrolled,0,Management,0.2,4,0.1,0.0,0,"(16.999, 19.0]"
1823,1,39,1,9670,1,1,133.1,1,1,1,4,4,112.9,0,0,0,1,0,0,24,0,0,6,12,2,11.66666667,0,0,6,20,2,10.5,6,16.2,0.3,-0.92,Dropout,Dropout,1,Advertising and Marketing Management,0.3333333333333333,4,0.16666666666666666,0.0,0,"(20.0, 25.0]"
1824,1,1,1,9238,1,1,120.0,1,3,3,3,3,111.6,0,0,0,1,0,0,20,0,0,6,6,6,14.5,0,0,6,6,6,12.66666667,0,12.4,0.5,1.79,Graduate,Graduate,0,Social Service,1.0,0,1.0,0.0,0,"(19.0, 20.0]"
1825,1,17,1,9254,1,1,160.0,1,19,37,5,3,152.0,0,0,0,1,0,0,18,0,0,6,7,6,14.71428571,0,0,6,7,6,14.16666667,0,12.7,3.7,-1.7,Graduate,Graduate,0,Tourism,1.0,0,0.8571428571428571,0.0,0,"(16.999, 19.0]"
1826,1,1,1,9238,1,1,141.0,1,38,1,5,7,132.6,0,0,0,1,0,1,18,0,0,6,7,6,13.28571429,0,0,6,6,6,14.33333333,0,12.4,0.5,1.79,Graduate,Graduate,0,Social Service,1.0,0,0.8571428571428571,0.0,0,"(16.999, 19.0]"
1827,1,17,1,9085,1,1,125.0,1,1,38,4,9,118.4,1,0,0,1,0,0,21,0,0,5,13,3,11.33333333,2,0,5,12,2,10.5,1,9.4,-0.8,-3.12,Enrolled,Enrolled,0,Veterinary Nursing,0.6,2,0.23076923076923078,0.4,0,"(20.0, 25.0]"
1828,1,7,1,9500,1,3,120.0,1,37,37,4,5,120.0,0,0,1,0,0,0,28,0,0,7,7,0,0.0,7,0,7,7,0,0.0,7,13.9,-0.3,0.79,Dropout,Dropout,1,Nursing,0.0,7,0.0,1.0,1,"(25.0, 70.0]"
1829,1,1,1,9147,1,1,128.0,1,38,37,5,6,122.1,0,0,0,1,0,1,18,0,0,5,11,4,11.57142857,0,0,5,9,5,12.0,0,13.9,-0.3,0.79,Enrolled,Enrolled,0,Management,0.8,1,0.36363636363636365,0.0,0,"(16.999, 19.0]"
1830,1,1,1,9853,1,1,162.0,1,37,19,9,8,142.8,0,0,1,1,0,0,18,0,0,6,10,5,13.0,0,0,6,10,4,11.5,0,12.7,3.7,-1.7,Dropout,Dropout,1,Basic Education,0.8333333333333334,1,0.5,0.0,1,"(16.999, 19.0]"
1831,1,1,1,9238,1,1,130.0,1,1,1,4,4,124.8,0,0,0,1,0,1,18,0,0,6,9,6,11.5,0,0,6,11,5,14.0,0,11.1,0.6,2.02,Graduate,Graduate,0,Social Service,1.0,0,0.6666666666666666,0.0,0,"(16.999, 19.0]"
1832,1,17,2,9147,1,1,134.0,1,37,19,9,8,126.3,1,0,0,1,0,1,18,0,0,5,8,5,11.8,0,0,5,10,5,11.6,3,16.2,0.3,-0.92,Graduate,Graduate,0,Management,1.0,0,0.625,0.0,0,"(16.999, 19.0]"
1833,1,1,1,9147,1,1,133.1,1,19,19,9,9,119.0,1,0,0,0,0,1,19,0,0,5,7,3,10.66666667,0,0,5,10,3,12.28571429,0,10.8,1.4,1.74,Dropout,Dropout,1,Management,0.6,2,0.42857142857142855,0.0,1,"(16.999, 19.0]"
1834,1,17,1,9500,1,1,137.0,1,19,38,3,9,124.9,0,0,0,1,0,1,19,0,0,7,11,6,13.8875,0,0,8,9,8,14.86444444,0,15.5,2.8,-4.06,Graduate,Graduate,0,Nursing,0.8571428571428571,1,0.5454545454545454,0.0,0,"(16.999, 19.0]"
1835,1,1,1,9238,1,1,133.1,1,38,38,191,192,118.0,0,0,1,1,0,1,20,0,0,6,7,5,11.4,0,0,6,9,6,11.5,0,8.9,1.4,3.51,Graduate,Graduate,0,Social Service,0.8333333333333334,1,0.7142857142857143,0.0,1,"(19.0, 20.0]"
1836,2,43,1,8014,0,1,110.0,1,37,19,9,3,100.0,0,0,0,1,0,0,34,0,9,11,17,9,12.33333333,0,3,7,12,7,12.14285714,0,9.4,-0.8,-3.12,Graduate,Graduate,0,Social Service (evening attendance),0.8181818181818182,2,0.5294117647058824,0.0,0,"(25.0, 70.0]"
1837,2,39,1,9500,1,1,133.1,1,37,37,9,9,109.0,1,0,0,1,0,0,39,0,0,7,8,5,12.16,0,0,7,8,5,12.16,0,7.6,2.6,0.32,Enrolled,Enrolled,0,Nursing,0.7142857142857143,2,0.625,0.0,0,"(25.0, 70.0]"
1838,1,17,3,9500,1,1,133.0,1,3,19,2,5,130.8,1,0,0,1,0,0,19,0,0,8,8,8,13.4275,0,0,8,8,8,13.4275,0,9.4,-0.8,-3.12,Graduate,Graduate,0,Nursing,1.0,0,1.0,0.0,0,"(16.999, 19.0]"
1839,1,39,1,9070,1,1,130.0,1,1,19,4,4,110.0,1,0,0,1,0,0,24,0,0,6,6,6,15.16666667,0,0,6,6,2,15.5,0,15.5,2.8,-4.06,Graduate,Graduate,0,Communication Design,1.0,0,1.0,0.0,0,"(20.0, 25.0]"
1840,1,10,1,9773,1,1,151.0,22,38,37,0,5,151.0,1,0,0,1,0,0,18,1,0,6,12,0,0.0,1,0,6,0,0,0.0,0,9.4,-0.8,-3.12,Dropout,Dropout,1,Journalism and Communication,0.0,6,0.0,0.16666666666666666,0,"(16.999, 19.0]"
1841,1,17,1,9130,1,1,125.0,1,19,19,3,10,131.0,1,0,0,1,1,0,19,0,0,5,11,2,10.5,2,0,5,9,0,0.0,3,10.8,1.4,1.74,Dropout,Dropout,1,Equinculture,0.4,3,0.18181818181818182,0.4,0,"(16.999, 19.0]"
1842,1,1,1,9147,1,1,158.0,1,1,38,3,6,155.2,0,0,0,1,1,1,18,0,0,5,5,5,11.8,0,0,5,8,3,11.0,0,9.4,-0.8,-3.12,Graduate,Graduate,0,Management,1.0,0,1.0,0.0,0,"(16.999, 19.0]"
1843,1,1,2,9147,1,1,128.0,1,3,1,3,3,121.0,1,1,1,1,1,0,20,0,0,5,6,5,13.2,0,0,5,10,5,11.4,3,16.2,0.3,-0.92,Enrolled,Enrolled,0,Management,1.0,0,0.8333333333333334,0.0,1,"(19.0, 20.0]"
1844,1,1,6,9500,1,1,133.0,1,1,1,9,9,119.7,1,1,1,1,1,0,19,0,2,7,8,7,13.075,0,1,8,11,8,12.36111111,0,12.4,0.5,1.79,Graduate,Graduate,0,Nursing,1.0,0,0.875,0.0,1,"(16.999, 19.0]"
1845,1,1,1,9130,1,1,138.0,1,3,19,2,4,131.0,1,0,0,1,1,0,19,0,0,6,8,4,11.6,0,0,6,14,2,13.0,0,11.1,0.6,2.02,Dropout,Dropout,1,Equinculture,0.6666666666666666,2,0.5,0.0,0,"(16.999, 19.0]"
1846,1,17,1,9003,1,1,126.0,1,37,3,5,2,116.9,0,0,0,1,1,0,19,0,0,6,10,6,13.66666667,0,0,6,10,4,12.25,0,13.9,-0.3,0.79,Dropout,Dropout,1,Agronomy,1.0,0,0.6,0.0,0,"(16.999, 19.0]"
1847,2,39,1,9991,0,1,140.0,1,36,14,9,10,130.0,1,0,0,1,1,0,41,0,0,5,9,4,10.75,0,0,5,7,2,10.0,0,9.4,-0.8,-3.12,Dropout,Dropout,1,Management (evening attendance),0.8,1,0.4444444444444444,0.0,0,"(25.0, 70.0]"
1848,1,1,2,9500,1,1,143.0,1,5,5,2,2,137.8,0,0,0,1,1,0,19,0,0,7,10,6,13.49285714,0,0,8,9,8,12.68888889,0,12.4,0.5,1.79,Graduate,Graduate,0,Nursing,0.8571428571428571,1,0.6,0.0,0,"(16.999, 19.0]"
1849,1,43,3,9254,1,1,135.0,1,3,3,2,2,122.1,0,0,0,1,1,0,19,0,0,6,14,3,12.5,0,0,6,9,4,11.0,0,12.7,3.7,-1.7,Enrolled,Enrolled,0,Tourism,0.5,3,0.21428571428571427,0.0,0,"(16.999, 19.0]"
1850,1,7,1,9500,1,3,120.0,1,1,1,7,10,120.0,1,0,0,0,1,0,23,0,0,7,0,0,0.0,0,0,8,0,0,0.0,0,12.7,3.7,-1.7,Dropout,Dropout,1,Nursing,0.0,7,0.0,0.0,1,"(20.0, 25.0]"
1851,1,1,1,9119,1,1,148.0,1,19,38,9,7,133.0,0,0,0,1,1,0,18,0,0,5,12,5,13.28571429,0,0,5,16,5,14.8,0,12.4,0.5,1.79,Dropout,Dropout,1,Informatics Engineering,1.0,0,0.4166666666666667,0.0,0,"(16.999, 19.0]"
1852,1,1,1,9147,1,1,126.0,1,3,19,3,3,115.2,0,0,0,1,1,0,19,0,0,5,6,5,12.6,0,0,5,13,5,11.8,5,16.2,0.3,-0.92,Graduate,Graduate,0,Management,1.0,0,0.8333333333333334,0.0,0,"(16.999, 19.0]"
1853,1,44,1,9003,1,39,160.0,1,3,3,2,10,160.0,1,0,0,1,1,0,20,0,0,6,7,6,14.0,0,0,6,7,6,14.66666667,0,12.4,0.5,1.79,Graduate,Graduate,0,Agronomy,1.0,0,0.8571428571428571,0.0,0,"(19.0, 20.0]"
1854,1,39,1,9085,1,1,140.0,1,37,37,90,90,106.3,0,0,1,0,1,0,35,0,0,5,7,2,11.5,0,0,5,8,2,10.5,0,7.6,2.6,0.32,Dropout,Dropout,1,Veterinary Nursing,0.4,3,0.2857142857142857,0.0,1,"(25.0, 70.0]"
1855,4,39,2,9670,1,19,133.1,1,19,1,90,90,103.0,0,0,0,0,1,0,34,0,0,6,6,0,0.0,0,0,6,9,0,0.0,0,10.8,1.4,1.74,Dropout,Dropout,1,Advertising and Marketing Management,0.0,6,0.0,0.0,1,"(25.0, 70.0]"
1856,1,1,1,9070,1,1,136.0,1,3,3,9,9,136.0,1,0,1,0,0,1,19,0,0,6,6,6,11.83333333,0,0,6,8,6,12.875,0,10.8,1.4,1.74,Graduate,Graduate,0,Communication Design,1.0,0,1.0,0.0,1,"(16.999, 19.0]"
1857,1,15,1,9238,1,1,150.0,26,19,1,9,9,146.5,1,0,1,0,1,0,22,1,0,6,10,5,11.5,0,0,6,8,5,12.4,0,13.9,-0.3,0.79,Graduate,Graduate,0,Social Service,0.8333333333333334,1,0.5,0.0,1,"(20.0, 25.0]"
1858,1,17,3,9070,1,1,130.0,1,1,4,4,2,131.4,0,0,0,1,1,0,20,0,0,6,6,6,14.16666667,0,0,6,8,6,12.33333333,0,11.1,0.6,2.02,Graduate,Graduate,0,Communication Design,1.0,0,1.0,0.0,0,"(19.0, 20.0]"
1859,2,42,1,9991,0,1,130.0,1,3,2,2,2,130.0,0,0,0,1,1,0,27,0,2,2,2,2,12.5,0,0,5,6,2,12.5,0,12.7,3.7,-1.7,Enrolled,Enrolled,0,Management (evening attendance),1.0,0,1.0,0.0,0,"(25.0, 70.0]"
1860,2,39,1,9119,1,1,110.0,1,19,19,0,5,137.0,0,0,1,1,1,0,30,0,0,5,5,0,0.0,0,0,5,5,0,0.0,0,7.6,2.6,0.32,Dropout,Dropout,1,Informatics Engineering,0.0,5,0.0,0.0,1,"(25.0, 70.0]"
1861,1,39,1,9119,1,1,110.0,1,1,1,4,4,125.9,0,0,0,1,1,0,34,0,0,5,7,0,0.0,0,0,5,8,1,11.0,0,10.8,1.4,1.74,Enrolled,Enrolled,0,Informatics Engineering,0.0,5,0.0,0.0,0,"(25.0, 70.0]"
1862,1,1,1,9254,1,1,121.0,1,1,1,5,4,111.9,1,0,0,0,1,0,20,0,0,6,14,2,10.5,0,0,6,16,0,0.0,0,10.8,1.4,1.74,Dropout,Dropout,1,Tourism,0.3333333333333333,4,0.14285714285714285,0.0,1,"(19.0, 20.0]"
1863,1,17,1,9070,1,1,127.0,1,37,38,9,5,131.2,1,0,0,1,1,0,18,0,0,6,6,6,11.83333333,0,0,6,6,6,13.16666667,0,7.6,2.6,0.32,Graduate,Graduate,0,Communication Design,1.0,0,1.0,0.0,0,"(16.999, 19.0]"
1864,1,1,1,9130,1,1,140.0,1,9,19,4,4,131.2,0,0,0,1,1,1,26,0,0,5,9,0,0.0,0,0,5,6,0,0.0,0,7.6,2.6,0.32,Dropout,Dropout,1,Equinculture,0.0,5,0.0,0.0,0,"(25.0, 70.0]"
1865,1,39,1,9991,0,1,130.0,1,1,1,3,7,140.0,0,0,0,1,1,0,26,0,0,5,5,5,12.4,0,0,5,5,5,12.4,0,15.5,2.8,-4.06,Graduate,Graduate,0,Management (evening attendance),1.0,0,1.0,0.0,0,"(25.0, 70.0]"
1866,1,39,2,9147,1,1,130.0,1,19,19,5,9,121.5,0,0,0,0,1,0,26,0,0,5,5,2,10.5,0,0,5,9,0,0.0,0,10.8,1.4,1.74,Dropout,Dropout,1,Management,0.4,3,0.4,0.0,1,"(25.0, 70.0]"
1867,1,39,1,9991,0,1,100.0,1,37,37,9,6,153.5,0,0,1,0,1,0,31,0,0,5,9,0,0.0,0,0,5,6,0,0.0,0,12.4,0.5,1.79,Dropout,Dropout,1,Management (evening attendance),0.0,5,0.0,0.0,1,"(25.0, 70.0]"
1868,1,1,3,171,1,1,139.0,1,37,19,9,8,142.2,1,0,0,1,1,1,20,0,6,12,12,12,14.58333333,0,4,11,14,11,14.33333333,0,8.9,1.4,3.51,Graduate,Graduate,0,Animation and Multimedia Design,1.0,0,1.0,0.0,0,"(19.0, 20.0]"
1869,1,1,1,9773,1,1,150.0,1,19,11,0,0,131.1,1,0,0,1,1,0,19,0,0,6,6,6,11.66666667,0,0,6,10,3,12.66666667,0,7.6,2.6,0.32,Graduate,Graduate,0,Journalism and Communication,1.0,0,1.0,0.0,0,"(16.999, 19.0]"
1870,1,17,1,9670,1,1,133.1,1,34,3,7,2,130.6,1,0,1,0,1,0,23,0,0,5,5,0,0.0,0,0,5,5,0,0.0,0,7.6,2.6,0.32,Dropout,Dropout,1,Advertising and Marketing Management,0.0,5,0.0,0.0,1,"(20.0, 25.0]"
1871,1,1,6,9500,1,1,119.0,1,1,1,4,4,115.0,1,0,0,1,1,1,20,0,0,7,14,1,13.0,0,0,7,15,0,0.0,0,11.1,0.6,2.02,Dropout,Dropout,1,Nursing,0.14285714285714285,6,0.07142857142857142,0.0,0,"(19.0, 20.0]"
1872,1,51,1,9500,1,1,170.0,1,1,1,4,10,125.0,0,0,0,1,1,0,20,0,0,7,7,7,15.66,0,7,10,11,9,15.01111111,0,11.1,0.6,2.02,Graduate,Graduate,0,Nursing,1.0,0,1.0,0.0,0,"(19.0, 20.0]"
1873,1,39,1,8014,0,1,133.1,1,34,34,0,0,97.5,1,0,0,1,1,0,29,0,0,6,10,0,0.0,1,0,5,10,0,0.0,0,7.6,2.6,0.32,Dropout,Dropout,1,Social Service (evening attendance),0.0,6,0.0,0.16666666666666666,0,"(25.0, 70.0]"
1874,1,1,4,9773,1,1,133.0,1,19,19,7,7,134.4,1,0,0,1,1,1,20,0,0,6,6,6,12.16666667,0,0,6,8,4,12.75,0,9.4,-0.8,-3.12,Graduate,Graduate,0,Journalism and Communication,1.0,0,1.0,0.0,0,"(19.0, 20.0]"
1875,1,1,1,9500,1,1,125.0,1,37,37,9,9,118.8,0,0,0,1,1,0,24,0,0,7,7,6,13.3,0,0,7,7,6,13.3,0,7.6,2.6,0.32,Graduate,Graduate,0,Nursing,0.8571428571428571,1,0.8571428571428571,0.0,0,"(20.0, 25.0]"
1876,1,39,1,9556,1,19,133.1,1,42,1,3,7,110.5,0,0,0,1,1,0,37,0,0,7,15,0,0.0,0,0,7,13,0,0.0,1,11.1,0.6,2.02,Dropout,Dropout,1,Oral Hygiene,0.0,7,0.0,0.0,0,"(25.0, 70.0]"
1877,1,1,5,9500,1,1,143.0,1,37,19,4,4,123.3,1,0,0,1,1,0,18,0,0,7,0,0,0.0,0,0,8,0,0,0.0,0,7.6,2.6,0.32,Dropout,Dropout,1,Nursing,0.0,7,0.0,0.0,0,"(16.999, 19.0]"
1878,1,1,2,171,1,1,127.0,1,2,19,5,5,139.6,1,0,1,0,1,1,18,0,0,0,0,0,0.0,0,0,0,0,0,0.0,0,13.9,-0.3,0.79,Dropout,Dropout,1,Animation and Multimedia Design,0.0,0,0.0,0.0,1,"(16.999, 19.0]"
1879,1,17,1,9500,1,1,157.0,1,19,3,4,9,138.8,0,0,0,1,1,0,18,0,0,8,8,7,13.55714286,0,0,8,8,7,13.55714286,0,12.7,3.7,-1.7,Graduate,Graduate,0,Nursing,0.875,1,0.875,0.0,0,"(16.999, 19.0]"
1880,2,44,1,9119,1,39,160.0,1,37,37,9,9,160.0,0,0,1,1,1,0,41,0,3,7,15,5,14.33333333,0,1,6,16,6,14.63636364,0,12.4,0.5,1.79,Enrolled,Enrolled,0,Informatics Engineering,0.7142857142857143,2,0.3333333333333333,0.0,1,"(25.0, 70.0]"
1881,1,39,1,9003,1,1,140.0,1,37,37,9,4,140.0,0,0,0,1,1,0,35,0,0,6,16,4,12.0,0,0,6,11,3,10.33333333,0,13.9,-0.3,0.79,Dropout,Dropout,1,Agronomy,0.6666666666666666,2,0.25,0.0,0,"(25.0, 70.0]"
1882,1,17,1,9254,1,1,128.0,1,19,38,9,9,118.2,0,0,0,1,0,0,19,0,0,5,5,0,0.0,0,0,6,0,0,0.0,0,8.9,1.4,3.51,Dropout,Dropout,1,Tourism,0.0,5,0.0,0.0,0,"(16.999, 19.0]"
1883,1,1,1,171,1,1,145.0,1,1,19,10,5,150.6,1,0,0,1,1,0,18,0,0,0,0,0,0.0,0,0,0,0,0,0.0,0,10.8,1.4,1.74,Graduate,Graduate,0,Animation and Multimedia Design,0.0,0,0.0,0.0,0,"(16.999, 19.0]"
1884,2,39,1,9500,1,1,133.1,1,37,37,191,172,115.2,0,0,0,1,0,0,48,0,0,7,11,4,11.75,0,0,7,14,3,11.725,0,11.1,0.6,2.02,Enrolled,Enrolled,0,Nursing,0.5714285714285714,3,0.36363636363636365,0.0,0,"(25.0, 70.0]"
1885,1,1,1,9500,1,1,132.0,1,19,2,9,3,126.0,1,0,0,1,0,0,19,0,0,7,7,6,12.18333333,0,0,7,7,6,12.18333333,0,7.6,2.6,0.32,Graduate,Graduate,0,Nursing,0.8571428571428571,1,0.8571428571428571,0.0,0,"(16.999, 19.0]"
1886,1,44,1,9003,1,39,160.0,1,37,37,9,7,160.0,1,0,0,0,1,0,30,0,4,9,18,6,11.83333333,0,1,8,21,4,11.0,0,15.5,2.8,-4.06,Dropout,Dropout,1,Agronomy,0.6666666666666666,3,0.3333333333333333,0.0,1,"(25.0, 70.0]"
1887,2,43,1,9773,1,1,160.0,1,37,37,5,0,160.0,0,0,1,0,1,0,51,0,0,4,4,0,0.0,0,0,4,4,0,0.0,0,12.7,3.7,-1.7,Dropout,Dropout,1,Journalism and Communication,0.0,4,0.0,0.0,1,"(25.0, 70.0]"
1888,1,10,1,9085,1,1,184.4,22,2,19,2,8,184.4,0,0,0,1,0,0,18,1,0,6,8,6,15.0,0,0,6,10,5,14.33333333,0,11.1,0.6,2.02,Graduate,Graduate,0,Veterinary Nursing,1.0,0,0.75,0.0,0,"(16.999, 19.0]"
1889,1,1,1,171,1,1,149.0,1,1,1,9,3,156.0,1,0,0,1,0,0,18,0,0,0,0,0,0.0,0,0,0,0,0,0.0,0,10.8,1.4,1.74,Graduate,Graduate,0,Animation and Multimedia Design,0.0,0,0.0,0.0,0,"(16.999, 19.0]"
1890,1,1,1,171,1,1,146.0,1,40,43,4,4,150.2,1,0,0,1,0,0,18,0,0,0,0,0,0.0,0,0,0,0,0,0.0,0,11.1,0.6,2.02,Graduate,Graduate,0,Animation and Multimedia Design,0.0,0,0.0,0.0,0,"(16.999, 19.0]"
1891,1,1,5,9500,1,1,139.0,1,38,37,7,7,126.3,1,0,0,1,0,1,18,0,0,8,8,8,13.435,0,0,8,8,8,13.435,0,9.4,-0.8,-3.12,Graduate,Graduate,0,Nursing,1.0,0,1.0,0.0,0,"(16.999, 19.0]"
1892,1,1,1,9130,1,1,152.0,1,2,22,4,3,146.1,1,0,0,1,0,0,18,0,0,5,8,4,13.5,2,0,5,9,0,0.0,3,10.8,1.4,1.74,Dropout,Dropout,1,Equinculture,0.8,1,0.5,0.4,0,"(16.999, 19.0]"
1893,1,1,1,171,1,1,147.0,1,2,3,4,8,145.3,1,0,0,1,0,0,18,0,0,0,0,0,0.0,0,0,0,0,0,0.0,0,12.4,0.5,1.79,Enrolled,Enrolled,0,Animation and Multimedia Design,0.0,0,0.0,0.0,0,"(16.999, 19.0]"
1894,1,18,1,171,1,1,121.0,1,1,1,4,3,116.8,1,0,0,1,0,0,23,0,15,17,18,17,11.5,0,16,17,17,17,12.17647059,0,12.4,0.5,1.79,Graduate,Graduate,0,Animation and Multimedia Design,1.0,0,0.9444444444444444,0.0,0,"(20.0, 25.0]"
1895,1,1,1,9070,1,1,124.0,1,19,19,7,9,132.1,1,0,0,1,0,0,19,0,0,6,10,2,10.5,0,0,6,6,3,11.0,0,7.6,2.6,0.32,Enrolled,Enrolled,0,Communication Design,0.3333333333333333,4,0.2,0.0,0,"(16.999, 19.0]"
1896,1,1,1,9085,1,1,105.0,1,19,37,8,8,102.6,0,1,0,1,0,0,21,0,0,6,13,4,12.0,0,0,6,17,2,11.5,0,11.1,0.6,2.02,Enrolled,Enrolled,0,Veterinary Nursing,0.6666666666666666,2,0.3076923076923077,0.0,0,"(20.0, 25.0]"
1897,1,1,1,9773,1,1,121.0,1,3,3,2,2,112.3,1,0,1,0,0,0,18,0,0,6,7,5,12.2,0,0,6,11,4,11.5,0,11.1,0.6,2.02,Dropout,Dropout,1,Journalism and Communication,0.8333333333333334,1,0.7142857142857143,0.0,1,"(16.999, 19.0]"
1898,1,1,1,171,1,1,143.0,1,12,12,4,1,155.3,1,1,0,1,0,0,18,0,0,0,0,0,0.0,0,0,0,0,0,0.0,0,11.1,0.6,2.02,Graduate,Graduate,0,Animation and Multimedia Design,0.0,0,0.0,0.0,0,"(16.999, 19.0]"
1899,1,53,1,9085,1,42,150.0,1,3,1,2,8,153.8,1,0,0,1,0,0,21,0,7,11,15,10,14.5,0,4,9,15,8,14.0,0,8.9,1.4,3.51,Graduate,Graduate,0,Veterinary Nursing,0.9090909090909091,1,0.6666666666666666,0.0,0,"(20.0, 25.0]"
1900,1,43,1,9773,1,1,126.0,1,1,37,3,0,110.0,0,0,1,1,0,0,20,0,0,6,7,6,13.33333333,0,0,6,8,6,12.66666667,0,12.4,0.5,1.79,Graduate,Graduate,0,Journalism and Communication,1.0,0,0.8571428571428571,0.0,1,"(19.0, 20.0]"
1901,1,42,1,9085,1,1,133.1,1,1,9,4,4,128.2,0,0,0,1,0,0,24,0,5,11,29,9,12.0,6,4,10,21,9,12.55555556,0,9.4,-0.8,-3.12,Graduate,Graduate,0,Veterinary Nursing,0.8181818181818182,2,0.3103448275862069,0.5454545454545454,0,"(20.0, 25.0]"
1902,1,1,1,9130,1,1,127.0,1,1,1,4,4,120.4,1,0,0,1,0,0,18,0,0,6,9,6,15.125,0,0,6,9,6,14.0,0,13.9,-0.3,0.79,Graduate,Graduate,0,Equinculture,1.0,0,0.6666666666666666,0.0,0,"(16.999, 19.0]"
1903,1,17,1,9500,1,1,160.0,1,19,1,4,10,153.0,1,0,0,1,0,0,18,0,0,7,7,6,13.11666667,0,0,7,7,6,13.11666667,0,7.6,2.6,0.32,Graduate,Graduate,0,Nursing,0.8571428571428571,1,0.8571428571428571,0.0,0,"(16.999, 19.0]"
1904,1,1,1,9773,1,1,121.0,1,19,1,7,9,117.9,1,0,0,1,0,0,19,0,0,6,7,6,12.83333333,0,0,6,7,6,11.66666667,0,11.1,0.6,2.02,Graduate,Graduate,0,Journalism and Communication,1.0,0,0.8571428571428571,0.0,0,"(16.999, 19.0]"
1905,1,44,1,9238,1,39,150.0,1,1,37,4,8,145.6,1,0,0,1,0,1,20,0,3,6,6,6,13.33333333,0,2,6,6,6,14.16666667,0,13.9,-0.3,0.79,Graduate,Graduate,0,Social Service,1.0,0,1.0,0.0,0,"(19.0, 20.0]"
1906,1,1,6,9500,1,1,117.0,1,4,12,5,9,119.8,1,0,0,1,0,0,18,0,0,7,7,7,13.87714286,0,0,8,8,8,15.6625,0,12.4,0.5,1.79,Graduate,Graduate,0,Nursing,1.0,0,1.0,0.0,0,"(16.999, 19.0]"
1907,1,1,6,9500,1,1,141.0,1,19,1,9,10,126.8,1,0,0,1,0,0,18,0,0,8,8,7,12.94428571,0,0,8,8,7,12.94428571,0,10.8,1.4,1.74,Graduate,Graduate,0,Nursing,0.875,1,0.875,0.0,0,"(16.999, 19.0]"
1908,1,17,1,9853,1,1,112.0,1,2,19,3,9,106.1,1,0,0,1,0,0,19,0,0,6,8,5,12.33333333,0,0,6,8,5,11.0,0,15.5,2.8,-4.06,Enrolled,Enrolled,0,Basic Education,0.8333333333333334,1,0.625,0.0,0,"(16.999, 19.0]"
1909,1,1,1,9500,1,1,148.0,1,3,3,2,2,137.3,1,0,0,1,0,0,19,0,0,7,7,6,14.26666667,0,0,7,7,6,14.26666667,0,7.6,2.6,0.32,Graduate,Graduate,0,Nursing,0.8571428571428571,1,0.8571428571428571,0.0,0,"(16.999, 19.0]"
1910,1,1,2,9670,1,1,120.0,1,3,19,4,5,115.5,1,0,0,1,0,0,18,0,0,6,8,5,13.0,0,0,6,8,5,14.0,0,13.9,-0.3,0.79,Graduate,Graduate,0,Advertising and Marketing Management,0.8333333333333334,1,0.625,0.0,0,"(16.999, 19.0]"
1911,1,1,2,9500,1,1,132.0,1,37,37,5,7,127.5,1,0,0,1,0,0,20,0,0,8,8,8,12.48375,0,0,8,8,8,12.48375,0,9.4,-0.8,-3.12,Graduate,Graduate,0,Nursing,1.0,0,1.0,0.0,0,"(19.0, 20.0]"
1912,1,1,2,9556,1,1,125.0,1,38,1,9,3,116.3,1,0,0,1,0,0,18,0,0,7,8,7,13.42857143,0,0,8,8,8,15.3125,0,16.2,0.3,-0.92,Graduate,Graduate,0,Oral Hygiene,1.0,0,0.875,0.0,0,"(16.999, 19.0]"
1913,2,17,3,8014,0,1,123.0,1,19,37,3,3,113.2,0,0,1,0,0,0,18,0,0,6,9,3,10.66666667,0,0,6,12,0,0.0,0,7.6,2.6,0.32,Dropout,Dropout,1,Social Service (evening attendance),0.5,3,0.3333333333333333,0.0,1,"(16.999, 19.0]"
1914,1,1,1,9853,1,1,142.0,1,12,12,9,4,132.6,1,0,0,1,0,0,18,0,0,6,8,5,15.4,0,0,6,7,5,12.2,0,7.6,2.6,0.32,Graduate,Graduate,0,Basic Education,0.8333333333333334,1,0.625,0.0,0,"(16.999, 19.0]"
1915,1,1,4,9500,1,1,148.0,1,1,37,4,8,132.0,1,0,0,1,0,0,18,0,0,7,7,6,13.45,0,0,7,7,6,13.45,0,7.6,2.6,0.32,Graduate,Graduate,0,Nursing,0.8571428571428571,1,0.8571428571428571,0.0,0,"(16.999, 19.0]"
1916,1,17,5,9500,1,1,136.0,1,19,38,5,8,130.3,1,0,0,1,0,1,18,0,0,7,7,6,12.6,0,0,7,7,6,12.6,0,7.6,2.6,0.32,Graduate,Graduate,0,Nursing,0.8571428571428571,1,0.8571428571428571,0.0,0,"(16.999, 19.0]"
1917,1,1,4,9500,1,1,123.0,1,19,38,9,10,116.7,1,0,0,1,0,0,20,0,0,7,7,7,12.48571429,0,0,8,12,8,12.9375,0,16.2,0.3,-0.92,Graduate,Graduate,0,Nursing,1.0,0,1.0,0.0,0,"(19.0, 20.0]"
1918,1,1,2,9070,1,1,135.0,1,19,37,9,9,134.0,1,0,0,1,0,1,22,0,0,6,10,5,10.8,0,0,6,7,5,12.8,0,12.7,3.7,-1.7,Graduate,Graduate,0,Communication Design,0.8333333333333334,1,0.5,0.0,0,"(20.0, 25.0]"
1919,1,43,1,9670,1,1,151.0,1,19,19,1,1,100.0,0,0,1,1,0,0,20,0,0,6,12,5,12.2,0,0,6,8,5,14.6,0,13.9,-0.3,0.79,Enrolled,Enrolled,0,Advertising and Marketing Management,0.8333333333333334,1,0.4166666666666667,0.0,1,"(19.0, 20.0]"
1920,1,44,1,9085,1,39,140.0,1,1,1,3,7,140.0,1,0,0,1,0,0,20,0,2,6,11,5,14.2,0,0,6,12,2,13.5,0,13.9,-0.3,0.79,Enrolled,Enrolled,0,Veterinary Nursing,0.8333333333333334,1,0.45454545454545453,0.0,0,"(19.0, 20.0]"
1921,1,1,2,9238,1,1,136.0,1,37,38,9,8,139.2,1,0,0,1,0,0,18,0,0,6,7,6,13.83333333,0,0,6,6,6,14.0,0,9.4,-0.8,-3.12,Graduate,Graduate,0,Social Service,1.0,0,0.8571428571428571,0.0,0,"(16.999, 19.0]"
1922,1,1,1,9853,1,1,142.0,1,19,1,9,1,132.6,0,0,0,1,0,0,18,0,0,6,8,5,12.8,0,0,6,14,3,10.0,0,9.4,-0.8,-3.12,Enrolled,Enrolled,0,Basic Education,0.8333333333333334,1,0.625,0.0,0,"(16.999, 19.0]"
1923,1,17,3,9147,1,1,142.0,1,37,38,5,1,129.4,0,0,0,1,0,0,18,0,0,5,5,5,13.2,0,0,5,6,4,12.5,0,9.4,-0.8,-3.12,Graduate,Graduate,0,Management,1.0,0,1.0,0.0,0,"(16.999, 19.0]"
1924,1,17,1,9670,1,1,127.0,1,1,38,4,7,125.6,0,0,1,1,0,1,18,0,0,6,7,1,14.0,0,0,6,6,0,0.0,0,15.5,2.8,-4.06,Dropout,Dropout,1,Advertising and Marketing Management,0.16666666666666666,5,0.14285714285714285,0.0,1,"(16.999, 19.0]"
1925,1,17,1,9238,1,1,131.0,1,1,1,4,10,129.3,0,0,0,1,0,0,19,0,4,8,8,8,13.875,0,1,6,8,5,14.0,0,11.1,0.6,2.02,Graduate,Graduate,0,Social Service,1.0,0,1.0,0.0,0,"(16.999, 19.0]"
1926,1,1,1,9085,1,1,134.0,1,38,19,9,4,128.4,1,0,0,1,0,1,19,0,0,5,7,5,12.5,0,0,5,8,5,12.71428571,0,10.8,1.4,1.74,Graduate,Graduate,0,Veterinary Nursing,1.0,0,0.7142857142857143,0.0,0,"(16.999, 19.0]"
1927,1,17,2,9773,1,1,142.0,1,19,19,9,9,139.9,0,0,0,1,0,1,18,0,0,6,7,6,13.42857143,0,0,6,6,6,12.5,0,13.9,-0.3,0.79,Graduate,Graduate,0,Journalism and Communication,1.0,0,0.8571428571428571,0.0,0,"(16.999, 19.0]"
1928,1,1,1,9070,1,1,123.0,1,38,38,9,5,124.8,0,0,0,0,0,1,18,0,0,6,7,5,11.8,0,0,6,7,5,13.0,0,8.9,1.4,3.51,Enrolled,Enrolled,0,Communication Design,0.8333333333333334,1,0.7142857142857143,0.0,1,"(16.999, 19.0]"
1929,1,17,3,9500,1,1,133.0,1,1,1,9,9,128.5,1,0,0,1,0,1,18,0,0,7,7,7,14.86857143,0,0,8,9,8,15.11111111,0,11.1,0.6,2.02,Graduate,Graduate,0,Nursing,1.0,0,1.0,0.0,0,"(16.999, 19.0]"
1930,1,1,4,9500,1,1,125.0,1,19,1,1,1,117.8,1,0,0,1,0,0,18,0,0,7,10,7,13.03,0,0,8,8,8,13.21875,0,15.5,2.8,-4.06,Graduate,Graduate,0,Nursing,1.0,0,0.7,0.0,0,"(16.999, 19.0]"
1931,1,17,1,9670,1,1,120.0,1,38,38,5,7,115.1,1,0,0,1,0,0,19,0,0,6,7,6,14.57142857,0,0,6,7,6,12.33333333,0,12.4,0.5,1.79,Graduate,Graduate,0,Advertising and Marketing Management,1.0,0,0.8571428571428571,0.0,0,"(16.999, 19.0]"
1932,1,17,2,9238,1,1,125.0,1,19,19,3,3,118.0,1,0,0,1,0,0,18,0,0,6,9,5,11.0,0,0,6,9,4,11.25,0,8.9,1.4,3.51,Graduate,Graduate,0,Social Service,0.8333333333333334,1,0.5555555555555556,0.0,0,"(16.999, 19.0]"
1933,1,39,1,9500,1,19,133.1,1,19,37,9,4,120.0,0,0,0,1,0,1,25,0,0,8,8,8,13.3675,0,0,8,8,8,13.3675,0,9.4,-0.8,-3.12,Graduate,Graduate,0,Nursing,1.0,0,1.0,0.0,0,"(20.0, 25.0]"
1934,1,1,4,9500,1,1,133.1,1,19,38,9,9,119.6,1,0,0,1,0,1,19,0,0,7,7,6,12.80833333,0,0,8,11,7,12.82571429,0,12.4,0.5,1.79,Graduate,Graduate,0,Nursing,0.8571428571428571,1,0.8571428571428571,0.0,0,"(16.999, 19.0]"
1935,1,17,6,9500,1,1,143.0,1,1,38,3,3,133.2,1,0,0,1,0,0,18,0,0,7,7,7,13.91857143,0,0,8,9,8,13.8875,0,11.1,0.6,2.02,Graduate,Graduate,0,Nursing,1.0,0,1.0,0.0,0,"(16.999, 19.0]"
1936,1,17,1,9130,1,1,147.0,1,4,1,2,10,141.8,1,0,0,1,0,0,19,0,0,6,8,6,13.0,0,0,6,9,4,12.8,0,13.9,-0.3,0.79,Graduate,Graduate,0,Equinculture,1.0,0,0.75,0.0,0,"(16.999, 19.0]"
1937,2,1,1,9500,1,1,142.0,1,19,38,4,5,130.3,0,0,0,1,0,0,18,0,0,7,7,6,13.68333333,0,0,7,7,6,13.68333333,0,7.6,2.6,0.32,Graduate,Graduate,0,Nursing,0.8571428571428571,1,0.8571428571428571,0.0,0,"(16.999, 19.0]"
1938,1,39,1,9085,1,1,150.0,1,19,19,4,10,100.0,0,0,0,1,0,0,24,0,1,6,11,5,13.0,0,1,6,12,1,12.0,0,13.9,-0.3,0.79,Dropout,Dropout,1,Veterinary Nursing,0.8333333333333334,1,0.45454545454545453,0.0,0,"(20.0, 25.0]"
1939,1,1,2,9773,1,1,124.0,1,3,3,3,4,114.6,1,0,0,1,0,0,21,0,0,6,8,5,12.8,0,0,6,7,5,11.2,0,11.1,0.6,2.02,Graduate,Graduate,0,Journalism and Communication,0.8333333333333334,1,0.625,0.0,0,"(20.0, 25.0]"
1940,1,1,2,9254,1,1,136.0,1,1,1,9,4,123.4,1,0,0,1,0,1,18,0,0,6,9,6,13.57142857,0,0,6,6,6,12.16666667,0,8.9,1.4,3.51,Graduate,Graduate,0,Tourism,1.0,0,0.6666666666666666,0.0,0,"(16.999, 19.0]"
1941,1,1,1,9238,1,1,116.0,1,38,38,9,6,116.4,1,0,0,1,0,0,18,0,0,6,6,6,13.16666667,0,0,6,6,6,13.16666667,0,8.9,1.4,3.51,Graduate,Graduate,0,Social Service,1.0,0,1.0,0.0,0,"(16.999, 19.0]"
1942,2,1,1,9070,1,1,127.0,1,12,19,9,9,123.2,0,0,0,1,0,1,20,0,0,6,6,6,15.0,0,0,6,6,6,14.5,0,11.1,0.6,2.02,Graduate,Graduate,0,Communication Design,1.0,0,1.0,0.0,0,"(19.0, 20.0]"
1943,1,1,1,9070,1,1,117.0,1,4,19,3,5,123.7,1,0,0,1,0,0,19,0,0,6,6,6,12.66666667,0,0,6,8,5,11.4,0,12.4,0.5,1.79,Graduate,Graduate,0,Communication Design,1.0,0,1.0,0.0,0,"(16.999, 19.0]"
1944,1,1,2,9773,1,1,116.0,1,1,19,4,7,127.6,1,0,0,1,0,1,19,0,0,6,7,6,13.85714286,0,0,6,7,6,13.14285714,0,13.9,-0.3,0.79,Dropout,Dropout,1,Journalism and Communication,1.0,0,0.8571428571428571,0.0,0,"(16.999, 19.0]"
1945,1,1,4,9500,1,1,129.0,1,37,37,9,9,117.1,1,0,0,1,0,0,30,0,0,7,7,7,14.69285714,0,0,8,8,8,14.9625,0,12.4,0.5,1.79,Graduate,Graduate,0,Nursing,1.0,0,1.0,0.0,0,"(25.0, 70.0]"
1946,1,1,1,9500,1,1,157.0,1,19,38,5,3,149.3,0,0,0,1,0,0,18,0,0,8,8,8,14.035,0,0,8,8,8,14.035,0,9.4,-0.8,-3.12,Graduate,Graduate,0,Nursing,1.0,0,1.0,0.0,0,"(16.999, 19.0]"
1947,1,17,1,9085,1,1,135.0,1,1,19,4,10,125.6,1,0,0,1,0,0,18,0,0,5,8,4,11.0,1,0,5,8,3,14.0,0,12.7,3.7,-1.7,Graduate,Graduate,0,Veterinary Nursing,0.8,1,0.5,0.2,0,"(16.999, 19.0]"
1948,1,1,1,9773,1,1,139.0,1,38,38,9,9,145.0,1,0,0,1,0,1,18,0,0,6,6,6,13.33333333,0,0,6,6,6,13.33333333,0,9.4,-0.8,-3.12,Graduate,Graduate,0,Journalism and Communication,1.0,0,1.0,0.0,0,"(16.999, 19.0]"
1949,1,18,1,9500,1,1,115.0,1,38,37,5,5,115.0,0,0,0,1,0,0,20,0,0,7,13,6,11.7725,0,0,8,9,7,12.33,0,15.5,2.8,-4.06,Graduate,Graduate,0,Nursing,0.8571428571428571,1,0.46153846153846156,0.0,0,"(19.0, 20.0]"
1950,1,1,1,9254,1,1,123.0,1,38,38,4,7,114.3,0,0,0,1,0,0,19,0,0,6,0,0,0.0,0,0,6,0,0,0.0,0,11.1,0.6,2.02,Dropout,Dropout,1,Tourism,0.0,6,0.0,0.0,0,"(16.999, 19.0]"
1951,1,43,2,9254,1,1,140.0,1,19,19,9,9,126.0,1,0,0,1,0,0,19,0,0,6,0,0,0.0,0,0,6,12,0,0.0,0,10.8,1.4,1.74,Dropout,Dropout,1,Tourism,0.0,6,0.0,0.0,0,"(16.999, 19.0]"
1952,1,1,1,171,1,1,138.0,1,19,37,7,7,124.0,1,0,0,0,0,0,19,0,0,0,0,0,0.0,0,0,0,0,0,0.0,0,10.8,1.4,1.74,Dropout,Dropout,1,Animation and Multimedia Design,0.0,0,0.0,0.0,1,"(16.999, 19.0]"
1953,1,1,4,9254,1,1,132.0,1,1,38,5,6,122.6,1,0,0,1,0,1,18,0,0,6,7,6,12.28571429,0,0,6,6,6,12.0,0,8.9,1.4,3.51,Graduate,Graduate,0,Tourism,1.0,0,0.8571428571428571,0.0,0,"(16.999, 19.0]"
1954,1,1,4,9500,1,1,140.0,1,3,19,2,3,133.8,1,0,0,1,0,0,17,0,0,8,14,5,12.46,0,0,8,14,5,12.46,0,10.8,1.4,1.74,Enrolled,Enrolled,0,Nursing,0.625,3,0.35714285714285715,0.0,0,"(16.999, 19.0]"
1955,1,18,1,9853,1,1,117.0,1,19,38,4,0,113.5,1,0,0,1,0,0,19,0,0,7,10,6,12.16666667,0,0,7,9,6,13.16666667,0,12.4,0.5,1.79,Graduate,Graduate,0,Basic Education,0.8571428571428571,1,0.6,0.0,0,"(16.999, 19.0]"
1956,1,1,4,9238,1,1,125.0,1,19,1,4,5,122.6,1,1,0,1,0,0,18,0,0,6,9,5,11.83333333,0,0,6,8,2,11.5,0,13.9,-0.3,0.79,Enrolled,Enrolled,0,Social Service,0.8333333333333334,1,0.5555555555555556,0.0,0,"(16.999, 19.0]"
1957,1,7,1,9500,1,3,140.0,1,37,37,4,4,140.0,0,0,0,1,0,0,25,0,0,8,8,7,14.80571429,0,0,8,8,7,14.80571429,0,10.8,1.4,1.74,Graduate,Graduate,0,Nursing,0.875,1,0.875,0.0,0,"(20.0, 25.0]"
1958,1,1,1,9238,1,1,133.1,1,12,38,4,9,107.0,1,0,0,1,0,0,19,0,0,6,11,5,10.6,0,0,6,10,6,11.71428571,0,11.1,0.6,2.02,Dropout,Dropout,1,Social Service,0.8333333333333334,1,0.45454545454545453,0.0,0,"(16.999, 19.0]"
1959,1,53,1,9085,1,42,130.0,1,19,1,9,9,130.0,1,0,1,0,0,0,24,0,7,9,9,8,13.125,0,4,9,13,6,13.0,0,8.9,1.4,3.51,Enrolled,Enrolled,0,Veterinary Nursing,0.8888888888888888,1,0.8888888888888888,0.0,1,"(20.0, 25.0]"
1960,1,1,1,9238,1,1,134.0,1,1,1,4,9,124.2,1,0,1,1,0,1,19,0,0,6,6,6,12.83333333,0,0,6,6,6,12.66666667,0,9.4,-0.8,-3.12,Graduate,Graduate,0,Social Service,1.0,0,1.0,0.0,1,"(16.999, 19.0]"
1961,1,18,1,9500,1,1,128.0,1,19,1,9,4,125.8,0,0,0,1,0,1,20,0,0,8,8,0,0.0,8,0,8,8,0,0.0,8,9.4,-0.8,-3.12,Enrolled,Enrolled,0,Nursing,0.0,8,0.0,1.0,0,"(19.0, 20.0]"
1962,1,1,1,9670,1,1,115.0,1,1,1,5,4,108.0,1,0,0,1,0,1,20,0,0,6,9,5,13.0,0,0,6,6,5,13.8,0,12.4,0.5,1.79,Graduate,Graduate,0,Advertising and Marketing Management,0.8333333333333334,1,0.5555555555555556,0.0,0,"(19.0, 20.0]"
1963,1,1,2,9500,1,1,119.0,1,1,1,4,4,115.2,1,0,0,1,0,1,20,0,0,7,8,7,12.725,0,0,8,8,8,13.7125,0,13.9,-0.3,0.79,Graduate,Graduate,0,Nursing,1.0,0,0.875,0.0,0,"(19.0, 20.0]"
1964,1,17,1,9085,1,1,131.0,1,1,3,4,1,129.3,1,0,0,1,0,0,19,0,0,5,10,4,11.25,1,0,5,10,3,10.33333333,0,12.7,3.7,-1.7,Graduate,Graduate,0,Veterinary Nursing,0.8,1,0.4,0.2,0,"(16.999, 19.0]"
1965,1,7,1,9003,1,4,120.0,1,3,1,2,4,120.0,1,0,0,1,0,0,31,0,8,12,12,11,13.81818182,0,4,12,16,12,13.46153846,0,15.5,2.8,-4.06,Graduate,Graduate,0,Agronomy,0.9166666666666666,1,0.9166666666666666,0.0,0,"(25.0, 70.0]"
1966,1,1,1,9085,1,1,120.0,1,1,19,3,4,116.7,0,0,0,1,0,0,20,0,0,5,12,3,12.33333333,2,0,5,8,3,13.0,1,9.4,-0.8,-3.12,Graduate,Graduate,0,Veterinary Nursing,0.6,2,0.25,0.4,0,"(19.0, 20.0]"
1967,1,1,3,9085,1,1,135.0,1,3,2,4,3,121.0,1,0,0,1,0,0,18,0,0,5,14,3,12.33333333,2,0,5,8,5,11.6,0,9.4,-0.8,-3.12,Enrolled,Enrolled,0,Veterinary Nursing,0.6,2,0.21428571428571427,0.4,0,"(16.999, 19.0]"
1968,1,17,1,9853,1,1,146.0,1,1,1,3,4,128.2,0,0,1,1,0,0,18,0,0,6,8,4,13.25,0,0,6,10,3,10.66666667,0,12.7,3.7,-1.7,Enrolled,Enrolled,0,Basic Education,0.6666666666666666,2,0.5,0.0,1,"(16.999, 19.0]"
1969,1,1,4,9670,1,1,133.0,1,1,2,4,7,121.1,1,0,0,1,0,0,18,0,0,6,7,6,13.66666667,0,0,6,9,5,15.4,0,13.9,-0.3,0.79,Graduate,Graduate,0,Advertising and Marketing Management,1.0,0,0.8571428571428571,0.0,0,"(16.999, 19.0]"
1970,1,51,1,9238,1,1,122.0,1,19,3,5,2,112.6,0,0,1,1,0,0,20,0,5,11,18,8,12.625,0,4,10,10,3,11.0,0,11.1,0.6,2.02,Enrolled,Enrolled,0,Social Service,0.7272727272727273,3,0.4444444444444444,0.0,1,"(19.0, 20.0]"
1971,1,17,1,9085,1,1,128.0,1,2,19,2,4,123.3,1,0,0,1,0,1,20,0,0,6,6,6,14.83333333,0,0,6,8,6,12.14285714,0,8.9,1.4,3.51,Graduate,Graduate,0,Veterinary Nursing,1.0,0,1.0,0.0,0,"(19.0, 20.0]"
1972,1,17,2,9670,1,1,129.0,1,19,19,5,4,129.4,0,0,0,1,0,1,19,0,0,6,7,5,11.2,0,0,6,10,5,13.125,0,10.8,1.4,1.74,Dropout,Dropout,1,Advertising and Marketing Management,0.8333333333333334,1,0.7142857142857143,0.0,0,"(16.999, 19.0]"
1973,1,17,1,9147,1,1,122.0,1,19,19,4,6,119.9,0,0,0,1,0,1,21,0,0,5,6,5,11.4,0,0,5,6,5,12.2,0,12.7,3.7,-1.7,Graduate,Graduate,0,Management,1.0,0,0.8333333333333334,0.0,0,"(20.0, 25.0]"
1974,1,1,4,9500,1,1,140.0,1,1,12,3,10,131.6,1,0,0,1,0,0,18,0,0,7,8,7,13.135,0,0,8,9,8,13.24444444,0,12.4,0.5,1.79,Graduate,Graduate,0,Nursing,1.0,0,0.875,0.0,0,"(16.999, 19.0]"
1975,1,51,1,9070,1,1,143.0,1,1,1,4,4,120.0,1,0,0,1,0,0,21,0,3,10,10,10,13.0,0,5,11,11,10,11.4,0,11.1,0.6,2.02,Dropout,Dropout,1,Communication Design,1.0,0,1.0,0.0,0,"(20.0, 25.0]"
1976,1,1,4,9500,1,1,118.0,1,19,19,3,3,110.0,1,0,0,1,0,0,19,0,0,7,12,4,12.85,0,0,7,7,7,12.62142857,0,11.1,0.6,2.02,Enrolled,Enrolled,0,Nursing,0.5714285714285714,3,0.3333333333333333,0.0,0,"(16.999, 19.0]"
1977,1,44,1,9238,1,39,140.0,1,1,19,191,102,143.0,0,0,0,1,0,0,20,0,3,6,6,6,13.5,0,2,6,9,5,12.5,0,13.9,-0.3,0.79,Graduate,Graduate,0,Social Service,1.0,0,1.0,0.0,0,"(19.0, 20.0]"
1978,1,44,1,9085,1,1,140.0,1,1,2,3,3,140.0,0,0,0,1,0,0,20,0,0,6,7,6,14.28571429,0,0,6,9,3,13.0,0,13.9,-0.3,0.79,Enrolled,Enrolled,0,Veterinary Nursing,1.0,0,0.8571428571428571,0.0,0,"(19.0, 20.0]"
1979,1,1,1,9670,1,1,123.0,1,12,1,9,9,119.2,1,0,0,1,0,1,18,0,0,6,8,5,13.5,0,0,6,6,6,14.5,0,12.4,0.5,1.79,Graduate,Graduate,0,Advertising and Marketing Management,0.8333333333333334,1,0.625,0.0,0,"(16.999, 19.0]"
1980,1,1,1,9147,1,1,140.0,1,19,19,9,9,124.3,1,0,0,1,0,1,18,0,0,5,8,4,10.75,0,0,5,5,5,13.0,0,12.4,0.5,1.79,Graduate,Graduate,0,Management,0.8,1,0.5,0.0,0,"(16.999, 19.0]"
1981,1,17,1,9238,1,1,116.0,1,19,19,7,7,111.1,1,0,0,1,0,1,18,0,0,6,9,6,11.33333333,0,0,6,9,6,11.83333333,0,8.9,1.4,3.51,Graduate,Graduate,0,Social Service,1.0,0,0.6666666666666666,0.0,0,"(16.999, 19.0]"
1982,1,43,1,9085,1,39,150.0,1,38,37,6,6,150.0,1,0,0,1,0,1,21,0,2,7,15,3,13.0,2,1,5,12,5,13.28571429,1,10.8,1.4,1.74,Graduate,Graduate,0,Veterinary Nursing,0.42857142857142855,4,0.2,0.2857142857142857,0,"(20.0, 25.0]"
1983,1,1,1,9500,1,1,147.0,1,38,19,5,8,147.3,0,0,0,1,0,0,18,0,0,7,7,6,13.96666667,0,0,7,7,6,13.96666667,0,7.6,2.6,0.32,Graduate,Graduate,0,Nursing,0.8571428571428571,1,0.8571428571428571,0.0,0,"(16.999, 19.0]"
1984,1,1,1,9500,1,1,162.0,1,19,1,5,5,147.5,1,0,0,1,0,1,18,0,0,8,8,8,14.14125,0,0,8,8,8,14.14125,0,9.4,-0.8,-3.12,Graduate,Graduate,0,Nursing,1.0,0,1.0,0.0,0,"(16.999, 19.0]"
1985,1,17,2,9254,1,1,108.0,1,37,37,9,7,108.0,1,0,0,1,0,1,20,0,0,6,10,4,11.6,0,0,6,10,4,11.75,0,12.7,3.7,-1.7,Graduate,Graduate,0,Tourism,0.6666666666666666,2,0.4,0.0,0,"(19.0, 20.0]"
1986,2,42,1,9500,1,2,130.0,1,37,37,9,9,130.0,0,0,0,1,0,1,32,0,0,8,8,8,14.6625,0,0,8,8,8,14.6625,0,9.4,-0.8,-3.12,Graduate,Graduate,0,Nursing,1.0,0,1.0,0.0,0,"(25.0, 70.0]"
1987,2,39,1,9991,0,1,140.0,1,37,37,9,10,130.0,0,0,0,1,0,0,34,0,0,5,5,0,0.0,0,0,5,5,0,0.0,0,9.4,-0.8,-3.12,Enrolled,Enrolled,0,Management (evening attendance),0.0,5,0.0,0.0,0,"(25.0, 70.0]"
1988,1,1,2,9500,1,1,116.0,1,19,37,3,3,109.0,1,0,0,1,0,1,23,0,0,7,8,6,12.99333333,0,0,8,9,8,12.66875,0,11.1,0.6,2.02,Graduate,Graduate,0,Nursing,0.8571428571428571,1,0.75,0.0,0,"(20.0, 25.0]"
1989,1,1,5,9670,1,1,120.0,1,4,1,4,10,112.0,1,0,0,1,0,0,18,0,0,6,10,4,11.25,0,0,6,11,5,12.2,0,8.9,1.4,3.51,Enrolled,Enrolled,0,Advertising and Marketing Management,0.6666666666666666,2,0.4,0.0,0,"(16.999, 19.0]"
1990,1,17,1,8014,0,1,132.0,1,37,19,5,5,121.2,0,0,0,1,0,0,18,0,0,6,8,5,12.2,0,0,6,10,5,12.8,0,10.8,1.4,1.74,Graduate,Graduate,0,Social Service (evening attendance),0.8333333333333334,1,0.625,0.0,0,"(16.999, 19.0]"
1991,1,43,1,171,1,2,140.0,1,37,37,9,9,140.0,1,0,0,1,0,0,34,0,0,0,0,0,0.0,0,0,0,0,0,0.0,0,10.8,1.4,1.74,Dropout,Dropout,1,Animation and Multimedia Design,0.0,0,0.0,0.0,0,"(25.0, 70.0]"
1992,1,39,1,8014,0,1,120.0,100,1,1,4,7,119.5,0,0,1,1,0,0,25,1,2,6,6,6,11.33333333,0,0,6,6,4,11.75,0,8.9,1.4,3.51,Enrolled,Enrolled,0,Social Service (evening attendance),1.0,0,1.0,0.0,1,"(20.0, 25.0]"
1993,1,1,1,9147,1,1,136.0,1,37,38,193,181,125.9,0,0,0,1,0,0,21,0,0,5,7,5,12.2,0,0,5,7,5,11.8,0,11.1,0.6,2.02,Graduate,Graduate,0,Management,1.0,0,0.7142857142857143,0.0,0,"(20.0, 25.0]"
1994,1,1,1,9254,1,1,133.0,1,19,9,0,0,121.5,1,0,0,1,0,1,20,0,0,6,12,0,0.0,0,0,6,12,0,0.0,0,7.6,2.6,0.32,Dropout,Dropout,1,Tourism,0.0,6,0.0,0.0,0,"(19.0, 20.0]"
1995,1,1,5,9238,1,1,126.0,1,30,19,0,2,121.5,1,0,0,1,0,0,18,0,0,6,8,6,11.33333333,0,0,6,6,6,11.66666667,0,7.6,2.6,0.32,Graduate,Graduate,0,Social Service,1.0,0,0.75,0.0,0,"(16.999, 19.0]"
1996,1,17,1,9085,1,1,142.0,1,3,37,4,8,132.4,1,0,0,1,0,0,18,0,0,6,8,6,13.85714286,0,0,6,15,6,13.1,0,12.4,0.5,1.79,Graduate,Graduate,0,Veterinary Nursing,1.0,0,0.75,0.0,0,"(16.999, 19.0]"
1997,1,17,1,9773,1,1,121.0,1,37,37,9,9,122.4,0,0,0,1,0,0,18,0,0,6,7,6,12.85714286,0,0,6,6,6,13.33333333,0,13.9,-0.3,0.79,Graduate,Graduate,0,Journalism and Communication,1.0,0,0.8571428571428571,0.0,0,"(16.999, 19.0]"
1998,1,39,1,8014,0,1,134.0,1,37,38,4,7,110.0,1,0,0,1,0,0,24,0,0,6,10,1,10.0,0,0,6,12,0,0.0,0,9.4,-0.8,-3.12,Dropout,Dropout,1,Social Service (evening attendance),0.16666666666666666,5,0.1,0.0,0,"(20.0, 25.0]"
1999,1,51,1,9147,1,1,140.0,1,19,19,9,7,120.4,0,0,1,0,0,0,32,0,14,15,17,14,10.21428571,0,13,13,13,13,11.38461538,0,16.2,0.3,-0.92,Graduate,Graduate,0,Management,0.9333333333333333,1,0.8235294117647058,0.0,1,"(25.0, 70.0]"
2000,1,39,1,9254,1,1,133.1,1,1,1,9,6,105.0,1,0,1,0,0,0,24,0,0,6,14,6,11.28571429,0,0,6,16,3,10.33333333,0,8.9,1.4,3.51,Dropout,Dropout,1,Tourism,1.0,0,0.42857142857142855,0.0,1,"(20.0, 25.0]"
2001,1,1,1,9238,1,1,157.0,1,38,37,9,5,137.8,0,0,0,1,0,1,18,0,0,6,6,6,13.83333333,0,0,6,7,0,0.0,0,15.5,2.8,-4.06,Dropout,Dropout,1,Social Service,1.0,0,1.0,0.0,0,"(16.999, 19.0]"
2002,1,51,1,9254,1,1,120.0,1,38,38,9,9,118.0,0,0,0,1,0,0,28,0,0,6,8,6,12.85714286,0,0,6,8,5,12.6,0,8.9,1.4,3.51,Graduate,Graduate,0,Tourism,1.0,0,0.75,0.0,0,"(25.0, 70.0]"
2003,1,17,5,9853,1,1,134.0,1,19,38,4,8,122.1,1,0,0,1,0,1,18,0,0,6,8,6,11.66666667,0,0,6,9,4,12.0,0,10.8,1.4,1.74,Dropout,Dropout,1,Basic Education,1.0,0,0.75,0.0,0,"(16.999, 19.0]"
2004,1,7,1,9853,1,3,140.0,1,34,34,0,0,140.0,1,0,0,0,0,0,24,0,0,6,12,0,0.0,0,0,5,10,0,0.0,0,9.4,-0.8,-3.12,Dropout,Dropout,1,Basic Education,0.0,6,0.0,0.0,1,"(20.0, 25.0]"
2005,1,1,1,9085,1,1,133.0,1,1,37,4,10,143.2,0,0,0,1,0,0,19,0,0,5,7,5,14.4,0,0,5,6,5,13.2,0,7.6,2.6,0.32,Graduate,Graduate,0,Veterinary Nursing,1.0,0,0.7142857142857143,0.0,0,"(16.999, 19.0]"
2006,2,39,1,8014,0,1,146.0,1,37,37,9,8,120.5,0,0,0,1,0,0,44,0,0,6,6,6,14.83333333,0,0,6,6,6,14.16666667,0,10.8,1.4,1.74,Graduate,Graduate,0,Social Service (evening attendance),1.0,0,1.0,0.0,0,"(25.0, 70.0]"
2007,1,16,3,9085,1,1,130.0,1,37,37,9,2,119.5,1,0,0,1,0,1,18,0,0,6,14,6,14.33333333,0,0,6,9,6,12.0,0,15.5,2.8,-4.06,Graduate,Graduate,0,Veterinary Nursing,1.0,0,0.42857142857142855,0.0,0,"(16.999, 19.0]"
2008,1,1,1,171,1,1,151.0,1,37,37,9,7,147.5,1,0,0,1,0,0,18,0,0,0,0,0,0.0,0,0,0,0,0,0.0,0,7.6,2.6,0.32,Graduate,Graduate,0,Animation and Multimedia Design,0.0,0,0.0,0.0,0,"(16.999, 19.0]"
2009,1,1,6,9773,1,1,133.1,1,1,1,90,90,129.6,0,0,0,1,0,0,22,0,0,6,0,0,0.0,0,0,6,0,0,0.0,0,7.6,2.6,0.32,Dropout,Dropout,1,Journalism and Communication,0.0,6,0.0,0.0,0,"(20.0, 25.0]"
2010,1,18,1,9853,1,1,132.0,1,37,37,9,5,126.1,0,0,0,1,0,1,18,0,0,7,9,6,12.33333333,0,0,7,7,6,12.66666667,0,11.1,0.6,2.02,Graduate,Graduate,0,Basic Education,0.8571428571428571,1,0.6666666666666666,0.0,0,"(16.999, 19.0]"
2011,2,39,1,9991,0,1,110.0,1,37,37,9,4,160.0,0,0,0,1,0,0,44,0,0,5,5,5,11.8,0,0,5,5,5,12.4,0,15.5,2.8,-4.06,Graduate,Graduate,0,Management (evening attendance),1.0,0,1.0,0.0,0,"(25.0, 70.0]"
2012,5,39,1,9853,1,19,133.1,1,38,1,5,3,105.5,0,0,1,1,0,0,33,0,0,6,7,5,13.2,0,0,6,7,5,10.6,0,7.6,2.6,0.32,Dropout,Dropout,1,Basic Education,0.8333333333333334,1,0.7142857142857143,0.0,1,"(25.0, 70.0]"
2013,2,39,1,9853,1,1,110.0,1,37,37,9,9,95.5,0,0,1,0,0,0,32,0,0,6,6,0,0.0,0,0,5,10,0,0.0,0,10.8,1.4,1.74,Dropout,Dropout,1,Basic Education,0.0,6,0.0,0.0,1,"(25.0, 70.0]"
2014,2,39,1,9003,1,1,133.1,1,19,19,4,4,107.5,0,0,0,0,0,0,35,0,0,6,0,0,0.0,0,0,6,0,0,0.0,0,15.5,2.8,-4.06,Dropout,Dropout,1,Agronomy,0.0,6,0.0,0.0,1,"(25.0, 70.0]"
2015,1,1,1,9238,1,1,105.0,1,19,19,6,6,106.1,1,0,0,1,0,0,20,0,0,6,6,6,11.5,0,0,6,7,6,13.28571429,0,11.1,0.6,2.02,Graduate,Graduate,0,Social Service,1.0,0,1.0,0.0,0,"(19.0, 20.0]"
2016,1,39,1,9254,1,1,160.0,1,3,1,6,6,116.3,1,0,0,1,0,0,24,0,0,6,8,5,12.6,0,0,6,7,5,12.2,0,9.4,-0.8,-3.12,Graduate,Graduate,0,Tourism,0.8333333333333334,1,0.625,0.0,0,"(20.0, 25.0]"
2017,1,1,1,9500,1,1,144.0,1,38,1,9,10,137.4,0,0,0,1,0,0,19,0,0,7,7,7,13.54285714,0,0,8,9,8,14.22222222,0,16.2,0.3,-0.92,Graduate,Graduate,0,Nursing,1.0,0,1.0,0.0,0,"(16.999, 19.0]"
2018,1,1,1,9254,1,1,100.0,1,19,19,5,5,101.8,1,0,0,1,0,0,21,0,0,6,8,5,11.6,0,0,6,6,5,13.0,0,12.4,0.5,1.79,Enrolled,Enrolled,0,Tourism,0.8333333333333334,1,0.625,0.0,0,"(20.0, 25.0]"
2019,1,1,2,9773,1,1,143.0,1,1,1,4,9,144.1,1,0,0,1,1,1,19,0,0,6,7,6,13.66666667,0,0,6,6,6,13.83333333,0,12.7,3.7,-1.7,Graduate,Graduate,0,Journalism and Communication,1.0,0,0.8571428571428571,0.0,0,"(16.999, 19.0]"
2020,1,42,1,9003,1,1,160.0,1,19,1,9,5,107.8,1,0,0,0,1,0,27,0,0,6,10,0,0.0,0,0,6,8,0,0.0,0,15.5,2.8,-4.06,Dropout,Dropout,1,Agronomy,0.0,6,0.0,0.0,1,"(25.0, 70.0]"
2021,1,39,1,9853,1,1,140.0,1,19,1,9,4,128.2,0,0,0,0,0,0,30,0,0,6,0,0,0.0,0,0,6,0,0,0.0,0,12.7,3.7,-1.7,Dropout,Dropout,1,Basic Education,0.0,6,0.0,0.0,1,"(25.0, 70.0]"
2022,1,17,4,171,1,1,133.1,1,38,38,9,9,117.0,1,0,0,1,1,0,21,0,0,0,0,0,0.0,0,0,0,0,0,0.0,0,10.8,1.4,1.74,Dropout,Dropout,1,Animation and Multimedia Design,0.0,0,0.0,0.0,0,"(20.0, 25.0]"
2023,1,1,1,9070,1,1,116.0,1,1,12,5,8,110.4,1,0,0,1,1,0,19,0,0,6,6,6,11.5,0,0,6,8,6,12.28571429,0,8.9,1.4,3.51,Graduate,Graduate,0,Communication Design,1.0,0,1.0,0.0,0,"(16.999, 19.0]"
2024,2,39,1,9991,0,1,120.0,1,37,37,9,10,170.0,0,0,0,1,0,0,34,0,0,5,12,2,11.5,0,0,5,9,4,11.75,0,9.4,-0.8,-3.12,Enrolled,Enrolled,0,Management (evening attendance),0.4,3,0.16666666666666666,0.0,0,"(25.0, 70.0]"
2025,1,43,1,9500,1,1,141.0,1,4,19,4,10,100.0,0,0,0,1,1,0,18,0,0,7,7,7,11.82857143,0,0,8,10,7,12.9125,0,13.9,-0.3,0.79,Graduate,Graduate,0,Nursing,1.0,0,1.0,0.0,0,"(16.999, 19.0]"
2026,1,1,1,171,1,1,110.0,1,3,2,3,3,117.0,1,0,0,1,1,0,21,0,0,0,0,0,0.0,0,0,0,0,0,0.0,0,9.4,-0.8,-3.12,Graduate,Graduate,0,Animation and Multimedia Design,0.0,0,0.0,0.0,0,"(20.0, 25.0]"
2027,1,1,2,171,1,1,127.0,1,3,39,1,3,133.5,1,0,0,1,1,0,17,0,0,0,0,0,0.0,0,0,0,0,0,0.0,0,15.5,2.8,-4.06,Enrolled,Enrolled,0,Animation and Multimedia Design,0.0,0,0.0,0.0,0,"(16.999, 19.0]"
2028,1,1,1,9500,1,1,132.0,1,19,37,4,9,128.0,1,0,0,1,0,1,19,0,0,7,7,6,12.96666667,0,0,7,7,6,12.96666667,0,7.6,2.6,0.32,Graduate,Graduate,0,Nursing,0.8571428571428571,1,0.8571428571428571,0.0,0,"(16.999, 19.0]"
2029,1,1,1,9773,1,1,135.0,1,37,38,9,6,122.1,1,0,0,1,1,0,18,0,0,6,6,6,13.83333333,0,0,6,6,6,13.66666667,0,12.7,3.7,-1.7,Graduate,Graduate,0,Journalism and Communication,1.0,0,1.0,0.0,0,"(16.999, 19.0]"
2030,1,17,2,9500,1,1,135.0,1,19,19,9,10,133.4,1,0,0,1,0,0,19,0,0,7,7,7,14.12571429,0,0,8,8,8,14.36875,0,11.1,0.6,2.02,Graduate,Graduate,0,Nursing,1.0,0,1.0,0.0,0,"(16.999, 19.0]"
2031,4,39,1,9254,1,1,140.0,1,38,37,9,9,112.0,0,0,1,1,0,0,45,0,4,10,12,5,12.16666667,4,2,8,8,0,0.0,2,12.7,3.7,-1.7,Dropout,Dropout,1,Tourism,0.5,5,0.4166666666666667,0.4,1,"(25.0, 70.0]"
2032,1,39,1,9085,1,1,133.1,1,19,37,9,6,130.0,1,0,0,1,0,0,26,0,0,6,17,6,12.66666667,0,0,6,21,4,12.25,0,15.5,2.8,-4.06,Graduate,Graduate,0,Veterinary Nursing,1.0,0,0.35294117647058826,0.0,0,"(25.0, 70.0]"
2033,2,39,2,9991,0,1,100.0,1,37,37,9,9,100.0,1,0,0,1,1,0,51,0,0,4,4,0,0.0,0,0,5,0,0,0.0,0,12.7,3.7,-1.7,Dropout,Dropout,1,Management (evening attendance),0.0,4,0.0,0.0,0,"(25.0, 70.0]"
2034,2,39,1,9773,1,19,133.1,1,37,37,6,6,162.0,0,0,1,1,1,1,49,0,0,6,8,6,12.28571429,0,0,6,7,6,14.16666667,0,10.8,1.4,1.74,Graduate,Graduate,0,Journalism and Communication,1.0,0,0.75,0.0,1,"(25.0, 70.0]"
2035,1,42,1,9500,1,1,100.0,1,3,19,2,8,153.0,0,0,0,1,1,0,22,0,3,6,7,3,14.5,0,4,7,8,4,14.375,0,15.5,2.8,-4.06,Enrolled,Enrolled,0,Nursing,0.5,3,0.42857142857142855,0.0,0,"(20.0, 25.0]"
2036,1,17,1,9147,1,1,137.0,1,1,37,5,9,131.4,1,0,0,1,1,0,22,0,0,5,8,2,10.0,0,0,5,7,1,10.0,0,7.6,2.6,0.32,Dropout,Dropout,1,Management,0.4,3,0.25,0.0,0,"(20.0, 25.0]"
2037,2,7,1,9130,1,3,120.0,1,3,3,1,1,128.2,0,0,0,1,0,0,33,0,1,5,11,2,11.5,1,1,5,8,2,12.0,0,9.4,-0.8,-3.12,Dropout,Dropout,1,Equinculture,0.4,3,0.18181818181818182,0.2,0,"(25.0, 70.0]"
2038,1,10,1,9670,1,1,148.9,22,37,37,9,9,148.9,0,0,0,1,0,0,20,1,0,5,6,5,11.6,0,0,5,6,4,11.5,0,9.4,-0.8,-3.12,Graduate,Graduate,0,Advertising and Marketing Management,1.0,0,0.8333333333333334,0.0,0,"(19.0, 20.0]"
2039,1,1,4,9238,1,1,134.0,1,38,19,7,7,128.4,1,0,0,1,0,1,18,0,0,6,6,6,12.5,0,0,6,6,6,11.66666667,0,10.8,1.4,1.74,Graduate,Graduate,0,Social Service,1.0,0,1.0,0.0,0,"(16.999, 19.0]"
2040,1,1,5,9853,1,1,128.0,1,38,37,9,9,120.3,1,0,1,0,0,0,20,0,0,6,9,3,11.66666667,0,0,6,10,2,11.0,0,10.8,1.4,1.74,Dropout,Dropout,1,Basic Education,0.5,3,0.3333333333333333,0.0,1,"(19.0, 20.0]"
2041,2,57,1,9991,0,1,133.1,41,38,37,4,6,100.0,0,0,0,1,0,0,37,1,5,10,11,7,13.42857143,0,5,10,11,10,11.6,0,8.9,1.4,3.51,Graduate,Graduate,0,Management (evening attendance),0.7,3,0.6363636363636364,0.0,0,"(25.0, 70.0]"
2042,1,1,1,9254,1,1,131.0,2,37,1,9,3,126.1,1,0,0,1,1,0,18,1,0,6,6,6,13.66666667,0,0,6,6,6,13.5,0,7.6,2.6,0.32,Graduate,Graduate,0,Tourism,1.0,0,1.0,0.0,0,"(16.999, 19.0]"
2043,1,1,3,9254,1,1,118.0,1,1,19,9,9,111.7,1,0,0,1,0,0,19,0,0,6,6,6,12.5,0,0,6,6,6,12.16666667,0,12.4,0.5,1.79,Graduate,Graduate,0,Tourism,1.0,0,1.0,0.0,0,"(16.999, 19.0]"
2044,1,44,1,9085,1,39,140.0,1,1,19,3,3,140.0,1,0,0,1,0,0,21,0,2,6,7,6,13.0,0,1,6,15,4,12.8,0,12.4,0.5,1.79,Graduate,Graduate,0,Veterinary Nursing,1.0,0,0.8571428571428571,0.0,0,"(20.0, 25.0]"
2045,1,1,2,9500,1,1,133.0,1,19,1,9,1,122.2,0,0,0,1,0,0,20,0,0,7,9,6,12.78333333,0,0,8,9,7,12.84285714,0,13.9,-0.3,0.79,Graduate,Graduate,0,Nursing,0.8571428571428571,1,0.6666666666666666,0.0,0,"(19.0, 20.0]"
2046,1,1,2,9500,1,1,126.0,1,37,1,7,7,118.7,1,0,0,1,0,0,19,0,0,7,0,0,0.0,0,0,8,0,0,0.0,0,13.9,-0.3,0.79,Dropout,Dropout,1,Nursing,0.0,7,0.0,0.0,0,"(16.999, 19.0]"
2047,1,17,2,9556,1,1,125.0,1,38,19,7,7,121.5,1,0,0,1,0,0,20,0,0,7,13,4,13.5,0,0,7,11,4,11.225,0,11.1,0.6,2.02,Dropout,Dropout,1,Oral Hygiene,0.5714285714285714,3,0.3076923076923077,0.0,0,"(19.0, 20.0]"
2048,1,17,4,9500,1,1,138.0,1,3,1,2,5,134.5,1,0,0,1,0,0,18,0,0,7,7,7,13.45714286,0,0,8,8,8,15.125,0,13.9,-0.3,0.79,Graduate,Graduate,0,Nursing,1.0,0,1.0,0.0,0,"(16.999, 19.0]"
2049,1,1,4,9500,1,1,140.0,1,1,19,9,7,127.0,1,0,0,1,0,0,19,0,0,8,8,7,13.44285714,0,0,8,8,7,13.44285714,0,12.7,3.7,-1.7,Graduate,Graduate,0,Nursing,0.875,1,0.875,0.0,0,"(16.999, 19.0]"
2050,1,1,1,9238,1,1,124.0,1,37,38,9,3,114.2,0,0,0,1,0,0,18,0,0,6,13,4,11.0,0,0,6,12,5,10.83333333,0,15.5,2.8,-4.06,Graduate,Graduate,0,Social Service,0.6666666666666666,2,0.3076923076923077,0.0,0,"(16.999, 19.0]"
2051,1,17,1,9238,1,1,133.0,1,38,38,7,7,125.3,1,0,0,1,0,1,18,0,0,6,6,6,11.33333333,0,0,6,7,6,12.28571429,0,15.5,2.8,-4.06,Graduate,Graduate,0,Social Service,1.0,0,1.0,0.0,0,"(16.999, 19.0]"
2052,1,1,2,9773,1,1,127.0,1,1,19,4,5,120.4,1,0,0,1,0,0,18,0,0,5,7,2,10.0,0,0,1,1,0,0.0,0,12.7,3.7,-1.7,Dropout,Dropout,1,Journalism and Communication,0.4,3,0.2857142857142857,0.0,0,"(16.999, 19.0]"
2053,1,1,6,9500,1,1,138.0,1,1,38,3,9,123.0,1,0,0,1,0,0,19,0,0,7,10,5,13.44,0,0,7,8,6,13.06666667,0,12.4,0.5,1.79,Enrolled,Enrolled,0,Nursing,0.7142857142857143,2,0.5,0.0,0,"(16.999, 19.0]"
2054,1,1,2,9556,1,1,142.0,1,1,19,4,5,130.5,1,0,0,1,0,1,18,0,0,7,8,7,12.21428571,0,0,8,8,8,14.0625,0,16.2,0.3,-0.92,Graduate,Graduate,0,Oral Hygiene,1.0,0,0.875,0.0,0,"(16.999, 19.0]"
2055,1,1,1,9070,1,1,130.0,41,37,19,9,8,125.5,1,0,0,1,0,1,19,1,0,6,6,6,14.16666667,0,0,6,6,6,13.5,0,11.1,0.6,2.02,Graduate,Graduate,0,Communication Design,1.0,0,1.0,0.0,0,"(16.999, 19.0]"
2056,1,53,1,9003,1,42,130.0,1,1,19,9,7,133.8,0,0,1,1,0,1,24,0,7,12,13,12,12.84615385,0,5,11,13,11,12.63636364,0,8.9,1.4,3.51,Graduate,Graduate,0,Agronomy,1.0,0,0.9230769230769231,0.0,1,"(20.0, 25.0]"
2057,1,44,1,9085,1,39,150.0,1,37,37,9,9,150.0,0,0,0,1,0,0,20,0,2,6,8,6,13.0,0,1,6,18,2,12.0,0,12.4,0.5,1.79,Enrolled,Enrolled,0,Veterinary Nursing,1.0,0,0.75,0.0,0,"(19.0, 20.0]"
2058,1,1,1,9147,1,1,127.0,1,1,19,5,7,130.5,1,0,0,1,0,1,21,0,0,5,6,5,12.8,1,0,5,7,4,11.25,0,9.4,-0.8,-3.12,Graduate,Graduate,0,Management,1.0,0,0.8333333333333334,0.2,0,"(20.0, 25.0]"
2059,1,44,1,9085,1,39,140.0,1,38,37,4,10,140.0,0,0,1,0,0,0,20,0,1,6,13,4,13.0,0,1,6,11,5,12.0,0,16.2,0.3,-0.92,Dropout,Dropout,1,Veterinary Nursing,0.6666666666666666,2,0.3076923076923077,0.0,1,"(19.0, 20.0]"
2060,1,17,6,9500,1,1,126.0,1,19,37,3,9,119.4,1,0,0,1,0,1,19,0,0,7,7,7,13.37142857,0,0,8,9,8,13.66666667,0,16.2,0.3,-0.92,Graduate,Graduate,0,Nursing,1.0,0,1.0,0.0,0,"(16.999, 19.0]"
2061,1,17,5,9556,1,1,139.0,1,19,19,9,8,121.3,1,0,0,1,0,1,19,0,0,7,8,7,13.38571429,0,0,8,8,8,13.3875,0,10.8,1.4,1.74,Graduate,Graduate,0,Oral Hygiene,1.0,0,0.875,0.0,0,"(16.999, 19.0]"
2062,1,1,3,9500,1,1,141.0,1,1,1,9,9,126.3,1,0,0,1,0,0,18,0,0,8,8,7,13.32857143,0,0,8,8,7,13.32857143,0,12.7,3.7,-1.7,Graduate,Graduate,0,Nursing,0.875,1,0.875,0.0,0,"(16.999, 19.0]"
2063,1,1,1,9085,1,1,120.0,1,38,38,4,7,111.6,1,0,0,1,0,0,19,0,0,6,12,5,14.0,0,0,6,14,5,11.0,0,16.2,0.3,-0.92,Graduate,Graduate,0,Veterinary Nursing,0.8333333333333334,1,0.4166666666666667,0.0,0,"(16.999, 19.0]"
2064,1,17,4,9147,1,1,120.0,1,38,19,9,9,111.3,1,0,0,1,0,0,21,0,0,5,5,5,12.6,0,0,5,5,5,13.2,0,8.9,1.4,3.51,Graduate,Graduate,0,Management,1.0,0,1.0,0.0,0,"(20.0, 25.0]"
2065,1,1,2,9853,1,1,134.0,1,1,38,9,8,122.5,1,0,0,1,0,1,19,0,0,6,7,6,14.0,0,0,6,6,6,15.0,0,15.5,2.8,-4.06,Graduate,Graduate,0,Basic Education,1.0,0,0.8571428571428571,0.0,0,"(16.999, 19.0]"
2066,1,1,5,9254,1,1,128.0,1,19,1,7,10,116.5,1,0,0,1,0,1,18,0,0,6,7,6,13.42857143,0,0,6,6,6,12.66666667,0,8.9,1.4,3.51,Graduate,Graduate,0,Tourism,1.0,0,0.8571428571428571,0.0,0,"(16.999, 19.0]"
2067,1,17,5,9070,1,1,133.0,1,4,1,4,4,132.0,1,1,0,1,0,1,17,0,0,6,6,6,13.0,0,0,6,6,6,12.5,0,15.5,2.8,-4.06,Graduate,Graduate,0,Communication Design,1.0,0,1.0,0.0,0,"(16.999, 19.0]"
2068,1,18,4,9853,1,1,123.0,1,19,38,4,10,123.7,1,0,0,1,0,0,19,0,0,6,8,5,12.66666667,0,0,6,8,5,11.0,0,15.5,2.8,-4.06,Enrolled,Enrolled,0,Basic Education,0.8333333333333334,1,0.625,0.0,0,"(16.999, 19.0]"
2069,1,17,6,9147,1,1,118.0,1,37,1,9,7,117.0,1,0,0,0,1,0,23,0,0,5,9,3,10.0,1,0,5,9,3,12.33333333,0,9.4,-0.8,-3.12,Dropout,Dropout,1,Management,0.6,2,0.3333333333333333,0.2,1,"(20.0, 25.0]"
2070,1,1,1,9670,1,1,113.0,1,1,37,1,10,116.5,1,0,0,1,0,0,19,0,0,6,7,6,12.83333333,0,0,6,10,6,11.77777778,0,8.9,1.4,3.51,Graduate,Graduate,0,Advertising and Marketing Management,1.0,0,0.8571428571428571,0.0,0,"(16.999, 19.0]"
2071,1,1,1,9500,1,1,135.0,1,19,3,9,4,121.5,1,0,0,1,0,0,18,0,0,7,7,6,12.91666667,0,0,7,7,6,12.91666667,0,7.6,2.6,0.32,Graduate,Graduate,0,Nursing,0.8571428571428571,1,0.8571428571428571,0.0,0,"(16.999, 19.0]"
2072,1,1,1,9670,1,1,133.1,1,38,38,5,9,105.0,1,0,0,1,0,0,20,0,0,6,9,6,13.28571429,0,0,6,8,5,13.8,0,15.5,2.8,-4.06,Graduate,Graduate,0,Advertising and Marketing Management,1.0,0,0.6666666666666666,0.0,0,"(19.0, 20.0]"
2073,1,1,3,9085,1,1,130.0,1,1,19,9,9,121.3,1,0,0,1,0,1,19,0,0,5,6,5,14.6,0,0,5,5,5,13.8,0,10.8,1.4,1.74,Graduate,Graduate,0,Veterinary Nursing,1.0,0,0.8333333333333334,0.0,0,"(16.999, 19.0]"
2074,1,1,1,9238,1,1,135.0,1,19,38,3,9,136.1,1,0,0,1,0,1,18,0,0,6,6,6,14.0,0,0,6,6,6,13.66666667,0,12.4,0.5,1.79,Graduate,Graduate,0,Social Service,1.0,0,1.0,0.0,0,"(16.999, 19.0]"
2075,1,17,2,9238,1,1,133.0,1,37,37,9,4,123.6,0,0,0,1,0,1,19,0,0,6,7,6,14.14285714,0,0,6,6,6,15.0,0,13.9,-0.3,0.79,Graduate,Graduate,0,Social Service,1.0,0,0.8571428571428571,0.0,0,"(16.999, 19.0]"
2076,1,1,4,9238,1,1,123.0,1,38,1,4,10,129.0,1,0,0,1,0,0,19,0,0,6,8,6,11.66666667,0,0,6,6,6,12.33333333,0,10.8,1.4,1.74,Graduate,Graduate,0,Social Service,1.0,0,0.75,0.0,0,"(16.999, 19.0]"
2077,1,17,1,9500,1,1,145.0,1,19,37,4,8,136.8,1,0,0,1,0,0,18,0,0,8,9,8,14.3775,1,0,8,9,8,14.3775,1,9.4,-0.8,-3.12,Graduate,Graduate,0,Nursing,1.0,0,0.8888888888888888,0.125,0,"(16.999, 19.0]"
2078,1,17,2,9500,1,1,146.0,1,3,3,3,6,133.4,1,0,0,1,0,0,18,0,0,7,8,7,12.5,0,0,8,9,7,13.04285714,0,13.9,-0.3,0.79,Graduate,Graduate,0,Nursing,1.0,0,0.875,0.0,0,"(16.999, 19.0]"
2079,1,1,5,9500,1,1,144.0,1,38,38,7,7,136.0,1,0,0,1,0,1,19,0,0,7,7,6,14.15,0,0,7,7,6,14.15,0,7.6,2.6,0.32,Graduate,Graduate,0,Nursing,0.8571428571428571,1,0.8571428571428571,0.0,0,"(16.999, 19.0]"
2080,1,1,1,9500,1,1,144.0,1,38,37,9,9,125.8,0,0,0,1,0,1,19,0,0,8,12,7,12.47142857,0,0,8,12,7,12.47142857,0,12.7,3.7,-1.7,Graduate,Graduate,0,Nursing,0.875,1,0.5833333333333334,0.0,0,"(16.999, 19.0]"
2081,1,1,1,9500,1,1,131.0,1,4,4,2,1,120.5,0,0,0,1,0,0,19,0,0,7,7,6,14.15,0,0,7,7,6,14.15,0,7.6,2.6,0.32,Graduate,Graduate,0,Nursing,0.8571428571428571,1,0.8571428571428571,0.0,0,"(16.999, 19.0]"
2082,1,1,2,9500,1,1,141.0,1,37,37,9,8,130.2,1,0,0,1,0,0,21,0,0,7,11,7,14.07222222,0,0,8,8,8,14.0475,0,15.5,2.8,-4.06,Graduate,Graduate,0,Nursing,1.0,0,0.6363636363636364,0.0,0,"(20.0, 25.0]"
2083,1,1,3,9773,1,1,138.0,1,3,1,2,3,135.9,1,0,0,1,0,0,18,0,0,6,7,6,14.85714286,0,0,6,6,6,14.66666667,0,13.9,-0.3,0.79,Graduate,Graduate,0,Journalism and Communication,1.0,0,0.8571428571428571,0.0,0,"(16.999, 19.0]"
2084,1,1,1,9773,1,1,127.0,1,19,37,9,9,116.5,0,0,0,1,0,1,19,0,0,6,7,6,14.28571429,0,0,6,6,6,13.16666667,0,11.1,0.6,2.02,Graduate,Graduate,0,Journalism and Communication,1.0,0,0.8571428571428571,0.0,0,"(16.999, 19.0]"
2085,1,1,4,9773,1,1,124.0,1,19,37,99,90,124.0,0,0,0,0,0,0,18,0,0,4,4,0,0.0,0,0,4,4,0,0.0,0,12.7,3.7,-1.7,Dropout,Dropout,1,Journalism and Communication,0.0,4,0.0,0.0,1,"(16.999, 19.0]"
2086,1,7,1,8014,0,3,140.0,1,1,1,4,4,140.0,0,0,0,1,0,0,30,0,0,6,0,0,0.0,0,0,6,0,0,0.0,0,10.8,1.4,1.74,Dropout,Dropout,1,Social Service (evening attendance),0.0,6,0.0,0.0,0,"(25.0, 70.0]"
2087,1,17,1,9130,1,1,157.0,1,3,2,3,6,150.9,1,0,0,1,0,0,18,0,0,6,8,6,15.0,0,0,6,8,5,15.16666667,0,13.9,-0.3,0.79,Dropout,Dropout,1,Equinculture,1.0,0,0.75,0.0,0,"(16.999, 19.0]"
2088,1,1,3,9500,1,1,129.0,1,19,19,4,8,127.3,1,0,0,1,0,1,20,0,0,7,7,6,12.63333333,0,0,7,7,6,12.63333333,0,7.6,2.6,0.32,Graduate,Graduate,0,Nursing,0.8571428571428571,1,0.8571428571428571,0.0,0,"(19.0, 20.0]"
2089,1,39,1,9670,1,19,133.1,1,1,1,4,7,100.0,0,0,1,0,0,0,25,0,0,5,5,5,11.2,0,0,5,5,5,12.6,0,9.4,-0.8,-3.12,Dropout,Dropout,1,Advertising and Marketing Management,1.0,0,1.0,0.0,1,"(20.0, 25.0]"
2090,1,1,5,9500,1,1,142.0,1,38,37,5,7,128.8,1,0,0,1,0,0,18,0,0,7,7,6,14.23333333,0,0,7,7,6,14.23333333,0,7.6,2.6,0.32,Graduate,Graduate,0,Nursing,0.8571428571428571,1,0.8571428571428571,0.0,0,"(16.999, 19.0]"
2091,5,1,3,9085,1,1,133.0,1,19,19,4,7,119.7,1,0,0,1,0,0,21,0,0,5,13,5,12.2,2,0,5,10,3,11.33333333,1,9.4,-0.8,-3.12,Enrolled,Enrolled,0,Veterinary Nursing,1.0,0,0.38461538461538464,0.4,0,"(20.0, 25.0]"
2092,1,1,1,9500,1,1,156.0,1,5,4,2,1,140.8,0,0,0,1,0,0,18,0,0,8,8,7,15.7,0,0,8,8,7,15.7,0,12.7,3.7,-1.7,Graduate,Graduate,0,Nursing,0.875,1,0.875,0.0,0,"(16.999, 19.0]"
2093,1,1,1,9500,1,1,151.0,1,37,37,9,9,138.0,1,0,0,1,0,0,18,0,0,7,7,6,15.2,0,0,7,7,6,15.2,0,7.6,2.6,0.32,Graduate,Graduate,0,Nursing,0.8571428571428571,1,0.8571428571428571,0.0,0,"(16.999, 19.0]"
2094,1,17,1,9853,1,1,135.0,1,3,3,2,2,132.9,1,0,0,0,0,0,29,0,0,6,9,6,16.33333333,0,0,6,8,5,15.6,0,12.7,3.7,-1.7,Dropout,Dropout,1,Basic Education,1.0,0,0.6666666666666666,0.0,1,"(25.0, 70.0]"
2095,1,43,1,9130,1,1,140.0,1,3,3,2,2,140.0,0,0,0,1,0,0,20,0,10,17,29,14,12.5625,4,7,12,24,12,12.85714286,1,15.5,2.8,-4.06,Graduate,Graduate,0,Equinculture,0.8235294117647058,3,0.4827586206896552,0.23529411764705882,0,"(19.0, 20.0]"
2096,1,7,1,9500,1,3,140.0,1,3,1,4,4,140.0,0,0,0,1,0,0,26,0,0,7,0,0,0.0,0,0,8,0,0,0.0,0,13.9,-0.3,0.79,Dropout,Dropout,1,Nursing,0.0,7,0.0,0.0,0,"(25.0, 70.0]"
2097,1,1,2,9238,1,1,100.0,1,38,1,7,7,99.3,1,0,0,1,0,0,21,0,0,6,8,5,12.4,0,0,6,6,6,12.0,0,12.4,0.5,1.79,Graduate,Graduate,0,Social Service,0.8333333333333334,1,0.625,0.0,0,"(20.0, 25.0]"
2098,1,18,1,9500,1,1,126.0,1,37,19,5,5,119.3,0,0,0,1,0,1,19,0,0,8,9,8,13.78125,1,0,8,9,8,13.78125,1,9.4,-0.8,-3.12,Graduate,Graduate,0,Nursing,1.0,0,0.8888888888888888,0.125,0,"(16.999, 19.0]"
2099,1,17,2,9254,1,1,123.0,1,19,19,5,5,113.2,1,0,1,1,0,0,19,0,0,6,10,6,12.16666667,0,0,6,8,5,11.66666667,0,16.2,0.3,-0.92,Dropout,Dropout,1,Tourism,1.0,0,0.6,0.0,1,"(16.999, 19.0]"
2100,1,17,1,9773,1,1,133.1,1,38,38,9,5,117.0,0,0,0,1,0,0,21,0,0,6,8,5,11.8,0,0,6,8,5,11.83333333,0,15.5,2.8,-4.06,Enrolled,Enrolled,0,Journalism and Communication,0.8333333333333334,1,0.625,0.0,0,"(20.0, 25.0]"
2101,1,18,1,8014,0,1,137.0,1,1,1,4,3,123.0,0,0,1,1,0,0,20,0,0,6,13,4,10.8,0,0,6,15,4,12.0,0,16.2,0.3,-0.92,Graduate,Graduate,0,Social Service (evening attendance),0.6666666666666666,2,0.3076923076923077,0.0,1,"(19.0, 20.0]"
2102,1,1,6,9500,1,1,138.0,1,37,37,9,8,127.2,1,0,0,1,0,1,18,0,0,7,8,7,13.26,0,0,8,8,8,14.28625,0,15.5,2.8,-4.06,Graduate,Graduate,0,Nursing,1.0,0,0.875,0.0,0,"(16.999, 19.0]"
2103,1,1,2,9773,1,1,128.0,1,34,19,3,0,141.0,1,0,0,0,0,0,20,0,0,6,10,4,12.0,0,0,6,15,3,10.66666667,0,7.6,2.6,0.32,Dropout,Dropout,1,Journalism and Communication,0.6666666666666666,2,0.4,0.0,1,"(19.0, 20.0]"
2104,1,1,1,9238,1,1,136.0,1,19,38,9,9,121.7,0,1,0,1,0,1,20,0,0,6,9,6,11.875,0,0,6,7,6,14.42857143,0,16.2,0.3,-0.92,Graduate,Graduate,0,Social Service,1.0,0,0.6666666666666666,0.0,0,"(19.0, 20.0]"
2105,1,43,1,9500,1,1,127.0,1,19,19,4,7,121.1,0,0,0,1,0,1,18,0,0,7,11,5,12.16,0,0,7,7,2,13.4,0,16.2,0.3,-0.92,Enrolled,Enrolled,0,Nursing,0.7142857142857143,2,0.45454545454545453,0.0,0,"(16.999, 19.0]"
2106,1,16,1,9070,1,1,145.0,1,1,1,3,3,146.1,1,0,0,1,0,0,18,0,0,6,6,1,15.0,0,0,6,7,4,12.5,0,9.4,-0.8,-3.12,Enrolled,Enrolled,0,Communication Design,0.16666666666666666,5,0.16666666666666666,0.0,0,"(16.999, 19.0]"
2107,1,1,1,9773,1,1,140.0,1,37,37,9,9,142.5,1,0,0,1,0,0,18,0,0,6,6,6,13.33333333,0,0,6,9,5,13.2,0,9.4,-0.8,-3.12,Graduate,Graduate,0,Journalism and Communication,1.0,0,1.0,0.0,0,"(16.999, 19.0]"
2108,1,17,1,9085,1,1,138.0,1,2,19,2,9,126.8,1,0,0,1,0,0,18,0,0,5,12,2,11.5,0,0,5,12,3,11.8,2,10.8,1.4,1.74,Enrolled,Enrolled,0,Veterinary Nursing,0.4,3,0.16666666666666666,0.0,0,"(16.999, 19.0]"
2109,1,44,1,9085,1,39,150.0,1,3,3,2,2,150.0,1,0,0,1,0,0,22,0,2,6,7,6,14.42857143,0,1,6,9,5,13.0,0,13.9,-0.3,0.79,Graduate,Graduate,0,Veterinary Nursing,1.0,0,0.8571428571428571,0.0,0,"(20.0, 25.0]"
2110,1,44,3,9085,1,39,150.0,1,1,19,4,1,150.0,1,0,0,1,0,0,19,0,0,5,10,1,13.0,1,0,5,8,3,15.33333333,0,12.7,3.7,-1.7,Enrolled,Enrolled,0,Veterinary Nursing,0.2,4,0.1,0.2,0,"(16.999, 19.0]"
2111,1,17,1,9003,1,1,131.0,1,19,1,9,2,134.5,1,0,0,1,0,1,19,0,0,6,7,6,15.0,0,0,6,8,6,14.33333333,0,12.4,0.5,1.79,Graduate,Graduate,0,Agronomy,1.0,0,0.8571428571428571,0.0,0,"(16.999, 19.0]"
2112,1,1,2,9556,1,1,136.0,1,19,19,9,9,129.5,1,0,0,1,0,0,18,0,0,7,9,7,15.15555556,0,0,8,8,8,16.8,0,12.7,3.7,-1.7,Graduate,Graduate,0,Oral Hygiene,1.0,0,0.7777777777777778,0.0,0,"(16.999, 19.0]"
2113,1,1,1,9238,1,1,117.0,1,38,38,175,183,113.2,1,0,1,1,0,0,20,0,0,6,8,6,10.66666667,0,0,6,7,6,11.85714286,0,11.1,0.6,2.02,Graduate,Graduate,0,Social Service,1.0,0,0.75,0.0,1,"(19.0, 20.0]"
2114,1,17,1,9853,1,1,158.0,1,38,37,5,5,140.2,1,0,0,1,0,0,18,0,0,6,9,5,11.0,0,0,6,9,4,11.25,0,10.8,1.4,1.74,Dropout,Dropout,1,Basic Education,0.8333333333333334,1,0.5555555555555556,0.0,0,"(16.999, 19.0]"
2115,1,17,2,9670,1,1,129.0,1,1,19,5,5,119.2,1,0,0,1,0,0,21,0,0,6,0,0,0.0,0,0,6,0,0,0.0,0,8.9,1.4,3.51,Dropout,Dropout,1,Advertising and Marketing Management,0.0,6,0.0,0.0,0,"(20.0, 25.0]"
2116,1,1,1,9238,1,1,140.0,1,1,19,4,4,140.7,0,0,0,1,0,0,19,0,0,6,7,6,12.28571429,0,0,6,7,6,12.0,0,12.4,0.5,1.79,Graduate,Graduate,0,Social Service,1.0,0,0.8571428571428571,0.0,0,"(16.999, 19.0]"
2117,1,1,5,9500,1,1,141.0,1,38,38,9,9,142.3,1,0,0,1,0,0,18,0,0,8,8,8,12.82875,0,0,8,8,8,12.82875,0,9.4,-0.8,-3.12,Dropout,Dropout,1,Nursing,1.0,0,1.0,0.0,0,"(16.999, 19.0]"
2118,1,1,4,9773,1,1,132.0,11,12,12,90,4,129.9,1,0,0,1,0,0,18,1,0,6,6,6,12.66666667,0,0,6,8,5,14.4,0,7.6,2.6,0.32,Graduate,Graduate,0,Journalism and Communication,1.0,0,1.0,0.0,0,"(16.999, 19.0]"
2119,1,17,1,171,1,1,133.0,1,1,1,6,7,134.8,1,0,0,1,0,0,18,0,0,0,0,0,0.0,0,0,0,0,0,0.0,0,12.4,0.5,1.79,Enrolled,Enrolled,0,Animation and Multimedia Design,0.0,0,0.0,0.0,0,"(16.999, 19.0]"
2120,1,17,1,9085,1,1,109.0,1,19,19,4,9,104.1,1,0,1,0,0,1,21,0,0,6,16,2,13.0,0,0,6,8,0,0.0,0,15.5,2.8,-4.06,Dropout,Dropout,1,Veterinary Nursing,0.3333333333333333,4,0.125,0.0,1,"(20.0, 25.0]"
2121,1,1,1,9147,1,1,135.0,1,1,38,5,5,122.4,0,0,1,1,0,0,19,0,0,5,10,5,10.875,0,0,5,8,4,12.4,0,13.9,-0.3,0.79,Graduate,Graduate,0,Management,1.0,0,0.5,0.0,1,"(16.999, 19.0]"
2122,1,1,1,9147,1,1,122.0,1,37,37,9,7,120.6,1,0,0,1,0,1,19,0,0,5,5,5,12.8,0,0,5,8,5,11.6,0,9.4,-0.8,-3.12,Graduate,Graduate,0,Management,1.0,0,1.0,0.0,0,"(16.999, 19.0]"
2123,1,17,3,9238,1,1,118.0,1,1,19,4,10,112.4,1,0,0,1,0,0,19,0,0,6,10,5,11.28571429,0,0,6,7,0,0.0,0,16.2,0.3,-0.92,Dropout,Dropout,1,Social Service,0.8333333333333334,1,0.5,0.0,0,"(16.999, 19.0]"
2124,1,1,1,171,1,1,174.0,1,5,3,3,3,157.9,0,0,0,1,0,0,18,0,0,0,0,0,0.0,0,0,0,0,0,0.0,0,13.9,-0.3,0.79,Graduate,Graduate,0,Animation and Multimedia Design,0.0,0,0.0,0.0,0,"(16.999, 19.0]"
2125,1,43,1,9254,1,1,142.0,1,38,38,9,9,125.9,0,0,0,1,0,1,19,0,0,6,0,0,0.0,0,0,6,11,1,10.0,0,10.8,1.4,1.74,Dropout,Dropout,1,Tourism,0.0,6,0.0,0.0,0,"(16.999, 19.0]"
2126,1,17,2,9500,1,1,131.0,1,38,1,5,7,118.4,1,0,0,1,0,1,20,0,0,7,9,6,13.76666667,0,0,8,9,8,13.74444444,0,16.2,0.3,-0.92,Dropout,Dropout,1,Nursing,0.8571428571428571,1,0.6666666666666666,0.0,0,"(19.0, 20.0]"
2127,1,1,3,9500,1,1,139.0,1,18,18,1,1,130.8,1,0,0,0,0,0,18,0,0,8,9,6,12.75833333,1,0,8,9,6,12.75833333,1,9.4,-0.8,-3.12,Dropout,Dropout,1,Nursing,0.75,2,0.6666666666666666,0.125,1,"(16.999, 19.0]"
2128,1,1,1,171,1,1,170.0,1,19,19,8,8,176.7,1,0,0,1,0,1,19,0,0,0,0,0,0.0,0,0,0,0,0,0.0,0,11.1,0.6,2.02,Dropout,Dropout,1,Animation and Multimedia Design,0.0,0,0.0,0.0,0,"(16.999, 19.0]"
2129,1,1,1,9070,1,1,182.0,1,19,1,5,7,156.8,1,0,0,1,0,0,18,0,0,6,6,6,12.66666667,0,0,6,8,6,13.25,0,10.8,1.4,1.74,Graduate,Graduate,0,Communication Design,1.0,0,1.0,0.0,0,"(16.999, 19.0]"
2130,1,1,1,9085,1,1,125.0,1,19,37,3,7,126.8,0,0,0,1,0,0,18,0,0,6,13,6,12.0,0,0,6,16,4,12.75,0,11.1,0.6,2.02,Enrolled,Enrolled,0,Veterinary Nursing,1.0,0,0.46153846153846156,0.0,0,"(16.999, 19.0]"
2131,1,1,1,9238,1,1,142.0,1,1,37,5,7,128.0,0,0,0,1,0,1,19,0,0,6,8,6,12.25,0,0,6,8,6,12.0,0,16.2,0.3,-0.92,Graduate,Graduate,0,Social Service,1.0,0,0.75,0.0,0,"(16.999, 19.0]"
2132,1,1,2,9147,1,1,119.0,1,19,37,4,5,113.8,1,0,0,1,0,0,20,0,0,5,8,3,11.33333333,0,0,5,8,5,12.2,0,7.6,2.6,0.32,Graduate,Graduate,0,Management,0.6,2,0.375,0.0,0,"(19.0, 20.0]"
2133,1,17,5,9500,1,1,128.0,1,1,1,4,5,120.8,1,0,0,1,0,1,19,0,0,7,9,7,13.50714286,0,0,8,12,8,13.05,0,16.2,0.3,-0.92,Graduate,Graduate,0,Nursing,1.0,0,0.7777777777777778,0.0,0,"(16.999, 19.0]"
2134,1,1,3,9500,1,1,150.0,1,19,38,1,1,130.8,1,0,0,1,0,0,18,0,0,8,8,7,13.61428571,0,0,8,8,7,13.61428571,0,12.7,3.7,-1.7,Graduate,Graduate,0,Nursing,0.875,1,0.875,0.0,0,"(16.999, 19.0]"
2135,1,39,1,9254,1,1,133.1,1,19,1,4,1,101.0,0,0,1,1,0,0,25,0,0,6,6,0,0.0,0,0,6,6,0,0.0,0,15.5,2.8,-4.06,Dropout,Dropout,1,Tourism,0.0,6,0.0,0.0,1,"(20.0, 25.0]"
2136,1,17,5,9070,1,1,131.0,1,37,37,9,9,126.1,1,0,0,0,0,0,18,0,0,6,9,4,11.5,1,0,6,6,6,12.16666667,0,7.6,2.6,0.32,Graduate,Graduate,0,Communication Design,0.6666666666666666,2,0.4444444444444444,0.16666666666666666,1,"(16.999, 19.0]"
2137,1,1,5,9773,1,1,118.0,1,38,19,9,9,113.8,1,0,0,1,0,0,19,0,0,6,7,6,12.33333333,0,0,6,7,6,12.5,0,8.9,1.4,3.51,Graduate,Graduate,0,Journalism and Communication,1.0,0,0.8571428571428571,0.0,0,"(16.999, 19.0]"
2138,1,17,2,9556,1,1,122.0,1,19,38,4,8,118.3,1,0,0,1,0,1,19,0,0,7,7,7,11.97142857,0,0,8,8,8,14.4375,0,15.5,2.8,-4.06,Graduate,Graduate,0,Oral Hygiene,1.0,0,1.0,0.0,0,"(16.999, 19.0]"
2139,1,1,1,9147,1,1,116.0,1,19,19,5,8,127.9,0,0,1,0,0,1,20,0,0,5,12,2,13.0,1,0,5,13,2,11.5,0,9.4,-0.8,-3.12,Dropout,Dropout,1,Management,0.4,3,0.16666666666666666,0.2,1,"(19.0, 20.0]"
2140,1,17,5,9500,1,1,137.0,1,1,1,5,4,131.1,1,0,0,1,0,0,18,0,0,7,9,7,12.38571429,0,0,8,9,7,12.72857143,0,13.9,-0.3,0.79,Enrolled,Enrolled,0,Nursing,1.0,0,0.7777777777777778,0.0,0,"(16.999, 19.0]"
2141,1,17,4,9085,1,1,128.0,1,38,37,4,9,117.9,1,0,0,1,0,0,20,0,0,5,12,2,13.5,0,0,5,12,5,11.28571429,1,10.8,1.4,1.74,Graduate,Graduate,0,Veterinary Nursing,0.4,3,0.16666666666666666,0.0,0,"(19.0, 20.0]"
2142,1,17,1,9238,1,1,123.0,1,1,1,9,9,115.7,1,0,0,1,0,0,21,0,0,6,8,6,12.16666667,0,0,6,7,6,13.28571429,0,11.1,0.6,2.02,Graduate,Graduate,0,Social Service,1.0,0,0.75,0.0,0,"(20.0, 25.0]"
2143,1,1,2,171,1,1,133.1,1,3,1,2,3,141.0,1,0,0,1,0,0,19,0,0,0,0,0,0.0,0,0,0,0,0,0.0,0,12.7,3.7,-1.7,Graduate,Graduate,0,Animation and Multimedia Design,0.0,0,0.0,0.0,0,"(16.999, 19.0]"
2144,2,39,1,8014,0,12,110.0,1,37,37,7,9,120.0,0,0,0,1,0,0,42,0,0,6,6,6,11.66666667,0,0,6,6,6,13.66666667,0,10.8,1.4,1.74,Graduate,Graduate,0,Social Service (evening attendance),1.0,0,1.0,0.0,0,"(25.0, 70.0]"
2145,1,17,1,9130,1,1,143.0,1,3,3,2,2,131.8,1,0,1,0,0,0,18,0,0,6,9,5,12.4,0,0,6,12,5,14.16666667,0,8.9,1.4,3.51,Enrolled,Enrolled,0,Equinculture,0.8333333333333334,1,0.5555555555555556,0.0,1,"(16.999, 19.0]"
2146,1,1,1,9070,1,1,150.0,1,37,37,9,6,131.1,0,0,0,1,0,1,19,0,0,6,7,5,13.4,0,0,6,6,6,12.83333333,0,15.5,2.8,-4.06,Graduate,Graduate,0,Communication Design,0.8333333333333334,1,0.7142857142857143,0.0,0,"(16.999, 19.0]"
2147,1,1,6,9254,1,1,129.0,1,38,19,9,5,117.8,1,0,0,1,0,0,18,0,0,6,11,6,12.0,0,0,6,11,4,12.5,0,8.9,1.4,3.51,Graduate,Graduate,0,Tourism,1.0,0,0.5454545454545454,0.0,0,"(16.999, 19.0]"
2148,1,10,1,9085,1,1,140.0,1,19,19,4,5,140.0,1,0,0,1,0,0,21,0,0,5,6,5,14.2,0,0,5,5,5,14.8,0,10.8,1.4,1.74,Graduate,Graduate,0,Veterinary Nursing,1.0,0,0.8333333333333334,0.0,0,"(20.0, 25.0]"
2149,1,1,1,9238,1,1,133.1,1,38,37,5,5,108.0,0,0,0,1,0,1,20,0,0,6,8,6,12.125,0,0,6,7,6,14.42857143,0,16.2,0.3,-0.92,Graduate,Graduate,0,Social Service,1.0,0,0.75,0.0,0,"(19.0, 20.0]"
2150,1,1,1,9853,1,1,132.0,1,1,19,3,3,122.9,1,0,0,1,0,0,20,0,0,7,7,7,13.85714286,0,0,7,7,7,13.28571429,0,11.1,0.6,2.02,Graduate,Graduate,0,Basic Education,1.0,0,1.0,0.0,0,"(19.0, 20.0]"
2151,1,44,1,9085,1,39,130.0,1,3,1,2,9,130.0,1,0,0,1,0,0,21,0,1,6,13,3,11.75,0,1,6,13,5,12.33333333,0,12.4,0.5,1.79,Enrolled,Enrolled,0,Veterinary Nursing,0.5,3,0.23076923076923078,0.0,0,"(20.0, 25.0]"
2152,1,1,4,9500,1,1,137.0,1,38,37,7,7,126.0,1,0,0,1,0,0,19,0,0,7,9,7,14.28333333,0,0,8,9,8,13.12555556,0,15.5,2.8,-4.06,Graduate,Graduate,0,Nursing,1.0,0,0.7777777777777778,0.0,0,"(16.999, 19.0]"
2153,1,42,1,9238,1,1,133.1,1,1,19,4,9,134.0,0,0,0,1,0,0,21,0,10,13,21,11,13.27272727,0,6,11,13,9,13.0,0,7.6,2.6,0.32,Graduate,Graduate,0,Social Service,0.8461538461538461,2,0.5238095238095238,0.0,0,"(20.0, 25.0]"
2154,1,1,1,9070,1,1,143.0,1,38,19,151,193,134.3,1,1,0,1,0,0,19,0,0,6,6,6,14.66666667,0,0,6,7,6,15.14285714,0,8.9,1.4,3.51,Graduate,Graduate,0,Communication Design,1.0,0,1.0,0.0,0,"(16.999, 19.0]"
2155,1,1,1,9500,1,1,148.0,1,19,19,9,9,138.7,0,0,0,1,0,1,19,0,0,7,10,7,15.115,0,0,8,10,8,15.092,0,15.5,2.8,-4.06,Graduate,Graduate,0,Nursing,1.0,0,0.7,0.0,0,"(16.999, 19.0]"
2156,1,17,2,171,1,1,137.0,1,1,1,4,1,143.3,1,0,0,1,0,0,18,0,0,0,0,0,0.0,0,0,0,0,0,0.0,0,9.4,-0.8,-3.12,Enrolled,Enrolled,0,Animation and Multimedia Design,0.0,0,0.0,0.0,0,"(16.999, 19.0]"
2157,1,44,1,9085,1,39,160.0,1,37,19,9,10,160.0,1,0,0,1,0,0,22,0,1,6,13,6,15.0,0,1,6,7,6,13.14285714,0,16.2,0.3,-0.92,Graduate,Graduate,0,Veterinary Nursing,1.0,0,0.46153846153846156,0.0,0,"(20.0, 25.0]"
2158,1,1,2,9853,1,1,112.0,1,3,1,3,5,111.0,0,0,0,1,0,0,21,0,0,6,8,5,13.2,0,0,6,9,5,14.33333333,0,9.4,-0.8,-3.12,Graduate,Graduate,0,Basic Education,0.8333333333333334,1,0.625,0.0,0,"(20.0, 25.0]"
2159,1,17,4,9254,1,1,133.0,1,37,37,5,8,128.5,1,0,0,1,0,1,18,0,0,6,14,2,11.0,0,0,6,14,3,10.33333333,0,7.6,2.6,0.32,Dropout,Dropout,1,Tourism,0.3333333333333333,4,0.14285714285714285,0.0,0,"(16.999, 19.0]"
2160,1,1,4,9500,1,1,142.0,1,1,3,1,2,133.0,0,0,0,1,0,1,20,0,0,8,8,7,14.56571429,0,0,8,8,7,14.56571429,0,10.8,1.4,1.74,Graduate,Graduate,0,Nursing,0.875,1,0.875,0.0,0,"(19.0, 20.0]"
2161,1,17,2,9670,1,1,123.0,1,34,37,0,0,114.6,1,0,1,0,0,0,18,0,0,5,8,3,12.0,0,0,5,6,4,10.75,0,7.6,2.6,0.32,Dropout,Dropout,1,Advertising and Marketing Management,0.6,2,0.375,0.0,1,"(16.999, 19.0]"
2162,1,17,1,9238,1,1,103.0,1,19,37,7,9,104.1,0,0,0,1,0,0,20,0,0,6,6,0,0.0,0,0,5,5,0,0.0,0,8.9,1.4,3.51,Dropout,Dropout,1,Social Service,0.0,6,0.0,0.0,0,"(19.0, 20.0]"
2163,1,17,4,9500,1,1,140.0,1,1,1,3,3,127.6,1,0,0,1,0,0,23,0,0,7,7,6,13.79666667,0,0,8,11,7,13.775,0,12.4,0.5,1.79,Graduate,Graduate,0,Nursing,0.8571428571428571,1,0.8571428571428571,0.0,0,"(20.0, 25.0]"
2164,1,1,2,9773,1,1,159.0,1,1,1,3,3,151.0,1,0,0,1,0,0,18,0,0,6,6,6,14.83333333,0,0,6,6,6,15.33333333,0,12.7,3.7,-1.7,Graduate,Graduate,0,Journalism and Communication,1.0,0,1.0,0.0,0,"(16.999, 19.0]"
2165,1,44,1,9238,1,39,140.0,1,1,1,9,3,135.7,1,0,0,1,0,0,20,0,3,6,6,6,12.83333333,0,2,6,6,6,13.83333333,0,12.4,0.5,1.79,Graduate,Graduate,0,Social Service,1.0,0,1.0,0.0,0,"(19.0, 20.0]"
2166,1,17,1,9500,1,1,148.0,1,38,37,5,9,137.8,1,0,0,1,0,1,18,0,0,8,8,7,14.96285714,0,0,8,8,7,14.96285714,0,10.8,1.4,1.74,Graduate,Graduate,0,Nursing,0.875,1,0.875,0.0,0,"(16.999, 19.0]"
2167,1,1,6,9147,1,1,112.0,1,38,38,9,9,117.3,1,0,0,1,0,0,20,0,0,5,8,4,12.0,0,0,5,8,5,11.2,0,11.1,0.6,2.02,Graduate,Graduate,0,Management,0.8,1,0.5,0.0,0,"(19.0, 20.0]"
2168,1,18,2,9500,1,1,131.0,1,1,3,3,2,121.2,1,0,0,1,0,0,18,0,0,7,8,7,12.4,0,0,8,9,8,12.8,0,16.2,0.3,-0.92,Graduate,Graduate,0,Nursing,1.0,0,0.875,0.0,0,"(16.999, 19.0]"
2169,1,17,1,9670,1,1,145.0,1,3,3,2,1,129.3,1,0,0,1,0,0,20,0,0,6,7,6,15.57142857,0,0,6,6,6,17.16666667,0,16.2,0.3,-0.92,Graduate,Graduate,0,Advertising and Marketing Management,1.0,0,0.8571428571428571,0.0,0,"(19.0, 20.0]"
2170,1,1,5,9500,1,1,133.1,1,1,1,5,8,123.0,1,0,0,1,0,0,19,0,0,8,8,7,13.71428571,0,0,8,8,7,13.71428571,0,12.7,3.7,-1.7,Graduate,Graduate,0,Nursing,0.875,1,0.875,0.0,0,"(16.999, 19.0]"
2171,1,44,1,9085,1,39,140.0,1,1,19,4,4,140.0,0,0,0,1,0,0,21,0,2,6,9,6,13.14285714,0,0,6,9,6,12.16666667,0,13.9,-0.3,0.79,Graduate,Graduate,0,Veterinary Nursing,1.0,0,0.6666666666666666,0.0,0,"(20.0, 25.0]"
2172,2,7,1,9070,1,43,140.0,1,37,1,9,7,140.0,0,0,0,1,0,0,33,0,0,6,7,6,15.0,0,0,6,8,3,11.0,0,11.1,0.6,2.02,Graduate,Graduate,0,Communication Design,1.0,0,0.8571428571428571,0.0,0,"(25.0, 70.0]"
2173,1,1,1,9085,1,1,150.0,1,12,2,4,2,144.6,0,0,1,0,0,0,24,0,0,5,6,1,13.0,0,0,5,5,0,0.0,0,7.6,2.6,0.32,Dropout,Dropout,1,Veterinary Nursing,0.2,4,0.16666666666666666,0.0,1,"(20.0, 25.0]"
2174,1,43,1,9238,1,1,120.0,1,1,38,4,3,118.3,0,0,0,1,0,1,20,0,8,11,12,11,12.0,0,6,11,14,11,12.75,0,13.9,-0.3,0.79,Graduate,Graduate,0,Social Service,1.0,0,0.9166666666666666,0.0,0,"(19.0, 20.0]"
2175,1,1,1,171,1,1,156.0,1,19,38,9,1,153.6,1,0,0,1,0,0,18,0,0,0,0,0,0.0,0,0,0,0,0,0.0,0,9.4,-0.8,-3.12,Graduate,Graduate,0,Animation and Multimedia Design,0.0,0,0.0,0.0,0,"(16.999, 19.0]"
2176,1,1,4,9070,1,1,167.0,1,1,1,7,3,158.3,1,0,0,1,0,0,18,0,0,6,6,6,15.16666667,0,0,6,6,6,14.16666667,0,15.5,2.8,-4.06,Graduate,Graduate,0,Communication Design,1.0,0,1.0,0.0,0,"(16.999, 19.0]"
2177,1,43,1,8014,0,6,133.1,1,34,34,0,0,100.0,0,0,1,1,0,0,29,0,1,6,9,4,12.0,0,1,6,13,2,10.5,0,7.6,2.6,0.32,Dropout,Dropout,1,Social Service (evening attendance),0.6666666666666666,2,0.4444444444444444,0.0,1,"(25.0, 70.0]"
2178,1,17,1,9500,1,1,147.0,1,1,1,5,5,134.9,0,1,0,1,0,0,18,0,0,7,7,7,13.64285714,0,0,8,11,8,14.77272727,0,16.2,0.3,-0.92,Graduate,Graduate,0,Nursing,1.0,0,1.0,0.0,0,"(16.999, 19.0]"
2179,1,1,3,9773,1,1,129.0,1,38,37,5,5,142.0,1,0,0,1,0,0,19,0,0,6,8,6,12.66666667,0,0,6,7,6,12.71428571,0,9.4,-0.8,-3.12,Graduate,Graduate,0,Journalism and Communication,1.0,0,0.75,0.0,0,"(16.999, 19.0]"
2180,1,17,1,171,1,1,136.0,1,38,38,7,7,127.3,1,0,0,1,0,0,19,0,0,0,0,0,0.0,0,0,0,0,0,0.0,0,15.5,2.8,-4.06,Dropout,Dropout,1,Animation and Multimedia Design,0.0,0,0.0,0.0,0,"(16.999, 19.0]"
2181,1,17,1,9238,1,1,128.0,1,19,19,5,4,116.5,0,0,0,1,0,1,18,0,0,6,8,5,10.8,0,0,6,9,6,10.5,0,12.4,0.5,1.79,Graduate,Graduate,0,Social Service,0.8333333333333334,1,0.625,0.0,0,"(16.999, 19.0]"
2182,1,43,1,9500,1,1,140.0,1,19,19,7,7,138.6,0,0,0,1,0,1,19,0,0,7,9,6,14.25,0,0,8,11,8,13.06363636,0,16.2,0.3,-0.92,Graduate,Graduate,0,Nursing,0.8571428571428571,1,0.6666666666666666,0.0,0,"(16.999, 19.0]"
2183,1,42,1,9853,1,1,141.0,1,37,19,9,3,133.0,0,0,0,1,0,0,20,0,6,14,22,12,12.15384615,0,5,12,18,10,12.9,0,10.8,1.4,1.74,Dropout,Dropout,1,Basic Education,0.8571428571428571,2,0.5454545454545454,0.0,0,"(19.0, 20.0]"
2184,1,17,2,9238,1,1,133.0,1,2,1,3,4,136.2,1,0,0,1,0,0,19,0,0,6,14,1,11.5,0,0,6,12,2,10.5,0,7.6,2.6,0.32,Enrolled,Enrolled,0,Social Service,0.16666666666666666,5,0.07142857142857142,0.0,0,"(16.999, 19.0]"
2185,1,17,1,9254,1,1,125.0,1,19,19,7,5,118.0,1,0,0,1,0,1,19,0,0,6,10,4,12.25,0,0,6,9,3,12.33333333,0,9.4,-0.8,-3.12,Graduate,Graduate,0,Tourism,0.6666666666666666,2,0.4,0.0,0,"(16.999, 19.0]"
2186,1,1,1,9070,1,1,124.0,1,19,37,4,4,126.8,0,0,0,1,0,1,18,0,1,6,8,6,12.0,1,0,6,12,5,11.14285714,0,13.9,-0.3,0.79,Enrolled,Enrolled,0,Communication Design,1.0,0,0.75,0.16666666666666666,0,"(16.999, 19.0]"
2187,1,1,6,9500,1,1,140.0,1,19,38,5,7,128.5,1,0,0,1,0,1,18,0,0,8,8,8,13.40375,0,0,8,8,8,13.40375,0,9.4,-0.8,-3.12,Graduate,Graduate,0,Nursing,1.0,0,1.0,0.0,0,"(16.999, 19.0]"
2188,1,17,1,9254,1,1,140.0,1,3,1,2,3,129.9,0,0,0,1,0,1,19,0,0,6,15,6,11.33333333,0,0,6,9,3,12.66666667,0,9.4,-0.8,-3.12,Graduate,Graduate,0,Tourism,1.0,0,0.4,0.0,0,"(16.999, 19.0]"
2189,1,17,4,9773,1,1,137.0,1,1,1,5,5,125.8,0,0,1,1,1,0,20,0,0,6,7,5,12.2,0,0,6,6,6,12.33333333,0,12.7,3.7,-1.7,Dropout,Dropout,1,Journalism and Communication,0.8333333333333334,1,0.7142857142857143,0.0,1,"(19.0, 20.0]"
2190,1,17,1,171,1,1,144.0,1,37,37,9,6,129.3,1,0,0,1,1,1,18,0,0,0,0,0,0.0,0,0,0,0,0,0.0,0,7.6,2.6,0.32,Enrolled,Enrolled,0,Animation and Multimedia Design,0.0,0,0.0,0.0,0,"(16.999, 19.0]"
2191,1,1,6,9500,1,1,138.0,1,4,19,2,3,124.7,1,0,0,1,1,0,18,0,0,7,0,0,0.0,0,0,8,0,0,0.0,0,16.2,0.3,-0.92,Dropout,Dropout,1,Nursing,0.0,7,0.0,0.0,0,"(16.999, 19.0]"
2192,1,39,1,9003,1,1,130.0,1,3,1,2,4,154.9,0,0,1,0,1,0,35,0,0,6,8,5,16.16666667,0,0,6,10,4,16.0,0,8.9,1.4,3.51,Dropout,Dropout,1,Agronomy,0.8333333333333334,1,0.625,0.0,1,"(25.0, 70.0]"
2193,1,17,1,9119,1,1,142.0,1,19,38,9,7,127.3,0,0,0,1,1,0,18,0,0,5,10,3,11.0,0,0,5,6,3,11.0,1,16.2,0.3,-0.92,Enrolled,Enrolled,0,Informatics Engineering,0.6,2,0.3,0.0,0,"(16.999, 19.0]"
2194,1,1,1,171,1,1,136.0,1,37,19,5,8,129.0,1,0,0,1,1,1,19,0,0,0,0,0,0.0,0,0,0,0,0,0.0,0,13.9,-0.3,0.79,Graduate,Graduate,0,Animation and Multimedia Design,0.0,0,0.0,0.0,0,"(16.999, 19.0]"
2195,1,1,2,9773,1,1,133.1,1,38,19,4,7,98.0,1,0,0,1,1,1,19,0,0,6,8,4,12.0,0,0,6,8,6,12.28571429,0,15.5,2.8,-4.06,Enrolled,Enrolled,0,Journalism and Communication,0.6666666666666666,2,0.5,0.0,0,"(16.999, 19.0]"
2196,1,17,2,9147,1,1,130.0,1,1,38,5,7,122.0,1,0,0,1,1,0,20,0,0,5,8,2,10.5,0,0,5,11,4,12.25,0,10.8,1.4,1.74,Enrolled,Enrolled,0,Management,0.4,3,0.25,0.0,0,"(19.0, 20.0]"
2197,1,43,1,9070,1,1,117.0,1,1,1,4,7,112.5,1,0,0,1,1,0,19,0,3,6,7,3,11.66666667,0,1,6,13,4,10.33333333,0,13.9,-0.3,0.79,Enrolled,Enrolled,0,Communication Design,0.5,3,0.42857142857142855,0.0,0,"(16.999, 19.0]"
2198,1,1,3,9147,1,1,136.0,1,38,38,9,9,127.3,1,0,0,1,1,0,19,0,0,5,8,3,11.0,0,0,5,7,2,10.0,0,12.7,3.7,-1.7,Dropout,Dropout,1,Management,0.6,2,0.375,0.0,0,"(16.999, 19.0]"
2199,1,39,2,9556,1,1,133.1,1,1,1,9,10,100.5,0,0,0,1,1,0,24,0,0,7,18,0,0.0,0,0,7,13,0,0.0,1,11.1,0.6,2.02,Dropout,Dropout,1,Oral Hygiene,0.0,7,0.0,0.0,0,"(20.0, 25.0]"
2200,1,39,1,8014,0,1,140.0,1,37,37,9,7,122.0,1,0,1,0,1,0,29,0,0,6,11,4,12.5,0,0,6,7,0,0.0,0,12.4,0.5,1.79,Dropout,Dropout,1,Social Service (evening attendance),0.6666666666666666,2,0.36363636363636365,0.0,1,"(25.0, 70.0]"
2201,1,39,1,9500,1,1,150.0,1,38,3,9,1,140.0,0,0,0,1,1,0,24,0,0,7,11,7,11.29444444,0,0,8,22,2,12.6,0,15.5,2.8,-4.06,Graduate,Graduate,0,Nursing,1.0,0,0.6363636363636364,0.0,0,"(20.0, 25.0]"
2202,1,17,2,9254,1,1,121.0,1,19,38,6,6,116.1,1,0,0,1,1,0,19,0,0,6,8,5,11.2,0,0,6,11,4,12.5,0,15.5,2.8,-4.06,Graduate,Graduate,0,Tourism,0.8333333333333334,1,0.625,0.0,0,"(16.999, 19.0]"
2203,2,7,1,171,1,3,120.0,1,19,19,9,9,130.0,1,0,0,1,1,0,37,0,0,0,0,0,0.0,0,0,0,0,0,0.0,0,7.6,2.6,0.32,Dropout,Dropout,1,Animation and Multimedia Design,0.0,0,0.0,0.0,0,"(25.0, 70.0]"
2204,1,5,2,9070,1,1,143.0,1,1,1,4,10,146.2,1,0,0,1,1,0,18,0,0,6,7,5,13.2,0,0,6,6,5,11.8,0,16.2,0.3,-0.92,Graduate,Graduate,0,Communication Design,0.8333333333333334,1,0.7142857142857143,0.0,0,"(16.999, 19.0]"
2205,1,44,1,9119,1,39,180.0,1,1,1,9,8,180.0,0,0,0,1,1,1,20,0,3,7,12,6,14.14285714,0,1,6,10,6,14.125,0,12.4,0.5,1.79,Enrolled,Enrolled,0,Informatics Engineering,0.8571428571428571,1,0.5,0.0,0,"(19.0, 20.0]"
2206,1,1,5,9147,1,1,132.0,1,39,39,3,3,127.8,1,0,0,0,1,0,18,0,0,5,0,0,0.0,0,0,5,0,0,0.0,0,11.1,0.6,2.02,Dropout,Dropout,1,Management,0.0,5,0.0,0.0,1,"(16.999, 19.0]"
2207,1,43,1,9147,1,1,130.0,1,37,19,9,8,130.8,0,0,0,1,1,0,22,0,0,5,5,0,0.0,0,0,5,9,3,13.33333333,2,16.2,0.3,-0.92,Enrolled,Enrolled,0,Management,0.0,5,0.0,0.0,0,"(20.0, 25.0]"
2208,1,17,2,9147,1,1,133.1,1,38,38,4,7,109.0,1,0,0,1,1,1,22,0,0,5,7,3,12.33333333,0,0,5,9,3,10.57142857,0,10.8,1.4,1.74,Enrolled,Enrolled,0,Management,0.6,2,0.42857142857142855,0.0,0,"(20.0, 25.0]"
2209,1,1,5,9773,1,1,131.0,1,1,38,9,5,132.4,1,0,1,0,1,0,18,0,0,6,6,0,0.0,0,0,6,0,0,0.0,0,11.1,0.6,2.02,Dropout,Dropout,1,Journalism and Communication,0.0,6,0.0,0.0,1,"(16.999, 19.0]"
2210,1,1,3,9500,1,1,149.0,1,1,1,4,4,129.3,1,0,0,1,1,0,18,0,0,8,8,7,13.1,0,0,8,8,7,13.1,0,12.7,3.7,-1.7,Graduate,Graduate,0,Nursing,0.875,1,0.875,0.0,0,"(16.999, 19.0]"
2211,1,1,1,9070,1,1,124.0,1,37,37,9,9,125.4,1,0,0,1,1,0,19,0,0,6,6,6,13.5,0,0,6,6,6,13.16666667,0,9.4,-0.8,-3.12,Graduate,Graduate,0,Communication Design,1.0,0,1.0,0.0,0,"(16.999, 19.0]"
2212,1,1,1,9119,1,1,126.0,1,38,19,5,5,130.2,0,0,0,1,1,0,19,0,0,5,7,5,10.2,0,0,5,8,3,12.0,0,10.8,1.4,1.74,Enrolled,Enrolled,0,Informatics Engineering,1.0,0,0.7142857142857143,0.0,0,"(16.999, 19.0]"
2213,1,1,1,9238,1,1,140.0,1,19,38,9,9,132.0,0,0,0,1,1,0,19,0,0,6,10,5,11.57142857,0,0,6,10,3,13.0,0,16.2,0.3,-0.92,Dropout,Dropout,1,Social Service,0.8333333333333334,1,0.5,0.0,0,"(16.999, 19.0]"
2214,1,44,1,9003,1,39,170.0,1,19,19,9,7,170.0,1,0,1,1,1,0,21,0,0,6,7,6,15.28571429,0,0,6,6,6,15.16666667,0,12.4,0.5,1.79,Graduate,Graduate,0,Agronomy,1.0,0,0.8571428571428571,0.0,1,"(20.0, 25.0]"
2215,1,1,2,9773,1,1,133.0,1,3,1,2,4,130.2,0,0,0,1,1,0,19,0,0,6,9,5,12.6,0,6,10,16,8,11.0,1,8.9,1.4,3.51,Enrolled,Enrolled,0,Journalism and Communication,0.8333333333333334,1,0.5555555555555556,0.0,0,"(16.999, 19.0]"
2216,1,18,2,9556,1,1,126.0,1,3,3,2,2,115.5,0,0,0,1,1,0,18,0,0,7,11,6,13.43333333,0,0,7,10,4,13.6,0,8.9,1.4,3.51,Graduate,Graduate,0,Oral Hygiene,0.8571428571428571,1,0.5454545454545454,0.0,0,"(16.999, 19.0]"
2217,1,16,2,9147,1,1,129.0,1,19,19,4,9,127.6,1,0,0,1,1,0,19,0,0,5,8,5,11.6,0,0,5,9,3,11.0,0,10.8,1.4,1.74,Dropout,Dropout,1,Management,1.0,0,0.625,0.0,0,"(16.999, 19.0]"
2218,1,7,1,9773,1,43,140.0,1,19,1,4,8,140.0,0,0,0,1,1,0,25,0,0,6,6,6,14.66666667,0,0,6,6,6,13.5,0,11.1,0.6,2.02,Graduate,Graduate,0,Journalism and Communication,1.0,0,1.0,0.0,0,"(20.0, 25.0]"
2219,1,1,1,9070,1,1,130.0,1,37,1,9,8,120.2,1,0,0,1,1,0,22,0,0,6,9,6,14.66666667,0,0,6,12,6,14.66666667,0,12.7,3.7,-1.7,Graduate,Graduate,0,Communication Design,1.0,0,0.6666666666666666,0.0,0,"(20.0, 25.0]"
2220,1,39,1,9500,1,1,130.0,1,1,1,4,9,150.0,0,0,0,1,1,0,24,0,0,8,8,7,12.74285714,0,0,8,8,7,12.74285714,0,12.7,3.7,-1.7,Graduate,Graduate,0,Nursing,0.875,1,0.875,0.0,0,"(20.0, 25.0]"
2221,1,1,2,9500,1,1,99.0,1,1,3,5,10,100.0,1,0,0,1,1,0,19,0,0,7,9,7,11.975,0,0,8,9,7,13.12857143,0,13.9,-0.3,0.79,Graduate,Graduate,0,Nursing,1.0,0,0.7777777777777778,0.0,0,"(16.999, 19.0]"
2222,1,43,1,9119,1,1,146.0,1,3,1,2,3,100.0,0,0,0,1,1,0,18,0,0,5,9,4,12.25,0,0,5,11,3,11.66666667,0,13.9,-0.3,0.79,Enrolled,Enrolled,0,Informatics Engineering,0.8,1,0.4444444444444444,0.0,0,"(16.999, 19.0]"
2223,1,17,1,171,1,1,129.0,1,38,37,4,6,128.0,0,0,0,0,1,0,20,0,0,0,0,0,0.0,0,0,0,0,0,0.0,0,9.4,-0.8,-3.12,Dropout,Dropout,1,Animation and Multimedia Design,0.0,0,0.0,0.0,1,"(19.0, 20.0]"
2224,1,1,2,9500,1,1,132.0,1,19,19,9,7,128.0,1,0,0,1,1,1,19,0,0,8,8,7,14.93571429,0,0,8,8,7,14.93571429,0,10.8,1.4,1.74,Graduate,Graduate,0,Nursing,0.875,1,0.875,0.0,0,"(16.999, 19.0]"
2225,1,43,3,9254,1,1,110.0,1,37,37,9,9,107.2,1,0,0,1,1,0,19,0,1,6,16,2,10.5,0,0,6,15,4,10.0,0,7.6,2.6,0.32,Dropout,Dropout,1,Tourism,0.3333333333333333,4,0.125,0.0,0,"(16.999, 19.0]"
2226,1,1,1,9670,1,1,116.0,1,3,3,3,3,110.1,1,0,0,1,1,0,19,0,0,6,9,5,13.33333333,0,0,6,6,5,13.0,0,12.4,0.5,1.79,Graduate,Graduate,0,Advertising and Marketing Management,0.8333333333333334,1,0.5555555555555556,0.0,0,"(16.999, 19.0]"
2227,1,43,1,9003,1,1,119.0,1,37,37,9,6,119.0,0,0,1,1,1,0,23,0,0,6,6,0,0.0,0,0,6,8,0,0.0,0,15.5,2.8,-4.06,Dropout,Dropout,1,Agronomy,0.0,6,0.0,0.0,1,"(20.0, 25.0]"
2228,2,39,1,9773,1,1,120.0,1,37,38,9,3,155.5,0,0,0,1,1,0,47,0,0,6,12,5,13.8,0,0,6,13,4,14.0,0,12.7,3.7,-1.7,Dropout,Dropout,1,Journalism and Communication,0.8333333333333334,1,0.4166666666666667,0.0,0,"(25.0, 70.0]"
2229,1,1,1,9070,1,1,117.0,1,1,1,3,9,118.4,0,0,0,1,1,0,19,0,0,6,6,6,11.83333333,0,0,6,8,4,10.75,2,16.2,0.3,-0.92,Graduate,Graduate,0,Communication Design,1.0,0,1.0,0.0,0,"(16.999, 19.0]"
2230,1,1,4,171,1,1,137.0,1,1,38,4,8,141.2,1,0,0,1,1,0,19,0,0,0,0,0,0.0,0,0,0,0,0,0.0,0,11.1,0.6,2.02,Graduate,Graduate,0,Animation and Multimedia Design,0.0,0,0.0,0.0,0,"(16.999, 19.0]"
2231,1,1,1,171,1,1,124.0,1,3,3,2,2,119.1,1,0,0,1,1,0,18,0,0,0,0,0,0.0,0,0,0,0,0,0.0,0,16.2,0.3,-0.92,Dropout,Dropout,1,Animation and Multimedia Design,0.0,0,0.0,0.0,0,"(16.999, 19.0]"
2232,1,43,1,9147,1,1,151.0,1,1,3,1,1,111.0,0,0,0,1,1,0,28,0,0,5,9,2,10.0,0,0,5,9,0,0.0,0,15.5,2.8,-4.06,Dropout,Dropout,1,Management,0.4,3,0.2222222222222222,0.0,0,"(25.0, 70.0]"
2233,1,43,1,9254,1,6,138.6,1,34,34,0,0,138.6,1,0,0,1,1,0,20,0,0,6,10,4,11.5,0,0,6,11,3,11.66666667,0,7.6,2.6,0.32,Dropout,Dropout,1,Tourism,0.6666666666666666,2,0.4,0.0,0,"(19.0, 20.0]"
2234,1,17,2,9254,1,1,118.0,1,19,19,5,7,121.2,0,0,0,1,1,1,18,0,0,6,12,3,10.66666667,0,0,6,9,4,12.0,0,15.5,2.8,-4.06,Enrolled,Enrolled,0,Tourism,0.5,3,0.25,0.0,0,"(16.999, 19.0]"
2235,1,1,1,171,1,1,136.0,1,19,19,4,8,150.4,1,0,0,1,1,1,21,0,0,0,0,0,0.0,0,0,0,0,0,0.0,0,12.4,0.5,1.79,Graduate,Graduate,0,Animation and Multimedia Design,0.0,0,0.0,0.0,0,"(20.0, 25.0]"
2236,1,1,1,9254,1,1,123.0,1,38,19,9,4,117.8,0,0,0,1,1,0,19,0,0,6,10,4,12.75,0,0,6,12,2,13.0,0,10.8,1.4,1.74,Enrolled,Enrolled,0,Tourism,0.6666666666666666,2,0.4,0.0,0,"(16.999, 19.0]"
2237,1,39,1,9254,1,19,133.1,1,38,37,4,5,102.5,0,0,1,0,1,0,24,0,0,6,7,0,0.0,0,0,6,7,0,0.0,0,16.2,0.3,-0.92,Dropout,Dropout,1,Tourism,0.0,6,0.0,0.0,1,"(20.0, 25.0]"
2238,1,39,1,9130,1,1,130.0,1,19,1,191,144,110.0,0,0,0,1,1,0,24,0,0,6,11,6,11.33333333,0,0,6,12,3,11.33333333,0,16.2,0.3,-0.92,Enrolled,Enrolled,0,Equinculture,1.0,0,0.5454545454545454,0.0,0,"(20.0, 25.0]"
2239,1,39,1,9085,1,12,133.1,1,38,19,9,8,138.3,1,0,1,0,1,0,25,0,0,6,6,0,0.0,0,0,6,6,0,0.0,0,8.9,1.4,3.51,Enrolled,Enrolled,0,Veterinary Nursing,0.0,6,0.0,0.0,1,"(20.0, 25.0]"
2240,1,39,1,9254,1,1,150.0,1,3,1,3,4,122.3,0,0,0,1,1,0,28,0,0,6,10,6,13.0,0,0,6,8,5,12.2,0,13.9,-0.3,0.79,Graduate,Graduate,0,Tourism,1.0,0,0.6,0.0,0,"(25.0, 70.0]"
2241,2,39,1,9991,0,1,130.0,1,37,37,9,9,127.8,0,0,0,1,1,0,37,0,0,5,7,4,10.75,0,0,5,7,3,11.33333333,0,7.6,2.6,0.32,Enrolled,Enrolled,0,Management (evening attendance),0.8,1,0.5714285714285714,0.0,0,"(25.0, 70.0]"
2242,1,43,1,9119,1,1,128.0,1,1,38,4,7,100.0,0,0,0,1,1,0,19,0,0,5,8,5,12.0,0,0,5,12,2,10.5,0,13.9,-0.3,0.79,Enrolled,Enrolled,0,Informatics Engineering,1.0,0,0.625,0.0,0,"(16.999, 19.0]"
2243,1,17,4,9500,1,1,133.0,1,38,37,5,7,126.4,1,0,0,1,1,1,18,0,0,7,7,7,13.46285714,0,0,8,8,8,13.90625,0,11.1,0.6,2.02,Graduate,Graduate,0,Nursing,1.0,0,1.0,0.0,0,"(16.999, 19.0]"
2244,1,39,1,9254,1,19,133.1,1,37,37,90,90,100.0,0,0,0,1,1,0,48,0,0,6,13,3,10.0,0,0,6,15,1,10.0,0,7.6,2.6,0.32,Dropout,Dropout,1,Tourism,0.5,3,0.23076923076923078,0.0,0,"(25.0, 70.0]"
2245,1,17,4,9238,1,1,129.0,1,37,37,9,8,117.1,1,0,0,1,1,0,21,0,0,6,6,6,12.33333333,0,0,6,7,6,13.66666667,0,8.9,1.4,3.51,Graduate,Graduate,0,Social Service,1.0,0,1.0,0.0,0,"(20.0, 25.0]"
2246,1,17,1,9500,1,1,128.0,1,1,1,4,5,124.7,0,0,0,1,1,1,19,0,0,7,11,6,12.52857143,0,0,7,10,6,12.41666667,0,15.5,2.8,-4.06,Enrolled,Enrolled,0,Nursing,0.8571428571428571,1,0.5454545454545454,0.0,0,"(16.999, 19.0]"
2247,1,43,2,9500,1,1,136.0,1,19,1,9,10,124.1,0,0,0,1,1,1,21,0,0,8,8,0,0.0,8,0,8,8,0,0.0,8,9.4,-0.8,-3.12,Enrolled,Enrolled,0,Nursing,0.0,8,0.0,1.0,0,"(20.0, 25.0]"
2248,1,44,1,9119,1,1,130.0,1,37,12,9,8,129.4,1,0,1,0,1,0,23,0,0,5,6,0,0.0,0,0,5,7,0,0.0,0,13.9,-0.3,0.79,Dropout,Dropout,1,Informatics Engineering,0.0,5,0.0,0.0,1,"(20.0, 25.0]"
2249,1,1,1,9130,1,1,141.0,1,1,1,4,10,138.9,1,0,0,1,1,0,18,0,0,5,5,5,13.6,0,0,5,6,4,13.25,1,10.8,1.4,1.74,Graduate,Graduate,0,Equinculture,1.0,0,1.0,0.0,0,"(16.999, 19.0]"
2250,1,44,1,9238,1,39,140.0,1,1,1,4,3,138.6,0,0,0,1,1,0,22,0,3,6,7,6,12.33333333,0,2,6,6,2,14.0,0,13.9,-0.3,0.79,Dropout,Dropout,1,Social Service,1.0,0,0.8571428571428571,0.0,0,"(20.0, 25.0]"
2251,1,16,1,171,1,1,122.0,1,19,37,9,7,133.9,1,0,0,1,1,0,25,0,9,13,16,10,11.45454545,0,5,11,13,7,12.25,0,12.4,0.5,1.79,Dropout,Dropout,1,Animation and Multimedia Design,0.7692307692307693,3,0.625,0.0,0,"(20.0, 25.0]"
2252,1,7,1,9085,1,40,140.0,1,5,3,2,2,140.0,0,0,1,1,1,0,27,0,8,13,13,8,13.5,2,5,11,12,5,14.4,0,11.1,0.6,2.02,Dropout,Dropout,1,Veterinary Nursing,0.6153846153846154,5,0.6153846153846154,0.15384615384615385,1,"(25.0, 70.0]"
2253,1,39,1,9119,1,12,133.1,1,34,34,0,0,95.1,0,0,0,0,1,0,49,0,0,5,5,0,0.0,0,0,5,6,0,0.0,0,10.8,1.4,1.74,Dropout,Dropout,1,Informatics Engineering,0.0,5,0.0,0.0,1,"(25.0, 70.0]"
2254,1,39,1,9991,0,1,120.0,1,19,37,5,5,128.2,0,0,0,0,1,0,31,0,0,5,5,2,11.0,0,0,5,0,0,0.0,0,12.7,3.7,-1.7,Dropout,Dropout,1,Management (evening attendance),0.4,3,0.4,0.0,1,"(25.0, 70.0]"
2255,1,39,1,9254,1,1,133.1,1,37,37,9,6,121.5,0,0,0,1,1,0,54,0,0,6,9,6,13.71428571,0,0,6,13,5,14.33333333,0,16.2,0.3,-0.92,Dropout,Dropout,1,Tourism,1.0,0,0.6666666666666666,0.0,0,"(25.0, 70.0]"
2256,1,7,1,33,1,40,120.0,1,38,37,5,6,120.0,1,0,1,0,1,0,25,0,18,21,26,21,12.36363636,0,12,16,21,12,12.25,1,11.1,0.6,2.02,Dropout,Dropout,1,Biofuel Production Technologies,1.0,0,0.8076923076923077,0.0,1,"(20.0, 25.0]"
2257,1,44,1,9003,1,39,130.0,1,5,3,2,2,130.0,0,0,0,1,1,0,20,0,1,7,13,3,10.66666667,0,0,6,14,2,11.5,0,15.5,2.8,-4.06,Enrolled,Enrolled,0,Agronomy,0.42857142857142855,4,0.23076923076923078,0.0,0,"(19.0, 20.0]"
2258,1,7,1,9070,1,3,120.0,1,4,4,2,2,120.0,0,0,0,1,1,0,28,0,0,6,9,2,12.0,0,0,6,10,3,12.66666667,0,12.7,3.7,-1.7,Dropout,Dropout,1,Communication Design,0.3333333333333333,4,0.2222222222222222,0.0,0,"(25.0, 70.0]"
2259,2,39,1,8014,0,19,133.1,1,37,37,9,6,107.0,0,0,0,1,1,0,41,0,1,7,7,7,12.85714286,0,0,6,6,6,13.16666667,0,12.7,3.7,-1.7,Graduate,Graduate,0,Social Service (evening attendance),1.0,0,1.0,0.0,0,"(25.0, 70.0]"
2260,1,1,2,9670,1,1,122.0,1,1,19,4,4,116.1,0,0,0,1,1,1,19,0,0,6,10,6,13.125,0,0,6,9,6,12.71428571,0,11.1,0.6,2.02,Enrolled,Enrolled,0,Advertising and Marketing Management,1.0,0,0.6,0.0,0,"(16.999, 19.0]"
2261,1,43,1,9147,1,1,123.0,1,1,1,4,4,114.4,0,0,0,1,1,0,22,0,0,5,6,0,0.0,0,0,5,8,2,11.5,0,15.5,2.8,-4.06,Dropout,Dropout,1,Management,0.0,5,0.0,0.0,0,"(20.0, 25.0]"
2262,1,1,1,9254,1,1,178.0,1,2,1,2,3,157.7,0,0,0,1,1,0,34,0,0,6,13,2,13.5,0,0,6,6,0,0.0,0,15.5,2.8,-4.06,Dropout,Dropout,1,Tourism,0.3333333333333333,4,0.15384615384615385,0.0,0,"(25.0, 70.0]"
2263,1,39,1,9003,1,1,130.0,1,38,38,9,9,150.0,0,0,1,0,1,0,28,0,5,11,14,11,15.09090909,0,5,10,11,10,15.0,0,11.1,0.6,2.02,Dropout,Dropout,1,Agronomy,1.0,0,0.7857142857142857,0.0,1,"(25.0, 70.0]"
2264,1,1,1,9853,1,1,110.0,1,37,37,9,4,114.3,1,0,0,1,1,0,42,0,0,6,9,5,12.4,0,0,6,10,5,11.8,0,7.6,2.6,0.32,Enrolled,Enrolled,0,Basic Education,0.8333333333333334,1,0.5555555555555556,0.0,0,"(25.0, 70.0]"
2265,1,18,1,9085,1,1,106.0,1,1,19,3,5,104.6,0,0,0,0,1,0,21,0,0,6,10,5,14.0,0,0,6,11,4,14.8,0,11.1,0.6,2.02,Enrolled,Enrolled,0,Veterinary Nursing,0.8333333333333334,1,0.5,0.0,1,"(20.0, 25.0]"
2266,1,7,1,9003,1,3,140.0,1,39,39,9,4,140.0,0,0,0,1,1,0,50,0,2,6,8,2,13.5,0,1,6,9,1,13.0,0,15.5,2.8,-4.06,Dropout,Dropout,1,Agronomy,0.3333333333333333,4,0.25,0.0,0,"(25.0, 70.0]"
2267,1,1,4,9147,1,1,108.0,1,3,1,3,4,109.1,1,0,0,1,1,0,19,0,0,5,5,0,0.0,0,0,5,5,0,0.0,0,12.4,0.5,1.79,Dropout,Dropout,1,Management,0.0,5,0.0,0.0,0,"(16.999, 19.0]"
2268,1,43,1,9500,1,1,120.0,1,3,4,2,4,120.6,0,0,0,1,1,0,18,0,0,7,12,4,12.65,0,0,7,10,3,10.66666667,0,16.2,0.3,-0.92,Dropout,Dropout,1,Nursing,0.5714285714285714,3,0.3333333333333333,0.0,0,"(16.999, 19.0]"
2269,2,39,1,9991,0,1,100.0,1,37,37,1,1,161.9,0,0,0,1,1,0,59,0,0,5,7,0,0.0,0,0,5,7,0,0.0,0,16.2,0.3,-0.92,Dropout,Dropout,1,Management (evening attendance),0.0,5,0.0,0.0,0,"(25.0, 70.0]"
2270,2,7,1,9991,0,3,140.0,1,34,34,99,99,140.0,1,0,0,0,1,0,33,0,0,5,5,0,0.0,0,0,5,5,0,0.0,0,7.6,2.6,0.32,Dropout,Dropout,1,Management (evening attendance),0.0,5,0.0,0.0,1,"(25.0, 70.0]"
2271,1,17,2,9070,1,1,133.1,1,37,38,9,10,178.0,1,0,0,1,1,1,23,0,0,6,8,6,13.33333333,0,0,6,7,5,12.8,0,9.4,-0.8,-3.12,Graduate,Graduate,0,Communication Design,1.0,0,0.75,0.0,0,"(20.0, 25.0]"
2272,2,39,1,9991,0,19,133.1,1,37,1,5,5,138.3,0,0,0,1,1,0,44,0,0,5,9,3,11.33333333,0,0,5,8,5,11.14285714,0,13.9,-0.3,0.79,Dropout,Dropout,1,Management (evening attendance),0.6,2,0.3333333333333333,0.0,0,"(25.0, 70.0]"
2273,2,1,4,8014,0,1,140.0,1,34,34,0,0,128.0,1,0,0,1,1,0,37,0,0,6,0,0,0.0,0,0,6,0,0,0.0,0,9.4,-0.8,-3.12,Dropout,Dropout,1,Social Service (evening attendance),0.0,6,0.0,0.0,0,"(25.0, 70.0]"
2274,2,39,1,171,1,19,100.0,1,37,37,9,9,139.0,0,0,0,1,1,0,36,0,0,0,0,0,0.0,0,0,0,0,0,0.0,0,10.8,1.4,1.74,Dropout,Dropout,1,Animation and Multimedia Design,0.0,0,0.0,0.0,0,"(25.0, 70.0]"
2275,1,1,2,9991,0,1,123.0,1,1,3,4,2,113.2,0,0,0,0,1,0,22,0,0,5,7,3,11.66666667,0,0,5,8,2,10.5,2,7.6,2.6,0.32,Dropout,Dropout,1,Management (evening attendance),0.6,2,0.42857142857142855,0.0,1,"(20.0, 25.0]"
2276,2,39,1,8014,0,19,133.1,1,37,37,6,6,139.0,0,0,0,1,1,0,49,0,0,6,8,6,12.16666667,0,0,6,8,6,14.42857143,0,12.4,0.5,1.79,Graduate,Graduate,0,Social Service (evening attendance),1.0,0,0.75,0.0,0,"(25.0, 70.0]"
2277,1,51,1,9773,1,1,135.0,1,1,42,5,3,110.0,1,0,0,1,1,0,23,0,0,6,7,6,13.33333333,0,0,6,6,4,12.75,0,11.1,0.6,2.02,Graduate,Graduate,0,Journalism and Communication,1.0,0,0.8571428571428571,0.0,0,"(20.0, 25.0]"
2278,1,1,1,9070,1,1,132.0,1,1,1,4,9,136.6,1,0,0,1,1,0,19,0,0,6,7,5,11.4,0,0,6,10,3,11.0,3,7.6,2.6,0.32,Enrolled,Enrolled,0,Communication Design,0.8333333333333334,1,0.7142857142857143,0.0,0,"(16.999, 19.0]"
2279,2,43,1,8014,0,1,120.0,1,37,37,5,5,161.1,0,0,0,1,1,0,47,0,0,6,9,6,12.14285714,0,0,6,6,0,0.0,0,16.2,0.3,-0.92,Dropout,Dropout,1,Social Service (evening attendance),1.0,0,0.6666666666666666,0.0,0,"(25.0, 70.0]"
2280,1,43,1,9003,1,1,130.0,1,1,2,4,2,130.0,0,0,0,1,1,0,28,0,9,18,36,17,13.05882353,1,6,12,15,12,12.30769231,0,15.5,2.8,-4.06,Graduate,Graduate,0,Agronomy,0.9444444444444444,1,0.4722222222222222,0.05555555555555555,0,"(25.0, 70.0]"
2281,1,44,1,9003,1,39,140.0,1,1,38,9,6,140.0,0,0,0,1,1,0,21,0,0,6,13,4,11.75,0,0,6,15,4,10.5,0,15.5,2.8,-4.06,Enrolled,Enrolled,0,Agronomy,0.6666666666666666,2,0.3076923076923077,0.0,0,"(20.0, 25.0]"
2282,1,1,1,9254,1,1,133.1,1,38,1,9,9,121.0,0,0,1,0,1,0,21,0,0,6,9,5,11.83333333,0,0,6,8,5,10.0,0,8.9,1.4,3.51,Dropout,Dropout,1,Tourism,0.8333333333333334,1,0.5555555555555556,0.0,1,"(20.0, 25.0]"
2283,1,43,1,9238,1,39,120.0,1,2,1,1,2,118.6,0,0,0,1,1,0,21,0,9,11,14,10,12.4,0,6,10,13,10,11.8,0,13.9,-0.3,0.79,Graduate,Graduate,0,Social Service,0.9090909090909091,1,0.7142857142857143,0.0,0,"(20.0, 25.0]"
2284,1,1,1,9070,1,1,140.0,1,19,38,4,4,138.3,0,0,0,1,1,0,20,0,1,6,8,6,13.42857143,1,0,6,12,4,11.5,0,13.9,-0.3,0.79,Enrolled,Enrolled,0,Communication Design,1.0,0,0.75,0.16666666666666666,0,"(19.0, 20.0]"
2285,2,42,1,9147,1,1,133.1,1,37,37,9,9,115.8,0,0,0,0,1,0,49,0,0,5,5,0,0.0,0,0,5,9,0,0.0,0,10.8,1.4,1.74,Dropout,Dropout,1,Management,0.0,5,0.0,0.0,1,"(25.0, 70.0]"
2286,1,39,1,9991,0,1,120.0,1,19,37,6,8,160.0,0,0,0,1,1,0,40,0,0,5,5,5,11.0,0,0,5,5,5,13.4,0,15.5,2.8,-4.06,Graduate,Graduate,0,Management (evening attendance),1.0,0,1.0,0.0,0,"(25.0, 70.0]"
2287,1,17,1,9254,1,1,125.0,1,1,1,3,3,114.5,0,0,0,1,1,1,22,0,0,6,8,6,13.625,0,0,6,8,6,14.42857143,0,11.1,0.6,2.02,Graduate,Graduate,0,Tourism,1.0,0,0.75,0.0,0,"(20.0, 25.0]"
2288,1,42,1,9119,1,1,136.0,1,1,37,5,5,117.5,0,0,0,1,1,0,19,0,2,5,6,4,11.8,0,0,5,7,2,11.5,0,15.5,2.8,-4.06,Enrolled,Enrolled,0,Informatics Engineering,0.8,1,0.6666666666666666,0.0,0,"(16.999, 19.0]"
2289,1,39,1,9991,0,1,133.1,1,3,38,2,7,121.7,0,0,0,1,1,0,31,0,0,5,5,0,0.0,0,0,5,7,0,0.0,0,13.9,-0.3,0.79,Dropout,Dropout,1,Management (evening attendance),0.0,5,0.0,0.0,0,"(25.0, 70.0]"
2290,1,42,1,9119,1,1,120.0,1,5,5,2,2,115.0,0,0,0,1,1,0,30,0,1,6,9,2,15.0,0,1,6,7,2,13.5,0,15.5,2.8,-4.06,Dropout,Dropout,1,Informatics Engineering,0.3333333333333333,4,0.2222222222222222,0.0,0,"(25.0, 70.0]"
2291,1,1,1,9238,1,1,127.0,1,37,37,5,10,125.3,0,0,0,1,1,0,19,0,0,6,9,5,10.8,0,0,6,11,5,11.0,0,7.6,2.6,0.32,Graduate,Graduate,0,Social Service,0.8333333333333334,1,0.5555555555555556,0.0,0,"(16.999, 19.0]"
2292,1,18,1,9147,1,1,131.0,1,34,34,90,90,131.0,0,0,0,1,1,0,22,0,0,5,11,3,13.66666667,0,0,5,10,3,11.33333333,0,9.4,-0.8,-3.12,Dropout,Dropout,1,Management,0.6,2,0.2727272727272727,0.0,0,"(20.0, 25.0]"
2293,1,1,1,9773,1,1,127.0,1,19,37,9,9,126.3,0,0,0,1,1,0,19,0,0,6,8,6,12.83333333,0,0,6,8,6,13.33333333,0,15.5,2.8,-4.06,Graduate,Graduate,0,Journalism and Communication,1.0,0,0.75,0.0,0,"(16.999, 19.0]"
2294,1,17,1,171,1,1,132.0,1,1,37,4,9,127.1,0,0,0,0,1,0,21,0,0,0,0,0,0.0,0,0,0,0,0,0.0,0,7.6,2.6,0.32,Dropout,Dropout,1,Animation and Multimedia Design,0.0,0,0.0,0.0,1,"(20.0, 25.0]"
2295,1,17,3,9670,1,1,137.0,1,1,38,4,7,138.4,0,0,0,1,1,0,19,0,0,6,8,6,15.125,0,0,6,7,6,13.42857143,0,11.1,0.6,2.02,Graduate,Graduate,0,Advertising and Marketing Management,1.0,0,0.75,0.0,0,"(16.999, 19.0]"
2296,1,43,2,9147,1,1,126.0,1,1,19,3,3,100.0,1,0,0,1,1,0,22,0,0,5,11,0,0.0,0,0,5,7,1,10.0,1,16.2,0.3,-0.92,Dropout,Dropout,1,Management,0.0,5,0.0,0.0,0,"(20.0, 25.0]"
2297,1,1,1,9238,1,1,136.0,1,4,5,2,2,126.2,0,0,0,1,1,0,22,0,0,6,10,5,11.4,0,0,6,8,5,11.0,0,10.8,1.4,1.74,Graduate,Graduate,0,Social Service,0.8333333333333334,1,0.5,0.0,0,"(20.0, 25.0]"
2298,1,1,1,9238,1,1,124.0,1,1,1,4,4,118.8,0,0,0,1,1,0,19,0,0,6,12,4,12.25,0,0,6,9,6,11.0,0,9.4,-0.8,-3.12,Graduate,Graduate,0,Social Service,0.6666666666666666,2,0.3333333333333333,0.0,0,"(16.999, 19.0]"
2299,1,39,1,9254,1,39,137.0,1,1,1,5,10,124.5,0,0,0,0,1,0,26,0,0,6,0,0,0.0,0,0,6,0,0,0.0,0,16.2,0.3,-0.92,Dropout,Dropout,1,Tourism,0.0,6,0.0,0.0,1,"(25.0, 70.0]"
2300,1,44,1,9119,1,39,140.0,1,5,41,3,2,140.0,0,0,0,1,1,0,23,0,3,7,12,3,14.0,0,1,6,12,1,14.0,0,12.4,0.5,1.79,Enrolled,Enrolled,0,Informatics Engineering,0.42857142857142855,4,0.25,0.0,0,"(20.0, 25.0]"
2301,1,17,1,9070,1,1,131.0,1,19,19,7,7,125.1,0,0,0,1,1,0,18,0,0,6,7,6,12.33333333,0,0,6,10,5,10.8,4,16.2,0.3,-0.92,Enrolled,Enrolled,0,Communication Design,1.0,0,0.8571428571428571,0.0,0,"(16.999, 19.0]"
2302,1,1,1,9147,1,1,130.0,1,37,37,9,9,118.8,0,0,1,1,1,1,22,0,0,5,8,5,10.66666667,0,0,5,11,2,11.0,0,15.5,2.8,-4.06,Enrolled,Enrolled,0,Management,1.0,0,0.625,0.0,1,"(20.0, 25.0]"
2303,1,18,5,9119,1,1,136.0,1,3,2,2,3,125.2,1,0,0,1,1,0,19,0,0,5,9,5,11.83333333,0,0,5,9,5,14.71428571,0,12.4,0.5,1.79,Enrolled,Enrolled,0,Informatics Engineering,1.0,0,0.5555555555555556,0.0,0,"(16.999, 19.0]"
2304,1,17,1,9147,1,1,133.1,1,1,19,4,8,95.0,0,0,0,1,1,0,20,0,0,5,14,0,0.0,0,0,5,5,0,0.0,0,11.1,0.6,2.02,Dropout,Dropout,1,Management,0.0,5,0.0,0.0,0,"(19.0, 20.0]"
2305,1,1,3,9070,1,1,110.0,1,37,37,9,9,107.6,1,0,0,1,1,1,22,0,0,6,6,6,11.66666667,0,0,6,6,6,12.16666667,0,7.6,2.6,0.32,Enrolled,Enrolled,0,Communication Design,1.0,0,1.0,0.0,0,"(20.0, 25.0]"
2306,1,7,1,9130,1,3,140.0,1,2,38,2,3,140.0,1,0,0,0,1,0,18,0,2,5,7,2,13.0,0,0,5,5,0,0.0,0,12.7,3.7,-1.7,Dropout,Dropout,1,Equinculture,0.4,3,0.2857142857142857,0.0,1,"(16.999, 19.0]"
2307,4,43,2,9991,0,38,133.1,1,3,1,2,9,125.4,0,0,0,1,1,0,39,0,0,2,5,0,0.0,0,0,4,4,0,0.0,0,10.8,1.4,1.74,Dropout,Dropout,1,Management (evening attendance),0.0,2,0.0,0.0,0,"(25.0, 70.0]"
2308,1,1,1,9500,1,1,141.0,1,19,1,90,90,128.0,0,0,0,1,1,0,18,0,0,8,8,0,0.0,3,0,8,8,0,0.0,3,10.8,1.4,1.74,Dropout,Dropout,1,Nursing,0.0,8,0.0,0.375,0,"(16.999, 19.0]"
2309,1,17,3,9119,1,1,130.0,1,1,38,3,3,129.3,0,0,0,1,1,1,18,0,0,5,5,5,13.0,0,0,5,5,5,14.2,0,8.9,1.4,3.51,Graduate,Graduate,0,Informatics Engineering,1.0,0,1.0,0.0,0,"(16.999, 19.0]"
2310,1,1,1,9238,1,1,160.0,1,19,38,9,9,152.0,0,0,0,1,1,1,19,0,0,6,7,6,13.85714286,0,0,6,6,6,14.0,0,13.9,-0.3,0.79,Graduate,Graduate,0,Social Service,1.0,0,0.8571428571428571,0.0,0,"(16.999, 19.0]"
2311,1,1,1,9500,1,1,140.0,1,1,19,9,9,128.8,0,0,0,1,1,0,18,0,0,7,7,6,13.39166667,0,0,8,8,8,12.4875,0,12.4,0.5,1.79,Graduate,Graduate,0,Nursing,0.8571428571428571,1,0.8571428571428571,0.0,0,"(16.999, 19.0]"
2312,1,1,1,9147,1,1,150.0,1,34,19,0,4,152.8,1,0,0,1,1,1,18,0,0,5,7,4,12.75,0,0,5,5,0,0.0,0,7.6,2.6,0.32,Dropout,Dropout,1,Management,0.8,1,0.5714285714285714,0.0,0,"(16.999, 19.0]"
2313,1,44,1,9130,1,39,150.0,1,37,37,6,6,150.0,1,0,0,1,1,0,22,0,0,5,7,4,14.5,0,0,5,5,5,14.6,0,10.8,1.4,1.74,Graduate,Graduate,0,Equinculture,0.8,1,0.5714285714285714,0.0,0,"(20.0, 25.0]"
2314,1,1,1,9238,1,1,133.1,1,1,1,3,4,112.0,0,0,0,1,1,0,19,0,0,6,7,6,12.16666667,0,0,6,6,6,12.16666667,0,12.4,0.5,1.79,Graduate,Graduate,0,Social Service,1.0,0,0.8571428571428571,0.0,0,"(16.999, 19.0]"
2315,1,1,1,9130,1,1,152.0,1,19,37,9,8,135.6,1,0,0,1,1,0,18,0,0,5,5,5,15.4,0,0,5,5,5,15.6,0,12.7,3.7,-1.7,Dropout,Dropout,1,Equinculture,1.0,0,1.0,0.0,0,"(16.999, 19.0]"
2316,1,39,1,9119,1,19,133.1,1,1,1,4,3,134.4,0,0,1,0,1,0,31,0,0,5,9,2,13.33333333,0,0,5,9,2,16.0,4,16.2,0.3,-0.92,Dropout,Dropout,1,Informatics Engineering,0.4,3,0.2222222222222222,0.0,1,"(25.0, 70.0]"
2317,1,39,1,9991,0,1,130.0,1,3,1,3,3,120.5,0,0,0,1,1,0,28,0,0,5,5,0,0.0,0,0,5,5,0,0.0,0,12.7,3.7,-1.7,Dropout,Dropout,1,Management (evening attendance),0.0,5,0.0,0.0,0,"(25.0, 70.0]"
2318,1,1,1,9070,1,1,148.0,1,1,1,4,8,141.4,0,0,0,1,1,0,19,0,0,6,0,0,0.0,0,0,6,0,0,0.0,0,15.5,2.8,-4.06,Dropout,Dropout,1,Communication Design,0.0,6,0.0,0.0,0,"(16.999, 19.0]"
2319,1,17,1,9254,1,1,148.0,1,1,1,4,8,145.2,0,0,0,1,1,0,20,0,0,6,7,6,13.71428571,0,0,6,8,6,14.71428571,0,16.2,0.3,-0.92,Graduate,Graduate,0,Tourism,1.0,0,0.8571428571428571,0.0,0,"(19.0, 20.0]"
2320,4,39,1,9238,1,1,130.0,1,19,3,9,2,140.0,0,0,0,1,1,0,50,0,0,6,7,4,12.25,0,0,6,7,0,0.0,0,8.9,1.4,3.51,Dropout,Dropout,1,Social Service,0.6666666666666666,2,0.5714285714285714,0.0,0,"(25.0, 70.0]"
2321,1,43,1,9070,1,1,160.0,1,1,2,4,2,100.0,0,0,0,1,1,0,38,0,1,6,9,5,16.0,1,0,6,11,4,16.5,0,13.9,-0.3,0.79,Enrolled,Enrolled,0,Communication Design,0.8333333333333334,1,0.5555555555555556,0.16666666666666666,0,"(25.0, 70.0]"
2322,2,39,1,9991,0,1,130.0,1,37,37,9,9,140.0,1,0,0,1,1,0,31,0,0,5,8,1,11.0,0,0,5,5,1,13.0,0,9.4,-0.8,-3.12,Dropout,Dropout,1,Management (evening attendance),0.2,4,0.125,0.0,0,"(25.0, 70.0]"
2323,1,39,1,9500,1,1,110.0,1,1,37,9,9,126.0,1,0,0,1,1,0,27,0,0,7,7,7,14.08571429,0,0,7,7,7,14.08571429,0,7.6,2.6,0.32,Enrolled,Enrolled,0,Nursing,1.0,0,1.0,0.0,0,"(25.0, 70.0]"
2324,1,18,1,9238,1,1,122.0,1,1,3,9,2,112.6,1,0,0,1,1,0,21,0,0,6,9,6,10.16666667,0,0,6,10,6,10.5,0,12.7,3.7,-1.7,Graduate,Graduate,0,Social Service,1.0,0,0.6666666666666666,0.0,0,"(20.0, 25.0]"
2325,2,39,1,9119,1,1,110.0,1,37,37,9,9,106.8,0,0,0,1,1,0,34,0,0,5,8,1,10.0,0,0,5,9,0,0.0,0,8.9,1.4,3.51,Dropout,Dropout,1,Informatics Engineering,0.2,4,0.125,0.0,0,"(25.0, 70.0]"
2326,1,51,1,9119,1,1,129.0,1,2,37,2,9,121.6,1,0,0,1,1,0,19,0,0,5,10,0,0.0,0,0,5,7,1,10.0,0,7.6,2.6,0.32,Enrolled,Enrolled,0,Informatics Engineering,0.0,5,0.0,0.0,0,"(16.999, 19.0]"
2327,2,39,1,9991,0,1,110.0,1,37,37,1,4,120.0,1,0,0,0,1,0,40,0,0,5,10,2,10.5,0,0,5,5,3,10.66666667,0,9.4,-0.8,-3.12,Dropout,Dropout,1,Management (evening attendance),0.4,3,0.2,0.0,1,"(25.0, 70.0]"
2328,1,1,1,171,1,1,170.0,1,38,19,9,2,160.6,1,0,0,1,1,1,18,0,0,0,0,0,0.0,0,0,0,0,0,0.0,0,12.7,3.7,-1.7,Graduate,Graduate,0,Animation and Multimedia Design,0.0,0,0.0,0.0,0,"(16.999, 19.0]"
2329,2,39,1,9070,1,12,110.0,1,37,38,5,10,130.0,0,0,1,0,1,1,46,0,0,6,6,0,0.0,0,0,6,6,0,0.0,0,15.5,2.8,-4.06,Dropout,Dropout,1,Communication Design,0.0,6,0.0,0.0,1,"(25.0, 70.0]"
2330,1,43,5,8014,0,1,110.0,1,34,34,0,0,110.0,0,0,0,1,1,0,37,0,0,6,12,0,0.0,0,0,5,10,0,0.0,0,7.6,2.6,0.32,Dropout,Dropout,1,Social Service (evening attendance),0.0,6,0.0,0.0,0,"(25.0, 70.0]"
2331,1,39,1,9003,1,1,133.1,1,19,37,9,7,110.0,1,0,0,1,1,0,31,0,0,6,8,0,0.0,0,0,6,10,0,0.0,0,16.2,0.3,-0.92,Dropout,Dropout,1,Agronomy,0.0,6,0.0,0.0,0,"(25.0, 70.0]"
2332,1,39,1,9003,1,1,133.1,1,1,19,4,10,145.8,0,0,0,1,1,0,34,0,0,6,15,5,13.33333333,0,0,6,15,5,12.4,0,12.4,0.5,1.79,Graduate,Graduate,0,Agronomy,0.8333333333333334,1,0.3333333333333333,0.0,0,"(25.0, 70.0]"
2333,1,1,6,171,1,1,126.0,1,10,10,4,4,130.2,1,0,0,1,1,1,18,0,0,0,0,0,0.0,0,0,0,0,0,0.0,0,9.4,-0.8,-3.12,Dropout,Dropout,1,Animation and Multimedia Design,0.0,0,0.0,0.0,0,"(16.999, 19.0]"
2334,1,1,1,9670,1,1,137.0,1,38,37,9,9,122.3,0,0,0,1,1,1,18,0,0,6,7,6,13.57142857,0,0,6,6,6,14.33333333,0,12.4,0.5,1.79,Graduate,Graduate,0,Advertising and Marketing Management,1.0,0,0.8571428571428571,0.0,0,"(16.999, 19.0]"
2335,1,17,4,9070,1,1,117.0,1,1,1,3,3,125.4,1,0,0,1,1,1,19,0,0,6,6,6,12.83333333,0,0,6,7,6,11.16666667,0,11.1,0.6,2.02,Graduate,Graduate,0,Communication Design,1.0,0,1.0,0.0,0,"(16.999, 19.0]"
2336,1,43,1,9991,0,1,100.0,1,37,19,9,4,130.0,0,0,0,1,1,0,40,0,1,5,6,4,10.25,0,3,8,18,5,11.2,5,15.5,2.8,-4.06,Dropout,Dropout,1,Management (evening attendance),0.8,1,0.6666666666666666,0.0,0,"(25.0, 70.0]"
2337,1,39,1,9130,1,1,120.0,1,1,38,9,9,150.0,0,0,0,1,1,0,25,0,0,6,6,0,0.0,0,0,6,6,0,0.0,0,12.4,0.5,1.79,Dropout,Dropout,1,Equinculture,0.0,6,0.0,0.0,0,"(20.0, 25.0]"
2338,1,17,5,9119,1,1,126.0,1,38,38,5,9,116.9,1,0,1,1,1,0,20,0,0,5,5,4,14.5,0,0,6,8,3,13.33333333,0,11.1,0.6,2.02,Dropout,Dropout,1,Informatics Engineering,0.8,1,0.8,0.0,1,"(19.0, 20.0]"
2339,1,17,1,9119,1,1,122.0,1,19,19,9,9,114.7,0,0,0,1,1,0,20,0,0,5,6,5,15.8,0,0,5,8,5,13.71428571,0,11.1,0.6,2.02,Enrolled,Enrolled,0,Informatics Engineering,1.0,0,0.8333333333333334,0.0,0,"(19.0, 20.0]"
2340,1,39,1,9003,1,1,111.0,1,37,37,9,10,95.8,1,0,0,0,1,0,43,0,0,6,0,0,0.0,0,0,6,0,0,0.0,0,15.5,2.8,-4.06,Dropout,Dropout,1,Agronomy,0.0,6,0.0,0.0,1,"(25.0, 70.0]"
2341,1,17,4,9119,1,1,139.0,1,37,19,9,4,133.1,1,0,0,1,1,0,18,0,0,5,8,4,12.5,0,0,5,7,3,14.66666667,1,7.6,2.6,0.32,Enrolled,Enrolled,0,Informatics Engineering,0.8,1,0.5,0.0,0,"(16.999, 19.0]"
2342,1,43,1,9003,1,1,150.0,1,2,4,4,1,150.0,0,0,0,1,1,0,35,0,16,18,22,18,11.66666667,0,12,13,13,12,11.5,1,15.5,2.8,-4.06,Graduate,Graduate,0,Agronomy,1.0,0,0.8181818181818182,0.0,0,"(25.0, 70.0]"
2343,1,17,2,9991,0,1,116.0,1,37,19,9,4,118.5,0,0,0,1,1,0,23,0,0,5,6,4,13.0,0,0,5,5,5,13.0,0,7.6,2.6,0.32,Graduate,Graduate,0,Management (evening attendance),0.8,1,0.6666666666666666,0.0,0,"(20.0, 25.0]"
2344,1,17,1,9500,1,1,130.0,1,3,3,2,2,131.1,0,0,0,1,1,0,19,0,0,7,8,7,12.12142857,0,0,9,12,8,11.50625,0,12.4,0.5,1.79,Graduate,Graduate,0,Nursing,1.0,0,0.875,0.0,0,"(16.999, 19.0]"
2345,1,53,1,9085,1,42,150.0,1,1,19,3,8,150.3,1,0,0,1,1,1,21,0,7,11,15,9,14.22222222,0,4,9,15,7,13.75,0,8.9,1.4,3.51,Graduate,Graduate,0,Veterinary Nursing,0.8181818181818182,2,0.6,0.0,0,"(20.0, 25.0]"
2346,1,43,1,9670,1,1,132.0,1,3,19,4,8,120.5,0,0,0,1,1,0,19,0,0,6,17,4,12.5,0,0,6,8,4,13.25,0,13.9,-0.3,0.79,Enrolled,Enrolled,0,Advertising and Marketing Management,0.6666666666666666,2,0.23529411764705882,0.0,0,"(16.999, 19.0]"
2347,1,18,1,9119,1,1,108.0,1,1,1,4,3,105.6,1,0,0,1,1,0,20,0,0,5,7,5,12.16666667,0,0,5,7,5,15.28571429,0,12.4,0.5,1.79,Graduate,Graduate,0,Informatics Engineering,1.0,0,0.7142857142857143,0.0,0,"(19.0, 20.0]"
2348,1,39,1,9670,1,1,133.1,1,19,19,3,3,125.3,0,1,0,1,1,1,30,0,0,6,0,0,0.0,0,0,6,0,0,0.0,0,12.4,0.5,1.79,Dropout,Dropout,1,Advertising and Marketing Management,0.0,6,0.0,0.0,0,"(25.0, 70.0]"
2349,4,39,1,9254,1,1,120.0,1,37,19,9,9,131.0,1,0,0,1,1,0,44,0,0,6,6,6,12.66666667,0,0,6,6,6,11.5,0,12.4,0.5,1.79,Graduate,Graduate,0,Tourism,1.0,0,1.0,0.0,0,"(25.0, 70.0]"
2350,1,18,1,9500,1,1,146.0,1,19,3,4,9,127.0,0,0,0,1,1,0,19,0,0,8,8,7,13.61428571,0,0,8,8,7,13.61428571,0,12.7,3.7,-1.7,Graduate,Graduate,0,Nursing,0.875,1,0.875,0.0,0,"(16.999, 19.0]"
2351,1,44,1,9130,1,39,150.0,1,2,1,3,6,150.0,1,0,0,1,1,0,22,0,11,18,32,12,12.85714286,1,8,12,15,10,14.3,0,16.2,0.3,-0.92,Graduate,Graduate,0,Equinculture,0.6666666666666666,6,0.375,0.05555555555555555,0,"(20.0, 25.0]"
2352,1,1,1,9130,1,1,160.0,1,3,3,1,2,149.2,0,0,0,1,1,0,18,0,0,5,7,4,14.0,0,0,5,5,5,14.2,0,7.6,2.6,0.32,Graduate,Graduate,0,Equinculture,0.8,1,0.5714285714285714,0.0,0,"(16.999, 19.0]"
2353,1,17,1,9670,1,1,125.0,1,37,37,9,9,121.5,1,0,0,1,1,1,21,0,0,6,8,4,14.75,0,0,6,6,5,11.8,0,12.7,3.7,-1.7,Graduate,Graduate,0,Advertising and Marketing Management,0.6666666666666666,2,0.5,0.0,0,"(20.0, 25.0]"
2354,1,1,2,9085,1,1,125.0,1,37,19,90,90,137.3,0,0,0,1,1,0,18,0,0,6,0,0,0.0,0,0,6,0,0,0.0,0,7.6,2.6,0.32,Dropout,Dropout,1,Veterinary Nursing,0.0,6,0.0,0.0,0,"(16.999, 19.0]"
2355,1,17,4,9670,1,1,122.0,1,3,1,2,3,119.6,1,0,0,1,1,0,18,0,0,6,8,6,13.625,0,0,6,7,6,14.28571429,0,11.1,0.6,2.02,Graduate,Graduate,0,Advertising and Marketing Management,1.0,0,0.75,0.0,0,"(16.999, 19.0]"
2356,1,1,1,171,1,1,138.0,1,1,1,4,3,141.5,0,0,0,1,1,0,19,0,0,0,0,0,0.0,0,0,0,0,0,0.0,0,7.6,2.6,0.32,Graduate,Graduate,0,Animation and Multimedia Design,0.0,0,0.0,0.0,0,"(16.999, 19.0]"
2357,1,44,1,9003,1,39,150.0,1,1,38,6,6,150.0,1,0,0,1,1,0,21,0,0,6,12,4,11.8,0,0,6,11,4,11.875,0,16.2,0.3,-0.92,Dropout,Dropout,1,Agronomy,0.6666666666666666,2,0.3333333333333333,0.0,0,"(20.0, 25.0]"
2358,1,39,1,9003,1,1,140.0,1,3,3,2,2,110.0,0,0,0,1,1,0,31,0,0,6,8,6,15.125,0,0,6,10,6,14.6,0,16.2,0.3,-0.92,Graduate,Graduate,0,Agronomy,1.0,0,0.75,0.0,0,"(25.0, 70.0]"
2359,1,17,5,9254,1,1,113.0,1,1,1,2,3,110.2,1,0,0,1,1,0,21,0,0,6,10,4,11.5,0,0,6,10,2,10.5,0,9.4,-0.8,-3.12,Dropout,Dropout,1,Tourism,0.6666666666666666,2,0.4,0.0,0,"(20.0, 25.0]"
2360,1,39,1,9119,1,1,139.0,1,19,19,9,7,110.3,0,0,1,1,1,0,24,0,0,5,12,1,10.0,0,0,5,11,1,11.0,0,8.9,1.4,3.51,Enrolled,Enrolled,0,Informatics Engineering,0.2,4,0.08333333333333333,0.0,1,"(20.0, 25.0]"
2361,1,42,1,9773,1,1,133.1,1,19,6,4,3,120.0,0,0,0,1,1,0,27,0,0,4,8,0,0.0,0,0,5,10,0,0.0,0,9.4,-0.8,-3.12,Dropout,Dropout,1,Journalism and Communication,0.0,4,0.0,0.0,0,"(25.0, 70.0]"
2362,1,1,5,9147,1,1,118.0,1,19,19,9,9,114.2,1,0,0,1,1,0,20,0,0,5,9,3,10.33333333,0,0,5,6,5,12.8,0,12.4,0.5,1.79,Graduate,Graduate,0,Management,0.6,2,0.3333333333333333,0.0,0,"(19.0, 20.0]"
2363,1,44,1,9119,1,39,140.0,1,1,19,4,5,140.0,1,0,0,1,1,0,22,0,0,5,9,0,0.0,0,0,5,6,2,11.66666667,0,10.8,1.4,1.74,Enrolled,Enrolled,0,Informatics Engineering,0.0,5,0.0,0.0,0,"(20.0, 25.0]"
2364,1,1,1,9003,1,1,144.0,1,19,19,9,9,132.8,0,0,0,1,1,1,19,0,0,6,9,4,12.0,2,0,6,10,4,12.5,0,15.5,2.8,-4.06,Enrolled,Enrolled,0,Agronomy,0.6666666666666666,2,0.4444444444444444,0.3333333333333333,0,"(16.999, 19.0]"
2365,1,18,1,9773,1,1,125.0,1,1,1,4,7,121.5,1,0,0,1,1,0,19,0,0,6,6,6,13.83333333,0,0,6,6,6,14.5,0,8.9,1.4,3.51,Graduate,Graduate,0,Journalism and Communication,1.0,0,1.0,0.0,0,"(16.999, 19.0]"
2366,1,1,1,171,1,1,131.0,1,1,1,7,4,127.2,1,0,1,1,1,0,23,0,13,17,19,13,12.15384615,0,10,17,28,11,11.90909091,1,11.1,0.6,2.02,Enrolled,Enrolled,0,Animation and Multimedia Design,0.7647058823529411,4,0.6842105263157895,0.0,1,"(20.0, 25.0]"
2367,1,17,1,9130,1,1,131.0,1,12,12,2,8,128.2,1,0,0,1,1,0,18,0,0,6,7,6,14.0,0,0,6,8,6,13.66666667,0,12.4,0.5,1.79,Graduate,Graduate,0,Equinculture,1.0,0,0.8571428571428571,0.0,0,"(16.999, 19.0]"
2368,1,1,1,9773,1,1,140.0,1,3,2,4,6,133.4,1,0,0,0,1,0,29,0,0,6,8,6,16.5,0,0,6,6,5,13.8,0,11.1,0.6,2.02,Enrolled,Enrolled,0,Journalism and Communication,1.0,0,0.75,0.0,1,"(25.0, 70.0]"
2369,1,39,1,9130,1,1,133.1,1,1,19,4,5,120.0,1,0,0,1,1,0,29,0,0,5,11,1,18.0,2,0,5,10,3,13.33333333,2,10.8,1.4,1.74,Dropout,Dropout,1,Equinculture,0.2,4,0.09090909090909091,0.4,0,"(25.0, 70.0]"
2370,1,44,1,9003,1,1,140.0,1,1,1,4,5,140.0,0,0,0,1,1,0,20,0,0,6,11,6,11.28571429,0,0,6,12,5,11.77777778,0,16.2,0.3,-0.92,Enrolled,Enrolled,0,Agronomy,1.0,0,0.5454545454545454,0.0,0,"(19.0, 20.0]"
2371,1,1,5,171,1,1,139.0,1,19,3,9,2,136.9,1,0,0,1,1,1,19,0,0,0,0,0,0.0,0,0,0,0,0,0.0,0,9.4,-0.8,-3.12,Graduate,Graduate,0,Animation and Multimedia Design,0.0,0,0.0,0.0,0,"(16.999, 19.0]"
2372,1,17,3,171,1,1,125.0,1,3,39,2,5,117.0,1,1,0,1,1,0,22,0,0,0,0,0,0.0,0,0,0,0,0,0.0,0,10.8,1.4,1.74,Enrolled,Enrolled,0,Animation and Multimedia Design,0.0,0,0.0,0.0,0,"(20.0, 25.0]"
2373,1,1,2,9670,1,1,117.0,1,3,1,3,5,110.7,1,0,0,1,1,0,20,0,0,6,10,5,14.0,0,0,6,10,6,12.0,0,11.1,0.6,2.02,Enrolled,Enrolled,0,Advertising and Marketing Management,0.8333333333333334,1,0.5,0.0,0,"(19.0, 20.0]"
2374,1,39,1,9130,1,1,150.0,1,19,19,9,5,160.0,1,0,0,1,1,0,24,0,0,5,13,4,13.75,1,0,5,9,3,12.0,0,9.4,-0.8,-3.12,Enrolled,Enrolled,0,Equinculture,0.8,1,0.3076923076923077,0.2,0,"(20.0, 25.0]"
2375,1,1,1,9670,1,1,95.0,1,37,37,5,8,95.0,0,0,0,0,1,0,21,0,0,6,9,4,13.25,0,0,6,6,5,11.0,0,12.7,3.7,-1.7,Dropout,Dropout,1,Advertising and Marketing Management,0.6666666666666666,2,0.4444444444444444,0.0,1,"(20.0, 25.0]"
2376,1,39,1,9147,1,1,150.0,1,37,1,7,3,148.8,0,0,0,1,1,1,25,0,0,5,7,4,14.25,0,0,5,7,4,14.75,0,12.7,3.7,-1.7,Graduate,Graduate,0,Management,0.8,1,0.5714285714285714,0.0,0,"(20.0, 25.0]"
2377,1,39,1,9147,1,1,120.0,1,37,37,9,9,110.0,0,0,0,0,1,0,32,0,0,5,9,0,0.0,1,0,5,5,0,0.0,0,9.4,-0.8,-3.12,Dropout,Dropout,1,Management,0.0,5,0.0,0.2,1,"(25.0, 70.0]"
2378,1,43,1,9991,0,1,136.0,1,3,4,2,2,133.9,0,0,0,0,1,0,26,0,8,12,12,8,11.25,0,3,8,8,3,11.33333333,0,7.6,2.6,0.32,Dropout,Dropout,1,Management (evening attendance),0.6666666666666666,4,0.6666666666666666,0.0,1,"(25.0, 70.0]"
2379,1,1,1,9130,1,1,133.0,1,2,37,9,7,125.7,1,0,0,1,1,1,18,0,0,6,7,6,13.5,0,0,6,8,6,12.5,0,12.4,0.5,1.79,Graduate,Graduate,0,Equinculture,1.0,0,0.8571428571428571,0.0,0,"(16.999, 19.0]"
2380,1,17,1,9254,1,1,125.0,1,1,19,4,7,116.6,0,0,0,1,1,1,19,0,0,6,8,5,12.66666667,0,0,6,10,6,12.85714286,0,16.2,0.3,-0.92,Graduate,Graduate,0,Tourism,0.8333333333333334,1,0.625,0.0,0,"(16.999, 19.0]"
2381,1,1,3,9070,1,1,127.0,1,19,38,5,7,141.0,1,0,0,1,1,1,19,0,0,6,6,6,15.16666667,0,0,6,6,6,12.33333333,0,12.4,0.5,1.79,Graduate,Graduate,0,Communication Design,1.0,0,1.0,0.0,0,"(16.999, 19.0]"
2382,1,7,1,9119,1,40,130.0,1,1,1,4,4,130.0,0,0,0,1,1,0,27,0,4,6,6,6,13.16666667,0,2,5,7,5,15.14285714,0,11.1,0.6,2.02,Dropout,Dropout,1,Informatics Engineering,1.0,0,1.0,0.0,0,"(25.0, 70.0]"
2383,1,53,1,9003,1,1,130.0,1,19,1,9,9,130.0,0,0,1,1,1,0,21,0,7,12,20,10,11.8,0,5,12,15,9,11.44444444,0,8.9,1.4,3.51,Enrolled,Enrolled,0,Agronomy,0.8333333333333334,2,0.5,0.0,1,"(20.0, 25.0]"
2384,1,17,1,9119,1,1,127.0,1,19,1,4,5,115.8,0,0,0,1,1,0,20,0,0,5,10,4,11.5,0,0,5,11,0,0.0,0,13.9,-0.3,0.79,Enrolled,Enrolled,0,Informatics Engineering,0.8,1,0.4,0.0,0,"(19.0, 20.0]"
2385,1,44,1,9070,1,39,140.0,1,19,38,4,0,140.0,1,0,0,1,1,0,21,0,0,6,6,6,14.5,0,0,6,8,6,11.33333333,0,12.4,0.5,1.79,Graduate,Graduate,0,Communication Design,1.0,0,1.0,0.0,0,"(20.0, 25.0]"
2386,1,1,5,9773,1,1,125.0,1,37,3,5,2,126.1,1,0,0,1,1,0,22,0,0,6,10,5,13.4,0,0,6,12,3,10.66666667,0,9.4,-0.8,-3.12,Enrolled,Enrolled,0,Journalism and Communication,0.8333333333333334,1,0.5,0.0,0,"(20.0, 25.0]"
2387,1,1,1,171,1,1,135.0,1,1,38,5,7,137.5,1,0,1,0,1,0,19,0,0,0,0,0,0.0,0,0,0,0,0,0.0,0,12.7,3.7,-1.7,Graduate,Graduate,0,Animation and Multimedia Design,0.0,0,0.0,0.0,1,"(16.999, 19.0]"
2388,1,17,4,9147,1,1,132.0,1,38,19,5,5,120.8,1,0,0,1,1,1,18,0,0,5,8,4,10.8,0,0,5,10,2,12.5,0,11.1,0.6,2.02,Dropout,Dropout,1,Management,0.8,1,0.5,0.0,0,"(16.999, 19.0]"
2389,1,39,2,9238,1,1,110.0,1,19,1,5,5,136.5,0,0,0,1,1,0,28,0,0,5,6,0,0.0,0,0,5,5,0,0.0,0,13.9,-0.3,0.79,Dropout,Dropout,1,Social Service,0.0,5,0.0,0.0,0,"(25.0, 70.0]"
2390,2,39,1,9003,1,1,130.0,1,1,37,9,1,122.0,0,0,1,0,1,0,25,0,3,10,23,6,11.42857143,0,2,7,15,4,12.0,1,15.5,2.8,-4.06,Dropout,Dropout,1,Agronomy,0.6,4,0.2608695652173913,0.0,1,"(20.0, 25.0]"
2391,1,43,1,9003,1,1,130.0,1,37,1,5,4,130.0,0,0,0,1,1,0,25,0,8,14,24,8,12.5,2,6,13,23,10,11.6,0,15.5,2.8,-4.06,Dropout,Dropout,1,Agronomy,0.5714285714285714,6,0.3333333333333333,0.14285714285714285,0,"(20.0, 25.0]"
2392,1,1,1,9147,1,1,135.0,1,38,19,9,5,126.3,0,0,0,1,1,0,18,0,0,5,11,2,13.5,0,0,5,11,3,12.33333333,0,8.9,1.4,3.51,Enrolled,Enrolled,0,Management,0.4,3,0.18181818181818182,0.0,0,"(16.999, 19.0]"
2393,1,1,1,9254,1,1,133.1,1,4,19,4,5,98.0,0,0,0,1,1,0,26,0,0,6,6,0,0.0,0,0,6,12,0,0.0,0,10.8,1.4,1.74,Dropout,Dropout,1,Tourism,0.0,6,0.0,0.0,0,"(25.0, 70.0]"
2394,1,17,3,9147,1,1,135.0,1,37,37,6,5,121.0,1,0,0,1,1,1,18,0,0,5,8,5,12.75,0,0,5,7,5,11.5,0,13.9,-0.3,0.79,Graduate,Graduate,0,Management,1.0,0,0.625,0.0,0,"(16.999, 19.0]"
2395,1,43,1,9773,1,1,128.0,1,19,38,9,7,124.2,1,0,0,1,1,0,22,0,0,6,17,3,11.33333333,3,0,6,14,3,12.33333333,0,15.5,2.8,-4.06,Enrolled,Enrolled,0,Journalism and Communication,0.5,3,0.17647058823529413,0.5,0,"(20.0, 25.0]"
2396,1,39,1,9003,1,1,140.0,1,1,3,4,5,130.0,0,0,0,1,1,0,25,0,0,6,8,0,0.0,0,0,6,10,0,0.0,0,16.2,0.3,-0.92,Dropout,Dropout,1,Agronomy,0.0,6,0.0,0.0,0,"(20.0, 25.0]"
2397,1,1,2,9773,1,1,135.0,1,3,1,4,4,136.1,1,0,0,1,1,0,19,0,0,6,9,5,11.4,0,0,6,13,5,12.4,0,8.9,1.4,3.51,Enrolled,Enrolled,0,Journalism and Communication,0.8333333333333334,1,0.5555555555555556,0.0,0,"(16.999, 19.0]"
2398,1,17,2,9773,1,1,131.0,1,3,19,2,3,132.8,1,0,0,1,1,0,19,0,0,6,7,6,14.42857143,0,0,6,7,6,14.57142857,0,13.9,-0.3,0.79,Graduate,Graduate,0,Journalism and Communication,1.0,0,0.8571428571428571,0.0,0,"(16.999, 19.0]"
2399,1,17,1,9500,1,1,131.0,1,1,1,5,5,126.3,0,0,0,1,1,0,19,0,0,7,9,7,12.49285714,0,0,8,10,8,11.7125,0,16.2,0.3,-0.92,Graduate,Graduate,0,Nursing,1.0,0,0.7777777777777778,0.0,0,"(16.999, 19.0]"
2400,4,39,1,8014,0,19,100.0,1,1,37,9,1,111.5,0,0,0,1,1,0,45,0,2,8,10,4,11.5,0,2,8,13,4,11.0,0,10.8,1.4,1.74,Dropout,Dropout,1,Social Service (evening attendance),0.5,4,0.4,0.0,0,"(25.0, 70.0]"
2401,2,39,1,9991,0,1,140.0,1,37,37,9,9,118.2,0,0,0,1,1,0,52,0,0,5,7,5,11.2,0,0,5,6,5,12.8,1,7.6,2.6,0.32,Graduate,Graduate,0,Management (evening attendance),1.0,0,0.7142857142857143,0.0,0,"(25.0, 70.0]"
2402,1,1,1,9147,1,1,124.0,1,19,19,9,3,115.6,1,0,0,0,1,0,20,0,0,5,9,3,12.0,1,0,5,7,3,11.0,0,9.4,-0.8,-3.12,Dropout,Dropout,1,Management,0.6,2,0.3333333333333333,0.2,1,"(19.0, 20.0]"
2403,1,1,1,9500,1,1,130.0,1,38,37,5,10,117.8,1,0,0,1,1,0,19,0,0,8,8,7,15.88571429,0,0,8,8,7,15.88571429,0,10.8,1.4,1.74,Graduate,Graduate,0,Nursing,0.875,1,0.875,0.0,0,"(16.999, 19.0]"
2404,1,1,1,9500,1,1,142.0,1,1,38,9,9,127.0,0,0,1,0,1,0,21,0,0,7,12,4,12.94,0,0,7,12,4,11.58,0,12.4,0.5,1.79,Dropout,Dropout,1,Nursing,0.5714285714285714,3,0.3333333333333333,0.0,1,"(20.0, 25.0]"
2405,2,39,1,8014,0,1,150.0,1,37,37,9,9,140.0,0,0,0,0,1,0,35,0,0,6,6,6,14.0,0,0,6,6,6,14.16666667,0,9.4,-0.8,-3.12,Graduate,Graduate,0,Social Service (evening attendance),1.0,0,1.0,0.0,1,"(25.0, 70.0]"
2406,2,39,1,171,1,12,110.0,1,37,37,7,7,106.0,1,0,0,1,1,0,36,0,0,0,0,0,0.0,0,0,0,0,0,0.0,0,7.6,2.6,0.32,Graduate,Graduate,0,Animation and Multimedia Design,0.0,0,0.0,0.0,0,"(25.0, 70.0]"
2407,4,39,1,9500,1,19,110.0,1,37,38,5,5,151.0,0,0,1,0,1,0,47,0,0,7,7,0,0.0,7,0,8,8,0,0.0,8,15.5,2.8,-4.06,Dropout,Dropout,1,Nursing,0.0,7,0.0,1.0,1,"(25.0, 70.0]"
2408,1,18,1,9991,0,1,112.0,1,43,40,2,2,106.4,0,0,0,1,1,0,22,0,0,5,0,0,0.0,0,0,5,0,0,0.0,0,8.9,1.4,3.51,Dropout,Dropout,1,Management (evening attendance),0.0,5,0.0,0.0,0,"(20.0, 25.0]"
2409,2,39,1,9991,0,1,100.0,1,37,37,9,9,125.3,1,0,0,1,1,0,41,0,0,5,8,4,11.25,0,0,5,8,3,11.0,1,7.6,2.6,0.32,Dropout,Dropout,1,Management (evening attendance),0.8,1,0.5,0.0,0,"(25.0, 70.0]"
2410,1,7,1,9119,1,3,130.0,1,34,34,90,90,130.0,0,0,0,1,1,0,26,0,0,5,5,0,0.0,0,0,5,6,0,0.0,0,10.8,1.4,1.74,Dropout,Dropout,1,Informatics Engineering,0.0,5,0.0,0.0,0,"(25.0, 70.0]"
2411,2,39,1,8014,0,1,133.1,1,34,34,90,90,116.0,0,0,0,0,0,0,51,0,0,6,13,4,11.25,0,0,6,12,0,0.0,1,10.8,1.4,1.74,Dropout,Dropout,1,Social Service (evening attendance),0.6666666666666666,2,0.3076923076923077,0.0,1,"(25.0, 70.0]"
2412,2,39,2,9991,0,1,150.0,1,37,37,9,9,120.0,0,0,0,1,0,0,43,0,0,5,11,3,10.66666667,0,1,5,10,4,12.5,0,9.4,-0.8,-3.12,Enrolled,Enrolled,0,Management (evening attendance),0.6,2,0.2727272727272727,0.0,0,"(25.0, 70.0]"
2413,2,39,2,8014,0,1,100.0,1,34,34,0,0,100.0,1,0,0,1,0,0,41,0,0,6,9,5,11.8,0,1,6,10,3,10.66666667,1,7.6,2.6,0.32,Graduate,Graduate,0,Social Service (evening attendance),0.8333333333333334,1,0.5555555555555556,0.0,0,"(25.0, 70.0]"
2414,1,43,2,9147,1,1,130.0,1,34,37,9,9,118.5,1,0,0,1,1,0,23,0,5,10,19,8,11.625,1,4,10,16,10,11.18181818,3,7.6,2.6,0.32,Graduate,Graduate,0,Management,0.8,2,0.42105263157894735,0.1,0,"(20.0, 25.0]"
2415,1,43,2,9238,1,1,129.0,1,34,30,0,5,118.9,1,0,0,1,1,0,22,0,0,6,11,0,0.0,0,0,5,10,0,0.0,0,9.4,-0.8,-3.12,Dropout,Dropout,1,Social Service,0.0,6,0.0,0.0,0,"(20.0, 25.0]"
2416,1,17,2,9070,1,1,127.0,1,37,37,9,9,119.3,1,1,0,1,1,1,25,0,0,6,8,4,10.25,0,0,6,6,4,11.25,0,12.7,3.7,-1.7,Dropout,Dropout,1,Communication Design,0.6666666666666666,2,0.5,0.0,0,"(20.0, 25.0]"
2417,1,43,1,9991,0,1,140.0,1,37,37,9,9,135.8,1,0,0,1,1,0,25,0,14,15,16,15,10.8,0,13,14,14,14,11.35714286,0,9.4,-0.8,-3.12,Graduate,Graduate,0,Management (evening attendance),1.0,0,0.9375,0.0,0,"(20.0, 25.0]"
2418,1,53,1,171,1,42,130.0,1,1,19,9,9,130.0,1,0,0,0,1,1,22,0,5,12,15,11,12.54545455,0,4,11,16,11,12.66666667,0,8.9,1.4,3.51,Graduate,Graduate,0,Animation and Multimedia Design,0.9166666666666666,1,0.7333333333333333,0.0,1,"(20.0, 25.0]"
2419,1,39,1,9003,1,1,133.1,6,1,1,192,144,129.8,0,0,0,1,1,0,24,1,0,7,7,7,13.57142857,0,0,6,9,5,13.4,0,8.9,1.4,3.51,Enrolled,Enrolled,0,Agronomy,1.0,0,1.0,0.0,0,"(20.0, 25.0]"
2420,1,39,1,9085,1,2,140.0,1,38,38,9,10,150.0,0,0,0,1,1,0,47,0,0,6,0,0,0.0,0,0,6,0,0,0.0,0,16.2,0.3,-0.92,Dropout,Dropout,1,Veterinary Nursing,0.0,6,0.0,0.0,0,"(25.0, 70.0]"
2421,2,39,1,9991,0,19,133.1,1,37,37,5,5,111.9,1,0,0,1,1,0,41,0,0,5,5,0,0.0,0,0,5,5,0,0.0,0,7.6,2.6,0.32,Dropout,Dropout,1,Management (evening attendance),0.0,5,0.0,0.0,0,"(25.0, 70.0]"
2422,1,39,1,9003,1,1,120.0,1,37,37,9,9,150.1,1,0,0,1,1,0,43,0,0,6,9,6,14.77777778,0,0,6,11,5,12.2,0,13.9,-0.3,0.79,Graduate,Graduate,0,Agronomy,1.0,0,0.6666666666666666,0.0,0,"(25.0, 70.0]"
2423,1,39,1,9003,1,1,133.1,1,1,37,9,8,130.0,0,0,0,1,1,0,29,0,0,3,4,0,0.0,0,0,4,8,0,0.0,0,16.2,0.3,-0.92,Dropout,Dropout,1,Agronomy,0.0,3,0.0,0.0,0,"(25.0, 70.0]"
2424,1,39,2,9119,1,1,120.0,1,37,37,5,5,128.0,0,0,0,1,1,0,30,0,0,2,2,0,0.0,0,0,2,2,0,0.0,0,7.6,2.6,0.32,Dropout,Dropout,1,Informatics Engineering,0.0,2,0.0,0.0,0,"(25.0, 70.0]"
2425,1,39,2,9147,1,38,133.1,1,19,38,9,9,102.5,0,0,0,0,1,0,26,0,0,4,4,0,0.0,0,0,5,0,0,0.0,0,12.7,3.7,-1.7,Dropout,Dropout,1,Management,0.0,4,0.0,0.0,1,"(25.0, 70.0]"
2426,1,39,2,9991,0,1,133.1,1,19,38,9,9,102.5,0,0,0,0,1,0,27,0,0,5,10,0,0.0,0,0,5,5,0,0.0,0,15.5,2.8,-4.06,Dropout,Dropout,1,Management (evening attendance),0.0,5,0.0,0.0,1,"(25.0, 70.0]"
2427,2,39,2,9670,1,1,100.0,1,37,37,9,9,110.0,0,0,0,1,1,1,36,0,0,5,5,5,11.4,0,0,5,7,5,11.6,0,9.4,-0.8,-3.12,Graduate,Graduate,0,Advertising and Marketing Management,1.0,0,1.0,0.0,0,"(25.0, 70.0]"
2428,1,39,1,9003,1,19,133.1,1,1,19,4,10,114.0,0,0,0,1,1,0,29,0,3,9,13,6,11.66666667,0,2,7,10,6,10.85714286,0,15.5,2.8,-4.06,Dropout,Dropout,1,Agronomy,0.6666666666666666,3,0.46153846153846156,0.0,0,"(25.0, 70.0]"
2429,1,42,1,9119,1,1,120.0,1,34,34,0,0,128.2,1,0,0,1,1,0,35,0,6,10,12,7,11.28571429,0,2,8,8,5,13.0,0,9.4,-0.8,-3.12,Dropout,Dropout,1,Informatics Engineering,0.7,3,0.5833333333333334,0.0,0,"(25.0, 70.0]"
2430,1,1,1,9773,1,1,128.0,1,38,38,6,3,116.5,0,0,0,1,1,1,18,0,0,6,12,4,11.5,0,0,6,10,5,12.6,0,10.8,1.4,1.74,Graduate,Graduate,0,Journalism and Communication,0.6666666666666666,2,0.3333333333333333,0.0,0,"(16.999, 19.0]"
2431,1,1,1,9991,0,1,172.0,1,38,37,9,9,149.3,0,0,0,1,1,1,24,0,0,5,5,5,16.0,0,0,5,5,5,16.0,0,8.9,1.4,3.51,Graduate,Graduate,0,Management (evening attendance),1.0,0,1.0,0.0,0,"(20.0, 25.0]"
2432,1,1,3,9773,1,1,146.0,1,38,38,9,7,134.1,1,0,0,1,1,1,18,0,0,6,6,6,12.5,0,0,6,7,6,12.66666667,0,10.8,1.4,1.74,Dropout,Dropout,1,Journalism and Communication,1.0,0,1.0,0.0,0,"(16.999, 19.0]"
2433,1,17,4,9119,1,1,135.0,1,38,37,5,7,126.6,1,0,0,1,1,0,18,0,0,5,7,4,12.0,0,0,5,10,3,13.0,3,7.6,2.6,0.32,Enrolled,Enrolled,0,Informatics Engineering,0.8,1,0.5714285714285714,0.0,0,"(16.999, 19.0]"
2434,2,43,1,9085,1,1,160.0,1,37,37,9,7,120.0,0,0,0,1,1,0,21,0,0,5,11,0,0.0,2,0,5,11,3,11.66666667,1,9.4,-0.8,-3.12,Enrolled,Enrolled,0,Veterinary Nursing,0.0,5,0.0,0.4,0,"(20.0, 25.0]"
2435,1,42,1,9119,1,1,150.0,1,38,37,5,8,133.5,1,0,0,1,1,0,21,0,0,5,10,5,13.0,0,0,5,10,5,12.6,0,9.4,-0.8,-3.12,Graduate,Graduate,0,Informatics Engineering,1.0,0,0.5,0.0,0,"(20.0, 25.0]"
2436,1,39,1,9003,1,1,130.0,1,1,3,2,6,110.0,0,0,0,1,1,0,32,0,8,18,27,13,13.71428571,1,7,12,18,12,12.08333333,0,15.5,2.8,-4.06,Graduate,Graduate,0,Agronomy,0.7222222222222222,5,0.48148148148148145,0.05555555555555555,0,"(25.0, 70.0]"
2437,1,1,4,9119,1,1,111.0,1,37,37,9,5,107.5,1,0,0,1,1,1,22,0,0,5,9,3,12.33333333,0,0,6,14,3,12.5,0,11.1,0.6,2.02,Dropout,Dropout,1,Informatics Engineering,0.6,2,0.3333333333333333,0.0,0,"(20.0, 25.0]"
2438,1,7,1,9003,1,3,130.0,1,1,38,9,7,130.0,1,0,0,0,1,0,32,0,11,17,31,11,12.72727273,4,10,12,24,10,12.7,1,15.5,2.8,-4.06,Dropout,Dropout,1,Agronomy,0.6470588235294118,6,0.3548387096774194,0.23529411764705882,1,"(25.0, 70.0]"
2439,1,43,1,9670,1,6,170.0,1,34,34,0,0,111.6,0,0,0,1,1,0,35,0,1,5,5,1,14.0,0,0,5,5,0,0.0,0,9.4,-0.8,-3.12,Dropout,Dropout,1,Advertising and Marketing Management,0.2,4,0.2,0.0,0,"(25.0, 70.0]"
2440,1,18,3,9147,1,1,133.1,1,1,38,4,7,101.0,1,0,0,0,1,0,23,0,0,5,0,0,0.0,0,0,5,0,0,0.0,0,8.9,1.4,3.51,Dropout,Dropout,1,Management,0.0,5,0.0,0.0,1,"(20.0, 25.0]"
2441,1,39,1,8014,0,1,100.0,1,37,37,6,6,108.3,0,0,0,1,1,0,39,0,0,6,8,5,11.4,0,1,6,12,3,11.0,1,7.6,2.6,0.32,Enrolled,Enrolled,0,Social Service (evening attendance),0.8333333333333334,1,0.625,0.0,0,"(25.0, 70.0]"
2442,2,43,1,9670,1,1,120.0,1,34,34,0,0,128.2,0,0,0,1,1,0,35,0,0,5,5,0,0.0,0,0,5,5,1,10.0,0,9.4,-0.8,-3.12,Dropout,Dropout,1,Advertising and Marketing Management,0.0,5,0.0,0.0,0,"(25.0, 70.0]"
2443,2,39,1,9003,1,3,110.0,1,3,19,4,6,150.0,0,0,0,1,1,0,32,0,0,6,8,6,18.875,0,6,12,14,12,17.69230769,0,16.2,0.3,-0.92,Graduate,Graduate,0,Agronomy,1.0,0,0.75,0.0,0,"(25.0, 70.0]"
2444,1,1,1,9853,1,1,133.1,1,34,34,0,0,142.8,0,0,0,1,1,0,20,0,0,6,12,0,0.0,0,0,6,12,0,0.0,0,7.6,2.6,0.32,Dropout,Dropout,1,Basic Education,0.0,6,0.0,0.0,0,"(19.0, 20.0]"
2445,1,39,1,9500,1,1,120.0,1,37,37,9,9,100.0,0,0,0,1,1,0,34,0,0,7,15,6,11.33333333,0,0,7,16,4,12.6,0,16.2,0.3,-0.92,Enrolled,Enrolled,0,Nursing,0.8571428571428571,1,0.4,0.0,0,"(25.0, 70.0]"
2446,1,7,1,9991,0,40,150.0,1,37,37,6,6,150.0,1,0,0,1,1,0,44,0,3,7,9,7,13.5,0,0,5,6,5,16.2,0,8.9,1.4,3.51,Dropout,Dropout,1,Management (evening attendance),1.0,0,0.7777777777777778,0.0,0,"(25.0, 70.0]"
2447,2,39,1,9254,1,19,133.1,1,37,19,9,10,156.5,0,0,0,1,1,0,53,0,7,11,12,2,15.0,7,4,9,10,3,10.0,4,16.2,0.3,-0.92,Graduate,Graduate,0,Tourism,0.18181818181818182,9,0.16666666666666666,0.6363636363636364,0,"(25.0, 70.0]"
2448,1,39,1,9119,1,19,120.0,1,37,37,9,4,98.6,0,0,1,0,1,0,28,0,0,5,10,0,0.0,0,0,5,7,0,0.0,0,12.4,0.5,1.79,Dropout,Dropout,1,Informatics Engineering,0.0,5,0.0,0.0,1,"(25.0, 70.0]"
2449,1,7,1,9991,0,3,130.0,1,37,37,9,9,130.0,0,0,0,1,1,0,31,0,9,9,9,9,14.22222222,0,5,5,5,5,12.8,0,12.7,3.7,-1.7,Dropout,Dropout,1,Management (evening attendance),1.0,0,1.0,0.0,0,"(25.0, 70.0]"
2450,1,1,1,171,1,1,130.0,1,1,38,5,9,118.1,0,0,1,0,1,0,18,0,0,0,0,0,0.0,0,0,0,0,0,0.0,0,9.4,-0.8,-3.12,Enrolled,Enrolled,0,Animation and Multimedia Design,0.0,0,0.0,0.0,1,"(16.999, 19.0]"
2451,1,39,1,9003,1,1,100.0,1,1,3,9,10,120.0,0,0,1,0,1,0,44,0,2,7,14,4,12.0,2,0,6,16,0,0.0,1,15.5,2.8,-4.06,Dropout,Dropout,1,Agronomy,0.5714285714285714,3,0.2857142857142857,0.2857142857142857,1,"(25.0, 70.0]"
2452,1,1,1,9085,1,1,142.0,1,1,1,9,9,127.7,1,0,0,1,1,0,19,0,0,5,9,5,12.6,1,0,5,8,4,12.0,0,12.7,3.7,-1.7,Graduate,Graduate,0,Veterinary Nursing,1.0,0,0.5555555555555556,0.2,0,"(16.999, 19.0]"
2453,1,15,1,171,1,1,130.0,26,1,1,2,9,130.0,0,0,0,1,1,0,21,1,6,12,12,12,15.08333333,0,4,11,15,11,13.08333333,0,8.9,1.4,3.51,Enrolled,Enrolled,0,Animation and Multimedia Design,1.0,0,1.0,0.0,0,"(20.0, 25.0]"
2454,1,18,1,9119,1,1,148.0,1,3,19,3,5,147.7,0,0,0,1,1,1,18,0,0,5,5,0,0.0,0,0,5,5,0,0.0,0,9.4,-0.8,-3.12,Dropout,Dropout,1,Informatics Engineering,0.0,5,0.0,0.0,0,"(16.999, 19.0]"
2455,1,44,1,9003,1,39,170.0,1,19,19,5,5,170.0,1,0,0,1,1,0,20,0,0,6,8,6,14.5,0,0,6,10,6,15.3,0,16.2,0.3,-0.92,Graduate,Graduate,0,Agronomy,1.0,0,0.75,0.0,0,"(19.0, 20.0]"
2456,1,39,1,9070,1,1,110.0,1,37,37,7,7,110.2,0,0,0,1,1,0,55,0,0,6,6,6,14.5,0,0,6,6,6,13.5,0,11.1,0.6,2.02,Graduate,Graduate,0,Communication Design,1.0,0,1.0,0.0,0,"(25.0, 70.0]"
2457,1,1,1,9147,1,1,166.0,1,19,37,4,8,146.4,0,0,0,1,1,0,27,0,0,5,12,3,10.0,0,0,5,12,1,13.0,0,7.6,2.6,0.32,Enrolled,Enrolled,0,Management,0.6,2,0.25,0.0,0,"(25.0, 70.0]"
2458,1,17,2,9119,1,1,135.0,1,12,19,5,5,121.0,0,0,0,1,1,0,19,0,0,5,0,0,0.0,0,0,5,0,0,0.0,0,12.4,0.5,1.79,Dropout,Dropout,1,Informatics Engineering,0.0,5,0.0,0.0,0,"(16.999, 19.0]"
2459,1,1,1,9147,1,1,133.0,1,19,37,9,9,129.9,0,0,0,1,1,0,18,0,0,5,5,5,11.6,0,0,5,5,5,13.2,0,12.4,0.5,1.79,Graduate,Graduate,0,Management,1.0,0,1.0,0.0,0,"(16.999, 19.0]"
2460,2,39,1,9773,1,1,133.1,1,37,37,7,4,132.0,0,0,0,1,1,0,43,0,0,6,10,4,11.75,0,0,6,7,0,0.0,0,15.5,2.8,-4.06,Dropout,Dropout,1,Journalism and Communication,0.6666666666666666,2,0.4,0.0,0,"(25.0, 70.0]"
2461,1,18,3,9254,1,1,121.0,1,19,19,9,6,125.9,1,0,0,1,1,0,18,0,0,6,0,0,0.0,0,0,6,0,0,0.0,0,13.9,-0.3,0.79,Dropout,Dropout,1,Tourism,0.0,6,0.0,0.0,0,"(16.999, 19.0]"
2462,1,1,1,171,1,1,159.0,1,3,3,2,2,165.7,1,0,0,1,1,0,18,0,0,0,0,0,0.0,0,0,0,0,0,0.0,0,9.4,-0.8,-3.12,Dropout,Dropout,1,Animation and Multimedia Design,0.0,0,0.0,0.0,0,"(16.999, 19.0]"
2463,1,17,5,9254,1,1,130.0,1,37,38,9,9,122.7,1,0,1,1,1,1,20,0,0,6,7,0,0.0,0,0,6,6,0,0.0,0,8.9,1.4,3.51,Dropout,Dropout,1,Tourism,0.0,6,0.0,0.0,1,"(19.0, 20.0]"
2464,2,39,1,9991,0,1,121.0,1,37,19,9,9,141.4,0,0,1,0,1,0,29,0,0,5,7,4,11.25,0,0,5,8,4,11.8,0,10.8,1.4,1.74,Dropout,Dropout,1,Management (evening attendance),0.8,1,0.5714285714285714,0.0,1,"(25.0, 70.0]"
2465,1,39,1,9130,1,19,133.1,1,37,37,9,10,156.4,1,0,1,1,1,0,44,0,0,6,9,5,11.57142857,0,0,6,11,0,0.0,0,13.9,-0.3,0.79,Dropout,Dropout,1,Equinculture,0.8333333333333334,1,0.5555555555555556,0.0,1,"(25.0, 70.0]"
2466,1,1,1,9119,1,1,146.0,1,37,37,9,9,148.5,1,0,0,1,1,0,18,0,0,5,7,4,10.0,0,0,5,8,1,16.0,0,10.8,1.4,1.74,Enrolled,Enrolled,0,Informatics Engineering,0.8,1,0.5714285714285714,0.0,0,"(16.999, 19.0]"
2467,1,44,1,9003,1,39,140.0,1,37,37,9,1,140.0,0,0,0,1,1,1,20,0,0,6,11,5,13.83333333,0,0,6,13,6,12.3,0,15.5,2.8,-4.06,Enrolled,Enrolled,0,Agronomy,0.8333333333333334,1,0.45454545454545453,0.0,0,"(19.0, 20.0]"
2468,1,43,1,9070,1,1,125.0,1,38,37,8,7,131.7,1,0,0,1,1,0,20,0,3,6,6,4,12.75,0,3,9,12,3,12.66666667,0,12.4,0.5,1.79,Dropout,Dropout,1,Communication Design,0.6666666666666666,2,0.6666666666666666,0.0,0,"(19.0, 20.0]"
2469,2,39,2,9147,1,1,120.0,1,37,37,9,9,104.7,1,0,0,1,1,0,36,0,0,4,4,0,0.0,0,0,5,9,0,0.0,0,10.8,1.4,1.74,Dropout,Dropout,1,Management,0.0,4,0.0,0.0,0,"(25.0, 70.0]"
2470,1,44,1,9130,1,39,150.0,1,5,1,2,5,150.0,1,0,0,1,1,0,19,0,1,6,13,5,11.6,0,1,6,12,2,11.0,0,13.9,-0.3,0.79,Enrolled,Enrolled,0,Equinculture,0.8333333333333334,1,0.38461538461538464,0.0,0,"(16.999, 19.0]"
2471,2,39,1,9085,1,19,110.0,1,37,37,90,90,110.0,0,0,0,0,1,0,29,0,0,5,5,0,0.0,0,0,5,5,0,0.0,0,12.7,3.7,-1.7,Dropout,Dropout,1,Veterinary Nursing,0.0,5,0.0,0.0,1,"(25.0, 70.0]"
2472,1,1,1,9670,1,1,120.0,1,1,1,9,9,129.1,1,0,0,1,1,0,18,0,0,6,6,4,11.25,0,0,6,10,3,10.33333333,0,10.8,1.4,1.74,Dropout,Dropout,1,Advertising and Marketing Management,0.6666666666666666,2,0.6666666666666666,0.0,0,"(16.999, 19.0]"
2473,1,39,1,9003,1,1,133.1,1,1,1,1,6,120.0,0,0,0,0,1,0,24,0,0,6,0,0,0.0,0,0,6,0,0,0.0,0,13.9,-0.3,0.79,Dropout,Dropout,1,Agronomy,0.0,6,0.0,0.0,1,"(20.0, 25.0]"
2474,1,1,1,9773,1,1,133.1,1,3,19,2,5,127.0,0,0,0,1,1,0,20,0,0,6,6,6,14.33333333,0,0,6,7,6,15.0,0,15.5,2.8,-4.06,Graduate,Graduate,0,Journalism and Communication,1.0,0,1.0,0.0,0,"(19.0, 20.0]"
2475,2,39,1,8014,0,19,133.1,1,19,37,9,9,151.5,0,0,1,0,1,0,45,0,0,6,7,0,0.0,0,0,5,5,0,0.0,0,16.2,0.3,-0.92,Dropout,Dropout,1,Social Service (evening attendance),0.0,6,0.0,0.0,1,"(25.0, 70.0]"
2476,1,43,2,9500,1,1,130.0,1,38,37,4,4,126.8,1,0,0,1,1,1,28,0,18,23,23,20,13.5,3,18,23,23,20,13.5,3,7.6,2.6,0.32,Graduate,Graduate,0,Nursing,0.8695652173913043,3,0.8695652173913043,0.13043478260869565,0,"(25.0, 70.0]"
2477,1,1,1,9254,1,1,160.0,1,19,38,9,9,140.8,1,0,0,1,1,0,23,0,0,6,8,6,12.66666667,0,0,6,10,5,12.2,0,7.6,2.6,0.32,Enrolled,Enrolled,0,Tourism,1.0,0,0.75,0.0,0,"(20.0, 25.0]"
2478,1,1,1,9500,1,1,128.0,1,1,19,4,7,125.6,1,0,0,1,1,0,18,0,0,7,7,7,12.44428571,0,0,8,11,7,11.34714286,0,12.4,0.5,1.79,Graduate,Graduate,0,Nursing,1.0,0,1.0,0.0,0,"(16.999, 19.0]"
2479,1,1,2,9147,1,1,140.0,1,19,19,9,4,127.8,1,0,0,1,1,0,23,0,0,5,7,3,10.66666667,1,0,5,7,3,11.33333333,0,9.4,-0.8,-3.12,Dropout,Dropout,1,Management,0.6,2,0.42857142857142855,0.2,0,"(20.0, 25.0]"
2480,1,43,1,171,1,1,120.0,1,3,3,2,2,120.0,1,0,0,1,1,0,22,0,0,0,0,0,0.0,0,0,0,0,0,0.0,0,7.6,2.6,0.32,Enrolled,Enrolled,0,Animation and Multimedia Design,0.0,0,0.0,0.0,0,"(20.0, 25.0]"
2481,1,1,1,9070,1,1,140.0,1,19,19,5,5,131.3,0,0,0,1,1,1,22,0,1,6,6,6,12.66666667,0,1,6,6,5,12.4,0,12.4,0.5,1.79,Graduate,Graduate,0,Communication Design,1.0,0,1.0,0.0,0,"(20.0, 25.0]"
2482,1,39,1,9991,0,12,120.0,1,37,38,5,5,155.7,0,0,0,1,1,0,33,0,0,5,5,5,13.2,0,0,5,6,5,14.83333333,0,10.8,1.4,1.74,Graduate,Graduate,0,Management (evening attendance),1.0,0,1.0,0.0,0,"(25.0, 70.0]"
2483,1,53,1,9003,1,42,130.0,1,1,38,9,6,128.5,0,0,0,1,1,0,21,0,7,12,20,10,12.7,0,5,12,14,11,12.18181818,0,8.9,1.4,3.51,Graduate,Graduate,0,Agronomy,0.8333333333333334,2,0.5,0.0,0,"(20.0, 25.0]"
2484,2,39,1,9147,1,1,100.0,1,37,37,9,5,170.0,0,0,0,1,1,0,45,0,0,5,6,5,14.83333333,0,0,5,5,5,14.8,0,15.5,2.8,-4.06,Graduate,Graduate,0,Management,1.0,0,0.8333333333333334,0.0,0,"(25.0, 70.0]"
2485,2,39,1,9003,1,1,133.1,1,37,37,9,9,100.0,0,0,0,0,1,0,44,0,4,10,10,4,11.5,0,1,7,8,1,12.0,0,15.5,2.8,-4.06,Dropout,Dropout,1,Agronomy,0.4,6,0.4,0.0,1,"(25.0, 70.0]"
2486,4,39,1,9670,1,1,110.0,1,19,19,90,99,107.2,0,0,0,1,1,0,42,0,0,6,0,0,0.0,0,0,6,0,0,0.0,0,12.7,3.7,-1.7,Dropout,Dropout,1,Advertising and Marketing Management,0.0,6,0.0,0.0,0,"(25.0, 70.0]"
2487,1,18,1,9147,1,1,147.0,1,19,1,9,7,139.3,1,0,0,1,1,0,20,0,0,5,0,0,0.0,0,0,5,0,0,0.0,0,12.4,0.5,1.79,Dropout,Dropout,1,Management,0.0,5,0.0,0.0,0,"(19.0, 20.0]"
2488,1,17,6,9147,1,1,133.0,1,19,38,5,6,123.2,1,0,0,1,1,0,20,0,0,5,7,3,12.66666667,1,0,5,12,2,12.5,0,9.4,-0.8,-3.12,Enrolled,Enrolled,0,Management,0.6,2,0.42857142857142855,0.2,0,"(19.0, 20.0]"
2489,1,1,2,9254,1,1,137.0,1,1,38,2,8,122.3,1,0,0,1,1,1,20,0,0,6,7,6,14.71428571,0,0,6,6,6,12.5,0,8.9,1.4,3.51,Graduate,Graduate,0,Tourism,1.0,0,0.8571428571428571,0.0,0,"(19.0, 20.0]"
2490,1,17,2,9773,1,1,124.0,1,1,1,4,4,127.9,1,0,0,1,1,0,20,0,0,6,11,3,13.66666667,0,0,6,13,4,10.25,0,9.4,-0.8,-3.12,Enrolled,Enrolled,0,Journalism and Communication,0.5,3,0.2727272727272727,0.0,0,"(19.0, 20.0]"
2491,1,1,2,9147,1,1,128.0,1,1,1,9,6,120.3,0,0,0,1,1,0,19,0,0,5,9,5,10.8,0,0,5,13,2,13.5,0,8.9,1.4,3.51,Enrolled,Enrolled,0,Management,1.0,0,0.5555555555555556,0.0,0,"(16.999, 19.0]"
2492,1,51,1,8014,0,1,120.0,1,1,1,4,4,128.5,0,0,1,0,1,0,26,0,2,8,13,4,10.5,0,5,10,16,7,10.42857143,0,12.4,0.5,1.79,Dropout,Dropout,1,Social Service (evening attendance),0.5,4,0.3076923076923077,0.0,1,"(25.0, 70.0]"
2493,2,39,1,9003,1,1,133.1,1,37,37,8,7,150.0,0,0,0,1,1,0,31,0,0,6,10,6,15.0,0,0,6,11,5,12.5,0,13.9,-0.3,0.79,Graduate,Graduate,0,Agronomy,1.0,0,0.6,0.0,0,"(25.0, 70.0]"
2494,1,1,1,9773,1,1,142.0,1,1,19,9,9,136.1,0,0,1,1,1,1,19,0,0,6,6,6,12.66666667,0,0,6,6,6,14.0,0,16.2,0.3,-0.92,Graduate,Graduate,0,Journalism and Communication,1.0,0,1.0,0.0,1,"(16.999, 19.0]"
2495,1,39,1,9773,1,19,100.0,1,37,37,0,0,128.0,1,0,0,1,1,0,28,0,0,6,7,6,13.16666667,0,0,6,6,6,13.66666667,0,7.6,2.6,0.32,Graduate,Graduate,0,Journalism and Communication,1.0,0,0.8571428571428571,0.0,0,"(25.0, 70.0]"
2496,1,1,1,171,1,1,149.0,1,19,37,9,9,158.1,1,0,0,1,1,1,20,0,0,0,0,0,0.0,0,0,0,0,0,0.0,0,10.8,1.4,1.74,Graduate,Graduate,0,Animation and Multimedia Design,0.0,0,0.0,0.0,0,"(19.0, 20.0]"
2497,2,1,2,8014,0,1,110.0,1,37,1,9,10,108.7,1,0,0,1,0,0,43,0,0,6,6,6,13.0,0,0,6,6,6,12.5,0,9.4,-0.8,-3.12,Graduate,Graduate,0,Social Service (evening attendance),1.0,0,1.0,0.0,0,"(25.0, 70.0]"
2498,1,39,1,171,1,19,133.1,101,1,19,2,7,110.0,0,0,0,1,1,1,25,1,0,0,0,0,0.0,0,0,0,0,0,0.0,0,15.5,2.8,-4.06,Dropout,Dropout,1,Animation and Multimedia Design,0.0,0,0.0,0.0,0,"(20.0, 25.0]"
2499,1,39,1,9238,1,19,133.1,1,37,37,9,9,120.0,0,1,1,1,0,0,40,0,0,6,13,2,10.0,0,0,6,10,1,15.0,0,16.2,0.3,-0.92,Dropout,Dropout,1,Social Service,0.3333333333333333,4,0.15384615384615385,0.0,1,"(25.0, 70.0]"
2500,1,44,1,9085,1,39,150.0,6,5,4,1,1,150.0,0,0,0,1,0,0,20,1,2,6,7,6,13.33333333,0,1,6,16,5,13.375,0,12.4,0.5,1.79,Graduate,Graduate,0,Veterinary Nursing,1.0,0,0.8571428571428571,0.0,0,"(19.0, 20.0]"
2501,2,39,1,8014,0,12,133.1,1,37,37,9,1,113.0,0,0,0,1,0,0,46,0,0,6,13,3,12.33333333,0,0,6,6,6,13.33333333,0,11.1,0.6,2.02,Graduate,Graduate,0,Social Service (evening attendance),0.5,3,0.23076923076923078,0.0,0,"(25.0, 70.0]"
2502,1,51,1,33,1,1,121.0,1,19,37,5,7,118.6,0,0,0,1,0,0,26,0,14,21,23,20,13.18181818,0,10,14,18,14,11.64285714,0,8.9,1.4,3.51,Graduate,Graduate,0,Biofuel Production Technologies,0.9523809523809523,1,0.8695652173913043,0.0,0,"(25.0, 70.0]"
2503,2,39,1,9500,1,1,133.1,1,3,1,5,5,148.8,0,0,0,1,0,1,34,0,0,7,7,6,12.51333333,0,0,8,9,7,13.07142857,0,12.4,0.5,1.79,Graduate,Graduate,0,Nursing,0.8571428571428571,1,0.8571428571428571,0.0,0,"(25.0, 70.0]"
2504,1,18,3,9853,1,1,122.0,1,38,37,9,5,120.3,1,0,0,1,0,0,19,0,0,6,0,0,0.0,0,0,6,0,0,0.0,0,10.8,1.4,1.74,Dropout,Dropout,1,Basic Education,0.0,6,0.0,0.0,0,"(16.999, 19.0]"
2505,1,1,6,9500,1,1,143.0,1,19,19,9,9,127.0,1,0,0,1,0,1,18,0,0,8,8,7,13.58571429,0,0,8,8,7,13.58571429,0,12.7,3.7,-1.7,Graduate,Graduate,0,Nursing,0.875,1,0.875,0.0,0,"(16.999, 19.0]"
2506,1,1,1,9556,1,1,123.0,1,19,19,4,9,113.8,1,0,0,1,0,0,18,0,0,7,9,7,11.15555556,0,0,8,10,8,11.425,0,12.7,3.7,-1.7,Graduate,Graduate,0,Oral Hygiene,1.0,0,0.7777777777777778,0.0,0,"(16.999, 19.0]"
2507,1,39,1,8014,0,1,120.0,1,38,37,9,7,108.0,0,0,0,1,1,1,37,0,1,7,9,6,11.85714286,0,1,6,7,5,12.0,0,13.9,-0.3,0.79,Graduate,Graduate,0,Social Service (evening attendance),0.8571428571428571,1,0.6666666666666666,0.0,0,"(25.0, 70.0]"
2508,1,17,1,171,1,1,114.0,1,19,38,9,7,129.1,0,0,0,1,1,1,23,0,0,0,0,0,0.0,0,0,0,0,0,0.0,0,9.4,-0.8,-3.12,Graduate,Graduate,0,Animation and Multimedia Design,0.0,0,0.0,0.0,0,"(20.0, 25.0]"
2509,1,43,1,9070,1,1,114.0,1,19,38,9,7,135.9,0,0,0,1,1,0,26,0,9,14,14,14,14.0,0,7,13,13,13,13.61538462,0,15.5,2.8,-4.06,Graduate,Graduate,0,Communication Design,1.0,0,1.0,0.0,0,"(25.0, 70.0]"
2510,1,10,2,9773,1,1,154.4,22,19,38,3,5,154.4,1,0,0,0,0,0,18,1,0,6,8,5,12.0,0,0,6,0,0,0.0,0,10.8,1.4,1.74,Dropout,Dropout,1,Journalism and Communication,0.8333333333333334,1,0.625,0.0,1,"(16.999, 19.0]"
2511,1,15,1,9500,1,1,190.0,108,3,2,122,4,190.0,1,0,0,1,0,0,18,1,0,7,15,4,11.575,0,0,7,10,5,12.42,0,12.4,0.5,1.79,Enrolled,Enrolled,0,Nursing,0.5714285714285714,3,0.26666666666666666,0.0,0,"(16.999, 19.0]"
2512,1,17,4,9500,1,1,136.0,1,3,3,2,2,132.5,1,0,0,1,0,0,19,0,0,7,8,7,13.19857143,0,0,8,8,8,13.0625,0,11.1,0.6,2.02,Graduate,Graduate,0,Nursing,1.0,0,0.875,0.0,0,"(16.999, 19.0]"
2513,1,10,2,9085,1,1,163.3,22,19,1,4,9,163.3,0,0,0,1,0,0,18,1,0,6,10,6,13.5,0,0,6,12,6,12.0,0,12.4,0.5,1.79,Graduate,Graduate,0,Veterinary Nursing,1.0,0,0.6,0.0,0,"(16.999, 19.0]"
2514,1,1,1,9670,1,1,126.0,1,1,3,4,3,122.5,1,0,0,1,0,0,19,0,0,6,6,6,13.33333333,0,0,6,8,5,12.8,0,8.9,1.4,3.51,Dropout,Dropout,1,Advertising and Marketing Management,1.0,0,1.0,0.0,0,"(16.999, 19.0]"
2515,1,17,4,9119,1,1,122.0,62,1,1,191,171,121.0,1,0,0,1,1,0,20,1,0,5,10,4,14.25,0,0,5,14,1,10.0,0,8.9,1.4,3.51,Enrolled,Enrolled,0,Informatics Engineering,0.8,1,0.4,0.0,0,"(19.0, 20.0]"
2516,1,17,1,9070,1,1,137.0,1,1,1,1,5,131.8,0,0,0,1,0,1,22,0,0,6,7,6,12.16666667,0,0,6,9,4,12.0,0,9.4,-0.8,-3.12,Graduate,Graduate,0,Communication Design,1.0,0,0.8571428571428571,0.0,0,"(20.0, 25.0]"
2517,1,1,3,9500,1,1,139.0,1,19,1,9,5,135.0,1,0,0,1,0,1,18,0,0,8,8,7,12.21428571,0,0,8,8,7,12.21428571,0,12.7,3.7,-1.7,Graduate,Graduate,0,Nursing,0.875,1,0.875,0.0,0,"(16.999, 19.0]"
2518,1,17,1,9254,1,1,142.0,1,19,39,5,4,141.7,0,0,0,1,0,1,18,0,0,6,8,6,12.66666667,0,0,6,6,6,13.0,0,13.9,-0.3,0.79,Graduate,Graduate,0,Tourism,1.0,0,0.75,0.0,0,"(16.999, 19.0]"
2519,1,1,3,9773,1,1,133.1,1,38,38,5,5,131.3,1,0,0,1,0,1,18,0,0,6,7,6,12.28571429,0,0,6,6,6,13.5,0,8.9,1.4,3.51,Graduate,Graduate,0,Journalism and Communication,1.0,0,0.8571428571428571,0.0,0,"(16.999, 19.0]"
2520,1,1,6,9254,1,1,126.0,1,38,37,5,7,123.9,1,0,0,1,0,1,18,0,0,6,7,6,13.0,0,0,6,6,6,13.0,0,12.4,0.5,1.79,Graduate,Graduate,0,Tourism,1.0,0,0.8571428571428571,0.0,0,"(16.999, 19.0]"
2521,1,1,2,9254,1,1,131.0,1,4,3,7,4,126.1,1,0,0,1,0,0,18,0,0,6,8,6,12.14285714,0,0,6,6,6,11.16666667,0,8.9,1.4,3.51,Graduate,Graduate,0,Tourism,1.0,0,0.75,0.0,0,"(16.999, 19.0]"
2522,1,17,6,9500,1,1,131.0,1,1,19,7,7,126.5,1,0,0,1,0,1,19,0,0,7,8,7,13.87571429,0,0,8,9,7,13.08571429,0,11.1,0.6,2.02,Graduate,Graduate,0,Nursing,1.0,0,0.875,0.0,0,"(16.999, 19.0]"
2523,1,17,1,9853,1,1,108.0,1,19,1,5,5,107.3,0,0,0,1,0,0,20,0,0,6,0,0,0.0,0,0,6,0,0,0.0,0,15.5,2.8,-4.06,Dropout,Dropout,1,Basic Education,0.0,6,0.0,0.0,0,"(19.0, 20.0]"
2524,1,17,4,9238,1,1,133.1,1,1,19,9,5,95.0,1,0,0,1,0,1,19,0,0,6,12,6,11.66666667,0,0,6,7,0,0.0,0,15.5,2.8,-4.06,Dropout,Dropout,1,Social Service,1.0,0,0.5,0.0,0,"(16.999, 19.0]"
2525,1,1,2,9085,1,1,122.0,1,3,1,4,7,116.1,1,0,0,1,0,0,18,0,0,6,13,6,13.15384615,0,0,6,12,3,11.0,0,15.5,2.8,-4.06,Graduate,Graduate,0,Veterinary Nursing,1.0,0,0.46153846153846156,0.0,0,"(16.999, 19.0]"
2526,1,1,4,9070,1,1,143.0,1,1,1,9,7,134.6,1,0,0,1,0,1,18,0,0,6,6,6,14.5,0,0,6,6,6,12.83333333,0,12.4,0.5,1.79,Dropout,Dropout,1,Communication Design,1.0,0,1.0,0.0,0,"(16.999, 19.0]"
2527,1,17,6,9500,1,1,135.0,1,19,19,7,7,128.0,1,0,0,1,0,1,18,0,0,7,7,7,14.44142857,0,0,8,8,8,13.65625,0,11.1,0.6,2.02,Graduate,Graduate,0,Nursing,1.0,0,1.0,0.0,0,"(16.999, 19.0]"
2528,1,17,2,9773,1,1,148.0,1,3,38,2,6,144.2,1,0,0,1,0,0,18,0,0,6,6,6,15.16666667,0,0,6,7,6,14.28571429,0,12.4,0.5,1.79,Graduate,Graduate,0,Journalism and Communication,1.0,0,1.0,0.0,0,"(16.999, 19.0]"
2529,1,17,1,9147,1,1,134.0,1,19,38,4,8,129.5,0,0,0,1,0,1,18,0,0,5,5,5,11.6,0,0,5,12,4,12.625,0,10.8,1.4,1.74,Graduate,Graduate,0,Management,1.0,0,1.0,0.0,0,"(16.999, 19.0]"
2530,1,17,1,9773,1,1,122.0,1,1,1,4,7,116.8,1,0,1,1,0,0,18,0,0,6,6,6,11.66666667,0,0,6,6,6,12.33333333,0,16.2,0.3,-0.92,Graduate,Graduate,0,Journalism and Communication,1.0,0,1.0,0.0,1,"(16.999, 19.0]"
2531,1,44,1,9003,1,39,160.0,1,37,38,9,6,160.0,0,0,0,1,0,1,20,0,0,6,8,6,12.625,0,0,6,10,6,13.2,0,16.2,0.3,-0.92,Graduate,Graduate,0,Agronomy,1.0,0,0.75,0.0,0,"(19.0, 20.0]"
2532,1,16,2,9238,1,1,126.0,1,38,37,3,5,127.1,1,0,0,1,0,1,19,0,0,6,14,3,12.66666667,0,0,6,7,6,11.0,0,9.4,-0.8,-3.12,Graduate,Graduate,0,Social Service,0.5,3,0.21428571428571427,0.0,0,"(16.999, 19.0]"
2533,1,17,1,9130,1,1,138.0,1,2,19,2,6,126.3,1,0,0,1,0,1,18,0,0,6,7,6,12.83333333,1,0,6,8,6,13.0,0,8.9,1.4,3.51,Enrolled,Enrolled,0,Equinculture,1.0,0,0.8571428571428571,0.16666666666666666,0,"(16.999, 19.0]"
2534,1,1,1,9238,1,1,115.0,1,38,38,8,7,112.9,1,0,0,1,0,1,19,0,0,6,7,6,11.85714286,0,0,6,8,6,13.14285714,0,12.4,0.5,1.79,Graduate,Graduate,0,Social Service,1.0,0,0.8571428571428571,0.0,0,"(16.999, 19.0]"
2535,1,17,2,9853,1,1,141.0,1,3,1,1,5,130.2,1,0,0,1,0,0,19,0,0,6,8,5,11.4,1,0,6,7,4,10.75,0,12.7,3.7,-1.7,Enrolled,Enrolled,0,Basic Education,0.8333333333333334,1,0.625,0.16666666666666666,0,"(16.999, 19.0]"
2536,1,43,1,9130,1,1,100.0,41,3,4,3,2,100.0,0,0,0,1,0,0,19,1,0,5,10,5,14.85714286,2,0,5,7,5,15.14285714,0,9.4,-0.8,-3.12,Enrolled,Enrolled,0,Equinculture,1.0,0,0.5,0.4,0,"(16.999, 19.0]"
2537,1,1,1,9670,1,1,130.0,1,19,19,7,7,121.6,0,0,0,1,0,0,19,0,0,6,7,6,14.71428571,0,0,6,6,6,15.83333333,0,12.4,0.5,1.79,Graduate,Graduate,0,Advertising and Marketing Management,1.0,0,0.8571428571428571,0.0,0,"(16.999, 19.0]"
2538,1,15,1,9670,1,1,130.0,26,42,1,2,7,130.0,0,1,1,1,0,0,20,1,0,6,6,6,13.5,0,0,6,9,5,13.0,0,8.9,1.4,3.51,Graduate,Graduate,0,Advertising and Marketing Management,1.0,0,1.0,0.0,1,"(19.0, 20.0]"
2539,1,18,1,9130,1,1,135.0,1,38,19,9,5,121.7,1,0,0,1,0,1,18,0,0,5,7,4,11.5,0,0,5,5,5,12.4,0,10.8,1.4,1.74,Graduate,Graduate,0,Equinculture,0.8,1,0.5714285714285714,0.0,0,"(16.999, 19.0]"
2540,1,7,1,9147,1,3,120.0,1,1,39,4,7,120.0,0,0,0,1,0,0,33,0,2,5,9,2,14.0,0,0,5,5,0,0.0,0,12.4,0.5,1.79,Dropout,Dropout,1,Management,0.4,3,0.2222222222222222,0.0,0,"(25.0, 70.0]"
2541,1,1,1,9853,1,1,148.0,1,19,19,4,5,143.5,0,0,0,1,0,1,19,0,0,7,8,6,12.83333333,0,0,6,6,0,0.0,0,13.9,-0.3,0.79,Dropout,Dropout,1,Basic Education,0.8571428571428571,1,0.75,0.0,0,"(16.999, 19.0]"
2542,1,17,2,9556,1,1,136.0,1,1,1,9,9,128.3,0,0,0,1,0,1,18,0,0,7,7,7,13.42857143,0,0,8,8,8,14.75,0,15.5,2.8,-4.06,Graduate,Graduate,0,Oral Hygiene,1.0,0,1.0,0.0,0,"(16.999, 19.0]"
2543,1,17,1,9070,1,1,108.0,1,19,1,4,3,111.9,0,0,0,1,0,0,19,0,0,6,0,0,0.0,0,0,6,0,0,0.0,0,8.9,1.4,3.51,Dropout,Dropout,1,Communication Design,0.0,6,0.0,0.0,0,"(16.999, 19.0]"
2544,1,44,1,9003,1,39,140.0,1,38,38,6,3,140.0,0,0,0,1,0,0,19,0,0,6,18,3,11.66666667,0,0,6,14,4,11.5,0,15.5,2.8,-4.06,Enrolled,Enrolled,0,Agronomy,0.5,3,0.16666666666666666,0.0,0,"(16.999, 19.0]"
2545,1,1,3,9773,1,1,153.0,1,3,1,2,8,137.6,1,0,0,1,0,0,18,0,0,6,6,6,16.0,0,0,6,7,6,14.33333333,0,12.4,0.5,1.79,Graduate,Graduate,0,Journalism and Communication,1.0,0,1.0,0.0,0,"(16.999, 19.0]"
2546,1,1,1,9238,1,1,135.0,1,19,19,9,5,135.0,1,0,0,1,0,0,20,0,0,6,6,6,13.83333333,0,0,6,6,6,11.83333333,0,10.8,1.4,1.74,Graduate,Graduate,0,Social Service,1.0,0,1.0,0.0,0,"(19.0, 20.0]"
2547,1,1,5,9500,1,1,146.0,1,19,37,7,7,133.8,1,0,0,1,0,0,19,0,0,8,9,8,13.2325,1,0,8,9,8,13.2325,1,9.4,-0.8,-3.12,Graduate,Graduate,0,Nursing,1.0,0,0.8888888888888888,0.125,0,"(16.999, 19.0]"
2548,1,1,2,9773,1,1,130.0,1,19,19,9,9,126.9,1,0,0,1,1,1,18,0,0,6,6,6,14.0,0,0,6,6,6,14.16666667,0,9.4,-0.8,-3.12,Graduate,Graduate,0,Journalism and Communication,1.0,0,1.0,0.0,0,"(16.999, 19.0]"
2549,1,17,2,9254,1,1,113.0,1,1,2,5,3,106.7,1,0,1,1,1,1,19,0,0,6,14,2,10.0,0,0,6,6,0,0.0,0,13.9,-0.3,0.79,Dropout,Dropout,1,Tourism,0.3333333333333333,4,0.14285714285714285,0.0,1,"(16.999, 19.0]"
2550,1,43,1,8014,0,1,145.7,22,37,37,9,9,145.7,1,0,0,1,0,0,25,1,8,16,16,15,13.33333333,0,11,13,13,11,12.27272727,0,13.9,-0.3,0.79,Graduate,Graduate,0,Social Service (evening attendance),0.9375,1,0.9375,0.0,0,"(20.0, 25.0]"
2551,1,17,3,9070,1,1,145.0,1,3,3,4,4,153.1,1,0,0,1,0,1,20,0,0,6,6,6,12.5,0,0,6,6,6,14.33333333,0,12.7,3.7,-1.7,Enrolled,Enrolled,0,Communication Design,1.0,0,1.0,0.0,0,"(19.0, 20.0]"
2552,1,1,1,8014,0,1,126.0,1,38,37,5,5,118.7,0,0,0,1,0,0,19,0,0,6,6,6,12.5,0,0,6,6,6,11.5,0,12.7,3.7,-1.7,Graduate,Graduate,0,Social Service (evening attendance),1.0,0,1.0,0.0,0,"(16.999, 19.0]"
2553,1,17,1,9991,0,1,160.0,1,34,34,0,0,161.8,1,0,1,1,1,0,33,0,0,5,8,2,10.5,0,0,5,5,0,0.0,0,7.6,2.6,0.32,Dropout,Dropout,1,Management (evening attendance),0.4,3,0.25,0.0,1,"(25.0, 70.0]"
2554,1,18,4,9119,1,1,134.0,1,19,38,194,175,124.9,1,0,1,1,1,0,18,0,0,5,11,3,10.66666667,0,0,5,9,3,11.33333333,0,8.9,1.4,3.51,Enrolled,Enrolled,0,Informatics Engineering,0.6,2,0.2727272727272727,0.0,1,"(16.999, 19.0]"
2555,1,1,1,9119,1,1,163.0,1,19,37,5,8,150.8,1,0,0,1,1,0,18,0,0,5,9,4,10.5,0,0,5,11,2,10.5,3,7.6,2.6,0.32,Enrolled,Enrolled,0,Informatics Engineering,0.8,1,0.4444444444444444,0.0,0,"(16.999, 19.0]"
2556,1,15,1,9147,1,1,130.0,26,1,1,2,3,130.0,0,0,0,1,0,0,19,1,0,5,10,4,12.0,0,0,5,6,5,11.4,0,11.1,0.6,2.02,Graduate,Graduate,0,Management,0.8,1,0.4,0.0,0,"(16.999, 19.0]"
2557,1,1,2,171,1,1,165.0,1,3,3,2,2,163.6,1,0,0,1,0,0,18,0,0,0,0,0,0.0,0,0,0,0,0,0.0,0,12.4,0.5,1.79,Enrolled,Enrolled,0,Animation and Multimedia Design,0.0,0,0.0,0.0,0,"(16.999, 19.0]"
2558,1,43,1,9147,1,1,142.0,1,38,19,141,171,115.0,0,0,0,1,0,0,19,0,0,5,11,5,11.5,0,0,5,9,2,10.66666667,0,13.9,-0.3,0.79,Enrolled,Enrolled,0,Management,1.0,0,0.45454545454545453,0.0,0,"(16.999, 19.0]"
2559,1,1,1,9773,1,1,156.0,1,19,1,5,10,136.8,1,0,0,1,0,0,18,0,0,6,6,6,14.0,0,0,6,6,6,13.5,0,11.1,0.6,2.02,Dropout,Dropout,1,Journalism and Communication,1.0,0,1.0,0.0,0,"(16.999, 19.0]"
2560,1,17,5,9853,1,1,141.0,1,3,19,2,7,130.9,1,0,0,1,0,0,18,0,0,6,7,6,13.5,0,0,6,8,5,12.6,0,7.6,2.6,0.32,Graduate,Graduate,0,Basic Education,1.0,0,0.8571428571428571,0.0,0,"(16.999, 19.0]"
2561,1,1,3,9500,1,1,143.0,1,19,37,7,7,127.0,1,0,0,1,0,0,18,0,0,8,8,8,13.07375,0,0,8,8,8,13.07375,0,9.4,-0.8,-3.12,Graduate,Graduate,0,Nursing,1.0,0,1.0,0.0,0,"(16.999, 19.0]"
2562,2,39,1,9500,1,19,133.1,1,38,38,2,10,120.0,0,0,0,1,0,0,37,0,0,7,9,2,10.75,0,0,7,9,0,0.0,0,16.2,0.3,-0.92,Dropout,Dropout,1,Nursing,0.2857142857142857,5,0.2222222222222222,0.0,0,"(25.0, 70.0]"
2563,1,1,1,9238,1,1,133.0,1,38,1,2,4,126.0,0,0,0,1,0,0,20,0,0,6,11,1,12.0,0,0,5,10,0,0.0,0,9.4,-0.8,-3.12,Enrolled,Enrolled,0,Social Service,0.16666666666666666,5,0.09090909090909091,0.0,0,"(19.0, 20.0]"
2564,1,1,1,9254,1,1,172.0,41,37,37,5,5,153.8,1,0,0,1,0,1,20,1,0,6,6,6,14.0,0,0,6,6,6,13.33333333,0,10.8,1.4,1.74,Graduate,Graduate,0,Tourism,1.0,0,1.0,0.0,0,"(19.0, 20.0]"
2565,1,15,1,9238,1,1,140.0,26,19,19,9,6,140.0,0,0,0,1,1,0,21,1,0,6,7,6,12.33333333,0,0,6,7,6,13.42857143,0,11.1,0.6,2.02,Graduate,Graduate,0,Social Service,1.0,0,0.8571428571428571,0.0,0,"(20.0, 25.0]"
2566,1,17,1,9500,1,1,142.0,1,38,1,5,4,136.6,0,0,0,1,0,1,18,0,0,7,7,7,13.46428571,0,0,8,9,8,14.78888889,0,12.4,0.5,1.79,Graduate,Graduate,0,Nursing,1.0,0,1.0,0.0,0,"(16.999, 19.0]"
2567,1,39,1,8014,0,1,140.0,1,19,1,9,8,105.0,0,0,0,1,0,0,26,0,0,6,14,3,10.66666667,1,0,6,9,5,11.2,0,15.5,2.8,-4.06,Enrolled,Enrolled,0,Social Service (evening attendance),0.5,3,0.21428571428571427,0.16666666666666666,0,"(25.0, 70.0]"
2568,1,39,1,9147,1,12,133.1,1,37,37,9,7,139.4,0,0,1,1,0,0,41,0,0,5,6,5,11.6,0,0,5,8,5,12.2,0,7.6,2.6,0.32,Enrolled,Enrolled,0,Management,1.0,0,0.8333333333333334,0.0,1,"(25.0, 70.0]"
2569,1,1,2,9773,1,1,148.0,1,19,1,3,9,140.0,1,0,0,1,0,1,18,0,0,6,6,6,13.66666667,0,0,6,6,6,14.66666667,0,16.2,0.3,-0.92,Graduate,Graduate,0,Journalism and Communication,1.0,0,1.0,0.0,0,"(16.999, 19.0]"
2570,1,1,4,9500,1,1,137.0,1,19,37,9,7,130.8,0,0,1,1,0,0,18,0,0,8,9,8,14.4025,1,0,8,9,8,14.4025,1,9.4,-0.8,-3.12,Graduate,Graduate,0,Nursing,1.0,0,0.8888888888888888,0.125,1,"(16.999, 19.0]"
2571,1,1,1,9500,1,1,143.0,1,38,38,9,9,138.8,1,0,0,1,0,0,31,0,0,7,9,7,15.46875,0,0,8,8,8,16.3875,0,11.1,0.6,2.02,Graduate,Graduate,0,Nursing,1.0,0,0.7777777777777778,0.0,0,"(25.0, 70.0]"
2572,1,1,1,9238,1,1,133.1,1,1,1,4,10,110.0,0,0,1,1,0,0,23,0,0,6,8,6,12.625,0,0,6,6,6,14.16666667,0,12.7,3.7,-1.7,Graduate,Graduate,0,Social Service,1.0,0,0.75,0.0,1,"(20.0, 25.0]"
2573,1,1,4,9500,1,1,138.0,1,37,19,9,9,127.8,1,0,0,1,0,0,19,0,0,7,7,6,14.98333333,0,0,7,7,6,14.98333333,0,7.6,2.6,0.32,Graduate,Graduate,0,Nursing,0.8571428571428571,1,0.8571428571428571,0.0,0,"(16.999, 19.0]"
2574,1,16,3,9773,1,1,138.0,1,37,38,4,9,134.2,1,0,0,1,0,1,20,0,0,6,6,6,15.0,0,0,6,6,6,13.0,0,11.1,0.6,2.02,Graduate,Graduate,0,Journalism and Communication,1.0,0,1.0,0.0,0,"(19.0, 20.0]"
2575,2,39,1,8014,0,1,150.0,1,37,37,7,5,143.0,0,0,0,1,0,0,40,0,5,9,9,9,15.88888889,0,3,7,7,7,14.14285714,0,12.7,3.7,-1.7,Graduate,Graduate,0,Social Service (evening attendance),1.0,0,1.0,0.0,0,"(25.0, 70.0]"
2576,1,44,1,9085,1,39,120.0,1,37,37,9,9,120.0,1,0,1,1,0,0,32,0,0,6,14,4,11.5,0,0,6,14,3,11.0,0,16.2,0.3,-0.92,Dropout,Dropout,1,Veterinary Nursing,0.6666666666666666,2,0.2857142857142857,0.0,1,"(25.0, 70.0]"
2577,1,1,4,9254,1,1,110.0,1,37,37,9,7,113.2,1,0,0,1,0,0,24,0,0,6,14,2,10.5,0,0,6,11,1,10.0,0,10.8,1.4,1.74,Dropout,Dropout,1,Tourism,0.3333333333333333,4,0.14285714285714285,0.0,0,"(20.0, 25.0]"
2578,1,17,4,9500,1,1,146.0,1,19,37,5,8,135.8,1,0,0,1,0,0,18,0,0,7,7,6,13.98333333,0,0,7,7,6,13.98333333,0,7.6,2.6,0.32,Graduate,Graduate,0,Nursing,0.8571428571428571,1,0.8571428571428571,0.0,0,"(16.999, 19.0]"
2579,1,1,1,9238,1,1,148.0,1,37,37,9,9,143.5,0,0,0,1,0,0,18,0,0,6,6,6,13.0,0,0,6,6,6,12.83333333,0,10.8,1.4,1.74,Graduate,Graduate,0,Social Service,1.0,0,1.0,0.0,0,"(16.999, 19.0]"
2580,1,1,1,9238,1,1,145.0,1,19,37,4,7,148.9,1,0,0,1,0,1,18,0,0,6,6,6,13.66666667,0,0,6,6,6,13.0,0,10.8,1.4,1.74,Graduate,Graduate,0,Social Service,1.0,0,1.0,0.0,0,"(16.999, 19.0]"
2581,1,39,1,9003,1,1,133.1,1,38,38,4,7,115.6,1,0,0,0,0,0,27,0,0,6,8,0,0.0,0,0,6,8,0,0.0,0,15.5,2.8,-4.06,Dropout,Dropout,1,Agronomy,0.0,6,0.0,0.0,1,"(25.0, 70.0]"
2582,1,1,1,9147,1,1,160.0,1,38,37,9,5,159.3,0,0,0,1,0,0,18,0,0,5,5,5,14.4,0,0,5,5,5,15.4,0,7.6,2.6,0.32,Graduate,Graduate,0,Management,1.0,0,1.0,0.0,0,"(16.999, 19.0]"
2583,1,39,1,9991,0,1,150.0,1,19,37,9,8,138.5,0,0,0,1,0,0,26,0,0,5,10,4,12.0,0,0,5,9,4,11.25,0,12.7,3.7,-1.7,Enrolled,Enrolled,0,Management (evening attendance),0.8,1,0.4,0.0,0,"(25.0, 70.0]"
2584,1,1,1,9853,1,1,130.0,1,19,12,9,4,133.2,1,0,0,1,0,0,19,0,0,6,6,6,14.16666667,0,0,6,7,6,13.66666667,0,7.6,2.6,0.32,Graduate,Graduate,0,Basic Education,1.0,0,1.0,0.0,0,"(16.999, 19.0]"
2585,1,17,2,8014,0,1,120.0,1,37,34,0,0,117.6,1,0,0,1,0,0,19,0,0,6,8,5,12.2,0,0,6,7,6,12.0,0,7.6,2.6,0.32,Graduate,Graduate,0,Social Service (evening attendance),0.8333333333333334,1,0.625,0.0,0,"(16.999, 19.0]"
2586,1,18,2,9147,1,1,115.0,1,1,37,5,5,108.7,1,0,0,1,0,0,21,0,0,5,8,3,12.0,1,0,5,9,3,12.66666667,0,9.4,-0.8,-3.12,Enrolled,Enrolled,0,Management,0.6,2,0.375,0.2,0,"(20.0, 25.0]"
2587,1,1,4,9147,1,1,133.1,1,1,19,4,6,106.0,1,0,0,1,0,0,24,0,0,5,11,2,10.5,0,0,5,14,1,11.0,0,12.7,3.7,-1.7,Enrolled,Enrolled,0,Management,0.4,3,0.18181818181818182,0.0,0,"(20.0, 25.0]"
2588,1,17,1,9853,1,1,120.0,1,37,37,9,10,122.6,0,0,0,1,0,0,20,0,0,6,8,3,12.33333333,0,0,6,11,2,10.5,0,12.7,3.7,-1.7,Dropout,Dropout,1,Basic Education,0.5,3,0.375,0.0,0,"(19.0, 20.0]"
2589,1,1,4,9853,1,1,134.0,1,19,1,5,9,127.4,1,0,0,1,0,0,18,0,0,6,7,5,12.2,0,0,6,7,5,12.2,0,10.8,1.4,1.74,Enrolled,Enrolled,0,Basic Education,0.8333333333333334,1,0.7142857142857143,0.0,0,"(16.999, 19.0]"
2590,1,39,1,9003,1,1,133.1,1,19,19,9,9,100.0,0,0,0,1,0,0,30,0,0,6,6,0,0.0,0,0,6,6,0,0.0,0,11.1,0.6,2.02,Dropout,Dropout,1,Agronomy,0.0,6,0.0,0.0,0,"(25.0, 70.0]"
2591,1,1,1,9853,1,1,133.1,1,19,37,9,9,95.0,1,0,1,0,0,0,22,0,0,7,10,6,11.5,0,0,7,8,6,13.16666667,0,11.1,0.6,2.02,Enrolled,Enrolled,0,Basic Education,0.8571428571428571,1,0.6,0.0,1,"(20.0, 25.0]"
2592,1,7,1,9147,1,3,130.0,1,37,19,9,8,130.0,0,0,0,1,0,0,21,0,4,9,9,9,10.88888889,0,3,10,18,10,11.61538462,0,10.8,1.4,1.74,Graduate,Graduate,0,Management,1.0,0,1.0,0.0,0,"(20.0, 25.0]"
2593,1,39,1,9556,1,1,120.0,1,19,19,4,5,122.8,0,0,0,1,0,0,26,0,0,7,12,6,12.16666667,0,0,8,8,8,11.675,0,13.9,-0.3,0.79,Dropout,Dropout,1,Oral Hygiene,0.8571428571428571,1,0.5,0.0,0,"(25.0, 70.0]"
2594,1,17,1,9147,1,1,115.0,1,19,19,7,7,115.0,1,0,0,1,0,0,23,0,0,5,7,2,10.0,1,0,5,9,1,12.0,0,9.4,-0.8,-3.12,Enrolled,Enrolled,0,Management,0.4,3,0.2857142857142857,0.2,0,"(20.0, 25.0]"
2595,1,17,1,9070,1,1,135.0,1,19,37,5,9,145.9,0,0,0,1,0,1,18,0,0,6,6,6,12.66666667,0,0,6,6,6,12.16666667,0,16.2,0.3,-0.92,Graduate,Graduate,0,Communication Design,1.0,0,1.0,0.0,0,"(16.999, 19.0]"
2596,1,1,1,9070,1,1,133.1,1,1,37,5,9,143.0,1,0,1,1,0,0,21,0,0,6,9,5,11.4,0,0,6,8,5,12.2,0,12.7,3.7,-1.7,Dropout,Dropout,1,Communication Design,0.8333333333333334,1,0.5555555555555556,0.0,1,"(20.0, 25.0]"
2597,1,43,1,171,1,1,145.0,1,19,38,9,9,100.0,0,0,0,1,0,1,18,0,0,0,0,0,0.0,0,0,0,0,0,0.0,0,13.9,-0.3,0.79,Dropout,Dropout,1,Animation and Multimedia Design,0.0,0,0.0,0.0,0,"(16.999, 19.0]"
2598,1,17,3,9085,1,1,130.0,1,19,37,5,5,121.3,1,0,0,1,0,0,21,0,0,5,14,2,13.0,2,0,5,8,4,12.0,1,9.4,-0.8,-3.12,Enrolled,Enrolled,0,Veterinary Nursing,0.4,3,0.14285714285714285,0.4,0,"(20.0, 25.0]"
2599,1,17,3,9853,1,1,118.0,1,38,38,7,7,121.2,1,0,0,1,0,0,18,0,0,6,8,5,13.4,0,0,6,7,5,12.0,0,7.6,2.6,0.32,Enrolled,Enrolled,0,Basic Education,0.8333333333333334,1,0.625,0.0,0,"(16.999, 19.0]"
2600,1,17,3,9853,1,1,138.0,1,37,37,5,9,125.1,1,1,0,1,0,1,19,0,0,6,6,6,13.5,0,0,6,8,5,12.8,0,12.7,3.7,-1.7,Dropout,Dropout,1,Basic Education,1.0,0,1.0,0.0,0,"(16.999, 19.0]"
2601,1,17,1,9254,1,1,122.0,1,1,1,4,9,112.9,1,0,0,1,0,0,22,0,0,6,14,4,12.25,0,0,6,11,3,11.33333333,0,7.6,2.6,0.32,Enrolled,Enrolled,0,Tourism,0.6666666666666666,2,0.2857142857142857,0.0,0,"(20.0, 25.0]"
2602,1,1,3,9238,1,1,126.0,1,38,19,5,8,120.8,1,0,0,1,0,0,19,0,0,6,7,6,12.28571429,0,0,6,7,6,12.83333333,0,12.4,0.5,1.79,Graduate,Graduate,0,Social Service,1.0,0,0.8571428571428571,0.0,0,"(16.999, 19.0]"
2603,1,1,5,9085,1,1,121.0,1,38,37,9,8,114.0,1,0,0,0,0,0,19,0,0,5,12,0,0.0,4,0,5,8,0,0.0,1,9.4,-0.8,-3.12,Dropout,Dropout,1,Veterinary Nursing,0.0,5,0.0,0.8,1,"(16.999, 19.0]"
2604,1,17,1,9238,1,1,152.0,1,37,37,7,5,132.1,1,0,0,1,0,0,19,0,0,6,10,2,10.5,0,0,6,11,1,13.0,0,9.4,-0.8,-3.12,Dropout,Dropout,1,Social Service,0.3333333333333333,4,0.2,0.0,0,"(16.999, 19.0]"
2605,2,44,1,9085,1,39,160.0,1,37,37,192,192,160.0,0,0,0,1,0,0,27,0,0,5,12,3,14.0,2,0,5,8,5,12.0,1,9.4,-0.8,-3.12,Graduate,Graduate,0,Veterinary Nursing,0.6,2,0.25,0.4,0,"(25.0, 70.0]"
2606,1,10,1,9085,1,1,134.0,1,37,37,5,5,134.0,1,0,0,1,0,0,22,0,2,5,7,5,14.2,0,0,5,10,5,12.2,0,12.7,3.7,-1.7,Graduate,Graduate,0,Veterinary Nursing,1.0,0,0.7142857142857143,0.0,0,"(20.0, 25.0]"
2607,1,1,1,9773,1,1,128.0,1,37,1,9,7,124.2,1,0,0,1,0,0,18,0,0,6,8,5,13.0,0,0,6,7,6,13.14285714,0,15.5,2.8,-4.06,Dropout,Dropout,1,Journalism and Communication,0.8333333333333334,1,0.625,0.0,0,"(16.999, 19.0]"
2608,1,17,4,9254,1,1,125.0,1,38,38,5,5,115.6,1,0,0,1,0,0,20,0,0,6,6,6,11.0,0,0,6,8,4,12.75,0,9.4,-0.8,-3.12,Graduate,Graduate,0,Tourism,1.0,0,1.0,0.0,0,"(19.0, 20.0]"
2609,2,43,1,9991,0,1,130.0,1,37,37,9,9,128.2,0,0,0,1,0,0,34,0,3,8,9,3,11.0,0,2,7,7,2,10.0,0,9.4,-0.8,-3.12,Dropout,Dropout,1,Management (evening attendance),0.375,5,0.3333333333333333,0.0,0,"(25.0, 70.0]"
2610,1,17,2,9500,1,1,138.0,1,1,38,5,8,132.8,1,0,0,1,0,0,18,0,0,7,9,6,12.38571429,0,0,8,9,8,13.75555556,0,13.9,-0.3,0.79,Graduate,Graduate,0,Nursing,0.8571428571428571,1,0.6666666666666666,0.0,0,"(16.999, 19.0]"
2611,1,17,2,9773,1,1,121.0,1,1,1,5,5,123.1,1,0,0,1,1,0,20,0,0,6,12,4,14.75,0,0,6,7,4,12.25,0,9.4,-0.8,-3.12,Graduate,Graduate,0,Journalism and Communication,0.6666666666666666,2,0.3333333333333333,0.0,0,"(19.0, 20.0]"
2612,1,1,1,9130,1,1,134.0,41,1,19,5,5,125.6,1,0,0,1,0,0,20,1,0,5,6,5,16.16666667,0,0,5,6,5,15.83333333,0,12.7,3.7,-1.7,Graduate,Graduate,0,Equinculture,1.0,0,0.8333333333333334,0.0,0,"(19.0, 20.0]"
2613,1,39,1,9991,0,1,130.0,1,1,38,4,9,115.0,0,0,0,1,1,0,25,0,0,5,7,0,0.0,0,0,5,8,0,0.0,0,16.2,0.3,-0.92,Dropout,Dropout,1,Management (evening attendance),0.0,5,0.0,0.0,0,"(20.0, 25.0]"
2614,1,1,4,9119,1,1,126.0,1,3,19,2,9,123.6,1,0,0,1,1,0,18,0,0,5,6,5,12.4,0,0,5,9,3,13.0,0,8.9,1.4,3.51,Dropout,Dropout,1,Informatics Engineering,1.0,0,0.8333333333333334,0.0,0,"(16.999, 19.0]"
2615,1,1,1,9130,1,1,148.0,1,1,1,9,9,141.7,0,0,0,0,1,0,18,0,0,6,8,5,11.6,0,0,6,11,4,13.0,0,8.9,1.4,3.51,Dropout,Dropout,1,Equinculture,0.8333333333333334,1,0.625,0.0,1,"(16.999, 19.0]"
2616,1,17,1,9853,1,1,160.0,1,19,38,5,7,139.0,1,0,0,1,0,1,18,0,0,6,8,5,12.2,0,0,6,13,0,0.0,0,9.4,-0.8,-3.12,Dropout,Dropout,1,Basic Education,0.8333333333333334,1,0.625,0.0,0,"(16.999, 19.0]"
2617,1,17,1,9254,1,1,118.0,1,1,19,5,4,118.0,0,0,0,1,0,1,19,0,0,6,7,5,11.0,0,0,6,7,5,12.8,0,12.4,0.5,1.79,Graduate,Graduate,0,Tourism,0.8333333333333334,1,0.7142857142857143,0.0,0,"(16.999, 19.0]"
2618,1,17,2,9853,1,1,150.0,1,38,19,5,5,142.0,1,0,0,1,0,1,19,0,0,6,8,6,12.33333333,0,0,6,7,5,12.4,0,10.8,1.4,1.74,Dropout,Dropout,1,Basic Education,1.0,0,0.75,0.0,0,"(16.999, 19.0]"
2619,1,44,1,9238,1,1,140.0,1,1,1,5,5,143.4,0,0,0,1,0,1,21,0,3,6,6,6,14.83333333,0,2,6,7,6,12.57142857,0,13.9,-0.3,0.79,Graduate,Graduate,0,Social Service,1.0,0,1.0,0.0,0,"(20.0, 25.0]"
2620,1,42,1,9070,1,1,100.0,1,3,2,2,2,115.9,0,0,0,1,0,0,29,0,9,10,15,9,11.55555556,0,7,11,17,10,11.9,0,9.4,-0.8,-3.12,Enrolled,Enrolled,0,Communication Design,0.9,1,0.6,0.0,0,"(25.0, 70.0]"
2621,1,1,1,9070,1,1,110.0,1,1,37,9,9,105.1,1,0,0,1,0,1,20,0,0,6,6,6,12.0,0,0,6,6,6,11.83333333,0,12.4,0.5,1.79,Graduate,Graduate,0,Communication Design,1.0,0,1.0,0.0,0,"(19.0, 20.0]"
2622,1,51,1,8014,0,42,140.0,1,19,37,134,193,138.0,1,0,1,1,0,1,21,0,13,13,13,11,12.72727273,0,9,11,11,10,12.6,0,8.9,1.4,3.51,Graduate,Graduate,0,Social Service (evening attendance),0.8461538461538461,2,0.8461538461538461,0.0,1,"(20.0, 25.0]"
2623,1,43,1,9991,0,1,133.1,41,37,37,9,8,114.7,0,0,0,1,0,0,34,1,2,2,2,2,10.5,0,1,1,1,1,11.0,0,10.8,1.4,1.74,Dropout,Dropout,1,Management (evening attendance),1.0,0,1.0,0.0,0,"(25.0, 70.0]"
2624,1,1,4,9773,1,1,140.0,22,1,37,3,9,130.5,1,0,0,1,0,0,20,1,0,6,6,6,12.33333333,0,0,6,6,6,12.0,0,12.7,3.7,-1.7,Graduate,Graduate,0,Journalism and Communication,1.0,0,1.0,0.0,0,"(19.0, 20.0]"
2625,1,39,1,9991,0,1,110.0,1,37,37,9,9,134.3,0,0,0,1,1,0,24,0,0,5,10,0,0.0,0,0,5,7,1,12.0,0,10.8,1.4,1.74,Dropout,Dropout,1,Management (evening attendance),0.0,5,0.0,0.0,0,"(20.0, 25.0]"
2626,1,1,1,9500,1,1,148.0,1,1,1,4,3,137.5,0,0,0,1,1,0,18,0,0,7,7,7,14.84285714,0,0,8,9,8,14.38888889,0,16.2,0.3,-0.92,Graduate,Graduate,0,Nursing,1.0,0,1.0,0.0,0,"(16.999, 19.0]"
2627,1,1,1,9500,1,1,137.0,1,1,19,4,4,125.3,0,0,0,1,1,0,19,0,0,7,7,7,12.2,0,0,7,7,7,12.2,0,7.6,2.6,0.32,Enrolled,Enrolled,0,Nursing,1.0,0,1.0,0.0,0,"(16.999, 19.0]"
2628,1,1,1,9147,1,1,120.0,1,1,19,7,7,111.3,0,0,0,1,1,1,18,0,0,5,10,4,10.8,0,0,5,10,4,11.75,0,15.5,2.8,-4.06,Enrolled,Enrolled,0,Management,0.8,1,0.4,0.0,0,"(16.999, 19.0]"
2629,1,39,9,9991,0,1,120.0,1,38,38,9,5,144.8,0,0,0,1,1,0,28,0,0,5,7,4,12.75,0,0,5,7,5,14.33333333,0,10.8,1.4,1.74,Enrolled,Enrolled,0,Management (evening attendance),0.8,1,0.5714285714285714,0.0,0,"(25.0, 70.0]"
2630,1,39,1,9991,0,1,130.0,1,1,1,9,7,152.1,0,0,0,1,1,0,28,0,0,5,13,2,11.0,0,0,5,12,1,12.0,0,11.1,0.6,2.02,Dropout,Dropout,1,Management (evening attendance),0.4,3,0.15384615384615385,0.0,0,"(25.0, 70.0]"
2631,1,17,1,9254,1,1,132.0,1,38,38,0,5,126.1,0,0,0,1,1,0,20,0,0,6,9,4,10.75,0,0,6,12,0,0.0,0,7.6,2.6,0.32,Dropout,Dropout,1,Tourism,0.6666666666666666,2,0.4444444444444444,0.0,0,"(19.0, 20.0]"
2632,1,43,1,9500,1,1,130.0,1,1,1,7,4,136.0,1,0,0,1,1,0,22,0,0,8,9,8,12.55375,1,0,8,9,8,12.55375,1,9.4,-0.8,-3.12,Graduate,Graduate,0,Nursing,1.0,0,0.8888888888888888,0.125,0,"(20.0, 25.0]"
2633,1,1,4,9500,1,1,128.0,1,19,1,4,4,124.3,1,0,0,1,1,0,19,0,0,8,8,7,12.66571429,0,0,8,8,7,12.66571429,0,10.8,1.4,1.74,Graduate,Graduate,0,Nursing,0.875,1,0.875,0.0,0,"(16.999, 19.0]"
2634,1,1,1,9670,1,1,132.0,1,1,19,7,5,129.9,1,0,0,1,1,0,20,0,0,6,10,6,12.71428571,0,0,6,8,4,13.0,0,12.4,0.5,1.79,Enrolled,Enrolled,0,Advertising and Marketing Management,1.0,0,0.6,0.0,0,"(19.0, 20.0]"
2635,1,39,2,9556,1,1,133.1,1,3,1,2,4,136.1,0,0,0,1,1,0,26,0,0,7,7,2,11.75,0,0,5,10,0,0.0,0,12.4,0.5,1.79,Dropout,Dropout,1,Oral Hygiene,0.2857142857142857,5,0.2857142857142857,0.0,0,"(25.0, 70.0]"
2636,1,1,2,9254,1,1,120.0,1,37,37,9,9,115.1,1,0,0,0,1,0,21,0,0,6,11,3,11.0,0,0,6,14,0,0.0,0,9.4,-0.8,-3.12,Dropout,Dropout,1,Tourism,0.5,3,0.2727272727272727,0.0,1,"(20.0, 25.0]"
2637,1,16,2,171,1,1,145.0,1,3,3,2,2,143.6,1,0,0,1,1,0,18,0,0,0,0,0,0.0,0,0,0,0,0,0.0,0,12.4,0.5,1.79,Graduate,Graduate,0,Animation and Multimedia Design,0.0,0,0.0,0.0,0,"(16.999, 19.0]"
2638,1,17,1,9147,1,1,127.0,1,37,38,9,7,115.8,1,0,0,1,1,0,18,0,0,5,5,5,13.4,0,0,5,6,5,12.2,0,11.1,0.6,2.02,Graduate,Graduate,0,Management,1.0,0,1.0,0.0,0,"(16.999, 19.0]"
2639,1,1,2,171,1,1,135.0,1,19,19,4,7,149.0,1,0,0,1,1,0,22,0,14,17,21,17,12.57894737,0,15,17,20,17,12.11764706,0,11.1,0.6,2.02,Graduate,Graduate,0,Animation and Multimedia Design,1.0,0,0.8095238095238095,0.0,0,"(20.0, 25.0]"
2640,2,39,1,9119,1,19,133.1,1,37,37,9,9,100.0,0,0,0,1,1,0,36,0,0,5,0,0,0.0,0,0,5,0,0,0.0,0,16.2,0.3,-0.92,Dropout,Dropout,1,Informatics Engineering,0.0,5,0.0,0.0,0,"(25.0, 70.0]"
2641,1,1,1,9773,1,1,125.0,1,38,38,9,9,133.4,1,0,0,1,1,1,20,0,0,6,8,6,12.0,0,0,6,8,6,11.5,0,13.9,-0.3,0.79,Graduate,Graduate,0,Journalism and Communication,1.0,0,0.75,0.0,0,"(19.0, 20.0]"
2642,1,17,5,9670,1,1,127.0,1,3,4,2,2,122.8,0,0,0,1,1,0,20,0,0,6,6,3,12.33333333,0,0,6,9,0,0.0,0,10.8,1.4,1.74,Dropout,Dropout,1,Advertising and Marketing Management,0.5,3,0.5,0.0,0,"(19.0, 20.0]"
2643,1,39,1,9991,0,1,133.1,1,37,1,5,4,151.2,0,0,0,1,1,0,25,0,0,5,11,4,11.5,0,0,5,11,3,13.5,0,12.4,0.5,1.79,Dropout,Dropout,1,Management (evening attendance),0.8,1,0.36363636363636365,0.0,0,"(20.0, 25.0]"
2644,1,39,1,9003,1,1,150.0,1,37,19,6,4,137.0,0,0,0,1,1,0,35,0,1,6,7,5,12.8,0,1,6,11,5,13.83333333,0,15.5,2.8,-4.06,Graduate,Graduate,0,Agronomy,0.8333333333333334,1,0.7142857142857143,0.0,0,"(25.0, 70.0]"
2645,1,1,1,171,1,1,133.1,1,1,37,7,7,118.0,0,0,0,1,1,0,22,0,0,0,0,0,0.0,0,0,0,0,0,0.0,0,11.1,0.6,2.02,Dropout,Dropout,1,Animation and Multimedia Design,0.0,0,0.0,0.0,0,"(20.0, 25.0]"
2646,1,43,1,9070,1,1,150.0,1,3,39,3,7,126.4,0,0,0,1,1,0,26,0,5,7,8,7,13.28571429,0,3,8,11,7,12.14285714,0,12.4,0.5,1.79,Enrolled,Enrolled,0,Communication Design,1.0,0,0.875,0.0,0,"(25.0, 70.0]"
2647,1,44,1,9003,1,39,130.0,1,38,38,9,5,130.0,0,0,1,0,1,0,20,0,0,6,16,4,11.8,0,0,6,15,2,12.0,0,16.2,0.3,-0.92,Dropout,Dropout,1,Agronomy,0.6666666666666666,2,0.25,0.0,1,"(19.0, 20.0]"
2648,1,43,1,8014,0,12,133.1,1,37,1,9,10,112.5,0,0,0,1,1,0,50,0,6,13,13,6,11.33333333,0,2,11,11,2,13.5,0,16.2,0.3,-0.92,Dropout,Dropout,1,Social Service (evening attendance),0.46153846153846156,7,0.46153846153846156,0.0,0,"(25.0, 70.0]"
2649,1,1,1,9500,1,1,125.0,1,19,38,9,8,118.3,0,0,0,1,1,0,20,0,0,8,12,5,12.002,1,0,8,12,5,12.002,1,10.8,1.4,1.74,Dropout,Dropout,1,Nursing,0.625,3,0.4166666666666667,0.125,0,"(19.0, 20.0]"
2650,1,1,1,9500,1,1,127.0,1,3,1,2,8,121.4,0,0,0,1,1,0,20,0,0,7,10,5,13.97666667,0,0,8,9,8,13.22222222,0,12.4,0.5,1.79,Enrolled,Enrolled,0,Nursing,0.7142857142857143,2,0.5,0.0,0,"(19.0, 20.0]"
2651,1,7,1,9003,1,3,140.0,1,3,19,2,10,140.0,0,0,0,0,1,0,35,0,0,6,10,5,15.2,0,1,6,9,1,11.0,0,15.5,2.8,-4.06,Dropout,Dropout,1,Agronomy,0.8333333333333334,1,0.5,0.0,1,"(25.0, 70.0]"
2652,1,1,1,9670,1,1,110.0,1,3,19,4,5,109.0,0,0,0,1,1,1,19,0,0,6,7,6,13.14285714,0,0,6,8,6,14.16666667,0,15.5,2.8,-4.06,Graduate,Graduate,0,Advertising and Marketing Management,1.0,0,0.8571428571428571,0.0,0,"(16.999, 19.0]"
2653,2,39,2,9147,1,1,133.1,1,37,37,5,7,110.0,0,0,0,1,1,0,43,0,0,5,14,0,0.0,1,0,5,5,0,0.0,0,9.4,-0.8,-3.12,Dropout,Dropout,1,Management,0.0,5,0.0,0.2,0,"(25.0, 70.0]"
2654,1,17,5,9500,1,1,124.0,1,3,38,2,1,119.8,0,0,0,1,1,0,19,0,0,8,11,7,13.86714286,0,0,8,11,7,13.86714286,0,10.8,1.4,1.74,Graduate,Graduate,0,Nursing,0.875,1,0.6363636363636364,0.0,0,"(16.999, 19.0]"
2655,1,39,1,9500,1,1,114.0,1,37,37,9,9,130.0,0,0,0,1,1,0,25,0,0,8,11,6,12.675,0,0,8,11,6,12.675,0,12.7,3.7,-1.7,Graduate,Graduate,0,Nursing,0.75,2,0.5454545454545454,0.0,0,"(20.0, 25.0]"
2656,1,16,1,171,1,1,155.0,1,1,3,5,10,167.3,1,0,0,1,1,0,19,0,0,0,0,0,0.0,0,0,0,0,0,0.0,0,13.9,-0.3,0.79,Graduate,Graduate,0,Animation and Multimedia Design,0.0,0,0.0,0.0,0,"(16.999, 19.0]"
2657,1,17,2,9853,1,1,114.0,1,1,19,9,9,111.9,1,0,0,1,1,1,20,0,0,6,6,6,12.0,0,0,6,7,6,12.5,0,7.6,2.6,0.32,Enrolled,Enrolled,0,Basic Education,1.0,0,1.0,0.0,0,"(19.0, 20.0]"
2658,1,1,1,171,1,1,133.1,1,38,37,5,5,136.0,1,0,0,1,1,0,22,0,0,0,0,0,0.0,0,0,0,0,0,0.0,0,12.7,3.7,-1.7,Dropout,Dropout,1,Animation and Multimedia Design,0.0,0,0.0,0.0,0,"(20.0, 25.0]"
2659,1,1,1,9254,1,1,125.0,1,37,37,3,3,124.0,0,0,0,1,1,1,19,0,0,6,7,6,11.0,0,0,6,6,5,12.2,0,11.1,0.6,2.02,Dropout,Dropout,1,Tourism,1.0,0,0.8571428571428571,0.0,0,"(16.999, 19.0]"
2660,2,39,1,9991,0,1,120.0,1,19,37,3,9,132.9,0,0,0,1,1,0,32,0,0,5,11,4,10.75,0,0,5,11,4,11.33333333,0,13.9,-0.3,0.79,Dropout,Dropout,1,Management (evening attendance),0.8,1,0.36363636363636365,0.0,0,"(25.0, 70.0]"
2661,2,39,1,9773,1,38,100.0,1,37,37,9,7,154.0,1,0,0,1,1,0,57,0,0,6,7,5,14.2,0,0,6,6,6,14.16666667,0,9.4,-0.8,-3.12,Graduate,Graduate,0,Journalism and Communication,0.8333333333333334,1,0.7142857142857143,0.0,0,"(25.0, 70.0]"
2662,1,1,1,9500,1,1,133.1,1,1,19,3,5,115.0,0,0,0,0,1,0,20,0,0,7,11,4,12.6,0,0,7,7,4,11.575,0,16.2,0.3,-0.92,Dropout,Dropout,1,Nursing,0.5714285714285714,3,0.36363636363636365,0.0,1,"(19.0, 20.0]"
2663,1,39,1,9991,0,1,120.0,1,1,1,5,5,96.0,1,0,0,0,1,0,38,0,0,5,5,0,0.0,0,0,5,5,0,0.0,0,8.9,1.4,3.51,Dropout,Dropout,1,Management (evening attendance),0.0,5,0.0,0.0,1,"(25.0, 70.0]"
2664,2,39,1,9991,0,1,120.0,1,37,3,9,3,168.2,0,0,0,1,1,0,45,0,0,5,6,5,14.0,0,0,5,6,5,14.16666667,0,12.4,0.5,1.79,Graduate,Graduate,0,Management (evening attendance),1.0,0,0.8333333333333334,0.0,0,"(25.0, 70.0]"
2665,2,39,1,9773,1,1,110.0,1,37,37,9,10,140.0,0,0,1,0,1,0,43,0,0,6,16,2,10.0,0,0,6,12,4,12.25,0,10.8,1.4,1.74,Dropout,Dropout,1,Journalism and Communication,0.3333333333333333,4,0.125,0.0,1,"(25.0, 70.0]"
2666,1,17,4,9070,1,1,144.0,1,38,1,9,9,137.4,1,0,0,1,1,0,19,0,0,6,6,6,13.83333333,0,0,6,8,6,13.125,0,10.8,1.4,1.74,Graduate,Graduate,0,Communication Design,1.0,0,1.0,0.0,0,"(16.999, 19.0]"
2667,2,39,1,9991,0,19,133.1,1,19,19,4,4,150.0,0,0,0,0,1,0,49,0,0,5,8,2,11.0,0,0,5,5,1,11.0,0,15.5,2.8,-4.06,Dropout,Dropout,1,Management (evening attendance),0.4,3,0.25,0.0,1,"(25.0, 70.0]"
2668,2,39,1,9500,1,19,133.1,1,37,38,9,7,100.5,1,0,0,1,1,0,43,0,0,8,8,7,11.63571429,0,0,8,8,7,11.63571429,0,10.8,1.4,1.74,Enrolled,Enrolled,0,Nursing,0.875,1,0.875,0.0,0,"(25.0, 70.0]"
2669,1,39,1,8014,0,1,133.1,1,37,38,9,9,148.5,0,0,0,1,1,0,34,0,0,6,6,4,12.25,0,0,5,5,0,0.0,0,11.1,0.6,2.02,Dropout,Dropout,1,Social Service (evening attendance),0.6666666666666666,2,0.6666666666666666,0.0,0,"(25.0, 70.0]"
2670,1,17,5,9119,1,1,138.0,1,19,19,5,5,123.3,1,0,1,1,1,0,18,0,0,5,9,4,12.5,0,0,5,11,5,11.28571429,0,12.4,0.5,1.79,Enrolled,Enrolled,0,Informatics Engineering,0.8,1,0.4444444444444444,0.0,1,"(16.999, 19.0]"
2671,2,39,1,9991,0,1,120.0,1,38,38,1,4,138.7,0,0,0,1,1,0,43,0,0,5,5,5,13.8,0,0,5,6,5,13.66666667,0,10.8,1.4,1.74,Graduate,Graduate,0,Management (evening attendance),1.0,0,1.0,0.0,0,"(25.0, 70.0]"
2672,1,1,2,9254,1,1,120.0,1,19,1,9,8,117.2,0,0,0,1,1,0,21,0,0,6,8,3,12.0,0,0,6,9,1,11.0,0,15.5,2.8,-4.06,Dropout,Dropout,1,Tourism,0.5,3,0.375,0.0,0,"(20.0, 25.0]"
2673,2,39,1,9991,0,1,160.0,1,34,34,99,99,114.3,0,0,0,1,1,0,40,0,0,5,9,3,11.0,0,0,5,8,4,12.5,1,7.6,2.6,0.32,Enrolled,Enrolled,0,Management (evening attendance),0.6,2,0.3333333333333333,0.0,0,"(25.0, 70.0]"
2674,1,17,1,9670,1,1,134.0,1,19,37,5,5,125.3,1,0,0,1,1,1,19,0,0,6,7,4,13.75,0,0,6,10,6,11.55555556,0,10.8,1.4,1.74,Graduate,Graduate,0,Advertising and Marketing Management,0.6666666666666666,2,0.5714285714285714,0.0,0,"(16.999, 19.0]"
2675,1,1,1,9254,1,1,133.1,1,37,37,1,1,97.0,0,0,0,1,1,0,27,0,0,6,6,6,10.66666667,0,0,6,8,4,11.25,0,10.8,1.4,1.74,Enrolled,Enrolled,0,Tourism,1.0,0,1.0,0.0,0,"(25.0, 70.0]"
2676,2,42,1,9556,1,1,110.0,1,37,37,9,6,140.0,0,0,0,1,1,0,43,0,0,7,7,0,0.0,0,0,8,13,2,13.15,0,16.2,0.3,-0.92,Dropout,Dropout,1,Oral Hygiene,0.0,7,0.0,0.0,0,"(25.0, 70.0]"
2677,1,43,1,9991,0,1,130.0,1,37,37,9,9,124.0,0,0,0,1,1,0,31,0,1,5,6,5,13.83333333,0,0,5,7,5,15.4,0,9.4,-0.8,-3.12,Graduate,Graduate,0,Management (evening attendance),1.0,0,0.8333333333333334,0.0,0,"(25.0, 70.0]"
2678,1,44,1,9003,1,39,140.0,1,38,1,134,134,140.0,1,0,1,1,1,0,26,0,0,6,6,0,0.0,0,0,6,7,0,0.0,0,8.9,1.4,3.51,Enrolled,Enrolled,0,Agronomy,0.0,6,0.0,0.0,1,"(25.0, 70.0]"
2679,1,39,1,9991,0,1,150.0,1,37,38,175,103,127.0,0,0,0,1,1,0,34,0,0,5,5,5,15.8,0,0,5,5,5,16.8,0,8.9,1.4,3.51,Graduate,Graduate,0,Management (evening attendance),1.0,0,1.0,0.0,0,"(25.0, 70.0]"
2680,4,43,1,9500,1,19,100.0,1,34,34,0,0,110.0,0,0,0,1,1,0,30,0,11,14,26,12,12.52608696,1,11,14,26,12,12.52608696,1,7.6,2.6,0.32,Graduate,Graduate,0,Nursing,0.8571428571428571,2,0.46153846153846156,0.07142857142857142,0,"(25.0, 70.0]"
2681,2,39,1,9500,1,19,133.1,1,38,38,7,8,170.0,0,0,0,1,1,0,36,0,0,7,9,6,12.78333333,0,0,8,11,0,0.0,0,16.2,0.3,-0.92,Dropout,Dropout,1,Nursing,0.8571428571428571,1,0.6666666666666666,0.0,0,"(25.0, 70.0]"
2682,1,7,1,9991,0,3,120.0,1,37,37,6,7,120.0,0,0,1,0,1,0,46,0,0,5,5,0,0.0,0,0,5,5,1,10.0,0,11.1,0.6,2.02,Dropout,Dropout,1,Management (evening attendance),0.0,5,0.0,0.0,1,"(25.0, 70.0]"
2683,1,17,1,9085,1,1,133.1,1,1,19,5,9,130.0,0,0,0,1,1,0,22,0,0,5,8,3,13.0,0,0,5,8,3,10.66666667,0,7.6,2.6,0.32,Graduate,Graduate,0,Veterinary Nursing,0.6,2,0.375,0.0,0,"(20.0, 25.0]"
2684,1,7,1,9003,1,3,130.0,1,1,19,5,9,130.0,0,0,0,1,1,0,27,0,0,6,8,0,0.0,0,0,6,10,0,0.0,0,16.2,0.3,-0.92,Dropout,Dropout,1,Agronomy,0.0,6,0.0,0.0,0,"(25.0, 70.0]"
2685,1,1,2,9119,1,1,126.0,1,1,38,141,192,122.5,1,0,0,1,1,0,20,0,0,5,7,5,10.8,0,0,5,9,3,12.0,0,8.9,1.4,3.51,Enrolled,Enrolled,0,Informatics Engineering,1.0,0,0.7142857142857143,0.0,0,"(19.0, 20.0]"
2686,1,51,1,9147,1,1,130.0,1,19,38,9,8,115.7,0,0,0,1,1,0,20,0,0,5,7,5,11.0,0,0,5,7,3,10.0,0,8.9,1.4,3.51,Enrolled,Enrolled,0,Management,1.0,0,0.7142857142857143,0.0,0,"(19.0, 20.0]"
2687,1,42,1,9119,1,1,140.0,1,19,19,90,90,120.0,0,0,1,0,1,0,31,0,0,4,4,0,0.0,0,0,5,5,0,0.0,0,12.7,3.7,-1.7,Dropout,Dropout,1,Informatics Engineering,0.0,4,0.0,0.0,1,"(25.0, 70.0]"
2688,1,1,1,9119,1,1,140.0,1,37,19,9,9,166.0,1,0,1,1,1,0,20,0,0,5,7,0,0.0,0,0,5,5,0,0.0,0,9.4,-0.8,-3.12,Enrolled,Enrolled,0,Informatics Engineering,0.0,5,0.0,0.0,1,"(19.0, 20.0]"
2689,1,17,1,9773,1,1,145.0,1,1,38,90,8,132.8,1,0,0,0,1,0,21,0,0,6,10,2,12.0,0,0,6,0,0,0.0,0,10.8,1.4,1.74,Dropout,Dropout,1,Journalism and Communication,0.3333333333333333,4,0.2,0.0,1,"(20.0, 25.0]"
2690,1,17,1,9147,1,1,133.1,1,19,19,9,7,100.0,0,0,0,1,1,0,21,0,0,5,7,4,10.75,0,0,5,10,2,11.0,3,16.2,0.3,-0.92,Dropout,Dropout,1,Management,0.8,1,0.5714285714285714,0.0,0,"(20.0, 25.0]"
2691,1,1,1,9147,1,1,127.0,1,1,4,9,10,121.8,0,0,0,1,1,0,19,0,0,5,8,5,11.6,0,0,5,10,4,13.5,3,16.2,0.3,-0.92,Graduate,Graduate,0,Management,1.0,0,0.625,0.0,0,"(16.999, 19.0]"
2692,1,17,4,9147,1,1,114.0,1,19,19,4,4,109.5,1,0,0,1,1,1,20,0,0,5,6,5,11.8,0,0,5,8,4,11.6,0,8.9,1.4,3.51,Graduate,Graduate,0,Management,1.0,0,0.8333333333333334,0.0,0,"(19.0, 20.0]"
2693,1,1,1,9003,1,1,140.0,1,38,1,9,4,138.3,0,0,0,1,1,0,18,0,0,6,7,6,16.0,0,0,6,6,6,15.16666667,0,12.4,0.5,1.79,Graduate,Graduate,0,Agronomy,1.0,0,0.8571428571428571,0.0,0,"(16.999, 19.0]"
2694,1,1,2,9773,1,1,140.0,1,1,1,4,3,131.6,0,0,0,1,1,1,18,0,0,6,6,6,12.66666667,0,0,6,6,6,11.5,0,16.2,0.3,-0.92,Graduate,Graduate,0,Journalism and Communication,1.0,0,1.0,0.0,0,"(16.999, 19.0]"
2695,1,39,1,9500,1,1,120.0,1,1,2,144,123,125.3,0,0,1,1,1,0,30,0,0,7,12,4,14.4,0,0,7,9,6,13.5,0,12.4,0.5,1.79,Enrolled,Enrolled,0,Nursing,0.5714285714285714,3,0.3333333333333333,0.0,1,"(25.0, 70.0]"
2696,1,39,1,9254,1,19,133.1,1,19,19,3,1,101.5,0,0,1,0,1,0,34,0,0,6,6,0,0.0,0,0,6,6,0,0.0,0,15.5,2.8,-4.06,Dropout,Dropout,1,Tourism,0.0,6,0.0,0.0,1,"(25.0, 70.0]"
2697,1,17,1,9670,1,1,115.0,1,19,19,191,171,109.1,0,0,1,0,1,0,21,0,0,6,11,4,12.25,0,0,6,9,4,13.4,0,11.1,0.6,2.02,Enrolled,Enrolled,0,Advertising and Marketing Management,0.6666666666666666,2,0.36363636363636365,0.0,1,"(20.0, 25.0]"
2698,1,44,1,9070,1,39,123.9,1,37,1,9,7,123.9,0,0,0,1,1,0,20,0,2,7,9,5,12.6,0,5,9,10,8,12.75,1,16.2,0.3,-0.92,Dropout,Dropout,1,Communication Design,0.7142857142857143,2,0.5555555555555556,0.0,0,"(19.0, 20.0]"
2699,1,1,1,9500,1,1,157.0,1,37,37,9,9,143.0,0,0,0,1,1,0,18,0,0,8,8,7,13.4,0,0,8,8,7,13.4,0,12.7,3.7,-1.7,Graduate,Graduate,0,Nursing,0.875,1,0.875,0.0,0,"(16.999, 19.0]"
2700,1,1,1,171,1,1,127.0,1,1,1,4,3,126.3,1,0,1,1,1,0,21,0,0,0,0,0,0.0,0,0,0,0,0,0.0,0,16.2,0.3,-0.92,Dropout,Dropout,1,Animation and Multimedia Design,0.0,0,0.0,0.0,1,"(20.0, 25.0]"
2701,2,42,1,9003,1,1,120.0,1,3,1,2,2,113.3,0,0,0,1,1,0,26,0,0,6,9,1,10.0,0,0,6,6,0,0.0,0,12.4,0.5,1.79,Dropout,Dropout,1,Agronomy,0.16666666666666666,5,0.1111111111111111,0.0,0,"(25.0, 70.0]"
2702,1,17,1,9119,1,1,130.0,1,38,19,7,3,119.9,1,0,1,1,1,0,20,0,0,5,5,0,0.0,0,0,5,5,0,0.0,5,9.4,-0.8,-3.12,Dropout,Dropout,1,Informatics Engineering,0.0,5,0.0,0.0,1,"(19.0, 20.0]"
2703,1,44,1,9003,1,39,140.0,1,1,38,1,9,140.0,0,0,0,1,1,0,25,0,0,6,16,3,11.25,0,0,6,14,4,11.2,0,15.5,2.8,-4.06,Dropout,Dropout,1,Agronomy,0.5,3,0.1875,0.0,0,"(20.0, 25.0]"
2704,1,17,1,9670,1,1,109.0,1,1,1,4,4,108.0,0,0,0,1,1,0,19,0,0,5,10,0,0.0,0,0,5,5,0,0.0,0,7.6,2.6,0.32,Enrolled,Enrolled,0,Advertising and Marketing Management,0.0,5,0.0,0.0,0,"(16.999, 19.0]"
2705,1,39,2,9147,1,1,143.0,1,19,5,4,1,100.0,1,0,0,1,1,0,24,0,0,5,8,3,10.66666667,1,0,5,5,1,14.0,0,9.4,-0.8,-3.12,Dropout,Dropout,1,Management,0.6,2,0.375,0.2,0,"(20.0, 25.0]"
2706,1,1,1,9130,1,1,125.0,1,3,3,2,2,132.4,0,0,0,1,1,0,20,0,0,5,7,4,11.75,0,0,5,5,5,13.4,0,7.6,2.6,0.32,Graduate,Graduate,0,Equinculture,0.8,1,0.5714285714285714,0.0,0,"(19.0, 20.0]"
2707,1,1,1,9147,1,1,136.0,1,1,3,9,5,137.1,0,0,0,1,1,0,20,0,0,5,5,0,0.0,0,0,5,5,0,0.0,0,12.7,3.7,-1.7,Dropout,Dropout,1,Management,0.0,5,0.0,0.0,0,"(19.0, 20.0]"
2708,1,5,3,9070,1,1,157.0,1,3,1,9,6,138.1,1,0,0,1,0,0,18,0,0,6,6,6,12.66666667,0,0,6,8,6,14.125,0,10.8,1.4,1.74,Graduate,Graduate,0,Communication Design,1.0,0,1.0,0.0,0,"(16.999, 19.0]"
2709,4,39,1,9556,1,1,160.0,1,19,3,9,2,130.0,0,0,0,1,0,0,25,0,0,7,14,7,11.95,0,0,8,15,7,12.04285714,0,12.7,3.7,-1.7,Enrolled,Enrolled,0,Oral Hygiene,1.0,0,0.5,0.0,0,"(20.0, 25.0]"
2710,1,17,1,9254,1,1,116.0,1,38,37,9,6,109.7,1,0,0,1,0,0,22,0,0,6,7,5,14.0,0,0,6,6,6,15.66666667,0,11.1,0.6,2.02,Graduate,Graduate,0,Tourism,0.8333333333333334,1,0.7142857142857143,0.0,0,"(20.0, 25.0]"
2711,1,43,1,8014,0,1,113.0,1,37,37,0,6,128.2,0,0,0,0,0,0,41,0,0,6,6,0,0.0,6,0,6,12,0,0.0,0,9.4,-0.8,-3.12,Dropout,Dropout,1,Social Service (evening attendance),0.0,6,0.0,1.0,1,"(25.0, 70.0]"
2712,1,1,2,9147,1,1,130.0,1,37,38,7,9,117.8,0,0,1,1,0,1,19,0,0,5,11,2,11.5,0,0,5,10,0,0.0,0,12.7,3.7,-1.7,Dropout,Dropout,1,Management,0.4,3,0.18181818181818182,0.0,1,"(16.999, 19.0]"
2713,1,43,1,9130,1,1,150.0,1,3,3,3,4,150.0,1,0,0,1,0,0,21,0,0,6,10,6,12.0,0,0,6,12,5,12.8,0,13.9,-0.3,0.79,Graduate,Graduate,0,Equinculture,1.0,0,0.6,0.0,0,"(20.0, 25.0]"
2714,1,39,1,9085,1,1,110.0,1,1,1,5,5,160.0,1,0,1,1,0,0,30,0,0,6,7,6,16.42857143,0,0,6,7,6,16.66666667,0,13.9,-0.3,0.79,Dropout,Dropout,1,Veterinary Nursing,1.0,0,0.8571428571428571,0.0,1,"(25.0, 70.0]"
2715,1,1,5,9500,1,1,101.0,1,38,38,9,9,104.5,1,0,0,1,0,1,21,0,0,7,9,5,13.336,0,0,8,9,7,13.20714286,0,11.1,0.6,2.02,Graduate,Graduate,0,Nursing,0.7142857142857143,2,0.5555555555555556,0.0,0,"(20.0, 25.0]"
2716,2,39,2,9556,1,1,110.0,1,19,38,9,9,112.8,0,0,0,1,0,1,26,0,0,7,7,0,0.0,0,0,8,8,0,0.0,6,10.8,1.4,1.74,Enrolled,Enrolled,0,Oral Hygiene,0.0,7,0.0,0.0,0,"(25.0, 70.0]"
2717,1,15,1,9670,1,1,133.1,41,1,1,9,4,100.0,0,0,0,1,0,0,21,1,2,7,9,7,14.66666667,0,1,6,8,6,14.0,0,11.1,0.6,2.02,Graduate,Graduate,0,Advertising and Marketing Management,1.0,0,0.7777777777777778,0.0,0,"(20.0, 25.0]"
2718,1,1,1,9500,1,1,138.0,1,1,1,3,4,132.5,1,0,0,1,0,0,18,0,0,8,8,7,14.11571429,0,0,8,8,7,14.11571429,0,10.8,1.4,1.74,Graduate,Graduate,0,Nursing,0.875,1,0.875,0.0,0,"(16.999, 19.0]"
2719,1,1,4,9085,1,1,138.0,1,3,1,1,4,123.3,1,0,0,1,0,1,19,0,0,6,7,6,14.85714286,0,0,6,10,6,13.11111111,0,12.4,0.5,1.79,Graduate,Graduate,0,Veterinary Nursing,1.0,0,0.8571428571428571,0.0,0,"(16.999, 19.0]"
2720,1,1,2,9085,1,1,141.0,1,1,38,9,8,128.9,1,0,0,1,0,1,18,0,0,6,7,6,13.83333333,0,0,6,10,6,13.71428571,0,8.9,1.4,3.51,Graduate,Graduate,0,Veterinary Nursing,1.0,0,0.8571428571428571,0.0,0,"(16.999, 19.0]"
2721,1,17,2,9147,1,1,129.0,1,2,3,2,2,128.3,1,0,0,1,0,0,19,0,0,5,10,3,11.0,0,0,5,9,4,11.75,0,12.7,3.7,-1.7,Enrolled,Enrolled,0,Management,0.6,2,0.3,0.0,0,"(16.999, 19.0]"
2722,1,43,1,9085,1,1,127.0,1,3,3,2,5,100.0,0,0,0,1,0,0,21,0,0,6,11,4,11.75,0,0,6,12,3,13.66666667,0,13.9,-0.3,0.79,Enrolled,Enrolled,0,Veterinary Nursing,0.6666666666666666,2,0.36363636363636365,0.0,0,"(20.0, 25.0]"
2723,1,17,2,9147,1,1,133.0,1,19,1,9,3,120.1,1,0,0,1,0,1,18,0,0,5,15,2,10.0,0,0,5,14,2,12.0,0,13.9,-0.3,0.79,Dropout,Dropout,1,Management,0.4,3,0.13333333333333333,0.0,0,"(16.999, 19.0]"
2724,1,39,1,9500,1,1,100.0,1,37,37,7,7,160.0,1,0,0,1,0,1,24,0,0,8,15,6,12.415,0,0,8,15,6,12.415,0,10.8,1.4,1.74,Graduate,Graduate,0,Nursing,0.75,2,0.4,0.0,0,"(20.0, 25.0]"
2725,1,1,1,9130,1,1,138.0,1,4,5,2,2,123.0,1,0,0,1,0,0,21,0,0,5,12,1,11.0,0,0,5,9,2,10.5,0,12.7,3.7,-1.7,Enrolled,Enrolled,0,Equinculture,0.2,4,0.08333333333333333,0.0,0,"(20.0, 25.0]"
2726,1,44,1,9085,1,39,150.0,1,19,19,9,9,150.0,1,0,0,1,0,0,23,0,1,6,14,5,14.42857143,0,1,6,7,6,13.42857143,0,16.2,0.3,-0.92,Graduate,Graduate,0,Veterinary Nursing,0.8333333333333334,1,0.35714285714285715,0.0,0,"(20.0, 25.0]"
2727,1,17,2,9500,1,1,129.0,1,38,19,5,7,124.0,1,0,0,1,0,1,18,0,0,8,8,7,14.31285714,0,0,8,8,7,14.31285714,0,10.8,1.4,1.74,Graduate,Graduate,0,Nursing,0.875,1,0.875,0.0,0,"(16.999, 19.0]"
2728,1,39,1,9085,1,1,130.0,1,4,1,2,9,120.0,0,0,0,0,0,0,26,0,0,6,8,6,15.42857143,0,0,6,7,5,14.5,0,11.1,0.6,2.02,Enrolled,Enrolled,0,Veterinary Nursing,1.0,0,0.75,0.0,1,"(25.0, 70.0]"
2729,1,1,1,9130,1,1,133.0,1,38,38,5,8,120.4,1,0,0,1,0,0,20,0,0,5,9,4,12.0,1,0,5,6,5,13.4,0,9.4,-0.8,-3.12,Graduate,Graduate,0,Equinculture,0.8,1,0.4444444444444444,0.2,0,"(19.0, 20.0]"
2730,1,1,1,9238,1,1,133.0,1,4,1,5,5,131.6,0,0,0,1,0,0,18,0,0,6,7,6,13.83333333,0,0,6,7,6,13.71428571,0,11.1,0.6,2.02,Graduate,Graduate,0,Social Service,1.0,0,0.8571428571428571,0.0,0,"(16.999, 19.0]"
2731,1,1,1,9238,1,1,107.0,1,2,12,3,10,104.2,1,0,0,1,0,0,20,0,0,6,6,6,12.16666667,0,0,6,7,6,12.14285714,0,11.1,0.6,2.02,Graduate,Graduate,0,Social Service,1.0,0,1.0,0.0,0,"(19.0, 20.0]"
2732,1,1,1,9500,1,1,131.0,1,19,19,4,4,122.0,1,0,0,1,0,0,20,0,0,8,8,7,14.01428571,0,0,8,8,7,14.01428571,0,12.7,3.7,-1.7,Enrolled,Enrolled,0,Nursing,0.875,1,0.875,0.0,0,"(19.0, 20.0]"
2733,1,17,2,9238,1,1,118.0,1,1,19,4,10,110.7,1,1,0,1,0,0,18,0,0,6,15,2,10.33333333,3,0,6,13,3,13.33333333,0,12.7,3.7,-1.7,Enrolled,Enrolled,0,Social Service,0.3333333333333333,4,0.13333333333333333,0.5,0,"(16.999, 19.0]"
2734,1,1,4,9773,1,1,136.0,1,1,12,9,10,121.7,1,0,0,1,0,1,22,0,0,6,7,5,13.2,0,0,6,7,5,13.6,0,12.4,0.5,1.79,Graduate,Graduate,0,Journalism and Communication,0.8333333333333334,1,0.7142857142857143,0.0,0,"(20.0, 25.0]"
2735,1,1,1,9500,1,1,125.0,1,37,37,9,9,126.0,1,0,1,1,0,0,20,0,0,7,7,6,15.4,0,0,7,7,6,15.4,0,7.6,2.6,0.32,Graduate,Graduate,0,Nursing,0.8571428571428571,1,0.8571428571428571,0.0,1,"(19.0, 20.0]"
2736,1,17,4,9500,1,1,137.0,1,1,37,9,9,128.4,1,0,0,1,0,1,19,0,0,7,7,7,13.38571429,0,0,8,8,8,15.925,0,13.9,-0.3,0.79,Graduate,Graduate,0,Nursing,1.0,0,1.0,0.0,0,"(16.999, 19.0]"
2737,1,1,1,9130,1,1,144.0,1,3,1,2,4,134.9,1,0,1,1,0,0,18,0,0,6,13,6,10.85714286,0,0,6,10,4,11.0,0,15.5,2.8,-4.06,Dropout,Dropout,1,Equinculture,1.0,0,0.46153846153846156,0.0,1,"(16.999, 19.0]"
2738,1,17,2,9147,1,1,146.0,1,38,37,6,6,143.9,0,0,0,1,0,0,18,0,0,5,11,5,11.33333333,0,0,5,8,5,12.0,0,13.9,-0.3,0.79,Graduate,Graduate,0,Management,1.0,0,0.45454545454545453,0.0,0,"(16.999, 19.0]"
2739,1,1,4,9085,1,1,145.0,1,37,1,9,9,145.0,1,0,0,1,0,1,19,0,0,5,7,4,14.5,0,0,5,5,5,13.6,0,10.8,1.4,1.74,Graduate,Graduate,0,Veterinary Nursing,0.8,1,0.5714285714285714,0.0,0,"(16.999, 19.0]"
2740,1,1,2,9070,1,1,126.0,1,19,38,9,9,132.0,1,0,0,1,0,1,19,0,0,6,6,6,14.16666667,0,0,6,8,6,12.375,0,10.8,1.4,1.74,Graduate,Graduate,0,Communication Design,1.0,0,1.0,0.0,0,"(16.999, 19.0]"
2741,1,17,1,8014,0,1,141.0,1,34,34,0,0,136.1,0,0,0,1,0,0,24,0,0,6,7,6,12.83333333,0,0,6,8,6,12.0,0,7.6,2.6,0.32,Graduate,Graduate,0,Social Service (evening attendance),1.0,0,0.8571428571428571,0.0,0,"(20.0, 25.0]"
2742,1,1,1,9238,1,1,141.0,1,37,37,4,4,138.9,0,0,0,1,0,0,21,0,0,6,7,6,13.33333333,0,0,6,6,6,14.5,0,10.8,1.4,1.74,Graduate,Graduate,0,Social Service,1.0,0,0.8571428571428571,0.0,0,"(20.0, 25.0]"
2743,1,1,1,9238,1,1,133.1,1,1,1,3,3,102.0,1,0,0,1,0,1,20,0,0,6,7,6,13.66666667,0,0,6,7,6,14.57142857,0,11.1,0.6,2.02,Graduate,Graduate,0,Social Service,1.0,0,0.8571428571428571,0.0,0,"(19.0, 20.0]"
2744,1,39,1,9254,1,1,133.1,1,19,19,4,7,123.0,0,0,1,0,0,1,28,0,0,6,6,6,10.83333333,0,0,6,7,5,11.0,0,13.9,-0.3,0.79,Dropout,Dropout,1,Tourism,1.0,0,1.0,0.0,1,"(25.0, 70.0]"
2745,1,1,2,9853,1,1,127.0,1,37,19,9,8,137.5,1,0,0,1,0,0,21,0,0,6,7,6,13.42857143,0,0,6,8,6,13.14285714,0,7.6,2.6,0.32,Graduate,Graduate,0,Basic Education,1.0,0,0.8571428571428571,0.0,0,"(20.0, 25.0]"
2746,1,1,1,9500,1,1,106.0,1,37,38,191,163,102.2,1,0,1,1,1,0,20,0,0,7,7,7,12.40142857,0,0,8,10,6,11.80833333,0,11.1,0.6,2.02,Enrolled,Enrolled,0,Nursing,1.0,0,1.0,0.0,1,"(19.0, 20.0]"
2747,1,42,1,9003,1,1,130.0,1,3,2,2,6,105.3,0,0,0,0,1,0,36,0,0,6,8,0,0.0,0,0,6,10,0,0.0,0,16.2,0.3,-0.92,Dropout,Dropout,1,Agronomy,0.0,6,0.0,0.0,1,"(25.0, 70.0]"
2748,2,39,1,9991,0,1,110.0,1,37,37,9,9,130.0,0,0,0,0,1,0,42,0,0,4,4,0,0.0,0,0,5,0,0,0.0,0,12.7,3.7,-1.7,Dropout,Dropout,1,Management (evening attendance),0.0,4,0.0,0.0,1,"(25.0, 70.0]"
2749,2,39,1,9991,0,1,150.0,1,37,37,9,7,122.5,0,0,0,1,1,0,47,0,0,5,9,4,11.5,0,0,5,6,5,11.6,1,7.6,2.6,0.32,Dropout,Dropout,1,Management (evening attendance),0.8,1,0.4444444444444444,0.0,0,"(25.0, 70.0]"
2750,1,39,1,9119,1,1,160.0,1,1,38,4,7,112.0,0,0,0,0,1,0,25,0,0,5,8,0,0.0,0,0,5,5,0,0.0,0,9.4,-0.8,-3.12,Dropout,Dropout,1,Informatics Engineering,0.0,5,0.0,0.0,1,"(20.0, 25.0]"
2751,1,39,1,9670,1,12,170.0,1,1,37,3,5,110.0,0,0,0,1,1,1,25,0,0,6,8,6,14.14285714,0,0,6,6,6,13.5,0,15.5,2.8,-4.06,Graduate,Graduate,0,Advertising and Marketing Management,1.0,0,0.75,0.0,0,"(20.0, 25.0]"
2752,2,39,1,8014,0,19,133.1,1,19,37,6,8,149.5,0,0,0,1,1,0,48,0,0,6,6,0,0.0,0,0,5,6,0,0.0,0,12.4,0.5,1.79,Dropout,Dropout,1,Social Service (evening attendance),0.0,6,0.0,0.0,0,"(25.0, 70.0]"
2753,1,43,1,9991,0,1,120.0,1,38,38,9,7,141.0,0,0,0,1,1,1,32,0,5,10,12,10,13.8,0,5,10,10,10,12.8,0,10.8,1.4,1.74,Graduate,Graduate,0,Management (evening attendance),1.0,0,0.8333333333333334,0.0,0,"(25.0, 70.0]"
2754,1,7,1,9991,0,40,130.0,1,38,38,9,7,130.0,0,0,0,1,1,0,38,0,10,10,10,10,13.6,0,5,10,10,5,13.6,0,8.9,1.4,3.51,Dropout,Dropout,1,Management (evening attendance),1.0,0,1.0,0.0,0,"(25.0, 70.0]"
2755,1,7,1,9238,1,40,130.0,1,37,37,5,5,130.0,0,0,0,1,1,0,37,0,11,16,23,15,11.73333333,0,6,11,17,9,11.88888889,0,15.5,2.8,-4.06,Graduate,Graduate,0,Social Service,0.9375,1,0.6521739130434783,0.0,0,"(25.0, 70.0]"
2756,1,39,2,9147,1,1,120.0,1,37,37,9,9,104.0,0,0,0,0,1,0,26,0,0,5,8,1,10.0,0,0,5,9,1,10.0,0,10.8,1.4,1.74,Dropout,Dropout,1,Management,0.2,4,0.125,0.0,1,"(25.0, 70.0]"
2757,1,44,1,9085,1,39,110.0,1,3,5,2,2,110.0,0,0,0,1,1,0,23,0,0,6,19,0,0.0,0,0,6,6,0,0.0,0,13.9,-0.3,0.79,Dropout,Dropout,1,Veterinary Nursing,0.0,6,0.0,0.0,0,"(20.0, 25.0]"
2758,1,44,1,9003,1,39,120.0,1,38,19,3,5,120.0,0,0,0,1,1,0,23,0,0,6,6,0,0.0,0,0,6,8,0,0.0,0,15.5,2.8,-4.06,Enrolled,Enrolled,0,Agronomy,0.0,6,0.0,0.0,0,"(20.0, 25.0]"
2759,1,44,1,9003,1,39,130.0,1,2,3,9,6,130.0,0,0,0,1,1,0,20,0,0,6,12,4,10.8,0,0,6,13,4,12.0,0,12.4,0.5,1.79,Enrolled,Enrolled,0,Agronomy,0.6666666666666666,2,0.3333333333333333,0.0,0,"(19.0, 20.0]"
2760,1,39,1,9500,1,4,150.0,1,3,38,3,7,127.0,1,0,0,1,1,0,26,0,2,7,8,6,13.04666667,0,2,8,10,7,13.30625,0,11.1,0.6,2.02,Dropout,Dropout,1,Nursing,0.8571428571428571,1,0.75,0.0,0,"(25.0, 70.0]"
2761,1,43,1,8014,0,1,120.0,1,37,37,9,5,100.0,0,0,0,1,0,0,45,0,5,9,13,8,11.0,0,3,7,10,6,10.83333333,0,12.7,3.7,-1.7,Enrolled,Enrolled,0,Social Service (evening attendance),0.8888888888888888,1,0.6153846153846154,0.0,0,"(25.0, 70.0]"
2762,1,39,1,8014,0,19,100.0,1,37,37,5,5,111.0,1,0,0,1,0,1,26,0,0,6,10,3,12.33333333,0,0,6,14,3,11.66666667,0,7.6,2.6,0.32,Enrolled,Enrolled,0,Social Service (evening attendance),0.5,3,0.3,0.0,0,"(25.0, 70.0]"
2763,1,43,1,8014,0,3,133.1,1,9,9,90,90,130.0,0,0,0,1,0,0,26,0,8,11,16,10,11.8,0,3,7,7,7,13.28571429,0,7.6,2.6,0.32,Graduate,Graduate,0,Social Service (evening attendance),0.9090909090909091,1,0.625,0.0,0,"(25.0, 70.0]"
2764,1,39,1,9991,0,1,130.0,1,37,37,9,9,130.1,0,0,0,1,0,0,25,0,0,5,8,3,11.0,0,0,5,8,3,11.25,0,10.8,1.4,1.74,Enrolled,Enrolled,0,Management (evening attendance),0.6,2,0.375,0.0,0,"(20.0, 25.0]"
2765,1,16,4,9500,1,1,145.0,1,1,1,4,4,127.5,1,0,0,1,0,0,18,0,0,8,8,8,13.11,0,0,8,8,8,13.11,0,9.4,-0.8,-3.12,Graduate,Graduate,0,Nursing,1.0,0,1.0,0.0,0,"(16.999, 19.0]"
2766,1,7,1,9500,1,3,130.0,1,37,37,7,7,130.0,1,0,0,1,0,0,27,0,0,8,8,7,14.41428571,0,0,8,8,7,14.41428571,0,12.7,3.7,-1.7,Graduate,Graduate,0,Nursing,0.875,1,0.875,0.0,0,"(25.0, 70.0]"
2767,6,17,3,8014,0,1,115.0,1,19,1,5,90,115.0,0,0,0,0,0,0,24,0,0,5,5,0,0.0,0,0,5,10,0,0.0,0,10.8,1.4,1.74,Dropout,Dropout,1,Social Service (evening attendance),0.0,5,0.0,0.0,1,"(20.0, 25.0]"
2768,1,17,1,9147,1,1,124.0,1,38,19,6,10,126.8,1,0,0,1,0,0,20,0,0,5,8,5,12.33333333,0,0,5,7,5,12.2,0,15.5,2.8,-4.06,Graduate,Graduate,0,Management,1.0,0,0.625,0.0,0,"(19.0, 20.0]"
2769,1,1,1,9500,1,1,124.0,1,1,19,9,8,116.7,1,0,0,1,0,1,18,0,0,7,9,0,0.0,0,0,7,8,1,10.0,0,15.5,2.8,-4.06,Dropout,Dropout,1,Nursing,0.0,7,0.0,0.0,0,"(16.999, 19.0]"
2770,1,17,6,9556,1,1,134.0,1,19,38,7,7,128.5,1,0,0,1,0,1,18,0,0,7,9,7,14.1,0,0,8,8,8,13.3125,0,12.7,3.7,-1.7,Graduate,Graduate,0,Oral Hygiene,1.0,0,0.7777777777777778,0.0,0,"(16.999, 19.0]"
2771,1,1,4,9500,1,1,137.0,1,37,37,9,9,127.5,1,0,0,1,0,0,18,0,0,8,8,8,13.045,0,0,8,8,8,13.045,0,9.4,-0.8,-3.12,Graduate,Graduate,0,Nursing,1.0,0,1.0,0.0,0,"(16.999, 19.0]"
2772,1,1,1,9500,1,1,124.0,1,19,37,3,8,117.5,1,0,0,1,1,0,19,0,0,8,10,5,12.858,3,0,8,10,5,12.858,3,9.4,-0.8,-3.12,Enrolled,Enrolled,0,Nursing,0.625,3,0.5,0.375,0,"(16.999, 19.0]"
2773,1,42,3,9500,1,1,136.0,1,1,1,4,4,148.8,1,0,0,1,0,1,19,0,0,8,8,8,14.2525,0,0,8,8,8,14.2525,0,9.4,-0.8,-3.12,Graduate,Graduate,0,Nursing,1.0,0,1.0,0.0,0,"(16.999, 19.0]"
2774,1,1,4,9500,1,1,126.0,1,12,1,5,10,120.2,0,0,0,1,0,1,19,0,0,7,9,5,14.06,0,0,7,9,7,11.24285714,0,12.4,0.5,1.79,Enrolled,Enrolled,0,Nursing,0.7142857142857143,2,0.5555555555555556,0.0,0,"(16.999, 19.0]"
2775,1,1,4,9500,1,1,142.0,1,38,37,9,5,127.3,1,0,0,1,0,0,18,0,0,8,8,7,15.07571429,0,0,8,8,7,15.07571429,0,10.8,1.4,1.74,Graduate,Graduate,0,Nursing,0.875,1,0.875,0.0,0,"(16.999, 19.0]"
2776,1,17,2,171,1,1,141.0,1,19,37,9,9,136.1,1,0,0,1,0,1,18,0,0,0,0,0,0.0,0,0,0,0,0,0.0,0,12.7,3.7,-1.7,Enrolled,Enrolled,0,Animation and Multimedia Design,0.0,0,0.0,0.0,0,"(16.999, 19.0]"
2777,1,43,2,9670,1,1,129.0,1,3,3,5,5,122.4,1,0,0,1,0,0,19,0,0,5,5,4,13.75,0,0,6,9,5,12.6,0,12.7,3.7,-1.7,Enrolled,Enrolled,0,Advertising and Marketing Management,0.8,1,0.8,0.0,0,"(16.999, 19.0]"
2778,1,7,0,9003,1,3,130.0,1,1,37,4,9,130.0,1,0,0,1,0,0,23,0,10,17,28,17,13.15,2,8,12,22,12,13.21428571,0,15.5,2.8,-4.06,Graduate,Graduate,0,Agronomy,1.0,0,0.6071428571428571,0.11764705882352941,0,"(20.0, 25.0]"
2779,1,1,2,9238,1,1,136.0,1,19,19,4,7,121.7,1,0,0,1,0,1,21,0,0,6,9,5,12.33333333,0,0,6,7,5,11.8,0,13.9,-0.3,0.79,Graduate,Graduate,0,Social Service,0.8333333333333334,1,0.5555555555555556,0.0,0,"(20.0, 25.0]"
2780,1,1,3,9500,1,1,137.0,1,38,38,5,7,122.7,1,0,0,1,0,1,18,0,0,7,8,7,13.77857143,0,0,8,10,8,13.12222222,0,16.2,0.3,-0.92,Graduate,Graduate,0,Nursing,1.0,0,0.875,0.0,0,"(16.999, 19.0]"
2781,1,1,1,9853,1,1,125.0,1,34,37,9,9,129.2,1,0,1,0,0,0,20,0,0,6,12,3,10.33333333,0,0,6,14,1,11.0,0,10.8,1.4,1.74,Dropout,Dropout,1,Basic Education,0.5,3,0.25,0.0,1,"(19.0, 20.0]"
2782,1,43,1,9773,1,1,119.0,1,19,37,5,5,105.0,1,0,0,1,0,0,23,0,0,6,11,3,11.33333333,0,0,6,7,2,11.0,0,16.2,0.3,-0.92,Enrolled,Enrolled,0,Journalism and Communication,0.5,3,0.2727272727272727,0.0,0,"(20.0, 25.0]"
2783,1,1,1,9238,1,1,132.0,1,37,37,9,7,129.9,1,0,0,1,0,0,20,0,0,6,7,5,13.2,0,0,6,6,6,12.66666667,0,10.8,1.4,1.74,Enrolled,Enrolled,0,Social Service,0.8333333333333334,1,0.7142857142857143,0.0,0,"(19.0, 20.0]"
2784,1,1,1,9070,1,1,152.0,1,37,37,5,7,136.3,0,0,0,1,0,1,18,0,1,6,8,6,13.57142857,1,0,6,11,6,12.375,0,13.9,-0.3,0.79,Graduate,Graduate,0,Communication Design,1.0,0,0.75,0.16666666666666666,0,"(16.999, 19.0]"
2785,1,1,1,8014,0,1,125.0,1,37,37,9,7,114.9,0,0,0,1,0,0,29,0,8,11,14,11,12.75,0,3,7,7,7,13.42857143,0,9.4,-0.8,-3.12,Graduate,Graduate,0,Social Service (evening attendance),1.0,0,0.7857142857142857,0.0,0,"(25.0, 70.0]"
2786,1,39,1,9773,1,9,133.1,1,38,1,5,4,102.0,1,0,0,1,1,0,28,0,0,6,11,3,13.0,0,0,6,15,1,12.0,0,7.6,2.6,0.32,Dropout,Dropout,1,Journalism and Communication,0.5,3,0.2727272727272727,0.0,0,"(25.0, 70.0]"
2787,1,1,3,9670,1,1,120.0,1,37,37,7,7,111.3,1,0,0,1,1,0,19,0,0,5,7,3,11.33333333,0,0,5,7,4,11.0,0,9.4,-0.8,-3.12,Enrolled,Enrolled,0,Advertising and Marketing Management,0.6,2,0.42857142857142855,0.0,0,"(16.999, 19.0]"
2788,1,39,1,9670,1,1,148.0,1,19,19,7,7,130.9,0,0,1,0,1,0,24,0,0,6,12,0,0.0,0,0,6,9,0,0.0,0,10.8,1.4,1.74,Dropout,Dropout,1,Advertising and Marketing Management,0.0,6,0.0,0.0,1,"(20.0, 25.0]"
2789,1,39,1,171,1,1,133.1,1,37,37,9,7,100.0,0,0,1,1,1,1,33,0,0,0,0,0,0.0,0,0,0,0,0,0.0,0,15.5,2.8,-4.06,Dropout,Dropout,1,Animation and Multimedia Design,0.0,0,0.0,0.0,1,"(25.0, 70.0]"
2790,1,17,1,9147,1,1,115.0,1,19,37,5,7,112.9,1,0,0,0,1,0,19,0,0,5,7,2,12.5,0,0,5,13,1,11.0,0,9.4,-0.8,-3.12,Dropout,Dropout,1,Management,0.4,3,0.2857142857142857,0.0,1,"(16.999, 19.0]"
2791,1,1,1,9085,1,1,120.0,1,38,19,9,3,112.7,0,0,0,1,1,0,19,0,0,6,7,6,14.85714286,0,0,6,8,6,14.14285714,0,11.1,0.6,2.02,Graduate,Graduate,0,Veterinary Nursing,1.0,0,0.8571428571428571,0.0,0,"(16.999, 19.0]"
2792,4,39,1,8014,0,1,133.1,1,37,37,7,7,143.0,0,0,0,1,1,0,37,0,3,9,13,8,12.0,0,2,7,8,7,11.57142857,0,12.7,3.7,-1.7,Graduate,Graduate,0,Social Service (evening attendance),0.8888888888888888,1,0.6153846153846154,0.0,0,"(25.0, 70.0]"
2793,1,1,1,171,1,1,168.0,1,38,37,9,8,155.1,1,0,1,0,1,1,18,0,0,0,0,0,0.0,0,0,0,0,0,0.0,0,12.7,3.7,-1.7,Graduate,Graduate,0,Animation and Multimedia Design,0.0,0,0.0,0.0,1,"(16.999, 19.0]"
2794,4,39,1,9991,0,1,130.0,1,37,37,9,9,127.6,0,0,0,1,1,0,29,0,0,5,5,0,0.0,0,0,5,5,0,0.0,0,7.6,2.6,0.32,Enrolled,Enrolled,0,Management (evening attendance),0.0,5,0.0,0.0,0,"(25.0, 70.0]"
2795,2,39,1,9500,1,38,133.1,1,37,37,9,3,146.6,0,0,0,1,1,0,37,0,0,7,8,7,12.82857143,0,0,8,8,8,12.6875,0,13.9,-0.3,0.79,Graduate,Graduate,0,Nursing,1.0,0,0.875,0.0,0,"(25.0, 70.0]"
2796,1,39,1,9500,1,1,137.0,1,37,37,9,9,141.0,0,0,0,1,1,0,36,0,0,7,0,0,0.0,0,0,8,0,0,0.0,0,12.4,0.5,1.79,Dropout,Dropout,1,Nursing,0.0,7,0.0,0.0,0,"(25.0, 70.0]"
2797,1,1,2,9670,1,1,123.0,1,1,38,7,7,120.6,1,0,0,1,1,0,19,0,0,6,6,6,13.33333333,0,0,6,8,5,14.0,0,8.9,1.4,3.51,Graduate,Graduate,0,Advertising and Marketing Management,1.0,0,1.0,0.0,0,"(16.999, 19.0]"
2798,1,42,1,9500,1,1,150.0,1,19,1,9,3,110.0,1,0,0,1,1,1,33,0,6,14,20,14,13.07285714,6,6,14,20,14,13.07285714,6,9.4,-0.8,-3.12,Graduate,Graduate,0,Nursing,1.0,0,0.7,0.42857142857142855,0,"(25.0, 70.0]"
2799,1,42,1,9119,1,1,120.0,1,1,1,5,7,108.6,0,0,0,0,1,0,34,0,2,7,13,5,12.0,0,2,7,7,3,11.0,0,15.5,2.8,-4.06,Dropout,Dropout,1,Informatics Engineering,0.7142857142857143,2,0.38461538461538464,0.0,1,"(25.0, 70.0]"
2800,1,1,1,9254,1,1,145.0,1,3,19,3,8,134.9,1,0,0,1,0,0,18,0,0,6,6,6,15.5,0,0,6,6,6,16.0,0,12.4,0.5,1.79,Graduate,Graduate,0,Tourism,1.0,0,1.0,0.0,0,"(16.999, 19.0]"
2801,1,44,1,9130,1,39,120.0,1,3,1,2,4,120.0,1,0,0,1,0,0,20,0,0,6,6,0,0.0,0,0,6,6,0,0.0,0,12.4,0.5,1.79,Dropout,Dropout,1,Equinculture,0.0,6,0.0,0.0,0,"(19.0, 20.0]"
2802,1,1,1,9773,1,1,142.0,1,19,37,4,7,141.3,0,0,0,1,0,1,19,0,0,6,7,6,14.71428571,0,0,6,6,6,15.16666667,0,13.9,-0.3,0.79,Graduate,Graduate,0,Journalism and Communication,1.0,0,0.8571428571428571,0.0,0,"(16.999, 19.0]"
2803,1,1,3,9085,1,1,147.0,1,19,19,9,1,135.6,1,0,0,1,0,0,20,0,0,6,7,6,16.71428571,0,0,6,6,6,15.33333333,0,13.9,-0.3,0.79,Graduate,Graduate,0,Veterinary Nursing,1.0,0,0.8571428571428571,0.0,0,"(19.0, 20.0]"
2804,1,1,1,9238,1,1,125.0,1,19,19,9,9,121.5,1,0,0,1,0,1,19,0,0,6,9,6,10.85714286,0,0,6,7,6,11.66666667,0,12.4,0.5,1.79,Graduate,Graduate,0,Social Service,1.0,0,0.6666666666666666,0.0,0,"(16.999, 19.0]"
2805,1,1,4,9500,1,1,126.0,1,19,19,9,9,125.0,1,0,0,1,0,0,19,0,0,7,8,6,11.65833333,0,0,8,11,6,12.41666667,0,12.4,0.5,1.79,Graduate,Graduate,0,Nursing,0.8571428571428571,1,0.75,0.0,0,"(16.999, 19.0]"
2806,1,18,2,9773,1,1,132.0,24,37,19,9,7,119.1,1,0,0,1,0,1,22,1,0,6,8,5,11.6,0,0,6,7,6,12.0,0,9.4,-0.8,-3.12,Graduate,Graduate,0,Journalism and Communication,0.8333333333333334,1,0.625,0.0,0,"(20.0, 25.0]"
2807,1,1,1,9670,1,1,122.0,1,12,12,5,7,126.6,1,0,0,1,0,0,18,0,0,6,8,6,14.625,0,0,6,9,6,14.14285714,0,11.1,0.6,2.02,Enrolled,Enrolled,0,Advertising and Marketing Management,1.0,0,0.75,0.0,0,"(16.999, 19.0]"
2808,1,1,1,9773,1,1,123.0,1,1,38,9,9,116.7,0,0,0,1,0,1,18,0,0,6,6,6,12.16666667,0,0,6,8,6,12.66666667,0,12.4,0.5,1.79,Graduate,Graduate,0,Journalism and Communication,1.0,0,1.0,0.0,0,"(16.999, 19.0]"
2809,1,1,3,9500,1,1,126.0,1,1,19,131,181,120.1,1,0,0,1,0,0,19,0,0,7,12,4,13.375,0,0,7,8,6,12.11666667,0,12.4,0.5,1.79,Enrolled,Enrolled,0,Nursing,0.5714285714285714,3,0.3333333333333333,0.0,0,"(16.999, 19.0]"
2810,1,1,1,9853,1,1,128.0,1,38,37,9,9,124.9,0,0,0,1,0,1,19,0,0,6,6,6,12.5,0,0,6,6,6,12.83333333,0,12.7,3.7,-1.7,Graduate,Graduate,0,Basic Education,1.0,0,1.0,0.0,0,"(16.999, 19.0]"
2811,1,39,1,9500,1,1,100.0,1,19,1,1,90,114.0,1,0,1,0,0,0,31,0,0,7,8,5,12.56,0,0,7,8,5,12.56,0,7.6,2.6,0.32,Dropout,Dropout,1,Nursing,0.7142857142857143,2,0.625,0.0,1,"(25.0, 70.0]"
2812,1,17,5,9500,1,1,140.0,1,1,1,4,3,131.1,1,0,0,1,0,0,18,0,0,7,7,7,13.19,0,0,8,8,8,14.23125,0,11.1,0.6,2.02,Graduate,Graduate,0,Nursing,1.0,0,1.0,0.0,0,"(16.999, 19.0]"
2813,1,1,1,9238,1,1,145.0,1,1,19,9,9,129.3,0,0,1,1,0,1,19,0,0,6,11,3,11.0,0,0,6,9,4,11.25,0,10.8,1.4,1.74,Graduate,Graduate,0,Social Service,0.5,3,0.2727272727272727,0.0,1,"(16.999, 19.0]"
2814,1,1,1,171,1,1,143.0,1,3,38,2,10,129.7,1,0,0,1,0,0,18,0,0,0,0,0,0.0,0,0,0,0,0,0.0,0,13.9,-0.3,0.79,Graduate,Graduate,0,Animation and Multimedia Design,0.0,0,0.0,0.0,0,"(16.999, 19.0]"
2815,1,17,1,9238,1,1,132.0,1,37,38,9,5,120.8,0,0,0,1,0,1,19,0,0,6,11,5,11.6,0,0,6,10,6,11.71428571,0,15.5,2.8,-4.06,Graduate,Graduate,0,Social Service,0.8333333333333334,1,0.45454545454545453,0.0,0,"(16.999, 19.0]"
2816,1,1,1,9500,1,1,130.0,1,19,19,9,6,135.0,0,0,0,1,0,0,19,0,0,7,7,6,14.26666667,0,0,7,7,6,14.26666667,0,7.6,2.6,0.32,Graduate,Graduate,0,Nursing,0.8571428571428571,1,0.8571428571428571,0.0,0,"(16.999, 19.0]"
2817,1,1,1,9147,1,1,129.0,1,37,37,9,7,117.8,0,0,0,1,0,1,19,0,0,5,6,4,11.0,0,0,5,9,4,13.85714286,0,10.8,1.4,1.74,Enrolled,Enrolled,0,Management,0.8,1,0.6666666666666666,0.0,0,"(16.999, 19.0]"
2818,2,7,1,8014,0,3,124.4,1,37,34,0,0,130.0,0,0,0,1,0,0,30,0,8,10,11,9,12.66666667,0,3,7,7,7,12.42857143,1,7.6,2.6,0.32,Graduate,Graduate,0,Social Service (evening attendance),0.9,1,0.8181818181818182,0.0,0,"(25.0, 70.0]"
2819,1,43,1,9773,1,1,127.0,1,19,1,5,5,117.6,1,0,0,1,0,0,18,0,0,6,6,0,0.0,0,0,6,10,3,11.0,0,16.2,0.3,-0.92,Enrolled,Enrolled,0,Journalism and Communication,0.0,6,0.0,0.0,0,"(16.999, 19.0]"
2820,1,18,6,9500,1,1,144.0,1,1,1,3,6,130.8,1,0,0,1,0,0,18,0,0,8,11,7,12.77142857,0,0,8,11,7,12.77142857,0,12.7,3.7,-1.7,Graduate,Graduate,0,Nursing,0.875,1,0.6363636363636364,0.0,0,"(16.999, 19.0]"
2821,1,18,5,9085,1,1,121.0,1,5,3,2,3,111.9,1,0,0,1,0,0,21,0,0,5,12,0,0.0,3,0,5,5,0,0.0,0,12.7,3.7,-1.7,Dropout,Dropout,1,Veterinary Nursing,0.0,5,0.0,0.6,0,"(20.0, 25.0]"
2822,1,44,1,9238,1,1,150.0,1,1,38,4,9,145.9,0,0,0,1,0,1,19,0,3,6,6,6,15.5,0,2,6,7,6,13.57142857,0,13.9,-0.3,0.79,Graduate,Graduate,0,Social Service,1.0,0,1.0,0.0,0,"(16.999, 19.0]"
2823,1,17,1,9670,1,1,115.0,1,1,1,4,4,109.1,1,0,0,1,0,1,19,0,0,6,7,6,13.28571429,0,0,6,9,5,14.6,0,12.4,0.5,1.79,Enrolled,Enrolled,0,Advertising and Marketing Management,1.0,0,0.8571428571428571,0.0,0,"(16.999, 19.0]"
2824,1,1,5,9500,1,1,125.0,1,3,19,4,8,120.3,1,0,0,1,0,0,19,0,0,7,11,5,11.71666667,0,0,7,8,5,13.7,0,13.9,-0.3,0.79,Enrolled,Enrolled,0,Nursing,0.7142857142857143,2,0.45454545454545453,0.0,0,"(16.999, 19.0]"
2825,1,17,1,9130,1,1,117.0,1,19,19,4,4,113.5,1,0,0,1,0,0,19,0,0,6,8,6,11.33333333,0,0,6,12,4,13.75,0,8.9,1.4,3.51,Dropout,Dropout,1,Equinculture,1.0,0,0.75,0.0,0,"(16.999, 19.0]"
2826,1,1,2,9670,1,1,121.0,1,1,19,4,7,135.4,1,0,0,1,0,1,19,0,0,6,6,6,13.33333333,0,0,6,10,5,13.4,0,8.9,1.4,3.51,Graduate,Graduate,0,Advertising and Marketing Management,1.0,0,1.0,0.0,0,"(16.999, 19.0]"
2827,2,39,1,9991,0,1,140.0,1,37,37,9,6,130.2,0,0,0,1,0,1,39,0,0,5,13,4,12.33333333,0,0,5,14,2,10.0,4,16.2,0.3,-0.92,Graduate,Graduate,0,Management (evening attendance),0.8,1,0.3076923076923077,0.0,0,"(25.0, 70.0]"
2828,1,1,2,9070,1,1,129.0,1,3,4,2,2,136.4,1,0,0,1,0,0,18,0,0,6,6,6,12.33333333,0,0,6,6,6,12.83333333,0,7.6,2.6,0.32,Enrolled,Enrolled,0,Communication Design,1.0,0,1.0,0.0,0,"(16.999, 19.0]"
2829,1,17,1,171,1,1,130.0,1,3,1,9,9,126.9,1,0,0,1,0,0,20,0,0,0,0,0,0.0,0,0,0,0,0,0.0,0,12.7,3.7,-1.7,Dropout,Dropout,1,Animation and Multimedia Design,0.0,0,0.0,0.0,0,"(19.0, 20.0]"
2830,1,17,5,9147,1,1,131.0,1,19,38,3,10,119.8,1,0,0,1,0,0,19,0,0,5,8,5,12.6,0,0,5,9,4,11.6,0,8.9,1.4,3.51,Graduate,Graduate,0,Management,1.0,0,0.625,0.0,0,"(16.999, 19.0]"
2831,1,17,3,9147,1,1,137.0,1,1,1,4,7,124.4,1,0,0,1,0,0,18,0,0,5,5,5,12.6,0,0,5,5,4,11.0,0,11.1,0.6,2.02,Enrolled,Enrolled,0,Management,1.0,0,1.0,0.0,0,"(16.999, 19.0]"
2832,2,39,1,9003,1,1,150.0,1,3,3,2,2,120.0,0,0,1,0,0,0,34,0,1,6,10,6,14.33333333,0,0,6,9,6,12.83333333,0,11.1,0.6,2.02,Enrolled,Enrolled,0,Agronomy,1.0,0,0.6,0.0,1,"(25.0, 70.0]"
2833,1,1,2,9670,1,1,117.0,1,37,37,9,9,111.8,0,0,0,1,0,0,22,0,0,5,8,3,12.0,0,0,5,9,2,11.0,1,7.6,2.6,0.32,Enrolled,Enrolled,0,Advertising and Marketing Management,0.6,2,0.375,0.0,0,"(20.0, 25.0]"
2834,1,39,1,9085,1,1,133.1,1,19,19,7,7,130.0,1,0,0,1,0,0,24,0,0,6,7,6,14.85714286,0,0,6,10,5,13.6,0,13.9,-0.3,0.79,Graduate,Graduate,0,Veterinary Nursing,1.0,0,0.8571428571428571,0.0,0,"(20.0, 25.0]"
2835,2,43,1,9147,1,1,130.0,1,19,37,7,10,138.0,0,0,0,1,0,0,34,0,12,15,17,12,11.91666667,0,11,13,13,11,13.18181818,0,7.6,2.6,0.32,Graduate,Graduate,0,Management,0.8,3,0.7058823529411765,0.0,0,"(25.0, 70.0]"
2836,2,39,1,9991,0,1,110.0,1,34,34,0,0,114.6,1,0,0,1,0,0,46,0,0,5,5,0,0.0,0,0,5,5,0,0.0,0,7.6,2.6,0.32,Dropout,Dropout,1,Management (evening attendance),0.0,5,0.0,0.0,0,"(25.0, 70.0]"
2837,2,39,2,9147,1,1,140.0,1,37,37,9,8,108.0,0,0,0,1,0,0,50,0,0,5,12,3,13.33333333,1,0,5,8,5,12.2,0,9.4,-0.8,-3.12,Enrolled,Enrolled,0,Management,0.6,2,0.25,0.2,0,"(25.0, 70.0]"
2838,1,39,1,9991,0,1,140.0,1,37,37,9,5,140.0,0,0,0,0,0,0,37,0,0,5,5,0,0.0,0,0,5,5,0,0.0,0,15.5,2.8,-4.06,Dropout,Dropout,1,Management (evening attendance),0.0,5,0.0,0.0,1,"(25.0, 70.0]"
2839,1,1,2,9085,1,1,148.0,1,38,19,4,9,134.7,1,0,0,1,0,0,18,0,0,6,6,6,17.0,0,0,6,6,6,15.5,0,8.9,1.4,3.51,Graduate,Graduate,0,Veterinary Nursing,1.0,0,1.0,0.0,0,"(16.999, 19.0]"
2840,1,39,1,9085,1,1,130.0,1,37,37,6,6,110.0,0,0,0,1,0,1,25,0,0,6,13,3,11.66666667,0,0,6,14,2,11.33333333,0,11.1,0.6,2.02,Enrolled,Enrolled,0,Veterinary Nursing,0.5,3,0.23076923076923078,0.0,0,"(20.0, 25.0]"
2841,2,39,1,9003,1,1,140.0,1,37,37,9,6,104.8,0,0,0,1,0,0,46,0,14,19,24,19,12.21052632,0,11,13,13,13,11.38461538,0,15.5,2.8,-4.06,Graduate,Graduate,0,Agronomy,1.0,0,0.7916666666666666,0.0,0,"(25.0, 70.0]"
2842,2,39,1,9070,1,1,160.0,1,3,1,2,5,126.5,0,0,0,1,0,1,30,0,1,6,8,6,13.0,1,0,6,9,5,12.85714286,0,13.9,-0.3,0.79,Graduate,Graduate,0,Communication Design,1.0,0,0.75,0.16666666666666666,0,"(25.0, 70.0]"
2843,4,1,1,9991,0,1,130.0,1,37,37,9,9,118.1,0,0,1,0,0,0,37,0,0,5,0,0,0.0,0,0,5,0,0,0.0,0,12.7,3.7,-1.7,Dropout,Dropout,1,Management (evening attendance),0.0,5,0.0,0.0,1,"(25.0, 70.0]"
2844,2,39,1,9991,0,1,120.0,1,37,37,9,9,119.9,0,0,0,1,0,0,50,0,0,5,9,2,10.5,0,0,5,7,3,11.0,0,12.7,3.7,-1.7,Enrolled,Enrolled,0,Management (evening attendance),0.4,3,0.2222222222222222,0.0,0,"(25.0, 70.0]"
2845,1,44,1,9003,1,39,160.0,1,38,38,9,6,160.0,1,0,0,1,0,0,20,0,0,6,7,6,13.57142857,0,0,6,9,6,12.71428571,0,12.4,0.5,1.79,Graduate,Graduate,0,Agronomy,1.0,0,0.8571428571428571,0.0,0,"(19.0, 20.0]"
2846,2,39,2,9556,1,12,133.1,1,34,34,99,99,100.5,0,0,0,1,0,0,39,0,0,3,7,1,14.0,0,0,2,4,0,0.0,0,11.1,0.6,2.02,Dropout,Dropout,1,Oral Hygiene,0.3333333333333333,2,0.14285714285714285,0.0,0,"(25.0, 70.0]"
2847,2,39,1,9773,1,19,133.1,1,37,37,9,6,110.0,0,0,0,0,0,0,53,0,0,5,5,0,0.0,0,0,4,5,0,0.0,0,15.5,2.8,-4.06,Dropout,Dropout,1,Journalism and Communication,0.0,5,0.0,0.0,1,"(25.0, 70.0]"
2848,2,42,1,9147,1,1,100.0,1,37,37,9,9,100.0,1,0,0,1,0,0,54,0,13,15,20,13,12.46153846,1,10,13,13,10,11.1,1,15.5,2.8,-4.06,Dropout,Dropout,1,Management,0.8666666666666667,2,0.65,0.06666666666666667,0,"(25.0, 70.0]"
2849,1,44,1,9085,1,39,140.0,1,3,3,4,2,140.0,1,0,0,1,0,0,19,0,0,6,8,4,14.4,0,0,6,6,5,13.0,0,13.9,-0.3,0.79,Graduate,Graduate,0,Veterinary Nursing,0.6666666666666666,2,0.5,0.0,0,"(16.999, 19.0]"
2850,1,18,2,9773,1,1,109.0,1,1,1,4,4,109.0,1,0,0,0,0,0,20,0,0,6,6,0,0.0,0,0,6,0,0,0.0,0,8.9,1.4,3.51,Dropout,Dropout,1,Journalism and Communication,0.0,6,0.0,0.0,1,"(19.0, 20.0]"
2851,1,1,3,9773,1,1,130.0,1,1,37,4,5,120.9,1,0,1,1,0,0,18,0,0,6,6,6,14.33333333,0,0,6,6,6,14.16666667,0,8.9,1.4,3.51,Graduate,Graduate,0,Journalism and Communication,1.0,0,1.0,0.0,1,"(16.999, 19.0]"
2852,1,53,1,9003,1,42,130.0,1,1,1,144,144,125.8,0,0,1,1,0,0,21,0,7,13,21,11,11.90909091,0,5,11,14,11,10.72727273,0,8.9,1.4,3.51,Graduate,Graduate,0,Agronomy,0.8461538461538461,2,0.5238095238095238,0.0,1,"(20.0, 25.0]"
2853,1,18,3,9070,1,1,164.0,1,1,1,5,3,161.2,1,0,0,1,0,0,18,0,1,6,8,6,13.71428571,1,0,6,8,6,14.375,0,13.9,-0.3,0.79,Graduate,Graduate,0,Communication Design,1.0,0,0.75,0.16666666666666666,0,"(16.999, 19.0]"
2854,1,1,1,9500,1,1,125.0,1,19,19,9,10,122.0,1,0,1,1,0,0,19,0,0,7,0,0,0.0,0,0,8,0,0,0.0,0,11.1,0.6,2.02,Dropout,Dropout,1,Nursing,0.0,7,0.0,0.0,1,"(16.999, 19.0]"
2855,1,17,1,9500,1,1,137.0,1,1,1,9,9,127.9,1,0,0,1,0,1,18,0,0,7,10,5,13.46,0,0,7,8,7,12.2375,0,11.1,0.6,2.02,Dropout,Dropout,1,Nursing,0.7142857142857143,2,0.5,0.0,0,"(16.999, 19.0]"
2856,1,1,1,9773,1,1,133.0,1,1,3,3,3,135.8,1,0,0,1,0,0,19,0,0,6,6,6,15.0,0,0,6,6,6,13.33333333,0,11.1,0.6,2.02,Graduate,Graduate,0,Journalism and Communication,1.0,0,1.0,0.0,0,"(16.999, 19.0]"
2857,1,1,1,171,1,1,163.0,1,1,1,4,3,149.7,1,0,0,1,0,1,18,0,0,0,0,0,0.0,0,0,0,0,0,0.0,0,13.9,-0.3,0.79,Dropout,Dropout,1,Animation and Multimedia Design,0.0,0,0.0,0.0,0,"(16.999, 19.0]"
2858,1,1,2,9670,1,1,160.0,1,2,1,4,4,137.3,1,0,0,1,0,0,19,0,0,6,7,5,13.4,0,0,6,6,5,12.8,0,12.7,3.7,-1.7,Graduate,Graduate,0,Advertising and Marketing Management,0.8333333333333334,1,0.7142857142857143,0.0,0,"(16.999, 19.0]"
2859,4,43,1,8014,0,12,133.1,1,34,34,0,0,106.0,1,0,0,1,0,0,48,0,0,6,9,5,13.0,0,0,6,10,4,12.5,0,7.6,2.6,0.32,Enrolled,Enrolled,0,Social Service (evening attendance),0.8333333333333334,1,0.5555555555555556,0.0,0,"(25.0, 70.0]"
2860,4,43,1,9238,1,1,120.0,1,37,37,9,9,110.0,0,0,1,1,0,0,34,0,0,6,13,4,11.25,0,0,6,8,4,13.75,0,13.9,-0.3,0.79,Graduate,Graduate,0,Social Service,0.6666666666666666,2,0.3076923076923077,0.0,1,"(25.0, 70.0]"
2861,1,1,1,9085,1,1,140.0,1,3,3,2,2,146.4,0,0,0,1,0,0,18,0,0,5,5,5,12.6,0,0,5,7,5,11.6,0,7.6,2.6,0.32,Graduate,Graduate,0,Veterinary Nursing,1.0,0,1.0,0.0,0,"(16.999, 19.0]"
2862,2,39,1,8014,0,1,140.0,1,37,37,9,9,121.0,0,0,0,1,0,0,50,0,0,6,8,6,12.66666667,0,0,6,6,6,11.83333333,0,10.8,1.4,1.74,Graduate,Graduate,0,Social Service (evening attendance),1.0,0,0.75,0.0,0,"(25.0, 70.0]"
2863,1,43,1,9853,1,1,140.0,1,37,37,6,6,125.2,0,0,1,1,0,0,41,0,20,21,23,21,12.33333333,0,19,19,19,19,12.10526316,0,12.4,0.5,1.79,Graduate,Graduate,0,Basic Education,1.0,0,0.9130434782608695,0.0,1,"(25.0, 70.0]"
2864,1,17,2,9773,1,1,115.0,1,1,1,5,5,119.6,1,0,0,1,0,1,22,0,0,6,11,5,12.0,0,0,6,11,5,11.0,0,7.6,2.6,0.32,Dropout,Dropout,1,Journalism and Communication,0.8333333333333334,1,0.45454545454545453,0.0,0,"(20.0, 25.0]"
2865,4,39,1,9147,1,1,140.0,1,37,37,9,9,142.8,0,0,0,1,0,0,43,0,0,5,5,5,16.4,0,0,5,5,5,16.6,0,7.6,2.6,0.32,Graduate,Graduate,0,Management,1.0,0,1.0,0.0,0,"(25.0, 70.0]"
2866,2,39,1,8014,0,19,133.1,1,3,19,90,90,123.5,0,0,0,1,0,0,50,0,0,1,1,0,0.0,1,0,6,0,0,0.0,0,10.8,1.4,1.74,Dropout,Dropout,1,Social Service (evening attendance),0.0,1,0.0,1.0,0,"(25.0, 70.0]"
2867,1,39,1,9003,1,19,133.1,1,37,37,9,9,100.0,0,0,0,1,0,0,60,0,0,6,10,6,12.75,0,0,6,6,4,14.75,0,13.9,-0.3,0.79,Graduate,Graduate,0,Agronomy,1.0,0,0.6,0.0,0,"(25.0, 70.0]"
2868,2,39,1,9147,1,1,110.0,1,37,37,9,10,140.0,0,0,0,1,0,0,41,0,0,5,14,4,14.5,1,0,5,12,5,13.0,0,9.4,-0.8,-3.12,Enrolled,Enrolled,0,Management,0.8,1,0.2857142857142857,0.2,0,"(25.0, 70.0]"
2869,2,39,1,9991,0,19,133.1,1,37,37,9,9,150.3,0,0,0,1,0,0,47,0,0,5,5,5,14.8,0,0,5,5,5,14.4,0,7.6,2.6,0.32,Graduate,Graduate,0,Management (evening attendance),1.0,0,1.0,0.0,0,"(25.0, 70.0]"
2870,1,1,1,171,1,3,116.0,1,3,3,2,2,128.2,0,0,0,1,0,0,22,0,12,17,22,17,10.36842105,0,14,17,18,17,11.5,0,11.1,0.6,2.02,Graduate,Graduate,0,Animation and Multimedia Design,1.0,0,0.7727272727272727,0.0,0,"(20.0, 25.0]"
2871,2,39,1,9500,1,1,110.0,1,37,37,9,6,114.3,0,0,0,1,0,0,41,0,0,7,0,0,0.0,0,0,8,0,0,0.0,0,10.8,1.4,1.74,Dropout,Dropout,1,Nursing,0.0,7,0.0,0.0,0,"(25.0, 70.0]"
2872,2,43,1,9991,0,1,140.0,1,38,37,5,6,117.3,0,0,0,1,0,0,28,0,6,10,15,6,10.66666667,0,5,10,17,9,11.33333333,1,7.6,2.6,0.32,Enrolled,Enrolled,0,Management (evening attendance),0.6,4,0.4,0.0,0,"(25.0, 70.0]"
2873,5,42,1,9254,1,2,120.0,1,37,37,4,9,120.0,0,0,0,1,0,0,32,0,9,15,21,13,12.69230769,0,12,15,22,13,12.38461538,0,10.8,1.4,1.74,Graduate,Graduate,0,Tourism,0.8666666666666667,2,0.6190476190476191,0.0,0,"(25.0, 70.0]"
2874,2,39,1,9991,0,12,133.1,1,37,34,90,90,110.7,1,0,0,1,0,0,50,0,0,5,0,0,0.0,0,0,5,0,0,0.0,0,7.6,2.6,0.32,Dropout,Dropout,1,Management (evening attendance),0.0,5,0.0,0.0,0,"(25.0, 70.0]"
2875,1,51,1,9147,1,1,160.0,1,1,37,9,10,118.0,0,0,0,1,0,0,53,0,14,15,15,15,11.8,0,12,13,13,12,11.66666667,1,8.9,1.4,3.51,Enrolled,Enrolled,0,Management,1.0,0,1.0,0.0,0,"(25.0, 70.0]"
2876,1,39,1,9556,1,1,133.1,6,3,3,4,4,169.2,0,0,1,0,0,0,54,1,0,7,7,0,0.0,0,0,5,10,0,0.0,0,12.4,0.5,1.79,Dropout,Dropout,1,Oral Hygiene,0.0,7,0.0,0.0,1,"(25.0, 70.0]"
2877,1,39,1,8014,0,1,120.0,1,37,37,9,7,106.8,0,0,0,1,0,0,49,0,0,6,9,5,12.33333333,0,0,6,12,4,11.5,0,13.9,-0.3,0.79,Enrolled,Enrolled,0,Social Service (evening attendance),0.8333333333333334,1,0.5555555555555556,0.0,0,"(25.0, 70.0]"
2878,2,42,1,9853,1,1,133.1,1,37,37,4,7,100.0,0,0,0,1,0,0,34,0,6,12,18,11,13.0,0,4,13,22,8,11.875,0,12.7,3.7,-1.7,Dropout,Dropout,1,Basic Education,0.9166666666666666,1,0.6111111111111112,0.0,0,"(25.0, 70.0]"
2879,4,39,1,8014,0,1,133.1,1,38,37,5,7,144.5,0,0,0,1,0,0,45,0,0,6,13,4,12.5,0,0,6,8,3,11.66666667,0,16.2,0.3,-0.92,Dropout,Dropout,1,Social Service (evening attendance),0.6666666666666666,2,0.3076923076923077,0.0,0,"(25.0, 70.0]"
2880,4,39,1,8014,0,19,133.1,1,37,37,9,7,134.5,0,0,0,1,0,1,47,0,0,6,8,5,12.2,0,0,6,10,4,11.25,0,12.4,0.5,1.79,Graduate,Graduate,0,Social Service (evening attendance),0.8333333333333334,1,0.625,0.0,0,"(25.0, 70.0]"
2881,1,43,1,9238,1,1,122.0,1,19,19,5,5,114.3,1,0,0,1,0,0,22,0,5,10,15,8,11.0,0,2,7,16,5,11.2,0,9.4,-0.8,-3.12,Enrolled,Enrolled,0,Social Service,0.8,2,0.5333333333333333,0.0,0,"(20.0, 25.0]"
2882,2,39,1,9991,0,1,133.1,1,37,37,9,9,113.4,0,0,0,1,0,0,33,0,0,5,14,1,10.0,0,0,5,13,2,12.0,0,12.4,0.5,1.79,Dropout,Dropout,1,Management (evening attendance),0.2,4,0.07142857142857142,0.0,0,"(25.0, 70.0]"
2883,2,39,1,8014,0,1,140.0,1,37,37,9,9,128.0,0,0,0,1,0,1,43,0,0,6,7,6,12.33333333,0,0,6,8,6,11.5,0,8.9,1.4,3.51,Graduate,Graduate,0,Social Service (evening attendance),1.0,0,0.8571428571428571,0.0,0,"(25.0, 70.0]"
2884,1,7,1,9003,1,3,120.0,1,37,37,6,6,120.0,0,0,0,1,0,0,54,0,9,13,13,13,14.30769231,0,5,12,15,12,15.23076923,0,15.5,2.8,-4.06,Graduate,Graduate,0,Agronomy,1.0,0,1.0,0.0,0,"(25.0, 70.0]"
2885,1,39,1,8014,0,2,130.0,1,37,37,5,7,147.5,0,0,0,1,0,0,39,0,7,11,13,11,14.45454545,0,6,8,8,8,13.5,0,12.7,3.7,-1.7,Graduate,Graduate,0,Social Service (evening attendance),1.0,0,0.8461538461538461,0.0,0,"(25.0, 70.0]"
2886,2,39,1,9991,0,1,120.0,1,37,37,9,9,120.7,0,0,0,1,0,0,39,0,0,5,6,5,11.0,0,0,5,5,5,13.2,0,7.6,2.6,0.32,Graduate,Graduate,0,Management (evening attendance),1.0,0,0.8333333333333334,0.0,0,"(25.0, 70.0]"
2887,1,1,1,9853,1,1,153.0,1,19,37,9,9,153.7,0,0,0,1,0,1,18,0,0,6,8,6,13.14285714,0,0,6,6,6,12.83333333,0,15.5,2.8,-4.06,Graduate,Graduate,0,Basic Education,1.0,0,0.75,0.0,0,"(16.999, 19.0]"
2888,1,17,1,9238,1,1,131.0,1,37,37,9,7,121.9,0,0,0,1,0,1,19,0,0,6,8,6,13.75,0,0,6,7,6,11.85714286,0,16.2,0.3,-0.92,Graduate,Graduate,0,Social Service,1.0,0,0.75,0.0,0,"(16.999, 19.0]"
2889,1,17,4,9670,1,1,126.0,1,38,19,9,6,119.4,1,0,0,1,0,1,18,0,0,6,6,6,14.0,0,0,6,9,5,13.8,0,8.9,1.4,3.51,Graduate,Graduate,0,Advertising and Marketing Management,1.0,0,1.0,0.0,0,"(16.999, 19.0]"
2890,2,39,1,8014,0,12,110.0,1,34,34,0,0,157.8,0,0,0,1,0,0,44,0,5,8,13,8,13.75,0,2,6,9,6,12.5,0,7.6,2.6,0.32,Graduate,Graduate,0,Social Service (evening attendance),1.0,0,0.6153846153846154,0.0,0,"(25.0, 70.0]"
2891,1,39,1,9991,0,1,150.0,1,3,1,3,9,154.0,0,0,0,1,0,0,27,0,0,5,5,0,0.0,0,0,5,6,0,0.0,0,12.4,0.5,1.79,Dropout,Dropout,1,Management (evening attendance),0.0,5,0.0,0.0,0,"(25.0, 70.0]"
2892,1,1,2,9670,1,1,131.0,1,1,19,4,7,135.9,1,0,0,1,0,1,18,0,0,6,6,6,13.16666667,0,0,6,8,6,12.42857143,0,8.9,1.4,3.51,Graduate,Graduate,0,Advertising and Marketing Management,1.0,0,1.0,0.0,0,"(16.999, 19.0]"
2893,2,43,1,8014,0,1,130.0,1,34,34,0,0,130.0,0,0,0,1,0,0,45,0,10,12,12,9,12.44444444,3,4,7,8,6,12.0,0,9.4,-0.8,-3.12,Dropout,Dropout,1,Social Service (evening attendance),0.75,3,0.75,0.25,0,"(25.0, 70.0]"
2894,1,17,4,9853,1,1,122.0,1,38,37,9,9,118.9,1,0,0,1,0,0,20,0,0,6,7,6,12.66666667,0,0,6,7,5,13.0,0,7.6,2.6,0.32,Graduate,Graduate,0,Basic Education,1.0,0,0.8571428571428571,0.0,0,"(19.0, 20.0]"
2895,2,1,1,8014,0,1,151.0,1,37,37,9,9,152.4,0,0,0,1,0,0,40,0,0,6,7,6,11.33333333,0,0,6,7,6,10.5,0,10.8,1.4,1.74,Graduate,Graduate,0,Social Service (evening attendance),1.0,0,0.8571428571428571,0.0,0,"(25.0, 70.0]"
2896,1,39,1,9991,0,1,120.0,1,37,37,6,6,147.8,0,0,0,1,0,0,40,0,0,5,9,4,11.25,0,0,5,6,5,12.0,0,13.9,-0.3,0.79,Enrolled,Enrolled,0,Management (evening attendance),0.8,1,0.4444444444444444,0.0,0,"(25.0, 70.0]"
2897,1,43,1,9500,1,1,136.0,1,3,3,2,2,100.0,0,0,0,1,0,0,18,0,0,7,8,7,13.6125,0,0,8,8,8,14.575,0,13.9,-0.3,0.79,Graduate,Graduate,0,Nursing,1.0,0,0.875,0.0,0,"(16.999, 19.0]"
2898,1,18,6,9500,1,1,140.0,1,3,19,3,8,129.0,1,0,0,1,0,0,21,0,0,8,8,7,12.41428571,0,0,8,8,7,12.41428571,0,12.7,3.7,-1.7,Graduate,Graduate,0,Nursing,0.875,1,0.875,0.0,0,"(20.0, 25.0]"
2899,1,17,2,171,1,1,131.0,1,2,1,3,3,148.9,1,0,0,1,0,0,20,0,0,0,0,0,0.0,0,0,0,0,0,0.0,0,9.4,-0.8,-3.12,Graduate,Graduate,0,Animation and Multimedia Design,0.0,0,0.0,0.0,0,"(19.0, 20.0]"
2900,2,43,1,9991,0,2,120.0,1,37,37,9,8,120.0,0,0,0,1,0,0,36,0,8,12,21,11,11.5,0,7,12,22,12,11.4375,0,9.4,-0.8,-3.12,Enrolled,Enrolled,0,Management (evening attendance),0.9166666666666666,1,0.5238095238095238,0.0,0,"(25.0, 70.0]"
2901,2,7,1,8014,0,3,170.0,1,19,19,4,4,170.0,0,0,0,1,0,0,27,0,0,5,5,0,0.0,0,0,6,0,0,0.0,0,9.4,-0.8,-3.12,Dropout,Dropout,1,Social Service (evening attendance),0.0,5,0.0,0.0,0,"(25.0, 70.0]"
2902,2,39,1,9556,1,1,100.0,6,38,38,9,9,130.0,0,0,0,1,0,0,32,1,0,7,10,7,11.0,0,0,8,8,8,13.125,0,12.7,3.7,-1.7,Graduate,Graduate,0,Oral Hygiene,1.0,0,0.7,0.0,0,"(25.0, 70.0]"
2903,1,17,1,9238,1,1,116.0,1,1,1,3,3,119.2,1,0,0,1,0,1,18,0,0,6,6,6,14.0,0,0,6,6,6,13.5,0,8.9,1.4,3.51,Graduate,Graduate,0,Social Service,1.0,0,1.0,0.0,0,"(16.999, 19.0]"
2904,1,39,1,8014,0,1,133.1,1,37,37,9,7,129.0,0,0,0,1,0,0,37,0,0,6,13,4,12.0,0,0,6,10,3,12.0,0,16.2,0.3,-0.92,Dropout,Dropout,1,Social Service (evening attendance),0.6666666666666666,2,0.3076923076923077,0.0,0,"(25.0, 70.0]"
2905,1,17,1,9773,1,1,136.0,1,3,1,2,3,132.5,1,0,0,1,0,0,19,0,0,6,7,6,12.5,0,0,6,7,6,12.5,0,10.8,1.4,1.74,Graduate,Graduate,0,Journalism and Communication,1.0,0,0.8571428571428571,0.0,0,"(16.999, 19.0]"
2906,4,39,2,8014,0,1,160.0,1,37,38,7,5,115.0,0,0,0,1,0,1,41,0,0,6,8,6,11.33333333,0,0,6,9,6,11.33333333,0,10.8,1.4,1.74,Graduate,Graduate,0,Social Service (evening attendance),1.0,0,0.75,0.0,0,"(25.0, 70.0]"
2907,2,1,4,9500,1,1,140.0,1,1,37,4,9,128.0,0,0,0,1,0,1,18,0,0,7,7,6,14.06666667,0,0,7,7,6,14.06666667,0,7.6,2.6,0.32,Graduate,Graduate,0,Nursing,0.8571428571428571,1,0.8571428571428571,0.0,0,"(16.999, 19.0]"
2908,1,43,1,9085,1,1,130.0,1,37,37,90,90,125.1,0,0,0,1,0,0,21,0,2,9,14,8,13.55555556,0,2,7,10,7,13.57142857,0,7.6,2.6,0.32,Graduate,Graduate,0,Veterinary Nursing,0.8888888888888888,1,0.5714285714285714,0.0,0,"(20.0, 25.0]"
2909,1,44,1,9003,1,1,140.0,1,1,19,3,9,140.0,1,0,1,0,0,0,23,0,0,6,13,5,11.6,0,0,6,11,4,12.25,0,12.4,0.5,1.79,Dropout,Dropout,1,Agronomy,0.8333333333333334,1,0.38461538461538464,0.0,1,"(20.0, 25.0]"
2910,1,17,2,9773,1,1,123.0,1,1,1,3,3,120.9,1,0,0,1,0,0,18,0,0,6,0,0,0.0,0,0,6,0,0,0.0,0,13.9,-0.3,0.79,Dropout,Dropout,1,Journalism and Communication,0.0,6,0.0,0.0,0,"(16.999, 19.0]"
2911,1,1,6,9500,1,1,143.0,1,19,19,4,4,135.3,1,0,0,1,0,0,18,0,0,8,8,8,13.27625,0,0,8,8,8,13.27625,0,9.4,-0.8,-3.12,Graduate,Graduate,0,Nursing,1.0,0,1.0,0.0,0,"(16.999, 19.0]"
2912,1,43,4,9085,1,1,133.1,1,34,34,99,99,125.2,0,0,0,1,0,0,21,0,0,6,0,0,0.0,0,0,6,0,0,0.0,0,7.6,2.6,0.32,Dropout,Dropout,1,Veterinary Nursing,0.0,6,0.0,0.0,0,"(20.0, 25.0]"
2913,1,1,2,9238,1,1,136.0,1,22,30,0,8,135.7,1,0,0,1,0,0,19,0,0,6,8,6,14.375,0,0,6,8,6,14.75,0,7.6,2.6,0.32,Graduate,Graduate,0,Social Service,1.0,0,0.75,0.0,0,"(16.999, 19.0]"
2914,6,39,2,9147,1,1,133.1,1,37,37,9,9,110.0,0,0,0,1,0,0,47,0,0,5,0,0,0.0,0,0,5,0,0,0.0,0,9.4,-0.8,-3.12,Dropout,Dropout,1,Management,0.0,5,0.0,0.0,0,"(25.0, 70.0]"
2915,6,39,1,8014,0,1,133.1,1,37,37,9,9,119.0,0,0,0,1,0,1,48,0,0,6,7,6,10.66666667,0,0,6,9,5,11.8,0,10.8,1.4,1.74,Enrolled,Enrolled,0,Social Service (evening attendance),1.0,0,0.8571428571428571,0.0,0,"(25.0, 70.0]"
2916,2,7,1,8014,0,3,110.0,1,37,37,9,9,110.0,0,0,0,1,0,0,39,0,9,13,19,12,13.41666667,0,4,10,10,10,14.5,0,16.2,0.3,-0.92,Graduate,Graduate,0,Social Service (evening attendance),0.9230769230769231,1,0.631578947368421,0.0,0,"(25.0, 70.0]"
2917,1,1,1,9500,1,1,118.0,1,38,38,7,7,115.2,1,0,0,1,0,0,19,0,0,7,9,6,12.97166667,0,0,8,9,7,12.32142857,0,11.1,0.6,2.02,Graduate,Graduate,0,Nursing,0.8571428571428571,1,0.6666666666666666,0.0,0,"(16.999, 19.0]"
2918,1,43,1,9991,0,2,110.0,1,37,37,9,9,112.9,0,0,0,1,0,0,38,0,14,15,16,14,10.92857143,0,12,14,16,12,11.83333333,0,9.4,-0.8,-3.12,Dropout,Dropout,1,Management (evening attendance),0.9333333333333333,1,0.875,0.0,0,"(25.0, 70.0]"
2919,5,39,1,9003,1,19,133.1,1,19,1,9,9,119.4,0,0,1,0,0,0,27,0,0,6,6,0,0.0,0,0,6,7,0,0.0,0,8.9,1.4,3.51,Dropout,Dropout,1,Agronomy,0.0,6,0.0,0.0,1,"(25.0, 70.0]"
2920,1,1,1,171,1,1,162.0,1,19,19,4,7,152.9,1,0,0,1,0,1,18,0,0,0,0,0,0.0,0,0,0,0,0,0.0,0,12.4,0.5,1.79,Graduate,Graduate,0,Animation and Multimedia Design,0.0,0,0.0,0.0,0,"(16.999, 19.0]"
2921,1,39,1,8014,0,1,155.0,1,19,37,4,5,117.5,0,0,0,1,0,0,34,0,0,6,6,4,13.25,0,0,6,6,0,0.0,0,12.7,3.7,-1.7,Enrolled,Enrolled,0,Social Service (evening attendance),0.6666666666666666,2,0.6666666666666666,0.0,0,"(25.0, 70.0]"
2922,2,39,1,9238,1,19,133.1,1,37,37,4,4,98.5,0,0,0,1,0,0,48,0,0,6,14,6,11.33333333,0,0,6,11,5,12.4,0,15.5,2.8,-4.06,Dropout,Dropout,1,Social Service,1.0,0,0.42857142857142855,0.0,0,"(25.0, 70.0]"
2923,1,39,1,9670,1,1,150.0,1,34,34,0,0,108.0,0,0,0,1,0,0,25,0,0,5,6,1,11.0,0,0,5,5,0,0.0,0,7.6,2.6,0.32,Dropout,Dropout,1,Advertising and Marketing Management,0.2,4,0.16666666666666666,0.0,0,"(20.0, 25.0]"
2924,2,39,1,9500,1,1,133.1,1,19,37,6,6,120.0,0,0,0,1,0,1,32,0,0,8,9,7,12.75714286,0,0,8,9,7,12.75714286,0,12.7,3.7,-1.7,Graduate,Graduate,0,Nursing,0.875,1,0.7777777777777778,0.0,0,"(25.0, 70.0]"
2925,1,1,1,9773,1,1,154.0,1,37,37,9,7,150.2,0,0,0,1,0,1,18,0,0,6,6,6,14.5,0,0,6,6,6,14.66666667,0,16.2,0.3,-0.92,Graduate,Graduate,0,Journalism and Communication,1.0,0,1.0,0.0,0,"(16.999, 19.0]"
2926,1,44,1,8014,0,39,140.0,1,1,3,4,6,139.2,0,0,1,1,0,0,20,0,3,6,6,6,13.83333333,0,2,6,7,6,14.57142857,0,12.4,0.5,1.79,Graduate,Graduate,0,Social Service (evening attendance),1.0,0,1.0,0.0,1,"(19.0, 20.0]"
2927,1,1,1,9147,1,1,158.0,1,19,37,9,7,130.0,1,0,0,1,0,0,20,0,0,5,8,4,11.25,0,0,5,7,5,10.4,0,7.6,2.6,0.32,Graduate,Graduate,0,Management,0.8,1,0.5,0.0,0,"(19.0, 20.0]"
2928,1,1,1,171,1,1,122.0,1,37,37,9,3,115.7,1,0,0,1,0,0,20,0,0,0,0,0,0.0,0,0,0,0,0,0.0,0,9.4,-0.8,-3.12,Dropout,Dropout,1,Animation and Multimedia Design,0.0,0,0.0,0.0,0,"(19.0, 20.0]"
2929,1,1,3,9500,1,1,136.0,1,1,1,4,4,127.0,1,0,0,1,0,0,19,0,0,8,10,1,13.67,7,0,8,10,1,13.67,7,9.4,-0.8,-3.12,Enrolled,Enrolled,0,Nursing,0.125,7,0.1,0.875,0,"(16.999, 19.0]"
2930,1,39,1,9991,0,9,133.1,1,37,34,90,90,118.1,1,0,0,1,0,0,39,0,0,5,9,0,0.0,0,0,5,5,2,12.5,0,7.6,2.6,0.32,Dropout,Dropout,1,Management (evening attendance),0.0,5,0.0,0.0,0,"(25.0, 70.0]"
2931,1,1,1,9130,1,1,132.0,1,6,6,0,4,119.1,1,0,1,1,0,0,29,0,0,5,10,1,13.0,4,0,5,14,0,0.0,8,10.8,1.4,1.74,Dropout,Dropout,1,Equinculture,0.2,4,0.1,0.8,1,"(25.0, 70.0]"
2932,1,39,1,9991,0,1,130.0,1,37,37,6,6,111.9,0,0,1,1,0,0,36,0,0,5,5,0,0.0,0,0,5,5,0,0.0,0,12.7,3.7,-1.7,Dropout,Dropout,1,Management (evening attendance),0.0,5,0.0,0.0,1,"(25.0, 70.0]"
2933,1,1,6,9500,1,1,144.0,1,19,19,9,9,130.5,1,0,0,1,0,0,18,0,0,8,12,7,11.97142857,0,0,8,12,7,11.97142857,0,12.7,3.7,-1.7,Graduate,Graduate,0,Nursing,0.875,1,0.5833333333333334,0.0,0,"(16.999, 19.0]"
2934,2,39,1,8014,0,12,133.1,1,34,34,0,0,135.0,0,0,0,1,0,0,51,0,0,6,12,0,0.0,0,1,6,11,0,0.0,1,7.6,2.6,0.32,Dropout,Dropout,1,Social Service (evening attendance),0.0,6,0.0,0.0,0,"(25.0, 70.0]"
2935,1,43,1,9773,1,1,133.1,22,34,34,90,90,130.0,0,0,1,1,0,0,23,1,0,6,11,1,16.0,0,0,6,8,4,12.25,0,7.6,2.6,0.32,Dropout,Dropout,1,Journalism and Communication,0.16666666666666666,5,0.09090909090909091,0.0,1,"(20.0, 25.0]"
2936,1,44,1,9085,1,1,150.0,1,29,10,6,6,150.0,1,0,0,1,0,0,21,0,0,6,0,0,0.0,0,0,6,0,0,0.0,0,10.8,1.4,1.74,Dropout,Dropout,1,Veterinary Nursing,0.0,6,0.0,0.0,0,"(20.0, 25.0]"
2937,1,43,5,9853,1,1,150.0,1,34,34,0,0,150.2,1,0,0,0,0,0,28,0,0,6,9,4,12.75,1,0,5,5,0,0.0,5,9.4,-0.8,-3.12,Dropout,Dropout,1,Basic Education,0.6666666666666666,2,0.4444444444444444,0.16666666666666666,1,"(25.0, 70.0]"
2938,2,39,1,9991,0,1,110.0,1,37,37,9,3,127.1,0,0,0,1,0,0,34,0,0,5,9,4,11.0,0,0,5,10,4,10.75,1,7.6,2.6,0.32,Enrolled,Enrolled,0,Management (evening attendance),0.8,1,0.4444444444444444,0.0,0,"(25.0, 70.0]"
2939,1,39,1,8014,0,1,100.0,1,37,37,6,5,107.5,0,0,0,1,0,0,41,0,0,2,2,0,0.0,0,0,6,0,0,0.0,0,12.7,3.7,-1.7,Dropout,Dropout,1,Social Service (evening attendance),0.0,2,0.0,0.0,0,"(25.0, 70.0]"
2940,4,39,1,8014,0,3,100.0,1,37,37,9,9,130.0,0,0,0,1,0,1,43,0,0,6,7,5,12.2,0,0,6,6,6,12.33333333,0,9.4,-0.8,-3.12,Graduate,Graduate,0,Social Service (evening attendance),0.8333333333333334,1,0.7142857142857143,0.0,0,"(25.0, 70.0]"
2941,2,39,2,9556,1,1,133.1,105,1,3,9,2,152.8,1,0,0,1,0,0,28,1,0,7,9,7,12.42857143,0,0,8,8,8,12.3,0,12.4,0.5,1.79,Enrolled,Enrolled,0,Oral Hygiene,1.0,0,0.7777777777777778,0.0,0,"(25.0, 70.0]"
2942,1,1,1,171,1,1,145.0,1,40,1,2,4,160.1,0,0,0,1,0,1,19,0,6,12,12,12,14.5,0,4,11,15,11,13.58333333,0,8.9,1.4,3.51,Graduate,Graduate,0,Animation and Multimedia Design,1.0,0,1.0,0.0,0,"(16.999, 19.0]"
2943,1,39,1,9003,1,1,130.0,1,19,19,9,1,140.0,0,0,0,1,0,0,26,0,6,12,13,6,13.0,0,4,12,14,11,13.83333333,0,15.5,2.8,-4.06,Graduate,Graduate,0,Agronomy,0.5,6,0.46153846153846156,0.0,0,"(25.0, 70.0]"
2944,1,1,4,9500,1,1,118.0,1,4,3,2,3,110.7,1,0,0,1,0,0,18,0,0,7,7,7,11.71428571,0,0,8,8,8,12.75,0,12.4,0.5,1.79,Graduate,Graduate,0,Nursing,1.0,0,1.0,0.0,0,"(16.999, 19.0]"
2945,2,39,1,9853,1,1,133.1,1,37,19,9,5,138.3,0,0,0,1,0,0,45,0,0,7,12,4,10.25,0,0,7,10,3,13.0,0,11.1,0.6,2.02,Dropout,Dropout,1,Basic Education,0.5714285714285714,3,0.3333333333333333,0.0,0,"(25.0, 70.0]"
2946,1,44,1,9853,1,39,150.0,1,3,37,2,7,150.0,0,0,0,1,0,0,19,0,0,6,0,0,0.0,0,0,6,0,0,0.0,0,12.4,0.5,1.79,Dropout,Dropout,1,Basic Education,0.0,6,0.0,0.0,0,"(16.999, 19.0]"
2947,1,17,6,9670,1,1,113.0,1,4,1,3,10,112.3,0,0,0,1,0,0,20,0,0,6,9,6,12.375,0,0,6,7,6,13.14285714,0,11.1,0.6,2.02,Graduate,Graduate,0,Advertising and Marketing Management,1.0,0,0.6666666666666666,0.0,0,"(19.0, 20.0]"
2948,1,1,6,9853,1,1,136.0,1,1,19,5,5,122.0,0,0,0,1,0,0,18,0,0,6,6,6,12.66666667,0,0,6,6,6,12.0,0,7.6,2.6,0.32,Graduate,Graduate,0,Basic Education,1.0,0,1.0,0.0,0,"(16.999, 19.0]"
2949,1,39,1,9085,1,1,140.0,1,3,3,4,2,141.7,1,0,0,1,0,0,27,0,0,6,13,3,10.5,0,0,6,19,1,12.0,0,12.4,0.5,1.79,Dropout,Dropout,1,Veterinary Nursing,0.5,3,0.23076923076923078,0.0,0,"(25.0, 70.0]"
2950,2,1,1,9003,1,1,131.0,1,19,38,5,5,118.4,0,0,0,1,0,0,20,0,0,6,11,6,14.125,0,0,6,10,5,12.6,0,13.9,-0.3,0.79,Graduate,Graduate,0,Agronomy,1.0,0,0.5454545454545454,0.0,0,"(19.0, 20.0]"
2951,1,1,3,9085,1,1,138.0,1,1,1,4,8,128.7,1,0,0,1,0,0,18,0,0,6,7,6,14.66666667,0,0,6,12,6,13.83333333,0,8.9,1.4,3.51,Graduate,Graduate,0,Veterinary Nursing,1.0,0,0.8571428571428571,0.0,0,"(16.999, 19.0]"
2952,2,39,2,9670,1,1,100.0,1,37,37,9,9,100.0,0,0,0,1,0,0,35,0,0,5,8,5,11.4,0,0,5,7,3,12.33333333,0,9.4,-0.8,-3.12,Enrolled,Enrolled,0,Advertising and Marketing Management,1.0,0,0.625,0.0,0,"(25.0, 70.0]"
2953,1,39,1,171,1,1,140.0,1,37,37,9,9,100.8,0,1,0,1,0,0,26,0,0,0,0,0,0.0,0,0,0,0,0,0.0,0,16.2,0.3,-0.92,Dropout,Dropout,1,Animation and Multimedia Design,0.0,0,0.0,0.0,0,"(25.0, 70.0]"
2954,4,39,1,9238,1,1,120.0,1,37,37,9,9,125.5,1,0,0,1,0,1,39,0,0,6,7,6,14.0,0,0,6,7,5,14.8,0,12.7,3.7,-1.7,Graduate,Graduate,0,Social Service,1.0,0,0.8571428571428571,0.0,0,"(25.0, 70.0]"
2955,1,1,1,171,1,1,139.0,1,37,37,9,9,124.0,1,0,0,1,0,0,18,0,0,0,0,0,0.0,0,0,0,0,0,0.0,0,7.6,2.6,0.32,Graduate,Graduate,0,Animation and Multimedia Design,0.0,0,0.0,0.0,0,"(16.999, 19.0]"
2956,1,7,1,9500,1,3,130.0,1,37,37,9,5,130.0,0,0,0,1,0,0,36,0,0,7,7,0,0.0,7,0,7,7,0,0.0,7,16.2,0.3,-0.92,Dropout,Dropout,1,Nursing,0.0,7,0.0,1.0,0,"(25.0, 70.0]"
2957,2,39,1,8014,0,3,110.0,1,37,37,9,9,160.5,0,0,0,1,0,0,38,0,8,11,11,11,12.63636364,0,5,8,8,8,11.0,0,13.9,-0.3,0.79,Graduate,Graduate,0,Social Service (evening attendance),1.0,0,1.0,0.0,0,"(25.0, 70.0]"
2958,2,39,1,9853,1,19,133.1,1,37,19,3,7,100.0,0,0,0,1,0,0,45,0,0,6,11,3,12.33333333,0,0,6,13,2,11.0,0,7.6,2.6,0.32,Dropout,Dropout,1,Basic Education,0.5,3,0.2727272727272727,0.0,0,"(25.0, 70.0]"
2959,5,39,1,9254,1,1,133.1,1,2,2,2,2,103.0,0,0,0,1,0,0,62,0,0,6,7,6,15.0,0,0,6,10,6,12.83333333,0,10.8,1.4,1.74,Graduate,Graduate,0,Tourism,1.0,0,0.8571428571428571,0.0,0,"(25.0, 70.0]"
2960,1,1,1,9670,1,1,133.1,1,1,1,9,1,103.0,1,0,0,1,0,1,20,0,0,6,8,4,11.75,0,0,6,10,6,12.66666667,0,10.8,1.4,1.74,Graduate,Graduate,0,Advertising and Marketing Management,0.6666666666666666,2,0.5,0.0,0,"(19.0, 20.0]"
2961,1,1,1,9500,1,1,139.0,1,19,37,9,9,131.5,1,0,0,1,0,0,18,0,0,8,8,7,14.13714286,0,0,8,8,7,14.13714286,0,10.8,1.4,1.74,Graduate,Graduate,0,Nursing,0.875,1,0.875,0.0,0,"(16.999, 19.0]"
2962,1,18,3,9070,1,1,134.0,1,1,1,3,4,121.4,0,0,0,1,0,0,18,0,0,6,6,2,12.0,0,0,6,6,1,11.0,0,9.4,-0.8,-3.12,Dropout,Dropout,1,Communication Design,0.3333333333333333,4,0.3333333333333333,0.0,0,"(16.999, 19.0]"
2963,2,1,1,9991,0,3,160.0,1,1,3,4,9,137.3,0,0,0,1,0,0,23,0,0,5,5,5,10.8,0,0,5,9,4,11.5,0,9.4,-0.8,-3.12,Graduate,Graduate,0,Management (evening attendance),1.0,0,1.0,0.0,0,"(20.0, 25.0]"
2964,1,1,1,9070,1,1,124.0,1,19,19,9,9,138.4,1,0,1,1,0,1,19,0,1,6,8,6,13.28571429,1,0,6,8,6,12.5,0,13.9,-0.3,0.79,Dropout,Dropout,1,Communication Design,1.0,0,0.75,0.16666666666666666,1,"(16.999, 19.0]"
2965,1,17,1,9147,1,1,137.0,1,1,3,7,3,131.1,1,0,1,1,0,1,19,0,0,5,7,5,13.6,0,0,5,5,5,12.6,0,8.9,1.4,3.51,Graduate,Graduate,0,Management,1.0,0,0.7142857142857143,0.0,1,"(16.999, 19.0]"
2966,1,42,1,9500,1,1,157.0,1,3,3,3,3,100.0,0,0,0,1,0,0,18,0,0,7,8,7,13.55,0,0,8,8,8,14.1875,0,13.9,-0.3,0.79,Graduate,Graduate,0,Nursing,1.0,0,0.875,0.0,0,"(16.999, 19.0]"
2967,1,17,4,9500,1,1,138.0,1,4,1,2,1,133.0,1,0,0,1,0,0,18,0,0,8,8,0,0.0,5,0,8,8,0,0.0,5,9.4,-0.8,-3.12,Enrolled,Enrolled,0,Nursing,0.0,8,0.0,0.625,0,"(16.999, 19.0]"
2968,1,39,2,8014,0,1,100.0,1,35,37,90,90,100.0,0,0,0,1,0,0,41,0,0,6,10,4,13.5,0,1,6,7,6,11.16666667,0,7.6,2.6,0.32,Graduate,Graduate,0,Social Service (evening attendance),0.6666666666666666,2,0.4,0.0,0,"(25.0, 70.0]"
2969,1,39,1,9670,1,1,130.0,1,19,3,4,2,159.0,0,0,0,1,0,1,51,0,0,6,8,5,11.6,0,0,6,9,5,14.2,0,12.4,0.5,1.79,Graduate,Graduate,0,Advertising and Marketing Management,0.8333333333333334,1,0.625,0.0,0,"(25.0, 70.0]"
2970,1,43,2,9238,1,1,133.1,1,19,19,4,5,120.6,1,0,0,1,0,0,24,0,6,10,16,10,12.5,0,2,7,9,4,12.6,0,16.2,0.3,-0.92,Graduate,Graduate,0,Social Service,1.0,0,0.625,0.0,0,"(20.0, 25.0]"
2971,1,39,1,9991,0,3,120.0,1,19,1,9,5,134.0,0,0,0,1,0,0,25,0,0,5,14,1,11.0,0,0,5,11,2,12.66666667,4,16.2,0.3,-0.92,Dropout,Dropout,1,Management (evening attendance),0.2,4,0.07142857142857142,0.0,0,"(20.0, 25.0]"
2972,1,5,1,9085,1,1,150.0,1,1,1,4,4,139.4,0,0,0,1,0,0,18,0,0,5,9,3,12.0,1,0,5,6,4,13.0,0,7.6,2.6,0.32,Enrolled,Enrolled,0,Veterinary Nursing,0.6,2,0.3333333333333333,0.2,0,"(16.999, 19.0]"
2973,1,16,6,9147,1,1,128.0,1,37,37,9,9,116.5,1,0,0,1,0,0,20,0,0,5,8,4,11.6,0,0,5,10,3,12.33333333,0,7.6,2.6,0.32,Graduate,Graduate,0,Management,0.8,1,0.5,0.0,0,"(19.0, 20.0]"
2974,1,1,1,171,1,1,124.0,1,1,19,123,103,113.9,1,1,0,1,0,0,19,0,0,0,0,0,0.0,0,0,0,0,0,0.0,0,13.9,-0.3,0.79,Dropout,Dropout,1,Animation and Multimedia Design,0.0,0,0.0,0.0,0,"(16.999, 19.0]"
2975,5,43,1,9991,0,3,130.0,1,3,3,1,1,130.0,0,0,0,1,0,0,41,0,5,10,14,10,14.63636364,0,5,10,13,10,14.6,0,16.2,0.3,-0.92,Graduate,Graduate,0,Management (evening attendance),1.0,0,0.7142857142857143,0.0,0,"(25.0, 70.0]"
2976,1,1,2,9254,1,1,132.0,1,1,19,9,9,129.9,1,0,0,1,0,1,19,0,0,6,8,6,13.0,0,0,6,6,6,12.16666667,0,8.9,1.4,3.51,Graduate,Graduate,0,Tourism,1.0,0,0.75,0.0,0,"(16.999, 19.0]"
2977,1,42,1,9853,1,12,133.1,1,1,3,3,2,133.7,0,0,0,1,0,0,28,0,14,18,23,14,12.78571429,2,16,17,18,16,13.875,0,16.2,0.3,-0.92,Dropout,Dropout,1,Basic Education,0.7777777777777778,4,0.6086956521739131,0.1111111111111111,0,"(25.0, 70.0]"
2978,1,1,3,9070,1,1,129.0,1,5,3,5,7,124.8,1,0,0,1,0,0,21,0,0,6,6,6,14.5,0,0,6,7,5,12.0,0,12.4,0.5,1.79,Graduate,Graduate,0,Communication Design,1.0,0,1.0,0.0,0,"(20.0, 25.0]"
2979,1,1,1,9085,1,1,135.0,1,3,2,1,1,133.6,1,0,0,0,0,0,22,0,0,5,12,4,14.6,3,0,5,5,4,12.75,1,9.4,-0.8,-3.12,Dropout,Dropout,1,Veterinary Nursing,0.8,1,0.3333333333333333,0.6,1,"(20.0, 25.0]"
2980,1,17,4,9773,1,1,138.0,1,37,19,5,7,133.5,1,0,0,0,0,0,18,0,0,6,7,6,12.5,0,0,6,6,6,12.16666667,0,10.8,1.4,1.74,Graduate,Graduate,0,Journalism and Communication,1.0,0,0.8571428571428571,0.0,1,"(16.999, 19.0]"
2981,1,1,1,9070,1,1,135.0,1,19,37,9,9,128.0,1,0,0,1,0,1,19,0,0,6,6,6,14.0,0,0,6,8,6,13.125,0,10.8,1.4,1.74,Graduate,Graduate,0,Communication Design,1.0,0,1.0,0.0,0,"(16.999, 19.0]"
2982,1,17,6,9500,1,1,131.0,1,3,19,5,5,127.2,1,0,0,1,0,1,19,0,0,7,7,7,13.80142857,0,0,8,8,8,14.575,0,11.1,0.6,2.02,Graduate,Graduate,0,Nursing,1.0,0,1.0,0.0,0,"(16.999, 19.0]"
2983,1,7,1,9853,1,3,150.0,1,19,19,4,5,150.0,0,0,1,0,0,0,25,0,1,6,7,6,14.42857143,0,0,6,7,6,13.66666667,0,10.8,1.4,1.74,Graduate,Graduate,0,Basic Education,1.0,0,0.8571428571428571,0.0,1,"(20.0, 25.0]"
2984,1,42,4,9500,1,6,133.0,1,1,19,2,9,127.8,1,0,0,1,0,1,18,0,0,7,7,6,14.35,0,0,7,7,6,14.35,0,7.6,2.6,0.32,Graduate,Graduate,0,Nursing,0.8571428571428571,1,0.8571428571428571,0.0,0,"(16.999, 19.0]"
2985,1,17,1,9070,1,1,135.0,1,37,19,9,9,125.2,1,0,0,1,0,0,19,0,0,6,6,6,14.33333333,0,0,6,6,6,13.5,0,12.7,3.7,-1.7,Graduate,Graduate,0,Communication Design,1.0,0,1.0,0.0,0,"(16.999, 19.0]"
2986,1,43,2,9853,1,1,118.0,1,19,1,5,4,110.0,1,0,0,1,0,0,20,0,0,6,10,4,12.25,0,0,6,8,4,11.5,0,10.8,1.4,1.74,Enrolled,Enrolled,0,Basic Education,0.6666666666666666,2,0.4,0.0,0,"(19.0, 20.0]"
2987,2,39,1,8014,0,19,100.0,1,34,34,0,0,100.0,0,0,0,1,0,0,46,0,0,6,9,6,13.33333333,0,0,6,6,6,11.83333333,0,7.6,2.6,0.32,Graduate,Graduate,0,Social Service (evening attendance),1.0,0,0.6666666666666666,0.0,0,"(25.0, 70.0]"
2988,1,17,1,171,1,1,158.0,1,3,3,3,3,151.4,1,0,0,0,0,0,19,0,6,12,12,12,13.0,0,4,11,14,11,13.25,0,8.9,1.4,3.51,Graduate,Graduate,0,Animation and Multimedia Design,1.0,0,1.0,0.0,1,"(16.999, 19.0]"
2989,1,1,2,9254,1,1,137.0,1,38,19,9,7,125.1,1,0,0,1,0,0,18,0,0,6,10,4,11.75,0,0,6,9,5,11.2,0,7.6,2.6,0.32,Enrolled,Enrolled,0,Tourism,0.6666666666666666,2,0.4,0.0,0,"(16.999, 19.0]"
2990,1,1,1,9130,1,1,172.0,1,19,19,9,9,163.3,1,0,0,1,0,1,18,0,0,6,8,6,14.5,0,0,6,11,4,13.0,0,13.9,-0.3,0.79,Graduate,Graduate,0,Equinculture,1.0,0,0.75,0.0,0,"(16.999, 19.0]"
2991,1,18,1,9500,1,1,123.0,1,37,37,3,3,118.0,1,0,0,1,0,1,19,0,0,8,8,7,11.82,0,0,8,8,7,11.82,0,10.8,1.4,1.74,Graduate,Graduate,0,Nursing,0.875,1,0.875,0.0,0,"(16.999, 19.0]"
2992,1,1,2,9773,1,1,144.0,1,3,3,3,2,140.2,1,0,0,1,0,0,20,0,0,6,0,0,0.0,0,0,6,0,0,0.0,0,16.2,0.3,-0.92,Dropout,Dropout,1,Journalism and Communication,0.0,6,0.0,0.0,0,"(19.0, 20.0]"
2993,2,39,1,8014,0,1,140.0,1,37,37,5,6,128.5,0,0,0,1,0,1,38,0,0,6,6,5,12.4,0,0,6,7,6,12.66666667,0,9.4,-0.8,-3.12,Graduate,Graduate,0,Social Service (evening attendance),0.8333333333333334,1,0.8333333333333334,0.0,0,"(25.0, 70.0]"
2994,1,17,1,9773,1,1,136.0,1,1,38,9,8,131.5,1,0,0,1,0,0,18,0,0,6,7,6,12.57142857,0,0,6,8,6,11.85714286,0,13.9,-0.3,0.79,Graduate,Graduate,0,Journalism and Communication,1.0,0,0.8571428571428571,0.0,0,"(16.999, 19.0]"
2995,1,17,5,9500,1,1,137.0,1,1,1,5,5,132.6,1,0,0,1,0,1,18,0,0,7,7,7,13.85714286,0,0,8,8,8,14.9,0,13.9,-0.3,0.79,Graduate,Graduate,0,Nursing,1.0,0,1.0,0.0,0,"(16.999, 19.0]"
2996,1,17,1,9238,1,1,128.0,1,19,1,0,5,122.1,1,0,0,1,0,0,18,0,0,6,9,5,11.83333333,0,0,6,7,5,13.8,0,13.9,-0.3,0.79,Graduate,Graduate,0,Social Service,0.8333333333333334,1,0.5555555555555556,0.0,0,"(16.999, 19.0]"
2997,1,17,1,9147,1,1,120.0,1,3,3,2,2,112.0,0,0,0,1,0,0,20,0,0,5,10,4,11.0,0,0,5,7,4,11.5,0,15.5,2.8,-4.06,Enrolled,Enrolled,0,Management,0.8,1,0.4,0.0,0,"(19.0, 20.0]"
2998,1,1,1,9130,1,1,130.0,1,3,19,4,8,133.0,1,0,0,1,0,0,19,0,0,6,6,6,14.66666667,0,0,6,8,6,13.66666667,0,12.4,0.5,1.79,Graduate,Graduate,0,Equinculture,1.0,0,1.0,0.0,0,"(16.999, 19.0]"
2999,4,39,1,8014,0,1,138.0,1,19,19,90,90,127.0,0,0,0,0,0,0,37,0,0,4,4,0,0.0,0,0,5,10,0,0.0,0,10.8,1.4,1.74,Dropout,Dropout,1,Social Service (evening attendance),0.0,4,0.0,0.0,1,"(25.0, 70.0]"
3000,1,39,1,9500,1,1,148.0,1,3,19,2,5,130.0,0,0,0,1,0,0,24,0,0,8,12,7,12.71428571,0,0,8,12,7,12.71428571,0,12.7,3.7,-1.7,Enrolled,Enrolled,0,Nursing,0.875,1,0.5833333333333334,0.0,0,"(20.0, 25.0]"
3001,1,1,2,9500,1,1,139.0,1,4,1,2,10,136.4,1,0,0,1,0,0,19,0,0,7,9,7,13.42222222,0,0,8,11,7,12.18888889,0,15.5,2.8,-4.06,Graduate,Graduate,0,Nursing,1.0,0,0.7777777777777778,0.0,0,"(16.999, 19.0]"
3002,1,1,3,9773,1,1,136.0,1,3,1,5,3,129.0,1,0,0,1,0,1,19,0,0,6,7,6,14.0,0,0,6,8,5,12.2,0,13.9,-0.3,0.79,Dropout,Dropout,1,Journalism and Communication,1.0,0,0.8571428571428571,0.0,0,"(16.999, 19.0]"
3003,1,17,3,9556,1,1,126.0,1,19,19,9,4,119.0,1,0,0,1,0,1,19,0,0,7,8,7,12.14285714,0,0,8,8,8,13.375,0,16.2,0.3,-0.92,Dropout,Dropout,1,Oral Hygiene,1.0,0,0.875,0.0,0,"(16.999, 19.0]"
3004,1,17,1,9147,1,1,135.0,1,37,38,9,9,128.0,1,0,1,1,0,1,18,0,0,5,5,5,12.8,0,0,5,5,5,13.0,0,11.1,0.6,2.02,Graduate,Graduate,0,Management,1.0,0,1.0,0.0,1,"(16.999, 19.0]"
3005,1,1,4,9500,1,1,122.0,1,19,38,7,7,117.1,1,0,0,1,0,1,18,0,0,7,7,7,14.57285714,0,0,8,9,8,14.95555556,0,12.4,0.5,1.79,Graduate,Graduate,0,Nursing,1.0,0,1.0,0.0,0,"(16.999, 19.0]"
3006,1,1,4,9147,1,1,137.0,1,1,19,4,5,136.3,0,0,0,1,0,0,18,0,0,5,9,4,11.25,0,0,5,6,4,11.0,0,8.9,1.4,3.51,Graduate,Graduate,0,Management,0.8,1,0.4444444444444444,0.0,0,"(16.999, 19.0]"
3007,1,17,5,9147,1,1,127.0,1,1,38,4,5,124.6,1,0,0,1,0,1,19,0,0,5,12,2,10.0,0,0,5,11,4,11.75,0,11.1,0.6,2.02,Enrolled,Enrolled,0,Management,0.4,3,0.16666666666666666,0.0,0,"(16.999, 19.0]"
3008,1,1,1,9130,1,1,137.0,1,40,19,2,9,130.7,1,0,0,1,0,0,18,0,0,6,8,5,14.4,0,0,6,11,4,14.6,0,8.9,1.4,3.51,Dropout,Dropout,1,Equinculture,0.8333333333333334,1,0.625,0.0,0,"(16.999, 19.0]"
3009,1,1,4,9500,1,1,125.0,1,1,12,3,6,115.2,1,0,0,1,0,0,20,0,0,7,7,7,12.98285714,0,0,8,8,8,14.4625,0,12.4,0.5,1.79,Graduate,Graduate,0,Nursing,1.0,0,1.0,0.0,0,"(19.0, 20.0]"
3010,1,17,1,9085,1,1,141.0,1,3,2,2,3,130.2,1,0,0,1,0,0,20,0,0,6,14,6,15.75,0,0,6,8,6,13.0,0,15.5,2.8,-4.06,Graduate,Graduate,0,Veterinary Nursing,1.0,0,0.42857142857142855,0.0,0,"(19.0, 20.0]"
3011,1,1,1,9085,1,1,132.0,1,2,2,6,6,128.5,0,0,0,1,0,0,18,0,0,6,11,5,12.28571429,0,0,6,19,3,14.0,1,12.4,0.5,1.79,Dropout,Dropout,1,Veterinary Nursing,0.8333333333333334,1,0.45454545454545453,0.0,0,"(16.999, 19.0]"
3012,1,16,1,9500,1,1,133.1,1,37,37,9,9,95.0,1,0,0,1,0,0,20,0,0,7,7,6,13.755,0,0,8,9,7,13.57142857,0,12.4,0.5,1.79,Graduate,Graduate,0,Nursing,0.8571428571428571,1,0.8571428571428571,0.0,0,"(19.0, 20.0]"
3013,1,17,1,9670,1,1,132.0,1,1,1,3,3,119.4,1,0,0,1,0,1,18,0,0,6,7,6,13.83333333,0,0,6,11,6,13.5,0,8.9,1.4,3.51,Graduate,Graduate,0,Advertising and Marketing Management,1.0,0,0.8571428571428571,0.0,0,"(16.999, 19.0]"
3014,1,1,6,9500,1,1,142.0,1,1,37,7,7,123.5,1,0,0,1,0,0,19,0,0,7,0,0,0.0,0,0,8,0,0,0.0,0,12.7,3.7,-1.7,Dropout,Dropout,1,Nursing,0.0,7,0.0,0.0,0,"(16.999, 19.0]"
3015,1,1,4,9500,1,1,136.0,1,38,1,5,6,133.9,1,0,0,1,0,0,18,0,0,7,9,7,14.71111111,0,0,8,9,8,14.62777778,0,15.5,2.8,-4.06,Graduate,Graduate,0,Nursing,1.0,0,0.7777777777777778,0.0,0,"(16.999, 19.0]"
3016,1,53,1,9085,1,42,150.0,1,1,19,4,8,145.2,1,0,0,1,0,0,20,0,7,11,13,11,14.61538462,0,4,9,11,9,13.7,0,8.9,1.4,3.51,Graduate,Graduate,0,Veterinary Nursing,1.0,0,0.8461538461538461,0.0,0,"(19.0, 20.0]"
3017,1,1,1,9500,1,1,130.0,1,3,3,1,5,118.8,0,0,0,1,0,0,18,0,0,7,7,7,13.67714286,0,0,8,9,8,14.53333333,0,11.1,0.6,2.02,Graduate,Graduate,0,Nursing,1.0,0,1.0,0.0,0,"(16.999, 19.0]"
3018,1,16,2,9085,1,1,136.0,1,37,37,9,9,123.4,1,0,0,1,0,1,19,0,0,5,8,5,13.16666667,2,0,5,5,5,12.8,0,9.4,-0.8,-3.12,Graduate,Graduate,0,Veterinary Nursing,1.0,0,0.625,0.4,0,"(16.999, 19.0]"
3019,1,17,6,9238,1,1,138.0,1,3,3,1,2,123.0,1,0,0,1,0,0,19,0,0,6,11,5,10.8,0,0,6,12,5,11.33333333,0,15.5,2.8,-4.06,Graduate,Graduate,0,Social Service,0.8333333333333334,1,0.45454545454545453,0.0,0,"(16.999, 19.0]"
3020,1,17,1,9130,1,1,131.0,1,19,9,5,3,118.4,0,0,0,1,0,0,19,0,0,5,8,3,12.0,0,0,5,7,5,12.83333333,0,7.6,2.6,0.32,Graduate,Graduate,0,Equinculture,0.6,2,0.375,0.0,0,"(16.999, 19.0]"
3021,1,1,1,9500,1,1,147.0,1,3,1,2,3,131.6,0,0,0,1,0,0,18,0,0,7,8,6,13.95833333,0,0,8,8,8,14.71875,0,11.1,0.6,2.02,Graduate,Graduate,0,Nursing,0.8571428571428571,1,0.75,0.0,0,"(16.999, 19.0]"
3022,1,17,1,9853,1,1,140.0,1,38,19,4,10,122.3,1,0,0,1,0,0,19,0,0,6,9,4,13.0,0,0,6,9,4,12.25,0,12.7,3.7,-1.7,Dropout,Dropout,1,Basic Education,0.6666666666666666,2,0.4444444444444444,0.0,0,"(16.999, 19.0]"
3023,1,1,2,171,1,1,152.0,1,38,19,9,9,151.7,1,0,0,1,0,1,24,0,0,0,0,0,0.0,0,0,0,0,0,0.0,0,11.1,0.6,2.02,Graduate,Graduate,0,Animation and Multimedia Design,0.0,0,0.0,0.0,0,"(20.0, 25.0]"
3024,1,1,1,171,1,1,169.0,1,19,37,9,7,176.0,1,0,0,1,0,1,18,0,0,0,0,0,0.0,0,0,0,0,0,0.0,0,12.4,0.5,1.79,Graduate,Graduate,0,Animation and Multimedia Design,0.0,0,0.0,0.0,0,"(16.999, 19.0]"
3025,1,1,6,9500,1,1,149.0,1,1,1,4,9,133.0,1,0,0,1,0,1,18,0,0,8,8,7,14.0,0,0,8,8,7,14.0,0,12.7,3.7,-1.7,Graduate,Graduate,0,Nursing,0.875,1,0.875,0.0,0,"(16.999, 19.0]"
3026,1,1,4,9773,1,1,137.0,1,3,19,2,3,139.8,1,1,0,1,0,0,18,0,0,6,10,6,12.57142857,0,0,6,11,6,12.57142857,0,10.8,1.4,1.74,Enrolled,Enrolled,0,Journalism and Communication,1.0,0,0.6,0.0,0,"(16.999, 19.0]"
3027,1,1,4,9773,1,1,122.0,1,41,1,4,3,119.6,1,0,0,1,0,0,19,0,0,6,6,4,12.0,0,0,6,11,3,11.33333333,0,11.1,0.6,2.02,Dropout,Dropout,1,Journalism and Communication,0.6666666666666666,2,0.6666666666666666,0.0,0,"(16.999, 19.0]"
3028,1,39,1,8014,0,1,130.0,1,37,37,9,6,134.0,0,0,0,1,0,1,35,0,2,8,8,8,13.625,0,1,7,7,7,14.0,0,8.9,1.4,3.51,Graduate,Graduate,0,Social Service (evening attendance),1.0,0,1.0,0.0,0,"(25.0, 70.0]"
3029,1,17,6,9147,1,1,145.0,1,37,37,9,9,132.0,1,0,0,1,0,0,19,0,0,5,7,4,12.5,0,0,5,8,4,10.0,1,7.6,2.6,0.32,Graduate,Graduate,0,Management,0.8,1,0.5714285714285714,0.0,0,"(16.999, 19.0]"
3030,1,7,1,9853,1,3,130.0,1,37,37,9,9,130.0,0,0,0,1,0,0,28,0,14,15,25,14,12.42857143,1,8,14,22,11,11.90909091,0,7.6,2.6,0.32,Dropout,Dropout,1,Basic Education,0.9333333333333333,1,0.56,0.06666666666666667,0,"(25.0, 70.0]"
3031,1,43,1,9500,1,1,157.0,1,38,3,5,2,141.4,0,0,0,1,0,0,21,0,3,7,8,7,13.3875,0,2,8,8,8,15.9,0,13.9,-0.3,0.79,Graduate,Graduate,0,Nursing,1.0,0,0.875,0.0,0,"(20.0, 25.0]"
3032,1,18,2,9500,1,1,135.0,1,19,1,5,5,128.9,1,0,0,1,0,1,19,0,0,7,8,6,12.64833333,0,0,8,9,8,12.20555556,0,11.1,0.6,2.02,Graduate,Graduate,0,Nursing,0.8571428571428571,1,0.75,0.0,0,"(16.999, 19.0]"
3033,1,5,2,9238,1,1,123.0,1,40,38,2,9,118.1,1,0,0,1,0,0,19,0,0,6,6,6,14.0,0,0,6,6,6,13.33333333,0,8.9,1.4,3.51,Graduate,Graduate,0,Social Service,1.0,0,1.0,0.0,0,"(16.999, 19.0]"
3034,1,1,1,9085,1,1,139.0,1,3,4,2,2,130.6,0,0,0,1,0,0,18,0,0,5,12,5,12.8,2,0,5,10,5,11.85714286,1,9.4,-0.8,-3.12,Graduate,Graduate,0,Veterinary Nursing,1.0,0,0.4166666666666667,0.4,0,"(16.999, 19.0]"
3035,1,1,1,9254,1,1,136.0,1,12,1,4,4,122.0,1,0,0,1,0,0,18,0,0,6,8,6,11.33333333,0,0,6,11,6,10.83333333,0,7.6,2.6,0.32,Graduate,Graduate,0,Tourism,1.0,0,0.75,0.0,0,"(16.999, 19.0]"
3036,1,1,2,9500,1,1,135.0,1,3,3,2,2,123.0,1,0,0,0,0,0,19,0,0,7,0,0,0.0,0,0,8,0,0,0.0,0,12.7,3.7,-1.7,Dropout,Dropout,1,Nursing,0.0,7,0.0,0.0,1,"(16.999, 19.0]"
3037,1,1,1,9670,1,1,126.0,1,1,1,9,10,126.7,1,0,0,1,0,1,20,0,0,6,6,6,14.16666667,0,0,6,9,6,13.0,0,8.9,1.4,3.51,Graduate,Graduate,0,Advertising and Marketing Management,1.0,0,1.0,0.0,0,"(19.0, 20.0]"
3038,1,1,1,9773,1,1,122.0,1,38,19,9,9,126.6,1,0,0,1,0,0,18,0,0,6,6,6,12.83333333,0,0,6,6,6,13.83333333,0,8.9,1.4,3.51,Graduate,Graduate,0,Journalism and Communication,1.0,0,1.0,0.0,0,"(16.999, 19.0]"
3039,1,1,1,9853,1,1,125.0,1,38,38,9,9,125.4,0,0,1,0,0,0,19,0,0,7,11,4,12.0,0,0,7,9,6,11.83333333,0,16.2,0.3,-0.92,Dropout,Dropout,1,Basic Education,0.5714285714285714,3,0.36363636363636365,0.0,1,"(16.999, 19.0]"
3040,1,1,3,9773,1,1,134.0,1,1,19,9,9,136.1,1,0,0,1,0,1,20,0,0,6,6,6,13.0,0,0,6,7,6,13.14285714,0,12.4,0.5,1.79,Dropout,Dropout,1,Journalism and Communication,1.0,0,1.0,0.0,0,"(19.0, 20.0]"
3041,1,17,5,9500,1,1,130.0,1,19,1,9,4,128.8,1,0,0,1,0,0,18,0,0,7,8,6,13.39,0,0,8,10,7,12.75714286,0,11.1,0.6,2.02,Enrolled,Enrolled,0,Nursing,0.8571428571428571,1,0.75,0.0,0,"(16.999, 19.0]"
3042,1,17,4,9670,1,1,110.0,1,1,37,7,7,111.1,1,0,0,0,0,0,18,0,0,6,6,6,12.33333333,0,0,6,8,5,13.6,0,8.9,1.4,3.51,Graduate,Graduate,0,Advertising and Marketing Management,1.0,0,1.0,0.0,1,"(16.999, 19.0]"
3043,1,1,1,9070,1,1,131.0,1,3,3,3,3,135.9,0,0,0,1,0,1,21,0,1,6,8,6,12.57142857,1,0,6,8,6,11.625,0,13.9,-0.3,0.79,Graduate,Graduate,0,Communication Design,1.0,0,0.75,0.16666666666666666,0,"(20.0, 25.0]"
3044,1,5,5,9254,1,1,122.0,1,1,37,9,7,119.6,1,0,0,1,0,1,19,0,0,6,6,6,12.33333333,0,0,6,6,6,12.83333333,0,12.4,0.5,1.79,Graduate,Graduate,0,Tourism,1.0,0,1.0,0.0,0,"(16.999, 19.0]"
3045,1,17,2,9853,1,1,123.0,1,1,1,3,9,116.7,1,0,0,1,0,0,19,0,0,6,8,5,13.0,0,0,6,8,4,10.75,0,9.4,-0.8,-3.12,Graduate,Graduate,0,Basic Education,0.8333333333333334,1,0.625,0.0,0,"(16.999, 19.0]"
3046,1,1,1,9085,1,1,146.0,1,1,1,9,7,126.0,0,0,0,1,0,0,19,0,0,5,7,3,12.33333333,0,0,5,7,4,10.25,0,7.6,2.6,0.32,Enrolled,Enrolled,0,Veterinary Nursing,0.6,2,0.42857142857142855,0.0,0,"(16.999, 19.0]"
3047,1,1,4,9773,1,1,137.0,1,37,37,0,90,134.2,1,0,0,1,0,0,18,0,0,6,6,6,13.16666667,0,0,6,8,5,14.2,0,10.8,1.4,1.74,Dropout,Dropout,1,Journalism and Communication,1.0,0,1.0,0.0,0,"(16.999, 19.0]"
3048,1,1,1,9147,1,1,130.0,1,1,19,3,3,123.0,0,0,0,1,0,1,18,0,0,5,7,5,13.33333333,0,0,5,6,5,13.6,0,12.7,3.7,-1.7,Graduate,Graduate,0,Management,1.0,0,0.7142857142857143,0.0,0,"(16.999, 19.0]"
3049,1,1,2,9085,1,1,127.0,1,38,37,5,7,123.9,1,0,0,1,0,0,18,0,0,5,9,4,13.0,0,0,5,8,5,13.14285714,0,10.8,1.4,1.74,Graduate,Graduate,0,Veterinary Nursing,0.8,1,0.4444444444444444,0.0,0,"(16.999, 19.0]"
3050,2,39,1,9556,1,1,160.0,1,37,37,9,6,120.0,0,0,0,1,0,0,31,0,0,7,21,5,10.9,3,0,8,21,3,11.7,1,12.7,3.7,-1.7,Dropout,Dropout,1,Oral Hygiene,0.7142857142857143,2,0.23809523809523808,0.42857142857142855,0,"(25.0, 70.0]"
3051,1,42,1,9147,1,1,139.0,1,3,38,2,5,112.3,1,0,0,1,0,0,19,0,0,5,8,2,11.5,0,0,5,10,3,10.85714286,0,10.8,1.4,1.74,Enrolled,Enrolled,0,Management,0.4,3,0.25,0.0,0,"(16.999, 19.0]"
3052,1,16,1,9085,1,1,138.0,1,37,37,9,9,123.0,1,0,0,1,0,1,20,0,0,6,7,6,15.85714286,0,0,6,6,6,16.0,0,13.9,-0.3,0.79,Graduate,Graduate,0,Veterinary Nursing,1.0,0,0.8571428571428571,0.0,0,"(19.0, 20.0]"
3053,1,17,1,9085,1,1,137.0,1,38,19,0,90,122.3,0,0,0,1,0,1,19,0,0,5,5,5,12.6,0,0,5,9,3,13.0,0,7.6,2.6,0.32,Dropout,Dropout,1,Veterinary Nursing,1.0,0,1.0,0.0,0,"(16.999, 19.0]"
3054,1,17,1,9238,1,1,127.0,1,38,38,9,6,122.8,0,0,0,1,0,1,19,0,0,6,8,6,14.0,0,0,6,7,6,14.57142857,0,16.2,0.3,-0.92,Graduate,Graduate,0,Social Service,1.0,0,0.75,0.0,0,"(16.999, 19.0]"
3055,5,7,1,9130,1,3,160.0,1,19,38,9,6,160.0,0,0,0,0,0,0,27,0,1,5,8,3,14.66666667,2,0,5,7,2,13.0,2,10.8,1.4,1.74,Dropout,Dropout,1,Equinculture,0.6,2,0.375,0.4,1,"(25.0, 70.0]"
3056,1,17,2,9773,1,1,132.0,1,19,19,9,6,120.1,1,0,0,1,0,1,18,0,0,6,6,6,13.66666667,0,0,6,6,6,14.0,0,8.9,1.4,3.51,Graduate,Graduate,0,Journalism and Communication,1.0,0,1.0,0.0,0,"(16.999, 19.0]"
3057,1,1,1,8014,0,1,126.0,1,34,34,0,0,142.4,0,0,0,1,0,0,32,0,0,6,0,0,0.0,0,0,6,0,0,0.0,0,7.6,2.6,0.32,Dropout,Dropout,1,Social Service (evening attendance),0.0,6,0.0,0.0,0,"(25.0, 70.0]"
3058,1,1,4,9500,1,1,133.0,1,38,19,8,7,127.3,1,0,0,1,0,0,18,0,0,8,8,7,12.62857143,0,0,8,8,7,12.62857143,0,12.7,3.7,-1.7,Graduate,Graduate,0,Nursing,0.875,1,0.875,0.0,0,"(16.999, 19.0]"
3059,1,1,3,9500,1,1,140.0,1,19,37,9,9,125.5,1,0,0,1,0,1,19,0,0,8,8,7,14.23285714,0,0,8,8,7,14.23285714,0,10.8,1.4,1.74,Graduate,Graduate,0,Nursing,0.875,1,0.875,0.0,0,"(16.999, 19.0]"
3060,1,1,2,9773,1,1,130.0,1,19,19,5,6,137.4,0,0,0,1,0,0,19,0,0,6,6,6,15.0,0,0,6,7,6,14.0,0,15.5,2.8,-4.06,Enrolled,Enrolled,0,Journalism and Communication,1.0,0,1.0,0.0,0,"(16.999, 19.0]"
3061,1,17,2,9254,1,1,129.0,1,12,37,9,9,122.0,1,0,0,1,0,0,18,0,0,6,15,2,10.0,0,0,6,12,0,0.0,0,10.8,1.4,1.74,Dropout,Dropout,1,Tourism,0.3333333333333333,4,0.13333333333333333,0.0,0,"(16.999, 19.0]"
3062,1,17,3,9670,1,1,110.0,1,19,1,4,4,107.5,1,0,0,1,0,1,18,0,0,6,11,4,12.25,0,0,6,10,4,11.0,0,12.7,3.7,-1.7,Dropout,Dropout,1,Advertising and Marketing Management,0.6666666666666666,2,0.36363636363636365,0.0,0,"(16.999, 19.0]"
3063,1,39,1,9773,1,19,133.1,1,19,19,171,163,104.0,0,0,1,0,0,1,24,0,0,6,6,6,13.5,0,0,6,6,6,13.0,0,11.1,0.6,2.02,Graduate,Graduate,0,Journalism and Communication,1.0,0,1.0,0.0,1,"(20.0, 25.0]"
3064,1,17,2,9238,1,1,132.0,1,38,1,7,7,133.1,1,0,0,1,0,1,19,0,0,6,8,5,12.2,0,0,6,7,6,11.5,0,9.4,-0.8,-3.12,Graduate,Graduate,0,Social Service,0.8333333333333334,1,0.625,0.0,0,"(16.999, 19.0]"
3065,1,17,2,9254,1,1,115.0,1,19,19,9,7,113.3,1,0,1,1,0,0,21,0,0,6,0,0,0.0,0,0,6,0,0,0.0,0,11.1,0.6,2.02,Dropout,Dropout,1,Tourism,0.0,6,0.0,0.0,1,"(20.0, 25.0]"
3066,1,44,1,9070,1,39,130.0,1,1,1,4,10,130.0,1,0,0,1,0,0,19,0,2,7,11,6,12.0,0,5,9,9,8,12.75,0,16.2,0.3,-0.92,Graduate,Graduate,0,Communication Design,0.8571428571428571,1,0.5454545454545454,0.0,0,"(16.999, 19.0]"
3067,1,1,3,9500,1,1,140.0,6,2,3,5,2,124.3,1,0,0,1,0,0,19,1,0,7,9,5,12.32,0,0,7,9,5,11.9,0,12.4,0.5,1.79,Enrolled,Enrolled,0,Nursing,0.7142857142857143,2,0.5555555555555556,0.0,0,"(16.999, 19.0]"
3068,1,39,1,9556,1,1,140.0,1,37,37,9,8,105.0,1,0,0,1,0,1,36,0,0,7,11,6,12.35,0,0,7,12,5,12.5,0,8.9,1.4,3.51,Graduate,Graduate,0,Oral Hygiene,0.8571428571428571,1,0.5454545454545454,0.0,0,"(25.0, 70.0]"
3069,1,39,1,9085,1,12,133.1,1,37,37,10,9,144.0,0,0,0,1,1,0,51,0,0,6,0,0,0.0,0,0,6,0,0,0.0,0,12.4,0.5,1.79,Dropout,Dropout,1,Veterinary Nursing,0.0,6,0.0,0.0,0,"(25.0, 70.0]"
3070,1,1,3,9670,1,1,121.0,1,1,19,5,5,111.9,1,0,0,1,1,1,20,0,0,6,7,6,11.33333333,0,0,6,10,4,10.57142857,0,10.8,1.4,1.74,Enrolled,Enrolled,0,Advertising and Marketing Management,1.0,0,0.8571428571428571,0.0,0,"(19.0, 20.0]"
3071,1,39,1,8014,0,38,133.1,1,1,1,4,4,107.5,0,0,1,0,1,0,29,0,0,6,6,0,0.0,0,0,5,5,0,0.0,0,8.9,1.4,3.51,Dropout,Dropout,1,Social Service (evening attendance),0.0,6,0.0,0.0,1,"(25.0, 70.0]"
3072,1,44,1,9238,1,39,130.0,1,1,19,4,5,127.4,0,0,1,0,1,0,27,0,3,6,8,5,11.6,0,2,6,9,5,12.0,0,13.9,-0.3,0.79,Dropout,Dropout,1,Social Service,0.8333333333333334,1,0.625,0.0,1,"(25.0, 70.0]"
3073,1,39,1,9119,1,1,130.0,1,19,37,9,4,149.0,1,0,0,1,1,0,33,0,0,5,10,4,12.0,0,0,5,8,3,13.66666667,1,7.6,2.6,0.32,Enrolled,Enrolled,0,Informatics Engineering,0.8,1,0.4,0.0,0,"(25.0, 70.0]"
3074,2,2,1,9147,1,2,120.0,1,37,37,9,9,120.0,0,0,0,0,1,0,57,0,12,15,17,12,11.75,0,9,14,16,9,12.22222222,0,9.4,-0.8,-3.12,Dropout,Dropout,1,Management,0.8,3,0.7058823529411765,0.0,1,"(25.0, 70.0]"
3075,1,1,1,9670,1,1,132.0,1,4,2,123,112,143.6,1,0,0,1,1,0,20,0,0,6,8,5,12.8,0,0,6,10,5,11.6,0,13.9,-0.3,0.79,Enrolled,Enrolled,0,Advertising and Marketing Management,0.8333333333333334,1,0.625,0.0,0,"(19.0, 20.0]"
3076,1,39,1,9670,1,1,100.0,1,1,1,4,4,120.0,0,0,0,1,1,0,26,0,0,5,7,3,11.33333333,0,0,5,7,3,13.66666667,0,9.4,-0.8,-3.12,Dropout,Dropout,1,Advertising and Marketing Management,0.6,2,0.42857142857142855,0.0,0,"(25.0, 70.0]"
3077,1,43,1,9119,1,1,130.0,1,1,1,9,2,128.0,0,0,1,0,1,0,27,0,0,5,5,0,0.0,0,0,5,7,0,0.0,0,13.9,-0.3,0.79,Enrolled,Enrolled,0,Informatics Engineering,0.0,5,0.0,0.0,1,"(25.0, 70.0]"
3078,1,1,1,9670,1,1,129.0,1,1,37,4,9,118.2,0,0,0,1,1,0,19,0,0,5,5,5,10.8,0,0,5,5,4,12.25,0,9.4,-0.8,-3.12,Graduate,Graduate,0,Advertising and Marketing Management,1.0,0,1.0,0.0,0,"(16.999, 19.0]"
3079,1,44,1,9085,1,39,160.0,1,12,38,4,8,160.0,1,0,0,1,1,0,23,0,1,6,10,5,12.5,0,1,6,8,2,13.5,0,12.4,0.5,1.79,Dropout,Dropout,1,Veterinary Nursing,0.8333333333333334,1,0.5,0.0,0,"(20.0, 25.0]"
3080,1,39,1,9991,0,1,120.0,1,19,38,5,5,152.4,0,0,0,1,1,0,27,0,0,5,5,5,15.2,0,0,5,6,5,14.16666667,0,10.8,1.4,1.74,Graduate,Graduate,0,Management (evening attendance),1.0,0,1.0,0.0,0,"(25.0, 70.0]"
3081,1,1,6,9500,1,1,122.0,1,19,37,3,5,116.6,1,0,1,1,1,1,20,0,0,7,7,7,13.31428571,0,0,8,8,8,12.575,0,12.4,0.5,1.79,Graduate,Graduate,0,Nursing,1.0,0,1.0,0.0,1,"(19.0, 20.0]"
3082,1,18,1,9070,1,1,143.0,1,38,38,7,5,141.6,0,0,0,1,0,1,19,0,6,12,12,11,13.09090909,0,5,11,12,11,12.08333333,0,10.8,1.4,1.74,Graduate,Graduate,0,Communication Design,0.9166666666666666,1,0.9166666666666666,0.0,0,"(16.999, 19.0]"
3083,1,1,1,9130,1,1,110.0,1,3,19,2,9,105.5,1,0,1,0,0,0,19,0,0,6,0,0,0.0,0,0,6,0,0,0.0,0,11.1,0.6,2.02,Dropout,Dropout,1,Equinculture,0.0,6,0.0,0.0,1,"(16.999, 19.0]"
3084,1,1,1,9070,1,1,124.0,1,37,19,9,3,116.3,1,0,0,1,0,0,20,0,0,6,8,5,12.2,0,0,6,6,6,11.5,0,16.2,0.3,-0.92,Graduate,Graduate,0,Communication Design,0.8333333333333334,1,0.625,0.0,0,"(19.0, 20.0]"
3085,2,7,1,9147,1,3,110.0,1,19,1,9,9,110.0,0,0,0,1,0,0,33,0,5,8,10,6,12.83333333,0,2,5,8,4,12.0,0,11.1,0.6,2.02,Enrolled,Enrolled,0,Management,0.75,2,0.6,0.0,0,"(25.0, 70.0]"
3086,1,43,1,9991,0,1,130.0,1,37,37,9,9,119.5,1,0,0,1,0,0,22,0,9,15,17,15,11.2,0,9,14,15,14,12.42857143,0,7.6,2.6,0.32,Graduate,Graduate,0,Management (evening attendance),1.0,0,0.8823529411764706,0.0,0,"(20.0, 25.0]"
3087,1,1,6,9147,1,1,139.0,1,19,12,4,4,125.0,1,0,0,1,0,0,18,0,0,5,8,3,12.33333333,0,0,5,7,4,12.0,0,7.6,2.6,0.32,Graduate,Graduate,0,Management,0.6,2,0.375,0.0,0,"(16.999, 19.0]"
3088,5,39,1,9500,1,3,140.0,1,37,38,9,9,160.0,0,0,0,1,0,0,27,0,0,8,8,7,15.94285714,0,0,8,8,7,15.94285714,0,12.7,3.7,-1.7,Graduate,Graduate,0,Nursing,0.875,1,0.875,0.0,0,"(25.0, 70.0]"
3089,1,39,1,9991,0,1,150.0,1,37,37,9,7,150.0,0,0,0,1,0,0,27,0,0,5,0,0,0.0,0,0,5,0,0,0.0,0,15.5,2.8,-4.06,Dropout,Dropout,1,Management (evening attendance),0.0,5,0.0,0.0,0,"(25.0, 70.0]"
3090,1,1,1,9238,1,1,123.0,1,37,37,9,9,115.0,1,0,0,1,0,0,19,0,0,6,10,4,10.25,0,0,6,8,6,10.71428571,0,11.1,0.6,2.02,Graduate,Graduate,0,Social Service,0.6666666666666666,2,0.4,0.0,0,"(16.999, 19.0]"
3091,1,17,1,9853,1,1,128.0,1,38,38,9,7,128.4,1,0,0,1,0,1,20,0,0,6,10,5,13.2,0,0,6,12,5,12.83333333,0,9.4,-0.8,-3.12,Enrolled,Enrolled,0,Basic Education,0.8333333333333334,1,0.5,0.0,0,"(19.0, 20.0]"
3092,1,1,1,8014,0,1,100.0,1,38,19,6,10,112.8,0,0,0,1,0,1,23,0,0,6,6,6,14.16666667,0,0,6,6,6,12.5,0,12.7,3.7,-1.7,Graduate,Graduate,0,Social Service (evening attendance),1.0,0,1.0,0.0,0,"(20.0, 25.0]"
3093,1,43,1,9500,1,1,148.0,1,29,38,90,3,131.0,1,0,0,1,0,1,22,0,18,23,23,20,14.575,3,18,23,23,20,14.575,3,7.6,2.6,0.32,Graduate,Graduate,0,Nursing,0.8695652173913043,3,0.8695652173913043,0.13043478260869565,0,"(20.0, 25.0]"
3094,1,17,2,9254,1,1,130.0,1,19,19,7,7,121.6,1,0,0,1,0,1,18,0,0,6,9,1,10.0,1,0,6,6,0,0.0,0,12.7,3.7,-1.7,Dropout,Dropout,1,Tourism,0.16666666666666666,5,0.1111111111111111,0.16666666666666666,0,"(16.999, 19.0]"
3095,1,1,4,9238,1,1,118.0,1,19,38,9,9,110.0,0,0,0,1,0,1,18,0,0,6,7,6,12.28571429,0,0,6,8,6,11.42857143,0,12.4,0.5,1.79,Graduate,Graduate,0,Social Service,1.0,0,0.8571428571428571,0.0,0,"(16.999, 19.0]"
3096,1,39,1,8014,0,1,120.0,1,38,38,9,9,148.5,0,0,0,1,0,1,31,0,0,6,6,6,14.0,0,0,6,6,6,12.33333333,0,10.8,1.4,1.74,Graduate,Graduate,0,Social Service (evening attendance),1.0,0,1.0,0.0,0,"(25.0, 70.0]"
3097,1,17,4,9773,1,1,119.0,1,38,19,9,9,118.3,0,0,0,1,0,0,19,0,0,6,8,4,11.25,0,0,6,0,0,0.0,0,15.5,2.8,-4.06,Dropout,Dropout,1,Journalism and Communication,0.6666666666666666,2,0.5,0.0,0,"(16.999, 19.0]"
3098,1,1,1,9238,1,1,138.0,1,37,37,9,9,135.9,1,0,0,1,0,0,19,0,0,6,11,5,11.6,0,0,6,11,6,11.66666667,0,7.6,2.6,0.32,Enrolled,Enrolled,0,Social Service,0.8333333333333334,1,0.45454545454545453,0.0,0,"(16.999, 19.0]"
3099,1,17,1,8014,0,1,127.0,1,19,37,4,7,115.8,0,0,0,1,0,0,24,0,0,6,12,1,12.0,0,0,6,12,0,0.0,0,10.8,1.4,1.74,Dropout,Dropout,1,Social Service (evening attendance),0.16666666666666666,5,0.08333333333333333,0.0,0,"(20.0, 25.0]"
3100,1,1,1,9500,1,1,134.0,1,38,19,3,10,121.2,0,0,0,1,0,0,19,0,0,7,10,7,13.47,0,0,8,8,8,13.32625,0,15.5,2.8,-4.06,Graduate,Graduate,0,Nursing,1.0,0,0.7,0.0,0,"(16.999, 19.0]"
3101,1,17,4,9147,1,1,133.0,1,1,1,4,5,136.2,1,0,0,1,0,0,19,0,0,5,6,5,12.4,0,0,5,5,5,12.8,0,7.6,2.6,0.32,Graduate,Graduate,0,Management,1.0,0,0.8333333333333334,0.0,0,"(16.999, 19.0]"
3102,1,39,1,9670,1,1,133.1,1,37,37,9,9,100.2,1,0,0,0,0,0,26,0,0,6,9,3,11.75,0,0,6,11,4,11.5,3,16.2,0.3,-0.92,Dropout,Dropout,1,Advertising and Marketing Management,0.5,3,0.3333333333333333,0.0,1,"(25.0, 70.0]"
3103,1,1,1,171,1,1,180.0,41,37,37,9,9,152.7,1,0,1,0,1,0,27,1,0,0,0,0,0.0,0,0,0,0,0,0.0,0,7.6,2.6,0.32,Dropout,Dropout,1,Animation and Multimedia Design,0.0,0,0.0,0.0,1,"(25.0, 70.0]"
3104,1,17,4,9238,1,1,129.0,1,19,19,4,7,123.1,1,0,0,1,0,0,19,0,0,6,7,6,12.0,0,0,6,7,6,12.42857143,0,11.1,0.6,2.02,Graduate,Graduate,0,Social Service,1.0,0,0.8571428571428571,0.0,0,"(16.999, 19.0]"
3105,2,39,1,9085,1,1,120.0,1,19,19,1,4,130.0,0,0,0,1,0,0,29,0,0,5,8,5,15.33333333,2,0,5,6,5,15.4,0,9.4,-0.8,-3.12,Dropout,Dropout,1,Veterinary Nursing,1.0,0,0.625,0.4,0,"(25.0, 70.0]"
3106,1,1,6,9500,1,1,141.0,1,1,38,4,5,125.0,1,0,0,1,0,1,18,0,0,8,8,8,12.32,0,0,8,8,8,12.32,0,9.4,-0.8,-3.12,Graduate,Graduate,0,Nursing,1.0,0,1.0,0.0,0,"(16.999, 19.0]"
3107,1,1,1,9500,1,1,118.0,1,1,19,9,10,113.1,1,0,0,1,0,0,19,0,0,7,7,7,13.79857143,0,0,8,8,8,14.75625,0,11.1,0.6,2.02,Graduate,Graduate,0,Nursing,1.0,0,1.0,0.0,0,"(16.999, 19.0]"
3108,1,1,5,9773,1,1,127.0,1,38,1,4,5,121.1,1,0,0,1,0,0,18,0,0,6,6,6,13.16666667,0,0,6,6,6,12.5,0,15.5,2.8,-4.06,Enrolled,Enrolled,0,Journalism and Communication,1.0,0,1.0,0.0,0,"(16.999, 19.0]"
3109,1,1,1,9147,1,1,177.0,1,1,38,3,9,162.3,0,0,0,1,0,1,18,0,0,5,6,5,16.33333333,0,0,5,5,5,15.4,0,15.5,2.8,-4.06,Graduate,Graduate,0,Management,1.0,0,0.8333333333333334,0.0,0,"(16.999, 19.0]"
3110,1,42,1,171,1,1,132.0,1,1,1,1,4,132.0,1,0,0,1,0,0,19,0,0,0,0,0,0.0,0,0,0,0,0,0.0,0,12.7,3.7,-1.7,Dropout,Dropout,1,Animation and Multimedia Design,0.0,0,0.0,0.0,0,"(16.999, 19.0]"
3111,1,17,4,9500,1,1,133.0,1,4,4,4,4,130.7,1,0,0,1,0,0,19,0,0,7,7,7,14.75714286,0,0,8,9,8,15.36666667,0,12.4,0.5,1.79,Graduate,Graduate,0,Nursing,1.0,0,1.0,0.0,0,"(16.999, 19.0]"
3112,1,17,4,9254,1,1,124.0,1,1,1,4,4,122.3,1,0,0,1,0,0,19,0,0,6,7,6,11.66666667,0,0,6,6,6,12.33333333,0,13.9,-0.3,0.79,Dropout,Dropout,1,Tourism,1.0,0,0.8571428571428571,0.0,0,"(16.999, 19.0]"
3113,1,1,1,9670,1,1,143.0,1,3,38,2,9,144.1,1,0,0,1,0,0,19,0,0,6,7,5,12.6,0,0,6,10,5,12.375,0,10.8,1.4,1.74,Enrolled,Enrolled,0,Advertising and Marketing Management,0.8333333333333334,1,0.7142857142857143,0.0,0,"(16.999, 19.0]"
3114,1,1,1,9773,1,1,128.0,1,1,19,9,7,118.2,0,0,0,1,0,0,19,0,0,6,6,6,11.66666667,0,0,6,6,6,11.5,0,12.7,3.7,-1.7,Graduate,Graduate,0,Journalism and Communication,1.0,0,1.0,0.0,0,"(16.999, 19.0]"
3115,1,1,1,9238,1,1,138.0,1,19,38,5,8,133.5,0,0,0,1,0,1,19,0,0,6,6,6,15.0,0,0,6,6,6,13.33333333,0,8.9,1.4,3.51,Graduate,Graduate,0,Social Service,1.0,0,1.0,0.0,0,"(16.999, 19.0]"
3116,1,1,5,9500,1,1,144.0,1,37,37,7,9,126.8,1,0,1,0,0,0,18,0,0,7,0,0,0.0,0,0,8,0,0,0.0,0,9.4,-0.8,-3.12,Dropout,Dropout,1,Nursing,0.0,7,0.0,0.0,1,"(16.999, 19.0]"
3117,1,1,4,9773,1,1,122.0,1,19,19,9,7,121.0,1,0,0,1,0,0,20,0,0,6,7,6,13.57142857,0,0,6,6,6,13.33333333,0,13.9,-0.3,0.79,Graduate,Graduate,0,Journalism and Communication,1.0,0,0.8571428571428571,0.0,0,"(19.0, 20.0]"
3118,1,17,1,9254,1,1,111.0,1,19,19,3,10,117.7,0,0,0,1,0,0,20,0,0,6,8,5,10.8,0,0,6,9,4,11.5,0,9.4,-0.8,-3.12,Graduate,Graduate,0,Tourism,0.8333333333333334,1,0.625,0.0,0,"(19.0, 20.0]"
3119,1,1,1,9085,1,1,133.1,1,38,37,1,1,115.0,1,0,0,1,0,0,21,0,0,5,8,3,11.33333333,1,0,5,8,3,13.33333333,0,12.7,3.7,-1.7,Enrolled,Enrolled,0,Veterinary Nursing,0.6,2,0.375,0.2,0,"(20.0, 25.0]"
3120,2,1,1,9991,0,2,120.0,1,37,37,6,3,129.2,0,0,0,1,0,0,31,0,4,10,16,5,11.4,0,4,10,10,6,12.83333333,0,9.4,-0.8,-3.12,Dropout,Dropout,1,Management (evening attendance),0.5,5,0.3125,0.0,0,"(25.0, 70.0]"
3121,1,1,1,9556,1,1,135.0,1,37,38,7,9,125.8,0,0,0,1,0,1,20,0,0,7,14,7,10.64285714,0,0,8,8,8,11.55,0,12.7,3.7,-1.7,Graduate,Graduate,0,Oral Hygiene,1.0,0,0.5,0.0,0,"(19.0, 20.0]"
3122,1,17,5,9670,1,1,125.0,1,19,30,7,7,118.4,1,0,0,1,0,1,19,0,0,5,8,3,10.5,0,0,5,6,4,11.75,1,7.6,2.6,0.32,Enrolled,Enrolled,0,Advertising and Marketing Management,0.6,2,0.375,0.0,0,"(16.999, 19.0]"
3123,1,1,1,9500,1,1,147.0,1,38,38,9,9,142.0,1,0,0,1,0,0,18,0,0,7,7,6,14.65,0,0,7,7,6,14.65,0,7.6,2.6,0.32,Graduate,Graduate,0,Nursing,0.8571428571428571,1,0.8571428571428571,0.0,0,"(16.999, 19.0]"
3124,1,17,3,9500,1,1,137.0,1,19,37,7,7,126.7,1,0,0,1,0,1,19,0,0,7,7,7,13.71428571,0,0,8,11,8,14.86363636,0,16.2,0.3,-0.92,Graduate,Graduate,0,Nursing,1.0,0,1.0,0.0,0,"(16.999, 19.0]"
3125,1,43,1,9238,1,1,117.0,1,34,34,0,0,109.3,0,0,0,1,0,0,30,0,9,16,19,15,12.26666667,0,11,13,14,13,12.07142857,0,9.4,-0.8,-3.12,Graduate,Graduate,0,Social Service,0.9375,1,0.7894736842105263,0.0,0,"(25.0, 70.0]"
3126,1,17,1,9238,1,1,126.0,1,37,19,9,8,116.9,1,0,0,1,0,0,21,0,0,6,11,6,10.375,0,0,6,12,3,11.66666667,0,12.7,3.7,-1.7,Enrolled,Enrolled,0,Social Service,1.0,0,0.5454545454545454,0.0,0,"(20.0, 25.0]"
3127,1,18,1,9147,1,1,128.0,1,19,19,9,5,121.7,1,0,0,1,0,0,19,0,0,5,8,5,11.0,0,0,5,6,5,15.4,0,12.4,0.5,1.79,Graduate,Graduate,0,Management,1.0,0,0.625,0.0,0,"(16.999, 19.0]"
3128,1,1,6,9147,1,1,115.0,1,1,37,4,9,117.1,1,0,1,1,0,0,22,0,0,5,5,5,13.8,0,0,5,5,5,13.0,0,7.6,2.6,0.32,Graduate,Graduate,0,Management,1.0,0,1.0,0.0,1,"(20.0, 25.0]"
3129,1,1,1,9773,1,1,121.0,1,1,38,4,9,114.4,0,0,0,1,0,1,18,0,0,6,6,6,12.66666667,0,0,6,6,6,12.83333333,0,11.1,0.6,2.02,Graduate,Graduate,0,Journalism and Communication,1.0,0,1.0,0.0,0,"(16.999, 19.0]"
3130,1,17,1,9238,1,1,134.0,1,3,1,3,4,133.0,1,0,0,1,0,0,18,0,0,6,8,6,11.75,0,0,6,10,5,12.0,0,12.7,3.7,-1.7,Graduate,Graduate,0,Social Service,1.0,0,0.75,0.0,0,"(16.999, 19.0]"
3131,1,1,3,9500,1,1,126.0,1,38,38,9,8,118.8,1,0,0,1,0,1,19,0,0,8,8,7,12.78571429,0,0,8,8,7,12.78571429,0,12.7,3.7,-1.7,Graduate,Graduate,0,Nursing,0.875,1,0.875,0.0,0,"(16.999, 19.0]"
3132,1,1,1,9130,1,1,151.0,1,3,1,2,4,151.0,1,0,0,1,0,0,18,0,0,6,11,6,14.44444444,0,0,6,6,6,13.33333333,0,16.2,0.3,-0.92,Graduate,Graduate,0,Equinculture,1.0,0,0.5454545454545454,0.0,0,"(16.999, 19.0]"
3133,1,1,6,9500,1,1,122.0,1,1,1,4,4,119.6,1,0,0,1,0,0,21,0,0,7,8,6,13.25,0,0,8,8,8,13.8375,0,13.9,-0.3,0.79,Enrolled,Enrolled,0,Nursing,0.8571428571428571,1,0.75,0.0,0,"(20.0, 25.0]"
3134,1,17,1,9500,1,1,141.0,1,2,38,2,10,135.4,1,0,0,1,0,0,18,0,0,7,9,7,12.50625,0,0,8,15,5,13.2,0,13.9,-0.3,0.79,Enrolled,Enrolled,0,Nursing,1.0,0,0.7777777777777778,0.0,0,"(16.999, 19.0]"
3135,1,1,1,171,1,1,138.0,1,1,40,4,3,149.9,1,0,0,1,0,0,20,0,0,0,0,0,0.0,0,0,0,0,0,0.0,0,11.1,0.6,2.02,Graduate,Graduate,0,Animation and Multimedia Design,0.0,0,0.0,0.0,0,"(19.0, 20.0]"
3136,1,1,1,9085,1,1,133.0,1,38,37,9,7,120.1,1,0,0,1,0,0,18,0,0,5,8,4,12.75,1,0,5,10,4,11.75,0,12.7,3.7,-1.7,Graduate,Graduate,0,Veterinary Nursing,0.8,1,0.5,0.2,0,"(16.999, 19.0]"
3137,1,39,1,9085,1,3,150.0,1,2,3,4,7,173.3,1,0,0,1,0,0,25,0,1,6,7,6,16.85714286,0,1,6,6,6,16.5,0,13.9,-0.3,0.79,Graduate,Graduate,0,Veterinary Nursing,1.0,0,0.8571428571428571,0.0,0,"(20.0, 25.0]"
3138,1,1,1,9773,1,1,136.0,1,19,19,4,3,126.2,0,0,0,1,0,0,19,0,0,6,6,6,13.16666667,0,0,6,6,6,15.0,0,16.2,0.3,-0.92,Graduate,Graduate,0,Journalism and Communication,1.0,0,1.0,0.0,0,"(16.999, 19.0]"
3139,1,1,1,9853,1,1,129.0,1,19,38,2,7,126.9,1,0,0,1,0,1,19,0,0,6,9,5,12.2,0,0,6,10,4,11.5,0,7.6,2.6,0.32,Enrolled,Enrolled,0,Basic Education,0.8333333333333334,1,0.5555555555555556,0.0,0,"(16.999, 19.0]"
3140,1,39,1,9085,1,1,128.0,1,19,1,9,10,157.4,1,0,0,1,0,0,26,0,0,6,7,6,16.5,0,0,6,8,6,14.28571429,0,8.9,1.4,3.51,Graduate,Graduate,0,Veterinary Nursing,1.0,0,0.8571428571428571,0.0,0,"(25.0, 70.0]"
3141,1,17,2,9147,1,1,131.0,1,1,19,4,5,120.2,1,0,0,1,0,0,21,0,0,5,10,4,11.75,0,0,5,6,5,11.6,0,12.4,0.5,1.79,Graduate,Graduate,0,Management,0.8,1,0.4,0.0,0,"(20.0, 25.0]"
3142,1,1,1,9147,1,1,130.0,1,38,38,2,9,124.8,0,0,0,1,0,0,19,0,0,5,14,1,11.0,0,0,5,6,0,0.0,0,13.9,-0.3,0.79,Dropout,Dropout,1,Management,0.2,4,0.07142857142857142,0.0,0,"(16.999, 19.0]"
3143,1,17,1,9500,1,1,150.0,1,37,37,9,9,130.3,0,0,0,1,0,1,19,0,0,8,8,7,15.11428571,0,0,8,8,7,15.11428571,0,12.7,3.7,-1.7,Graduate,Graduate,0,Nursing,0.875,1,0.875,0.0,0,"(16.999, 19.0]"
3144,1,1,1,9238,1,1,165.0,1,37,38,9,8,152.4,1,0,0,1,0,1,18,0,0,6,8,6,15.5,0,0,6,7,6,14.28571429,0,16.2,0.3,-0.92,Graduate,Graduate,0,Social Service,1.0,0,0.75,0.0,0,"(16.999, 19.0]"
3145,2,43,1,9991,0,1,133.1,1,37,37,9,7,113.5,0,0,0,1,0,1,32,0,3,10,12,7,11.14285714,0,4,10,10,8,12.0,0,10.8,1.4,1.74,Graduate,Graduate,0,Management (evening attendance),0.7,3,0.5833333333333334,0.0,0,"(25.0, 70.0]"
3146,1,1,1,9238,1,1,126.0,1,3,1,5,5,125.7,0,0,0,1,0,1,18,0,0,6,6,6,11.33333333,0,0,6,8,6,11.33333333,0,15.5,2.8,-4.06,Graduate,Graduate,0,Social Service,1.0,0,1.0,0.0,0,"(16.999, 19.0]"
3147,1,1,5,9500,1,1,101.0,1,1,1,3,4,102.4,0,0,0,1,0,0,20,0,0,7,9,5,12.04,0,0,7,9,6,11.77142857,0,12.4,0.5,1.79,Enrolled,Enrolled,0,Nursing,0.7142857142857143,2,0.5555555555555556,0.0,0,"(19.0, 20.0]"
3148,1,17,3,9147,1,1,125.0,1,38,19,7,7,125.7,0,0,0,1,0,0,20,0,0,5,7,5,11.16666667,0,0,5,9,4,10.75,0,15.5,2.8,-4.06,Enrolled,Enrolled,0,Management,1.0,0,0.7142857142857143,0.0,0,"(19.0, 20.0]"
3149,4,39,1,9670,1,1,100.0,1,37,37,4,10,120.0,0,0,1,1,0,1,39,0,0,5,6,5,10.6,0,0,5,7,4,10.75,0,9.4,-0.8,-3.12,Graduate,Graduate,0,Advertising and Marketing Management,1.0,0,0.8333333333333334,0.0,1,"(25.0, 70.0]"
3150,1,1,1,9130,1,1,117.0,1,1,1,9,9,109.3,1,0,0,1,0,0,20,0,0,5,10,4,12.5,0,0,5,12,2,13.0,0,12.7,3.7,-1.7,Enrolled,Enrolled,0,Equinculture,0.8,1,0.4,0.0,0,"(19.0, 20.0]"
3151,1,1,1,171,1,1,159.0,1,3,1,4,4,162.2,1,0,1,0,0,0,18,0,0,0,0,0,0.0,0,0,0,0,0,0.0,0,12.4,0.5,1.79,Dropout,Dropout,1,Animation and Multimedia Design,0.0,0,0.0,0.0,1,"(16.999, 19.0]"
3152,1,17,1,9773,1,1,177.0,1,2,1,123,135,155.7,0,0,1,1,0,1,18,0,0,6,6,6,15.66666667,0,0,6,6,6,13.83333333,0,8.9,1.4,3.51,Graduate,Graduate,0,Journalism and Communication,1.0,0,1.0,0.0,1,"(16.999, 19.0]"
3153,1,1,1,171,1,1,156.0,1,3,3,2,2,147.7,1,0,0,1,0,0,21,0,6,12,12,12,15.33333333,0,4,11,15,11,15.0,0,8.9,1.4,3.51,Graduate,Graduate,0,Animation and Multimedia Design,1.0,0,1.0,0.0,0,"(20.0, 25.0]"
3154,1,1,5,9500,1,1,125.0,1,1,1,3,8,115.6,1,0,0,1,0,0,18,0,0,7,9,6,12.18333333,0,0,7,9,6,11.78333333,0,16.2,0.3,-0.92,Enrolled,Enrolled,0,Nursing,0.8571428571428571,1,0.6666666666666666,0.0,0,"(16.999, 19.0]"
3155,1,1,2,9147,1,1,130.0,1,37,37,9,9,117.8,0,0,0,1,0,0,18,0,0,5,8,2,10.0,0,0,5,9,3,11.33333333,0,7.6,2.6,0.32,Enrolled,Enrolled,0,Management,0.4,3,0.25,0.0,0,"(16.999, 19.0]"
3156,1,43,1,9003,1,1,125.0,1,1,38,4,7,125.0,1,0,0,1,0,0,21,0,9,14,23,9,12.0,2,6,12,21,8,11.25,0,15.5,2.8,-4.06,Graduate,Graduate,0,Agronomy,0.6428571428571429,5,0.391304347826087,0.14285714285714285,0,"(20.0, 25.0]"
3157,1,1,1,9147,1,1,127.0,1,19,19,5,5,129.8,1,0,0,1,0,0,22,0,0,5,8,3,10.33333333,0,0,5,11,2,10.0,0,7.6,2.6,0.32,Dropout,Dropout,1,Management,0.6,2,0.375,0.0,0,"(20.0, 25.0]"
3158,1,17,1,9254,1,1,121.0,1,1,1,4,4,123.1,1,0,0,1,1,0,21,0,0,6,11,6,11.16666667,0,0,6,14,3,14.66666667,0,7.6,2.6,0.32,Enrolled,Enrolled,0,Tourism,1.0,0,0.5454545454545454,0.0,0,"(20.0, 25.0]"
3159,1,43,1,9070,1,1,135.0,1,19,19,9,9,122.8,1,0,0,1,1,1,20,0,0,6,8,3,11.0,0,0,6,8,2,11.33333333,0,10.8,1.4,1.74,Enrolled,Enrolled,0,Communication Design,0.5,3,0.375,0.0,0,"(19.0, 20.0]"
3160,1,1,2,171,1,1,125.0,1,38,19,9,9,117.3,1,0,0,1,1,1,21,0,0,0,0,0,0.0,0,0,0,0,0,0.0,0,10.8,1.4,1.74,Graduate,Graduate,0,Animation and Multimedia Design,0.0,0,0.0,0.0,0,"(20.0, 25.0]"
3161,1,1,1,9254,1,1,138.0,41,1,1,9,9,126.5,1,0,0,1,0,1,20,1,0,6,7,6,12.85714286,0,0,6,8,5,11.8,0,8.9,1.4,3.51,Graduate,Graduate,0,Tourism,1.0,0,0.8571428571428571,0.0,0,"(19.0, 20.0]"
3162,1,1,4,9500,1,1,136.0,1,19,38,9,9,123.0,1,0,0,1,0,0,19,0,0,8,8,7,14.32857143,0,0,8,8,7,14.32857143,0,10.8,1.4,1.74,Graduate,Graduate,0,Nursing,0.875,1,0.875,0.0,0,"(16.999, 19.0]"
3163,1,1,1,9238,1,1,142.0,1,1,38,5,7,127.7,0,0,0,1,0,1,20,0,0,6,7,6,15.0,0,0,6,6,6,16.33333333,0,13.9,-0.3,0.79,Graduate,Graduate,0,Social Service,1.0,0,0.8571428571428571,0.0,0,"(19.0, 20.0]"
3164,1,1,1,9085,1,1,129.0,1,19,37,9,9,117.5,1,0,0,1,0,0,19,0,0,5,9,5,13.6,1,0,5,5,5,12.4,0,12.7,3.7,-1.7,Graduate,Graduate,0,Veterinary Nursing,1.0,0,0.5555555555555556,0.2,0,"(16.999, 19.0]"
3165,1,1,1,9085,1,1,134.0,1,1,1,2,7,128.4,1,0,0,1,0,1,18,0,0,5,12,5,12.85714286,2,0,5,8,4,13.25,0,9.4,-0.8,-3.12,Graduate,Graduate,0,Veterinary Nursing,1.0,0,0.4166666666666667,0.4,0,"(16.999, 19.0]"
3166,1,17,2,9853,1,1,123.0,1,3,1,2,3,124.1,1,0,0,1,0,0,18,0,0,6,7,2,14.5,0,0,6,6,1,10.0,0,15.5,2.8,-4.06,Dropout,Dropout,1,Basic Education,0.3333333333333333,4,0.2857142857142857,0.0,0,"(16.999, 19.0]"
3167,1,39,1,9991,0,1,150.0,1,19,38,9,8,140.9,0,1,0,1,0,0,24,0,0,5,7,3,10.66666667,0,0,5,7,3,10.5,0,10.8,1.4,1.74,Dropout,Dropout,1,Management (evening attendance),0.6,2,0.42857142857142855,0.0,0,"(20.0, 25.0]"
3168,1,1,1,9254,1,1,129.0,1,1,1,4,2,126.2,0,0,1,0,0,1,21,0,0,6,7,6,13.42857143,0,0,6,8,6,11.33333333,0,8.9,1.4,3.51,Dropout,Dropout,1,Tourism,1.0,0,0.8571428571428571,0.0,1,"(20.0, 25.0]"
3169,1,1,3,9500,1,1,134.0,1,1,37,8,7,120.5,1,0,0,1,1,1,18,0,0,7,12,7,11.71666667,0,0,8,13,4,10.868,0,15.5,2.8,-4.06,Graduate,Graduate,0,Nursing,1.0,0,0.5833333333333334,0.0,0,"(16.999, 19.0]"
3170,1,17,1,9147,1,1,127.0,1,1,37,4,8,121.1,1,0,0,1,1,1,20,0,0,5,11,4,12.0,0,0,5,5,5,12.8,0,11.1,0.6,2.02,Graduate,Graduate,0,Management,0.8,1,0.36363636363636365,0.0,0,"(19.0, 20.0]"
3171,1,18,2,9853,1,1,123.0,1,1,3,9,2,123.7,1,0,1,0,0,0,20,0,0,6,11,5,13.2,0,0,6,8,4,10.75,0,10.8,1.4,1.74,Dropout,Dropout,1,Basic Education,0.8333333333333334,1,0.45454545454545453,0.0,1,"(19.0, 20.0]"
3172,1,17,3,9254,1,1,127.0,1,12,38,5,7,116.9,1,0,1,1,0,0,18,0,0,6,7,5,12.2,0,0,6,10,4,12.25,0,12.4,0.5,1.79,Dropout,Dropout,1,Tourism,0.8333333333333334,1,0.7142857142857143,0.0,1,"(16.999, 19.0]"
3173,1,39,1,9556,1,1,133.1,1,38,19,9,6,100.0,1,0,0,1,0,1,25,0,0,7,11,5,12.58,0,0,7,9,6,12.15714286,0,8.9,1.4,3.51,Graduate,Graduate,0,Oral Hygiene,0.7142857142857143,2,0.45454545454545453,0.0,0,"(20.0, 25.0]"
3174,1,17,5,9238,1,1,131.0,1,19,37,5,7,120.2,1,0,0,1,0,1,19,0,0,6,9,5,11.33333333,0,0,6,6,6,10.83333333,0,13.9,-0.3,0.79,Enrolled,Enrolled,0,Social Service,0.8333333333333334,1,0.5555555555555556,0.0,0,"(16.999, 19.0]"
3175,2,39,1,33,1,1,120.0,1,38,1,9,5,153.8,0,0,1,1,1,0,35,0,0,7,9,0,0.0,0,0,7,8,0,0.0,0,11.1,0.6,2.02,Dropout,Dropout,1,Biofuel Production Technologies,0.0,7,0.0,0.0,1,"(25.0, 70.0]"
3176,1,1,4,9500,1,1,133.0,1,19,19,9,5,120.1,1,0,0,1,0,1,19,0,0,7,9,6,12.42857143,0,0,8,8,8,14.0,0,13.9,-0.3,0.79,Graduate,Graduate,0,Nursing,0.8571428571428571,1,0.6666666666666666,0.0,0,"(16.999, 19.0]"
3177,1,1,1,9670,1,1,133.0,1,38,38,9,9,128.1,1,0,0,1,1,1,18,0,0,6,6,6,13.0,0,0,6,6,6,13.0,0,13.9,-0.3,0.79,Dropout,Dropout,1,Advertising and Marketing Management,1.0,0,1.0,0.0,0,"(16.999, 19.0]"
3178,1,1,1,9500,1,1,143.0,1,3,19,3,10,126.8,0,0,0,1,1,0,19,0,0,8,8,7,14.53571429,0,0,8,8,7,14.53571429,0,10.8,1.4,1.74,Graduate,Graduate,0,Nursing,0.875,1,0.875,0.0,0,"(16.999, 19.0]"
3179,1,43,1,9500,1,1,140.0,1,19,38,9,7,125.7,1,0,0,1,1,1,19,0,0,7,8,5,11.2,0,0,7,8,5,11.2,0,7.6,2.6,0.32,Enrolled,Enrolled,0,Nursing,0.7142857142857143,2,0.625,0.0,0,"(16.999, 19.0]"
3180,1,17,1,9070,1,1,157.0,1,3,3,3,3,146.2,0,0,0,1,1,0,18,0,0,6,6,6,16.0,0,0,6,6,6,13.66666667,0,12.4,0.5,1.79,Graduate,Graduate,0,Communication Design,1.0,0,1.0,0.0,0,"(16.999, 19.0]"
3181,1,39,1,9130,1,19,133.1,1,19,3,9,2,140.0,1,0,1,1,1,0,24,0,0,6,13,5,13.14285714,0,0,6,15,3,12.66666667,0,16.2,0.3,-0.92,Dropout,Dropout,1,Equinculture,0.8333333333333334,1,0.38461538461538464,0.0,1,"(20.0, 25.0]"
3182,1,43,1,8014,0,1,145.0,6,34,34,0,0,134.5,1,0,0,1,1,0,25,1,8,14,23,11,11.6875,0,6,10,20,8,11.14285714,0,9.4,-0.8,-3.12,Graduate,Graduate,0,Social Service (evening attendance),0.7857142857142857,3,0.4782608695652174,0.0,0,"(20.0, 25.0]"
3183,1,39,1,9119,1,1,130.0,1,37,3,9,3,137.0,1,0,0,1,1,0,28,0,0,5,11,4,10.5,0,0,5,12,4,11.0,4,7.6,2.6,0.32,Enrolled,Enrolled,0,Informatics Engineering,0.8,1,0.36363636363636365,0.0,0,"(25.0, 70.0]"
3184,1,1,1,9085,1,1,111.0,1,1,38,5,9,107.5,0,0,0,1,1,1,19,0,0,6,9,6,13.83333333,0,0,6,12,5,13.66666667,0,11.1,0.6,2.02,Graduate,Graduate,0,Veterinary Nursing,1.0,0,0.6666666666666666,0.0,0,"(16.999, 19.0]"
3185,1,17,2,9119,1,1,116.0,1,19,1,9,7,112.2,0,0,0,1,1,0,19,0,0,5,0,0,0.0,0,0,5,0,0,0.0,0,16.2,0.3,-0.92,Dropout,Dropout,1,Informatics Engineering,0.0,5,0.0,0.0,0,"(16.999, 19.0]"
3186,1,39,1,9130,1,10,133.1,1,12,36,90,90,128.2,0,0,0,0,1,1,30,0,0,5,13,0,0.0,3,0,5,5,0,0.0,5,9.4,-0.8,-3.12,Dropout,Dropout,1,Equinculture,0.0,5,0.0,0.6,1,"(25.0, 70.0]"
3187,1,1,1,9500,1,1,135.0,1,19,19,4,5,126.8,1,0,0,1,1,0,19,0,0,7,9,0,0.0,0,0,7,8,0,0.0,0,15.5,2.8,-4.06,Dropout,Dropout,1,Nursing,0.0,7,0.0,0.0,0,"(16.999, 19.0]"
3188,1,17,1,9147,1,1,145.0,1,19,38,4,4,132.1,1,0,0,1,1,0,21,0,0,5,10,1,10.0,0,0,5,5,0,0.0,0,11.1,0.6,2.02,Dropout,Dropout,1,Management,0.2,4,0.1,0.0,0,"(20.0, 25.0]"
3189,1,1,1,171,1,1,118.0,1,37,37,3,5,110.0,0,0,0,1,1,0,19,0,0,0,0,0,0.0,0,0,0,0,0,0.0,0,13.9,-0.3,0.79,Dropout,Dropout,1,Animation and Multimedia Design,0.0,0,0.0,0.0,0,"(16.999, 19.0]"
3190,1,39,1,9003,1,1,130.0,1,19,19,9,5,100.0,0,0,0,0,1,0,29,0,0,6,9,0,0.0,0,0,6,6,0,0.0,0,13.9,-0.3,0.79,Dropout,Dropout,1,Agronomy,0.0,6,0.0,0.0,1,"(25.0, 70.0]"
3191,1,1,1,9670,1,1,115.0,1,19,37,9,9,114.3,0,0,0,1,1,0,18,0,0,6,7,4,12.6,0,0,6,6,4,13.0,0,12.4,0.5,1.79,Dropout,Dropout,1,Advertising and Marketing Management,0.6666666666666666,2,0.5714285714285714,0.0,0,"(16.999, 19.0]"
3192,1,1,2,9147,1,1,122.0,1,1,38,4,5,116.4,0,0,0,1,1,0,21,0,0,5,10,3,11.25,0,0,5,9,3,11.0,0,15.5,2.8,-4.06,Enrolled,Enrolled,0,Management,0.6,2,0.3,0.0,0,"(20.0, 25.0]"
3193,1,42,1,9070,1,1,120.0,1,3,2,3,1,116.9,0,0,0,1,1,0,20,0,6,7,13,7,12.375,0,4,7,8,4,11.25,0,13.9,-0.3,0.79,Dropout,Dropout,1,Communication Design,1.0,0,0.5384615384615384,0.0,0,"(19.0, 20.0]"
3194,1,51,1,9991,0,1,120.0,1,38,3,5,3,128.2,0,0,1,1,1,0,24,0,3,10,15,7,10.71428571,0,3,10,11,9,12.55555556,0,12.4,0.5,1.79,Enrolled,Enrolled,0,Management (evening attendance),0.7,3,0.4666666666666667,0.0,1,"(20.0, 25.0]"
3195,1,17,2,9773,1,1,120.0,1,1,1,2,5,127.0,1,0,0,0,1,0,18,0,0,6,6,0,0.0,0,0,6,0,0,0.0,0,8.9,1.4,3.51,Dropout,Dropout,1,Journalism and Communication,0.0,6,0.0,0.0,1,"(16.999, 19.0]"
3196,1,42,1,9003,1,1,140.0,1,1,3,4,2,140.0,1,0,0,1,1,0,23,0,0,6,14,5,12.0,0,0,6,12,5,12.14285714,0,15.5,2.8,-4.06,Enrolled,Enrolled,0,Agronomy,0.8333333333333334,1,0.35714285714285715,0.0,0,"(20.0, 25.0]"
3197,1,1,6,9147,1,1,127.0,1,1,19,1,6,120.0,1,0,0,1,1,0,19,0,0,5,6,5,12.6,0,0,5,8,3,12.66666667,0,8.9,1.4,3.51,Graduate,Graduate,0,Management,1.0,0,0.8333333333333334,0.0,0,"(16.999, 19.0]"
3198,1,7,1,9254,1,3,110.0,1,19,19,3,3,110.0,0,0,0,1,1,0,35,0,0,6,7,0,0.0,0,0,6,6,0,0.0,0,16.2,0.3,-0.92,Dropout,Dropout,1,Tourism,0.0,6,0.0,0.0,0,"(25.0, 70.0]"
3199,1,1,1,9500,1,1,148.0,1,1,1,9,9,127.0,1,0,0,1,1,0,20,0,0,8,8,7,12.84142857,0,0,8,8,7,12.84142857,0,10.8,1.4,1.74,Graduate,Graduate,0,Nursing,0.875,1,0.875,0.0,0,"(19.0, 20.0]"
3200,2,39,1,9238,1,42,170.0,1,19,38,8,8,159.5,0,0,0,1,1,0,33,0,0,6,6,0,0.0,0,0,5,5,0,0.0,0,8.9,1.4,3.51,Dropout,Dropout,1,Social Service,0.0,6,0.0,0.0,0,"(25.0, 70.0]"
3201,1,1,1,9773,1,1,146.0,1,1,3,4,1,135.2,1,0,0,1,1,0,18,0,0,6,7,6,14.16666667,0,0,6,6,6,12.83333333,0,9.4,-0.8,-3.12,Graduate,Graduate,0,Journalism and Communication,1.0,0,0.8571428571428571,0.0,0,"(16.999, 19.0]"
3202,1,1,1,9773,1,1,127.0,1,5,3,4,4,122.8,1,0,0,1,1,0,20,0,0,6,7,6,12.16666667,0,0,6,9,3,12.0,0,12.4,0.5,1.79,Enrolled,Enrolled,0,Journalism and Communication,1.0,0,0.8571428571428571,0.0,0,"(19.0, 20.0]"
3203,1,17,1,9773,1,1,125.0,1,3,3,2,3,118.0,1,0,0,1,1,0,19,0,0,6,12,4,10.8,0,0,6,14,3,11.0,0,13.9,-0.3,0.79,Dropout,Dropout,1,Journalism and Communication,0.6666666666666666,2,0.3333333333333333,0.0,0,"(16.999, 19.0]"
3204,1,17,5,9773,1,1,139.0,1,38,1,4,4,123.6,1,0,0,1,1,0,18,0,0,6,6,6,13.0,0,0,6,12,0,0.0,0,7.6,2.6,0.32,Dropout,Dropout,1,Journalism and Communication,1.0,0,1.0,0.0,0,"(16.999, 19.0]"
3205,1,39,1,9991,0,1,133.1,1,37,37,7,9,111.0,0,0,0,0,1,0,28,0,0,5,0,0,0.0,0,0,5,0,0,0.0,0,8.9,1.4,3.51,Dropout,Dropout,1,Management (evening attendance),0.0,5,0.0,0.0,1,"(25.0, 70.0]"
3206,1,1,1,9147,1,1,146.0,1,5,1,1,5,144.6,0,0,0,1,1,0,18,0,0,5,5,5,13.0,0,0,5,6,5,13.33333333,0,16.2,0.3,-0.92,Graduate,Graduate,0,Management,1.0,0,1.0,0.0,0,"(16.999, 19.0]"
3207,1,1,1,9773,1,1,109.0,1,2,3,3,3,111.8,1,0,1,1,1,0,25,0,0,6,8,6,11.57142857,0,0,6,9,6,11.57142857,0,15.5,2.8,-4.06,Dropout,Dropout,1,Journalism and Communication,1.0,0,0.75,0.0,1,"(20.0, 25.0]"
3208,1,1,1,9238,1,1,135.0,1,1,38,4,6,122.1,0,1,1,0,1,0,19,0,0,6,6,4,11.5,0,0,6,6,5,11.0,0,8.9,1.4,3.51,Dropout,Dropout,1,Social Service,0.6666666666666666,2,0.6666666666666666,0.0,1,"(16.999, 19.0]"
3209,1,18,2,9070,1,1,122.0,1,38,19,5,5,119.9,0,0,0,1,1,0,18,0,0,6,8,5,11.0,0,0,6,6,4,10.75,0,9.4,-0.8,-3.12,Graduate,Graduate,0,Communication Design,0.8333333333333334,1,0.625,0.0,0,"(16.999, 19.0]"
3210,1,7,1,9003,1,3,130.0,1,3,3,6,2,130.0,1,0,0,1,1,0,29,0,1,6,10,6,17.11111111,0,2,6,9,6,15.57142857,0,13.9,-0.3,0.79,Graduate,Graduate,0,Agronomy,1.0,0,0.6,0.0,0,"(25.0, 70.0]"
3211,1,1,1,171,1,1,124.0,1,2,2,3,2,118.4,1,0,0,1,1,0,18,0,0,0,0,0,0.0,0,0,0,0,0,0.0,0,7.6,2.6,0.32,Enrolled,Enrolled,0,Animation and Multimedia Design,0.0,0,0.0,0.0,0,"(16.999, 19.0]"
3212,1,1,1,9254,1,1,115.0,1,3,2,4,5,112.6,0,0,0,1,1,1,20,0,0,6,9,6,12.57142857,0,0,6,6,6,12.16666667,0,8.9,1.4,3.51,Graduate,Graduate,0,Tourism,1.0,0,0.6666666666666666,0.0,0,"(19.0, 20.0]"
3213,1,44,1,9003,1,39,150.0,1,3,19,2,6,150.0,0,0,0,1,1,0,20,0,0,6,6,0,0.0,0,0,6,8,0,0.0,0,15.5,2.8,-4.06,Dropout,Dropout,1,Agronomy,0.0,6,0.0,0.0,0,"(19.0, 20.0]"
3214,1,1,4,9070,1,1,170.0,1,3,3,2,2,165.8,1,0,0,1,1,0,18,0,0,6,7,6,14.5,0,0,6,6,6,15.16666667,0,9.4,-0.8,-3.12,Graduate,Graduate,0,Communication Design,1.0,0,0.8571428571428571,0.0,0,"(16.999, 19.0]"
3215,1,1,6,9254,1,1,102.0,1,3,1,2,2,101.7,1,0,0,1,1,1,21,0,0,6,6,6,13.5,0,0,6,6,6,12.33333333,0,12.4,0.5,1.79,Graduate,Graduate,0,Tourism,1.0,0,1.0,0.0,0,"(20.0, 25.0]"
3216,1,17,2,9254,1,1,140.0,1,3,3,2,2,124.3,0,0,0,0,1,0,18,0,0,6,9,5,11.2,0,0,6,14,2,10.0,0,9.4,-0.8,-3.12,Dropout,Dropout,1,Tourism,0.8333333333333334,1,0.5555555555555556,0.0,1,"(16.999, 19.0]"
3217,1,1,5,9119,1,1,135.0,1,37,37,90,90,122.1,1,0,0,1,1,0,20,0,0,5,10,3,10.66666667,0,0,5,5,4,12.25,0,7.6,2.6,0.32,Graduate,Graduate,0,Informatics Engineering,0.6,2,0.3,0.0,0,"(19.0, 20.0]"
3218,1,43,1,8014,0,1,148.0,1,37,37,9,9,134.7,0,0,0,1,0,0,23,0,9,13,15,9,11.0,0,4,11,12,7,11.57142857,0,15.5,2.8,-4.06,Enrolled,Enrolled,0,Social Service (evening attendance),0.6923076923076923,4,0.6,0.0,0,"(20.0, 25.0]"
3219,1,39,1,9991,0,1,140.0,1,1,37,9,8,154.5,0,0,0,1,0,0,26,0,0,1,2,0,0.0,0,0,5,8,0,0.0,0,16.2,0.3,-0.92,Dropout,Dropout,1,Management (evening attendance),0.0,1,0.0,0.0,0,"(25.0, 70.0]"
3220,1,17,3,9670,1,1,147.0,1,37,37,8,8,128.8,0,0,1,1,0,0,19,0,0,5,5,1,10.0,0,0,5,5,0,0.0,0,9.4,-0.8,-3.12,Dropout,Dropout,1,Advertising and Marketing Management,0.2,4,0.2,0.0,1,"(16.999, 19.0]"
3221,1,39,1,9556,1,1,140.0,1,37,38,9,9,106.0,1,0,1,0,0,1,24,0,0,7,14,5,12.36,0,1,8,15,5,12.0,0,8.9,1.4,3.51,Dropout,Dropout,1,Oral Hygiene,0.7142857142857143,2,0.35714285714285715,0.0,1,"(20.0, 25.0]"
3222,1,1,1,9670,1,1,157.0,1,19,38,9,7,146.2,1,0,0,1,0,1,20,0,0,6,8,6,15.25,0,0,6,7,6,14.71428571,0,11.1,0.6,2.02,Graduate,Graduate,0,Advertising and Marketing Management,1.0,0,0.75,0.0,0,"(19.0, 20.0]"
3223,1,17,1,9991,0,1,120.0,1,38,3,9,3,116.9,1,0,1,0,0,0,26,0,0,5,5,0,0.0,0,0,5,6,0,0.0,0,10.8,1.4,1.74,Dropout,Dropout,1,Management (evening attendance),0.0,5,0.0,0.0,1,"(25.0, 70.0]"
3224,1,39,1,9147,1,12,133.1,1,19,37,7,9,118.2,0,0,0,1,0,0,31,0,0,5,8,1,13.0,2,0,5,9,4,12.25,0,10.8,1.4,1.74,Dropout,Dropout,1,Management,0.2,4,0.125,0.4,0,"(25.0, 70.0]"
3225,2,43,1,9500,1,1,140.0,1,37,37,9,10,105.7,1,0,0,1,0,0,27,0,0,8,8,8,13.81375,0,0,8,8,8,13.81375,0,9.4,-0.8,-3.12,Graduate,Graduate,0,Nursing,1.0,0,1.0,0.0,0,"(25.0, 70.0]"
3226,1,1,1,9085,1,1,130.0,1,19,38,9,9,126.9,0,0,1,1,0,0,24,0,0,6,8,6,13.28571429,0,0,6,13,6,12.875,0,11.1,0.6,2.02,Graduate,Graduate,0,Veterinary Nursing,1.0,0,0.75,0.0,1,"(20.0, 25.0]"
3227,1,44,1,9085,1,39,150.0,1,19,38,194,193,150.0,1,0,0,1,0,0,23,0,0,6,11,4,11.5,0,0,6,12,4,12.2,0,8.9,1.4,3.51,Enrolled,Enrolled,0,Veterinary Nursing,0.6666666666666666,2,0.36363636363636365,0.0,0,"(20.0, 25.0]"
3228,1,1,2,9500,1,1,115.0,1,38,38,9,8,108.4,1,0,0,1,0,1,20,0,0,7,8,7,11.9625,0,0,8,9,8,13.04444444,0,13.9,-0.3,0.79,Graduate,Graduate,0,Nursing,1.0,0,0.875,0.0,0,"(19.0, 20.0]"
3229,1,1,6,9500,1,1,118.0,1,38,38,5,5,114.2,1,0,0,1,0,0,20,0,0,7,9,6,13.68333333,0,0,8,11,6,13.11666667,0,11.1,0.6,2.02,Graduate,Graduate,0,Nursing,0.8571428571428571,1,0.6666666666666666,0.0,0,"(19.0, 20.0]"
3230,1,39,1,9500,1,1,130.0,1,38,1,9,4,140.0,1,0,0,1,0,0,24,0,0,8,8,7,14.98571429,0,0,8,8,7,14.98571429,0,12.7,3.7,-1.7,Graduate,Graduate,0,Nursing,0.875,1,0.875,0.0,0,"(20.0, 25.0]"
3231,2,39,1,9147,1,1,130.0,1,37,37,9,9,142.5,0,0,0,1,0,0,39,0,0,5,8,4,11.25,0,0,5,8,4,11.5,0,11.1,0.6,2.02,Enrolled,Enrolled,0,Management,0.8,1,0.5,0.0,0,"(25.0, 70.0]"
3232,1,1,2,9773,1,1,130.0,1,19,38,3,9,126.5,1,0,0,1,0,0,18,0,0,6,8,4,12.5,0,0,6,6,5,12.6,0,12.7,3.7,-1.7,Graduate,Graduate,0,Journalism and Communication,0.6666666666666666,2,0.5,0.0,0,"(16.999, 19.0]"
3233,1,17,3,9085,1,1,120.0,1,37,38,9,9,111.3,0,0,0,1,0,0,20,0,0,6,0,0,0.0,0,0,6,0,0,0.0,0,11.1,0.6,2.02,Dropout,Dropout,1,Veterinary Nursing,0.0,6,0.0,0.0,0,"(19.0, 20.0]"
3234,1,1,2,9500,1,1,130.0,1,1,1,4,3,125.1,1,0,0,1,0,0,18,0,0,7,10,7,13.78,0,0,8,10,8,13.661,0,15.5,2.8,-4.06,Graduate,Graduate,0,Nursing,1.0,0,0.7,0.0,0,"(16.999, 19.0]"
3235,1,1,2,9500,1,1,141.0,1,37,37,9,7,126.3,1,0,0,1,0,0,19,0,0,7,10,7,13.805,0,0,8,8,8,14.2725,0,15.5,2.8,-4.06,Graduate,Graduate,0,Nursing,1.0,0,0.7,0.0,0,"(16.999, 19.0]"
3236,1,17,1,9085,1,1,138.0,1,1,19,4,9,142.2,1,0,0,1,0,0,18,0,0,5,7,5,13.8,0,0,5,5,5,12.6,0,10.8,1.4,1.74,Graduate,Graduate,0,Veterinary Nursing,1.0,0,0.7142857142857143,0.0,0,"(16.999, 19.0]"
3237,1,1,1,9670,1,1,113.0,1,37,19,9,9,110.2,1,0,0,1,0,0,22,0,0,5,7,3,12.66666667,0,0,5,6,4,12.0,0,7.6,2.6,0.32,Enrolled,Enrolled,0,Advertising and Marketing Management,0.6,2,0.42857142857142855,0.0,0,"(20.0, 25.0]"
3238,1,17,4,9500,1,1,135.0,1,1,1,4,4,127.0,1,0,0,1,0,0,18,0,0,7,7,7,14.42428571,0,0,8,8,8,13.9375,0,11.1,0.6,2.02,Graduate,Graduate,0,Nursing,1.0,0,1.0,0.0,0,"(16.999, 19.0]"
3239,1,1,1,9238,1,1,137.0,1,3,1,4,9,128.6,0,0,0,1,0,1,18,0,0,6,7,6,13.16666667,0,0,6,6,6,12.5,0,12.4,0.5,1.79,Graduate,Graduate,0,Social Service,1.0,0,0.8571428571428571,0.0,0,"(16.999, 19.0]"
3240,4,39,1,9991,0,1,133.1,1,37,37,9,9,130.4,0,0,0,1,0,0,30,0,0,5,10,3,10.66666667,0,0,5,8,5,10.4,0,12.7,3.7,-1.7,Enrolled,Enrolled,0,Management (evening attendance),0.6,2,0.3,0.0,0,"(25.0, 70.0]"
3241,2,43,1,9238,1,12,100.0,1,37,37,9,9,134.4,0,0,0,1,0,0,34,0,9,16,20,14,12.07142857,1,11,13,13,11,12.27272727,0,7.6,2.6,0.32,Graduate,Graduate,0,Social Service,0.875,2,0.7,0.0625,0,"(25.0, 70.0]"
3242,1,39,1,8014,0,19,133.1,1,37,37,9,9,100.0,0,0,0,1,0,0,38,0,0,6,10,3,10.25,0,0,6,7,1,12.0,0,13.9,-0.3,0.79,Dropout,Dropout,1,Social Service (evening attendance),0.5,3,0.3,0.0,0,"(25.0, 70.0]"
3243,1,1,1,9500,1,1,142.0,1,37,19,7,7,133.0,1,0,0,1,0,1,19,0,0,8,8,8,14.11,0,0,8,8,8,14.11,0,9.4,-0.8,-3.12,Graduate,Graduate,0,Nursing,1.0,0,1.0,0.0,0,"(16.999, 19.0]"
3244,1,17,3,9853,1,1,140.0,1,38,38,5,7,126.7,1,0,0,1,0,0,19,0,0,6,9,5,12.4,0,0,6,10,3,10.66666667,0,10.8,1.4,1.74,Dropout,Dropout,1,Basic Education,0.8333333333333334,1,0.5555555555555556,0.0,0,"(16.999, 19.0]"
3245,1,43,1,9773,1,1,129.0,1,1,1,4,8,129.0,0,0,0,0,0,0,21,0,0,6,7,6,12.0,0,0,6,6,6,12.0,0,10.8,1.4,1.74,Dropout,Dropout,1,Journalism and Communication,1.0,0,0.8571428571428571,0.0,1,"(20.0, 25.0]"
3246,1,17,1,9773,1,1,141.0,1,2,3,2,2,133.7,1,0,0,1,0,1,18,0,0,6,6,6,14.83333333,0,0,6,6,6,13.5,0,11.1,0.6,2.02,Graduate,Graduate,0,Journalism and Communication,1.0,0,1.0,0.0,0,"(16.999, 19.0]"
3247,1,17,5,9085,1,1,118.0,1,1,38,4,7,122.2,1,0,0,1,0,1,20,0,0,6,7,6,15.42857143,0,0,6,7,6,13.5,0,13.9,-0.3,0.79,Graduate,Graduate,0,Veterinary Nursing,1.0,0,0.8571428571428571,0.0,0,"(19.0, 20.0]"
3248,1,17,5,9147,1,1,131.0,1,37,38,5,5,128.9,0,0,0,1,0,1,18,0,0,5,7,5,11.6,0,0,5,11,5,11.4,4,16.2,0.3,-0.92,Graduate,Graduate,0,Management,1.0,0,0.7142857142857143,0.0,0,"(16.999, 19.0]"
3249,1,1,3,9070,1,1,161.0,1,38,37,5,5,154.4,1,0,0,1,0,0,18,0,0,6,6,6,14.16666667,0,0,6,6,6,14.0,0,16.2,0.3,-0.92,Graduate,Graduate,0,Communication Design,1.0,0,1.0,0.0,0,"(16.999, 19.0]"
3250,1,7,1,9556,1,2,130.0,1,37,37,9,9,130.0,1,0,0,1,0,1,36,0,0,7,9,1,9.8,0,0,7,7,0,0.0,0,12.7,3.7,-1.7,Dropout,Dropout,1,Oral Hygiene,0.14285714285714285,6,0.1111111111111111,0.0,0,"(25.0, 70.0]"
3251,1,17,4,9147,1,1,121.0,1,38,37,6,7,113.0,1,0,0,1,0,1,18,0,0,5,12,4,10.71428571,0,0,5,9,4,11.0,0,13.9,-0.3,0.79,Graduate,Graduate,0,Management,0.8,1,0.3333333333333333,0.0,0,"(16.999, 19.0]"
3252,1,43,1,9130,1,6,133.1,1,1,29,4,90,123.3,1,0,0,1,0,1,21,0,0,5,7,0,0.0,0,0,5,5,0,0.0,0,7.6,2.6,0.32,Dropout,Dropout,1,Equinculture,0.0,5,0.0,0.0,0,"(20.0, 25.0]"
3253,1,44,1,9130,1,39,130.0,1,1,3,9,2,130.0,1,0,1,1,0,1,21,0,1,6,13,3,12.33333333,0,1,6,12,1,13.0,0,13.9,-0.3,0.79,Dropout,Dropout,1,Equinculture,0.5,3,0.23076923076923078,0.0,1,"(20.0, 25.0]"
3254,1,15,1,9085,1,1,133.1,41,3,3,4,2,101.3,0,0,0,1,0,0,18,1,0,6,13,6,13.0,0,0,6,15,6,12.25,0,11.1,0.6,2.02,Graduate,Graduate,0,Veterinary Nursing,1.0,0,0.46153846153846156,0.0,0,"(16.999, 19.0]"
3255,1,17,6,9670,1,1,120.0,1,1,14,4,5,113.7,1,0,0,1,0,0,18,0,0,5,7,4,11.4,0,0,5,5,4,11.25,0,9.4,-0.8,-3.12,Graduate,Graduate,0,Advertising and Marketing Management,0.8,1,0.5714285714285714,0.0,0,"(16.999, 19.0]"
3256,1,1,2,9500,1,1,140.0,1,38,38,9,7,138.8,1,0,0,1,0,0,19,0,0,7,7,6,12.76666667,0,0,7,7,6,12.76666667,0,7.6,2.6,0.32,Graduate,Graduate,0,Nursing,0.8571428571428571,1,0.8571428571428571,0.0,0,"(16.999, 19.0]"
3257,2,39,1,9003,1,19,133.1,1,37,19,9,4,140.0,0,0,1,1,0,0,29,0,0,6,11,5,12.6,0,0,6,6,6,12.66666667,0,11.1,0.6,2.02,Graduate,Graduate,0,Agronomy,0.8333333333333334,1,0.45454545454545453,0.0,1,"(25.0, 70.0]"
3258,1,44,1,9147,1,39,130.0,1,19,1,9,3,130.0,0,0,0,1,0,1,20,0,4,7,8,7,13.0,0,2,5,5,5,13.4,0,11.1,0.6,2.02,Graduate,Graduate,0,Management,1.0,0,0.875,0.0,0,"(19.0, 20.0]"
3259,1,17,2,9500,1,1,140.0,1,37,37,9,9,132.5,1,0,0,1,0,0,18,0,0,7,7,6,14.31666667,0,0,7,7,6,14.31666667,0,7.6,2.6,0.32,Graduate,Graduate,0,Nursing,0.8571428571428571,1,0.8571428571428571,0.0,0,"(16.999, 19.0]"
3260,1,1,1,9085,1,1,124.0,1,2,1,4,10,117.4,1,0,0,1,0,0,19,0,0,5,7,4,12.75,0,0,5,5,5,12.0,0,10.8,1.4,1.74,Graduate,Graduate,0,Veterinary Nursing,0.8,1,0.5714285714285714,0.0,0,"(16.999, 19.0]"
3261,1,1,3,9147,1,1,115.0,1,1,38,3,8,109.8,1,0,0,1,0,1,19,0,0,5,5,5,13.4,0,0,5,5,5,12.6,0,8.9,1.4,3.51,Graduate,Graduate,0,Management,1.0,0,1.0,0.0,0,"(16.999, 19.0]"
3262,1,39,1,8014,0,1,100.0,1,12,5,9,4,116.5,0,0,1,0,0,0,37,0,0,6,6,0,0.0,0,0,5,5,0,0.0,0,8.9,1.4,3.51,Dropout,Dropout,1,Social Service (evening attendance),0.0,6,0.0,0.0,1,"(25.0, 70.0]"
3263,1,1,2,9085,1,1,162.0,1,37,1,9,9,165.2,1,0,0,1,0,1,18,0,0,5,6,4,15.75,0,0,5,5,5,13.8,0,10.8,1.4,1.74,Graduate,Graduate,0,Veterinary Nursing,0.8,1,0.6666666666666666,0.0,0,"(16.999, 19.0]"
3264,1,1,1,9853,1,1,121.0,1,19,19,7,7,113.0,1,0,0,1,0,0,21,0,0,6,9,5,12.4,0,0,6,11,1,11.0,0,12.7,3.7,-1.7,Dropout,Dropout,1,Basic Education,0.8333333333333334,1,0.5555555555555556,0.0,0,"(20.0, 25.0]"
3265,1,17,1,9238,1,1,125.0,1,1,38,144,181,123.3,0,0,0,1,0,1,19,0,0,6,8,6,11.5,0,0,6,7,6,12.33333333,0,12.4,0.5,1.79,Graduate,Graduate,0,Social Service,1.0,0,0.75,0.0,0,"(16.999, 19.0]"
3266,1,17,2,9670,1,1,123.0,1,3,1,3,1,116.7,0,0,0,1,0,0,19,0,0,5,5,5,13.4,0,0,5,5,5,14.0,0,9.4,-0.8,-3.12,Graduate,Graduate,0,Advertising and Marketing Management,1.0,0,1.0,0.0,0,"(16.999, 19.0]"
3267,2,39,1,9991,0,39,140.0,1,38,19,9,5,110.0,0,0,0,1,0,1,35,0,0,5,9,3,11.66666667,0,0,5,7,5,11.8,0,12.7,3.7,-1.7,Enrolled,Enrolled,0,Management (evening attendance),0.6,2,0.3333333333333333,0.0,0,"(25.0, 70.0]"
3268,2,39,1,9500,1,1,133.1,1,37,38,9,8,118.9,0,0,0,1,0,0,30,0,0,7,0,0,0.0,0,0,8,0,0,0.0,0,13.9,-0.3,0.79,Dropout,Dropout,1,Nursing,0.0,7,0.0,0.0,0,"(25.0, 70.0]"
3269,1,43,2,9773,1,1,120.0,1,34,34,0,0,103.6,1,0,0,1,0,0,27,0,4,8,11,7,13.28571429,0,4,7,13,5,11.6,0,9.4,-0.8,-3.12,Dropout,Dropout,1,Journalism and Communication,0.875,1,0.6363636363636364,0.0,0,"(25.0, 70.0]"
3270,2,1,1,9254,1,1,136.0,1,37,37,9,9,122.7,0,0,0,1,0,1,45,0,0,6,10,4,11.5,0,0,6,16,2,10.5,0,7.6,2.6,0.32,Dropout,Dropout,1,Tourism,0.6666666666666666,2,0.4,0.0,0,"(25.0, 70.0]"
3271,2,39,1,8014,0,1,133.1,1,38,38,9,9,113.5,0,0,0,1,0,1,50,0,3,9,11,8,13.25,0,2,7,8,7,11.71428571,0,12.7,3.7,-1.7,Graduate,Graduate,0,Social Service (evening attendance),0.8888888888888888,1,0.7272727272727273,0.0,0,"(25.0, 70.0]"
3272,4,42,1,9147,1,1,110.0,1,37,37,9,9,128.2,0,0,0,1,0,0,41,0,8,14,24,11,12.25,3,5,10,12,10,13.4,0,9.4,-0.8,-3.12,Graduate,Graduate,0,Management,0.7857142857142857,3,0.4583333333333333,0.21428571428571427,0,"(25.0, 70.0]"
3273,1,43,1,9500,1,1,120.0,1,37,37,9,6,120.0,1,0,0,1,0,0,26,0,0,7,8,6,12.0,0,0,7,8,6,12.0,0,7.6,2.6,0.32,Enrolled,Enrolled,0,Nursing,0.8571428571428571,1,0.75,0.0,0,"(25.0, 70.0]"
3274,1,39,1,9003,1,19,133.1,1,37,37,9,9,130.0,0,0,0,1,0,0,44,0,0,6,10,1,12.0,0,0,6,6,0,0.0,0,11.1,0.6,2.02,Dropout,Dropout,1,Agronomy,0.16666666666666666,5,0.1,0.0,0,"(25.0, 70.0]"
3275,5,7,1,9147,1,40,110.0,1,37,37,9,9,110.0,0,0,0,1,0,0,23,0,10,15,15,13,10.92307692,0,5,10,10,7,11.14285714,0,15.5,2.8,-4.06,Graduate,Graduate,0,Management,0.8666666666666667,2,0.8666666666666667,0.0,0,"(20.0, 25.0]"
3276,1,51,1,33,1,1,130.0,1,19,19,9,9,117.7,0,0,0,1,0,0,34,0,10,12,12,10,12.0,0,5,10,11,5,11.0,0,11.1,0.6,2.02,Dropout,Dropout,1,Biofuel Production Technologies,0.8333333333333334,2,0.8333333333333334,0.0,0,"(25.0, 70.0]"
3277,1,1,1,9147,1,1,102.0,1,38,38,9,9,99.6,1,0,0,1,0,1,21,0,0,5,10,5,13.71428571,0,0,5,7,5,14.4,0,11.1,0.6,2.02,Graduate,Graduate,0,Management,1.0,0,0.5,0.0,0,"(20.0, 25.0]"
3278,1,43,3,9147,1,1,127.0,21,3,37,3,3,117.9,1,0,0,1,0,0,22,1,0,5,8,1,10.0,0,0,5,8,2,13.0,0,7.6,2.6,0.32,Dropout,Dropout,1,Management,0.2,4,0.125,0.0,0,"(20.0, 25.0]"
3279,4,39,1,8014,0,1,133.1,1,37,37,9,8,113.0,0,0,0,1,0,1,32,0,0,6,18,2,10.33333333,0,0,6,7,6,11.5,0,16.2,0.3,-0.92,Graduate,Graduate,0,Social Service (evening attendance),0.3333333333333333,4,0.1111111111111111,0.0,0,"(25.0, 70.0]"
3280,1,17,2,9556,1,1,137.0,41,1,1,7,7,124.4,1,0,0,1,0,0,20,1,0,7,8,7,12.72857143,0,0,8,8,8,14.625,0,15.5,2.8,-4.06,Graduate,Graduate,0,Oral Hygiene,1.0,0,0.875,0.0,0,"(19.0, 20.0]"
3281,2,7,1,8014,0,3,130.0,1,35,35,90,90,140.0,0,0,0,0,0,0,59,0,10,15,22,12,13.33333333,0,8,8,8,8,12.875,0,10.8,1.4,1.74,Dropout,Dropout,1,Social Service (evening attendance),0.8,3,0.5454545454545454,0.0,1,"(25.0, 70.0]"
3282,2,53,1,9147,1,42,130.0,1,19,19,175,152,132.4,0,0,0,1,0,0,30,0,6,11,20,9,12.22222222,0,3,9,16,9,11.6,0,8.9,1.4,3.51,Enrolled,Enrolled,0,Management,0.8181818181818182,2,0.45,0.0,0,"(25.0, 70.0]"
3283,1,1,4,9254,1,1,131.0,1,38,36,9,9,124.0,1,0,0,1,0,1,18,0,0,6,7,6,11.33333333,0,0,6,9,6,10.83333333,0,9.4,-0.8,-3.12,Graduate,Graduate,0,Tourism,1.0,0,0.8571428571428571,0.0,0,"(16.999, 19.0]"
3284,2,39,1,9991,0,1,162.0,1,37,37,9,6,132.0,0,0,1,1,1,0,25,0,0,5,8,4,11.0,0,0,5,7,4,12.0,0,7.6,2.6,0.32,Enrolled,Enrolled,0,Management (evening attendance),0.8,1,0.5,0.0,1,"(20.0, 25.0]"
3285,4,43,1,9991,0,1,140.0,1,37,37,5,5,149.8,0,0,0,1,1,0,36,0,0,5,5,5,13.8,0,0,5,6,5,13.8,0,12.7,3.7,-1.7,Graduate,Graduate,0,Management (evening attendance),1.0,0,1.0,0.0,0,"(25.0, 70.0]"
3286,1,7,1,9556,1,43,160.0,1,38,19,9,9,160.0,0,0,0,1,1,0,36,0,0,7,16,1,12.0,0,0,7,13,0,0.0,1,11.1,0.6,2.02,Dropout,Dropout,1,Oral Hygiene,0.14285714285714285,6,0.0625,0.0,0,"(25.0, 70.0]"
3287,1,17,6,9670,1,1,117.0,1,38,19,0,1,114.6,0,0,0,0,1,0,19,0,0,6,9,4,11.25,0,0,6,11,3,10.16666667,0,10.8,1.4,1.74,Dropout,Dropout,1,Advertising and Marketing Management,0.6666666666666666,2,0.4444444444444444,0.0,1,"(16.999, 19.0]"
3288,1,39,1,9991,0,1,150.0,1,1,37,4,6,120.0,0,0,0,1,1,0,25,0,0,5,6,4,10.5,0,0,5,6,5,12.0,0,9.4,-0.8,-3.12,Graduate,Graduate,0,Management (evening attendance),0.8,1,0.6666666666666666,0.0,0,"(20.0, 25.0]"
3289,1,39,1,9003,1,19,133.1,1,37,37,9,7,100.0,0,0,0,1,1,0,35,0,17,18,20,18,11.55555556,0,11,13,13,13,11.61538462,0,15.5,2.8,-4.06,Graduate,Graduate,0,Agronomy,1.0,0,0.9,0.0,0,"(25.0, 70.0]"
3290,1,1,1,9238,1,1,125.0,1,1,1,5,5,128.5,0,0,0,1,1,0,20,0,0,6,13,1,14.0,0,0,6,7,0,0.0,0,16.2,0.3,-0.92,Dropout,Dropout,1,Social Service,0.16666666666666666,5,0.07692307692307693,0.0,0,"(19.0, 20.0]"
3291,1,39,1,9003,1,1,130.0,1,37,37,9,7,113.0,1,0,0,0,1,0,35,0,0,6,17,1,13.0,0,0,6,8,0,0.0,0,15.5,2.8,-4.06,Dropout,Dropout,1,Agronomy,0.16666666666666666,5,0.058823529411764705,0.0,1,"(25.0, 70.0]"
3292,1,1,1,9238,1,1,170.0,1,37,37,0,0,150.8,1,0,0,1,0,0,27,0,0,6,13,2,11.0,0,0,6,14,1,11.0,0,7.6,2.6,0.32,Dropout,Dropout,1,Social Service,0.3333333333333333,4,0.15384615384615385,0.0,0,"(25.0, 70.0]"
3293,1,17,3,9500,1,1,132.0,1,19,3,9,5,130.8,1,0,0,1,0,0,18,0,0,8,8,7,13.68142857,0,0,8,8,7,13.68142857,0,10.8,1.4,1.74,Enrolled,Enrolled,0,Nursing,0.875,1,0.875,0.0,0,"(16.999, 19.0]"
3294,1,43,1,9500,1,1,133.1,1,38,19,9,10,114.5,0,0,0,1,0,0,23,0,0,7,11,6,12.1,0,0,7,7,6,12.61666667,0,16.2,0.3,-0.92,Enrolled,Enrolled,0,Nursing,0.8571428571428571,1,0.5454545454545454,0.0,0,"(20.0, 25.0]"
3295,1,17,2,8014,0,1,120.0,1,19,1,5,10,114.8,1,0,0,1,0,0,19,0,0,6,8,4,10.5,0,0,6,8,4,11.25,0,10.8,1.4,1.74,Graduate,Graduate,0,Social Service (evening attendance),0.6666666666666666,2,0.5,0.0,0,"(16.999, 19.0]"
3296,1,17,2,9500,1,1,126.0,1,37,37,7,7,126.2,1,0,0,1,0,1,18,0,0,7,10,5,11.94,0,0,7,8,6,12.8,0,11.1,0.6,2.02,Enrolled,Enrolled,0,Nursing,0.7142857142857143,2,0.5,0.0,0,"(16.999, 19.0]"
3297,1,39,1,9500,1,1,130.0,1,19,19,3,7,129.0,0,0,1,0,0,0,26,0,0,7,11,4,12.86,0,0,7,10,5,11.56666667,0,12.4,0.5,1.79,Dropout,Dropout,1,Nursing,0.5714285714285714,3,0.36363636363636365,0.0,1,"(25.0, 70.0]"
3298,1,17,1,9238,1,1,133.1,1,1,38,9,7,110.5,0,0,0,1,0,0,19,0,0,6,10,6,14.25,0,0,6,7,6,14.0,0,16.2,0.3,-0.92,Graduate,Graduate,0,Social Service,1.0,0,0.6,0.0,0,"(16.999, 19.0]"
3299,1,1,5,9500,1,1,141.0,1,38,19,7,7,132.5,1,0,0,0,0,0,19,0,0,7,0,0,0.0,0,0,8,0,0,0.0,0,12.7,3.7,-1.7,Dropout,Dropout,1,Nursing,0.0,7,0.0,0.0,1,"(16.999, 19.0]"
3300,1,1,1,171,1,1,138.0,1,19,19,5,1,130.7,1,0,0,1,0,0,18,0,0,0,0,0,0.0,0,0,0,0,0,0.0,0,13.9,-0.3,0.79,Dropout,Dropout,1,Animation and Multimedia Design,0.0,0,0.0,0.0,0,"(16.999, 19.0]"
3301,1,17,1,9500,1,1,130.0,1,19,1,9,7,130.4,1,0,0,1,0,1,19,0,0,7,7,7,13.89428571,0,0,8,8,8,14.3625,0,11.1,0.6,2.02,Graduate,Graduate,0,Nursing,1.0,0,1.0,0.0,0,"(16.999, 19.0]"
3302,1,17,1,9500,1,1,128.0,1,37,37,9,8,124.3,1,0,0,1,0,1,19,0,0,7,8,7,13.46875,0,0,8,8,8,13.31375,0,15.5,2.8,-4.06,Graduate,Graduate,0,Nursing,1.0,0,0.875,0.0,0,"(16.999, 19.0]"
3303,1,1,4,9085,1,1,135.0,1,38,37,9,9,132.6,1,0,0,1,0,1,19,0,0,5,5,5,13.6,0,0,5,5,5,14.6,0,10.8,1.4,1.74,Graduate,Graduate,0,Veterinary Nursing,1.0,0,1.0,0.0,0,"(16.999, 19.0]"
3304,1,44,1,8014,0,39,150.0,1,1,37,9,7,146.7,0,0,0,1,0,1,21,0,3,6,6,6,14.66666667,0,2,6,6,6,13.83333333,0,12.4,0.5,1.79,Graduate,Graduate,0,Social Service (evening attendance),1.0,0,1.0,0.0,0,"(20.0, 25.0]"
3305,1,1,3,9773,1,1,135.0,1,1,1,3,5,130.1,1,0,0,1,0,0,18,0,0,6,6,6,13.66666667,0,0,6,7,6,13.0,0,15.5,2.8,-4.06,Graduate,Graduate,0,Journalism and Communication,1.0,0,1.0,0.0,0,"(16.999, 19.0]"
3306,2,43,1,9254,1,3,120.0,1,38,37,9,3,120.0,1,0,0,1,0,0,33,0,9,12,22,10,13.3,0,9,11,11,11,13.72727273,0,9.4,-0.8,-3.12,Graduate,Graduate,0,Tourism,0.8333333333333334,2,0.45454545454545453,0.0,0,"(25.0, 70.0]"
3307,1,7,1,8014,0,3,120.0,1,19,37,5,3,121.3,0,0,0,1,0,0,32,0,7,11,13,11,13.45454545,0,5,11,13,7,12.42857143,0,12.7,3.7,-1.7,Graduate,Graduate,0,Social Service (evening attendance),1.0,0,0.8461538461538461,0.0,0,"(25.0, 70.0]"
3308,1,1,6,9500,1,1,140.0,1,19,19,1,4,133.3,1,0,0,1,0,1,17,0,0,8,8,8,13.41625,0,0,8,8,8,13.41625,0,9.4,-0.8,-3.12,Graduate,Graduate,0,Nursing,1.0,0,1.0,0.0,0,"(16.999, 19.0]"
3309,2,39,1,9500,1,1,140.0,1,19,19,9,7,110.5,0,0,0,1,0,0,31,0,0,7,0,0,0.0,0,0,8,0,0,0.0,0,12.7,3.7,-1.7,Dropout,Dropout,1,Nursing,0.0,7,0.0,0.0,0,"(25.0, 70.0]"
3310,2,39,1,8014,0,1,140.0,1,19,19,9,7,102.5,0,0,0,1,0,1,32,0,0,6,6,6,11.33333333,0,0,6,8,5,13.0,0,15.5,2.8,-4.06,Graduate,Graduate,0,Social Service (evening attendance),1.0,0,1.0,0.0,0,"(25.0, 70.0]"
3311,1,1,2,9085,1,1,156.0,1,40,40,3,7,150.9,1,0,0,1,0,0,18,0,0,6,8,6,16.0,0,0,6,10,6,14.625,0,11.1,0.6,2.02,Dropout,Dropout,1,Veterinary Nursing,1.0,0,0.75,0.0,0,"(16.999, 19.0]"
3312,1,51,1,9070,1,12,133.1,1,37,19,3,7,106.6,0,0,1,1,0,0,31,0,2,6,8,5,11.0,0,4,6,12,6,10.16666667,0,8.9,1.4,3.51,Enrolled,Enrolled,0,Communication Design,0.8333333333333334,1,0.625,0.0,1,"(25.0, 70.0]"
3313,1,1,1,9254,1,1,120.0,1,1,1,9,10,118.3,0,0,0,1,1,0,20,0,0,6,8,6,12.85714286,0,0,6,9,5,12.4,0,8.9,1.4,3.51,Enrolled,Enrolled,0,Tourism,1.0,0,0.75,0.0,0,"(19.0, 20.0]"
3314,1,43,1,9991,0,1,100.0,1,3,19,1,1,117.9,0,0,0,0,1,0,40,0,0,5,5,0,0.0,0,0,5,6,0,0.0,0,10.8,1.4,1.74,Dropout,Dropout,1,Management (evening attendance),0.0,5,0.0,0.0,1,"(25.0, 70.0]"
3315,2,1,1,9991,0,1,120.0,1,37,19,9,9,135.0,1,0,0,1,1,0,32,0,0,5,5,5,14.8,0,0,5,5,5,14.2,0,7.6,2.6,0.32,Graduate,Graduate,0,Management (evening attendance),1.0,0,1.0,0.0,0,"(25.0, 70.0]"
3316,1,7,1,9119,1,3,120.0,1,19,19,1,1,120.0,0,0,0,0,1,0,40,0,1,5,7,1,13.0,0,2,5,5,2,14.0,0,12.7,3.7,-1.7,Dropout,Dropout,1,Informatics Engineering,0.2,4,0.14285714285714285,0.0,1,"(25.0, 70.0]"
3317,1,1,1,171,1,1,172.0,1,1,1,4,9,167.1,0,0,0,1,1,1,18,0,0,0,0,0,0.0,0,0,0,0,0,0.0,0,16.2,0.3,-0.92,Graduate,Graduate,0,Animation and Multimedia Design,0.0,0,0.0,0.0,0,"(16.999, 19.0]"
3318,1,43,1,9991,0,1,120.0,1,37,37,9,9,115.8,0,0,1,0,1,0,28,0,4,9,14,4,10.0,0,1,6,6,1,10.0,0,12.7,3.7,-1.7,Dropout,Dropout,1,Management (evening attendance),0.4444444444444444,5,0.2857142857142857,0.0,1,"(25.0, 70.0]"
3319,1,16,2,9070,1,1,137.0,1,1,1,3,1,141.2,1,0,1,1,1,0,19,0,0,6,11,5,11.2,0,0,6,7,6,12.0,0,9.4,-0.8,-3.12,Graduate,Graduate,0,Communication Design,0.8333333333333334,1,0.45454545454545453,0.0,1,"(16.999, 19.0]"
3320,1,1,1,9773,1,1,117.0,1,1,37,5,9,118.4,0,0,0,1,1,1,19,0,0,6,8,6,11.83333333,0,0,6,11,3,13.0,0,15.5,2.8,-4.06,Graduate,Graduate,0,Journalism and Communication,1.0,0,0.75,0.0,0,"(16.999, 19.0]"
3321,1,1,6,9147,1,1,142.0,1,38,37,7,7,134.3,0,1,0,1,1,0,21,0,0,5,0,0,0.0,0,0,5,0,0,0.0,0,10.8,1.4,1.74,Dropout,Dropout,1,Management,0.0,5,0.0,0.0,0,"(20.0, 25.0]"
3322,1,17,4,9147,1,1,135.0,1,19,1,0,4,128.7,1,0,0,1,1,0,22,0,0,5,8,2,10.5,0,0,5,10,0,0.0,0,7.6,2.6,0.32,Dropout,Dropout,1,Management,0.4,3,0.25,0.0,0,"(20.0, 25.0]"
3323,1,17,3,9119,1,1,115.0,1,3,1,3,3,116.1,1,0,0,0,1,0,18,0,0,5,8,5,12.5,0,0,5,7,5,13.57142857,0,12.4,0.5,1.79,Dropout,Dropout,1,Informatics Engineering,1.0,0,0.625,0.0,1,"(16.999, 19.0]"
3324,1,39,1,171,1,1,110.0,1,12,3,5,2,100.0,1,0,0,1,1,0,27,0,0,0,0,0,0.0,0,0,0,0,0,0.0,0,9.4,-0.8,-3.12,Dropout,Dropout,1,Animation and Multimedia Design,0.0,0,0.0,0.0,0,"(25.0, 70.0]"
3325,1,1,1,171,1,1,123.0,1,1,3,2,2,118.8,0,0,0,1,1,0,19,0,4,10,10,5,11.0,0,2,7,8,2,10.0,0,8.9,1.4,3.51,Enrolled,Enrolled,0,Animation and Multimedia Design,0.5,5,0.5,0.0,0,"(16.999, 19.0]"
3326,2,43,1,9991,0,1,140.0,1,37,37,9,9,130.0,1,0,0,1,1,0,30,0,6,10,14,9,12.33333333,0,7,10,12,8,12.0,0,9.4,-0.8,-3.12,Graduate,Graduate,0,Management (evening attendance),0.9,1,0.6428571428571429,0.0,0,"(25.0, 70.0]"
3327,1,39,1,9130,1,39,150.0,1,1,3,4,1,150.0,0,0,0,1,1,0,28,0,0,6,9,0,0.0,0,0,6,8,1,10.0,1,16.2,0.3,-0.92,Dropout,Dropout,1,Equinculture,0.0,6,0.0,0.0,0,"(25.0, 70.0]"
3328,5,39,1,9119,1,1,120.0,1,37,37,9,9,116.0,0,0,1,1,1,1,34,0,0,5,14,1,17.0,0,0,5,10,2,11.0,0,9.4,-0.8,-3.12,Enrolled,Enrolled,0,Informatics Engineering,0.2,4,0.07142857142857142,0.0,1,"(25.0, 70.0]"
3329,1,17,1,9147,1,1,110.0,1,1,1,4,4,99.0,0,0,0,1,1,0,21,0,0,5,5,5,11.0,0,0,5,11,3,11.42857143,0,10.8,1.4,1.74,Enrolled,Enrolled,0,Management,1.0,0,1.0,0.0,0,"(20.0, 25.0]"
3330,1,1,1,9238,1,1,133.0,1,1,19,9,9,132.0,0,0,0,1,1,1,20,0,0,6,11,5,11.14285714,0,0,6,9,6,11.57142857,0,16.2,0.3,-0.92,Graduate,Graduate,0,Social Service,0.8333333333333334,1,0.45454545454545453,0.0,0,"(19.0, 20.0]"
3331,1,43,1,9254,1,1,110.0,1,12,19,9,9,125.0,0,0,0,0,1,0,31,0,3,8,19,5,12.16666667,0,3,7,12,5,12.0,0,7.6,2.6,0.32,Dropout,Dropout,1,Tourism,0.625,3,0.2631578947368421,0.0,1,"(25.0, 70.0]"
3332,1,17,1,9119,1,1,126.0,1,1,1,9,9,116.2,0,0,1,0,1,0,21,0,0,5,9,2,11.0,0,0,5,8,2,11.5,2,7.6,2.6,0.32,Dropout,Dropout,1,Informatics Engineering,0.4,3,0.2222222222222222,0.0,1,"(20.0, 25.0]"
3333,1,39,2,9670,1,19,133.1,1,34,34,0,0,100.0,1,0,0,0,1,0,27,0,0,5,8,1,11.0,0,0,5,6,3,10.66666667,1,7.6,2.6,0.32,Dropout,Dropout,1,Advertising and Marketing Management,0.2,4,0.125,0.0,1,"(25.0, 70.0]"
3334,1,1,6,9773,1,1,136.0,1,38,38,9,9,132.9,1,0,0,1,1,0,19,0,0,6,10,4,13.25,0,0,6,13,5,11.8,0,7.6,2.6,0.32,Graduate,Graduate,0,Journalism and Communication,0.6666666666666666,2,0.4,0.0,0,"(16.999, 19.0]"
3335,1,17,4,9773,1,1,129.0,1,3,1,2,7,132.5,1,0,0,1,1,0,21,0,0,6,7,0,0.0,0,0,6,11,1,10.0,0,10.8,1.4,1.74,Enrolled,Enrolled,0,Journalism and Communication,0.0,6,0.0,0.0,0,"(20.0, 25.0]"
3336,1,44,1,9003,1,39,140.0,1,19,19,4,4,140.0,1,0,0,0,1,0,21,0,0,6,17,2,12.5,0,0,6,10,0,0.0,0,16.2,0.3,-0.92,Dropout,Dropout,1,Agronomy,0.3333333333333333,4,0.11764705882352941,0.0,1,"(20.0, 25.0]"
3337,1,43,1,9670,1,1,160.0,1,34,34,99,99,100.1,0,0,0,0,1,0,35,0,6,10,10,7,12.14285714,0,4,9,9,4,12.25,0,7.6,2.6,0.32,Dropout,Dropout,1,Advertising and Marketing Management,0.7,3,0.7,0.0,1,"(25.0, 70.0]"
3338,1,39,1,9085,1,1,133.1,1,37,36,90,7,128.2,0,0,0,1,1,0,28,0,0,5,8,3,12.0,0,0,5,10,3,11.33333333,0,7.6,2.6,0.32,Dropout,Dropout,1,Veterinary Nursing,0.6,2,0.375,0.0,0,"(25.0, 70.0]"
3339,1,17,1,9670,1,1,140.0,1,1,1,4,3,133.4,0,0,0,1,1,0,24,0,0,6,6,4,11.25,0,0,6,9,4,10.42857143,0,10.8,1.4,1.74,Enrolled,Enrolled,0,Advertising and Marketing Management,0.6666666666666666,2,0.6666666666666666,0.0,0,"(20.0, 25.0]"
3340,1,1,3,9773,1,1,142.0,1,34,1,5,10,136.1,1,0,0,0,1,0,19,0,0,4,8,0,0.0,1,0,6,0,0,0.0,0,9.4,-0.8,-3.12,Dropout,Dropout,1,Journalism and Communication,0.0,4,0.0,0.25,1,"(16.999, 19.0]"
3341,1,17,1,9670,1,1,138.0,1,1,1,4,8,123.0,0,0,1,0,1,0,20,0,0,6,7,5,12.4,0,0,6,8,4,13.0,0,13.9,-0.3,0.79,Enrolled,Enrolled,0,Advertising and Marketing Management,0.8333333333333334,1,0.7142857142857143,0.0,1,"(19.0, 20.0]"
3342,1,1,1,9070,1,1,131.0,1,3,19,4,4,130.3,1,0,0,1,1,1,20,0,0,6,6,6,12.83333333,0,0,6,8,6,12.66666667,2,16.2,0.3,-0.92,Graduate,Graduate,0,Communication Design,1.0,0,1.0,0.0,0,"(19.0, 20.0]"
3343,1,1,1,9119,1,1,160.0,1,37,37,9,6,153.7,0,0,0,1,1,0,19,0,0,5,7,1,13.0,0,0,5,7,2,10.0,0,9.4,-0.8,-3.12,Enrolled,Enrolled,0,Informatics Engineering,0.2,4,0.14285714285714285,0.0,0,"(16.999, 19.0]"
3344,1,39,1,9085,1,1,110.0,1,40,1,5,6,142.5,0,0,1,0,1,0,37,0,5,7,7,5,12.0,0,3,7,7,3,11.66666667,0,8.9,1.4,3.51,Dropout,Dropout,1,Veterinary Nursing,0.7142857142857143,2,0.7142857142857143,0.0,1,"(25.0, 70.0]"
3345,1,1,1,9254,1,1,124.0,1,37,38,9,8,114.6,1,0,0,1,1,0,19,0,0,6,13,2,12.0,0,0,6,12,1,13.0,0,7.6,2.6,0.32,Dropout,Dropout,1,Tourism,0.3333333333333333,4,0.15384615384615385,0.0,0,"(16.999, 19.0]"
3346,1,39,1,9500,1,1,120.0,1,37,37,9,8,108.5,0,0,0,1,1,0,36,0,0,7,18,0,0.0,0,0,7,7,0,0.0,0,13.9,-0.3,0.79,Dropout,Dropout,1,Nursing,0.0,7,0.0,0.0,0,"(25.0, 70.0]"
3347,1,39,1,9147,1,12,133.1,1,37,37,9,9,140.0,0,0,0,1,1,0,29,0,0,5,0,0,0.0,0,0,5,0,0,0.0,0,9.4,-0.8,-3.12,Dropout,Dropout,1,Management,0.0,5,0.0,0.0,0,"(25.0, 70.0]"
3348,1,39,1,9003,1,1,133.1,1,38,37,9,4,120.0,0,0,0,1,1,0,30,0,0,6,10,6,11.375,0,0,6,10,5,11.6,0,13.9,-0.3,0.79,Graduate,Graduate,0,Agronomy,1.0,0,0.6,0.0,0,"(25.0, 70.0]"
3349,1,51,1,9670,1,19,133.1,1,2,1,3,10,120.0,0,0,1,1,1,0,32,0,1,6,15,2,12.0,0,0,6,7,0,0.0,0,11.1,0.6,2.02,Dropout,Dropout,1,Advertising and Marketing Management,0.3333333333333333,4,0.13333333333333333,0.0,1,"(25.0, 70.0]"
3350,1,1,1,8014,0,1,123.0,1,3,1,2,9,127.6,1,0,0,1,1,0,26,0,0,6,6,6,11.83333333,0,0,6,6,6,11.66666667,0,10.8,1.4,1.74,Enrolled,Enrolled,0,Social Service (evening attendance),1.0,0,1.0,0.0,0,"(25.0, 70.0]"
3351,2,44,1,9003,1,39,140.0,1,37,37,4,7,140.0,0,0,0,1,1,0,37,0,0,6,17,1,12.0,0,0,6,23,2,10.5,1,16.2,0.3,-0.92,Dropout,Dropout,1,Agronomy,0.16666666666666666,5,0.058823529411764705,0.0,0,"(25.0, 70.0]"
3352,1,39,1,9119,1,1,138.7,1,1,12,4,3,111.3,0,0,0,1,1,0,27,0,1,6,7,3,12.0,0,2,6,7,2,11.0,0,13.9,-0.3,0.79,Dropout,Dropout,1,Informatics Engineering,0.5,3,0.42857142857142855,0.0,0,"(25.0, 70.0]"
3353,1,1,1,9773,1,1,131.0,1,38,1,5,7,131.0,1,0,0,1,1,1,18,0,0,6,7,6,12.71428571,0,0,6,8,5,11.83333333,0,13.9,-0.3,0.79,Graduate,Graduate,0,Journalism and Communication,1.0,0,0.8571428571428571,0.0,0,"(16.999, 19.0]"
3354,1,1,1,9500,1,1,149.0,1,38,37,9,9,139.5,0,0,0,1,1,1,18,0,0,8,8,8,15.3,0,0,8,8,8,15.3,0,9.4,-0.8,-3.12,Graduate,Graduate,0,Nursing,1.0,0,1.0,0.0,0,"(16.999, 19.0]"
3355,2,39,2,9003,1,19,133.1,1,38,19,4,1,110.0,0,0,0,0,1,0,32,0,2,8,12,2,11.5,2,0,7,9,0,0.0,0,15.5,2.8,-4.06,Dropout,Dropout,1,Agronomy,0.25,6,0.16666666666666666,0.25,1,"(25.0, 70.0]"
3356,1,44,1,9119,1,39,130.0,1,3,19,3,4,130.0,0,0,0,1,1,0,20,0,0,5,12,1,13.0,0,0,5,8,3,12.6,0,12.4,0.5,1.79,Enrolled,Enrolled,0,Informatics Engineering,0.2,4,0.08333333333333333,0.0,0,"(19.0, 20.0]"
3357,1,43,1,9003,1,1,120.0,1,3,3,1,2,115.0,0,0,0,1,1,0,22,0,0,6,12,0,0.0,0,0,6,10,0,0.0,0,16.2,0.3,-0.92,Dropout,Dropout,1,Agronomy,0.0,6,0.0,0.0,0,"(20.0, 25.0]"
3358,4,39,1,9500,1,1,133.1,1,1,19,3,3,154.3,0,0,0,1,0,0,32,0,0,7,0,0,0.0,0,0,8,0,0,0.0,0,12.4,0.5,1.79,Dropout,Dropout,1,Nursing,0.0,7,0.0,0.0,0,"(25.0, 70.0]"
3359,1,1,1,9147,1,1,143.0,1,1,37,9,9,135.0,1,0,0,1,0,0,21,0,0,5,8,4,11.0,0,0,5,8,5,12.0,0,7.6,2.6,0.32,Enrolled,Enrolled,0,Management,0.8,1,0.5,0.0,0,"(20.0, 25.0]"
3360,1,17,4,9670,1,1,126.0,1,1,1,4,7,115.2,0,0,0,0,0,0,19,0,0,6,7,3,12.66666667,0,0,6,10,5,13.125,0,10.8,1.4,1.74,Dropout,Dropout,1,Advertising and Marketing Management,0.5,3,0.42857142857142855,0.0,1,"(16.999, 19.0]"
3361,1,1,1,9773,1,1,125.0,1,19,1,9,9,130.6,1,0,0,1,0,1,18,0,0,6,6,6,13.5,0,0,6,6,6,14.0,0,8.9,1.4,3.51,Graduate,Graduate,0,Journalism and Communication,1.0,0,1.0,0.0,0,"(16.999, 19.0]"
3362,1,1,4,9147,1,1,123.0,1,1,1,9,7,117.4,1,0,0,1,0,1,18,0,0,5,7,5,12.0,0,0,5,10,5,11.4,0,8.9,1.4,3.51,Graduate,Graduate,0,Management,1.0,0,0.7142857142857143,0.0,0,"(16.999, 19.0]"
3363,1,7,1,9147,1,2,150.0,1,3,37,2,5,150.0,1,0,1,0,0,0,38,0,0,5,6,0,0.0,0,0,5,5,0,0.0,0,15.5,2.8,-4.06,Dropout,Dropout,1,Management,0.0,5,0.0,0.0,1,"(25.0, 70.0]"
3364,1,17,3,9853,1,1,132.0,1,34,34,0,0,131.3,1,0,0,1,0,0,21,0,0,6,8,5,11.8,0,0,6,8,4,10.5,0,7.6,2.6,0.32,Dropout,Dropout,1,Basic Education,0.8333333333333334,1,0.625,0.0,0,"(20.0, 25.0]"
3365,1,1,1,9238,1,1,133.0,1,34,37,5,5,120.4,0,0,0,0,0,0,21,0,0,6,12,2,11.5,0,0,6,13,1,13.0,0,9.4,-0.8,-3.12,Dropout,Dropout,1,Social Service,0.3333333333333333,4,0.16666666666666666,0.0,1,"(20.0, 25.0]"
3366,1,1,1,9991,0,1,122.0,1,37,37,9,3,113.6,0,0,0,1,1,0,26,0,0,5,11,2,11.5,0,0,5,10,3,12.0,0,7.6,2.6,0.32,Enrolled,Enrolled,0,Management (evening attendance),0.4,3,0.18181818181818182,0.0,0,"(25.0, 70.0]"
3367,1,1,4,9500,1,1,137.0,1,19,38,9,3,125.0,1,0,0,1,0,0,19,0,0,7,7,6,14.61666667,0,0,7,7,6,14.61666667,0,7.6,2.6,0.32,Graduate,Graduate,0,Nursing,0.8571428571428571,1,0.8571428571428571,0.0,0,"(16.999, 19.0]"
3368,1,1,6,9500,1,1,145.0,1,19,37,9,9,132.3,1,0,0,1,0,1,19,0,0,8,8,7,14.06,0,0,8,8,7,14.06,0,10.8,1.4,1.74,Enrolled,Enrolled,0,Nursing,0.875,1,0.875,0.0,0,"(16.999, 19.0]"
3369,1,17,1,9254,1,1,150.0,1,1,1,9,10,142.7,0,0,1,1,0,0,18,0,0,6,9,4,11.0,0,0,6,12,3,11.33333333,0,7.6,2.6,0.32,Dropout,Dropout,1,Tourism,0.6666666666666666,2,0.4444444444444444,0.0,1,"(16.999, 19.0]"
3370,1,7,1,9147,1,3,130.0,1,37,37,9,9,130.0,0,0,0,1,0,0,25,0,0,5,0,0,0.0,0,0,5,0,0,0.0,0,12.7,3.7,-1.7,Dropout,Dropout,1,Management,0.0,5,0.0,0.0,0,"(20.0, 25.0]"
3371,1,1,6,9500,1,1,136.0,1,37,1,5,4,120.8,1,0,0,1,0,0,19,0,6,14,22,7,12.19230769,5,6,14,22,7,12.19230769,5,7.6,2.6,0.32,Graduate,Graduate,0,Nursing,0.5,7,0.3181818181818182,0.35714285714285715,0,"(16.999, 19.0]"
3372,1,17,2,9254,1,1,131.0,1,1,19,9,9,130.3,1,0,0,1,0,1,18,0,0,6,6,6,12.83333333,0,0,6,7,6,12.33333333,0,13.9,-0.3,0.79,Graduate,Graduate,0,Tourism,1.0,0,1.0,0.0,0,"(16.999, 19.0]"
3373,1,17,1,9147,1,1,130.0,1,37,37,9,7,119.9,0,0,0,1,0,1,19,0,0,5,8,5,12.875,0,0,5,6,5,11.83333333,0,13.9,-0.3,0.79,Graduate,Graduate,0,Management,1.0,0,0.625,0.0,0,"(16.999, 19.0]"
3374,1,1,1,9238,1,1,108.0,1,19,38,9,7,110.5,1,0,0,1,0,1,22,0,0,6,6,6,12.16666667,0,0,6,6,6,12.5,0,12.4,0.5,1.79,Graduate,Graduate,0,Social Service,1.0,0,1.0,0.0,0,"(20.0, 25.0]"
3375,1,44,1,9003,1,39,160.0,1,38,38,6,6,160.0,1,0,0,1,0,0,21,0,0,6,11,6,13.42857143,0,0,6,12,6,12.85714286,0,15.5,2.8,-4.06,Graduate,Graduate,0,Agronomy,1.0,0,0.5454545454545454,0.0,0,"(20.0, 25.0]"
3376,1,17,1,9085,1,1,113.0,1,19,37,9,9,118.6,1,0,0,1,0,1,21,0,0,6,6,6,14.5,0,0,6,8,6,14.66666667,0,8.9,1.4,3.51,Graduate,Graduate,0,Veterinary Nursing,1.0,0,1.0,0.0,0,"(20.0, 25.0]"
3377,1,1,1,9853,1,1,113.0,1,38,38,3,7,112.3,0,0,0,1,0,1,20,0,0,7,7,7,12.14285714,0,0,7,7,7,12.85714286,0,11.1,0.6,2.02,Graduate,Graduate,0,Basic Education,1.0,0,1.0,0.0,0,"(19.0, 20.0]"
3378,2,1,1,9147,1,1,137.0,1,19,37,9,9,124.4,0,0,0,1,0,0,19,0,0,5,6,4,11.25,0,0,5,10,3,11.71428571,0,10.8,1.4,1.74,Enrolled,Enrolled,0,Management,0.8,1,0.6666666666666666,0.0,0,"(16.999, 19.0]"
3379,1,1,4,9500,1,1,148.0,1,19,19,9,3,125.0,1,0,0,1,0,0,18,0,0,7,7,6,13.9,0,0,7,7,6,13.9,0,7.6,2.6,0.32,Graduate,Graduate,0,Nursing,0.8571428571428571,1,0.8571428571428571,0.0,0,"(16.999, 19.0]"
3380,1,39,1,9500,1,1,130.0,1,19,19,9,8,105.8,0,0,0,1,0,0,26,0,0,7,12,3,13.76666667,0,0,7,11,3,12.06666667,0,13.9,-0.3,0.79,Dropout,Dropout,1,Nursing,0.42857142857142855,4,0.25,0.0,0,"(25.0, 70.0]"
3381,1,26,1,9147,1,2,133.1,1,34,34,0,0,121.5,1,0,0,1,0,0,31,0,13,15,17,13,11.61538462,0,11,14,14,11,12.54545455,0,7.6,2.6,0.32,Dropout,Dropout,1,Management,0.8666666666666667,2,0.7647058823529411,0.0,0,"(25.0, 70.0]"
3382,1,17,1,9238,1,1,138.0,1,37,38,9,8,134.2,1,0,0,1,0,1,18,0,0,6,6,6,15.16666667,0,0,6,7,6,14.14285714,0,11.1,0.6,2.02,Graduate,Graduate,0,Social Service,1.0,0,1.0,0.0,0,"(16.999, 19.0]"
3383,4,7,1,9147,1,3,130.0,1,19,1,5,5,130.0,0,0,0,1,0,0,35,0,0,5,5,0,0.0,0,0,5,5,0,0.0,0,11.1,0.6,2.02,Dropout,Dropout,1,Management,0.0,5,0.0,0.0,0,"(25.0, 70.0]"
3384,1,1,1,9085,1,1,127.0,1,37,37,9,9,122.8,1,0,0,1,0,0,19,0,0,5,10,2,14.5,1,0,5,9,3,11.33333333,0,12.7,3.7,-1.7,Enrolled,Enrolled,0,Veterinary Nursing,0.4,3,0.2,0.2,0,"(16.999, 19.0]"
3385,1,1,1,9238,1,1,115.0,1,19,38,7,7,108.7,0,0,0,1,0,1,19,0,0,6,9,5,10.8,0,0,6,8,6,10.71428571,0,15.5,2.8,-4.06,Graduate,Graduate,0,Social Service,0.8333333333333334,1,0.5555555555555556,0.0,0,"(16.999, 19.0]"
3386,1,1,2,9500,1,1,147.0,1,3,1,4,3,136.7,0,0,0,1,0,0,18,0,0,7,7,7,13.99571429,0,0,8,9,8,14.95555556,0,11.1,0.6,2.02,Graduate,Graduate,0,Nursing,1.0,0,1.0,0.0,0,"(16.999, 19.0]"
3387,1,17,1,9085,1,1,132.0,1,38,38,4,9,119.1,0,0,0,1,0,0,20,0,0,6,8,6,13.28571429,0,0,6,16,6,11.8,0,12.4,0.5,1.79,Graduate,Graduate,0,Veterinary Nursing,1.0,0,0.75,0.0,0,"(19.0, 20.0]"
3388,1,1,4,171,1,1,146.0,1,1,1,9,5,151.3,1,0,0,1,0,1,19,0,6,12,12,12,12.75,0,4,11,16,11,13.25,0,8.9,1.4,3.51,Graduate,Graduate,0,Animation and Multimedia Design,1.0,0,1.0,0.0,0,"(16.999, 19.0]"
3389,1,43,1,9238,1,1,109.0,1,19,37,5,5,108.3,0,0,0,1,0,1,21,0,0,6,15,2,10.5,0,0,6,8,5,12.4,0,10.8,1.4,1.74,Enrolled,Enrolled,0,Social Service,0.3333333333333333,4,0.13333333333333333,0.0,0,"(20.0, 25.0]"
3390,1,17,1,9853,1,1,133.0,1,38,38,9,9,127.4,0,0,1,1,0,1,18,0,0,7,7,7,12.71428571,0,0,7,7,7,12.28571429,0,16.2,0.3,-0.92,Graduate,Graduate,0,Basic Education,1.0,0,1.0,0.0,1,"(16.999, 19.0]"
3391,1,42,1,9500,1,1,124.0,1,19,19,4,9,124.0,0,0,0,1,0,0,23,0,0,8,8,8,12.88625,0,0,8,8,8,12.88625,0,9.4,-0.8,-3.12,Graduate,Graduate,0,Nursing,1.0,0,1.0,0.0,0,"(20.0, 25.0]"
3392,1,1,1,9070,1,1,133.1,1,1,1,9,9,155.0,0,0,0,1,0,1,21,0,0,6,7,5,13.0,0,0,6,6,6,12.66666667,0,16.2,0.3,-0.92,Graduate,Graduate,0,Communication Design,0.8333333333333334,1,0.7142857142857143,0.0,0,"(20.0, 25.0]"
3393,1,1,1,9147,1,1,121.0,1,37,38,9,9,114.0,0,0,0,1,0,1,19,0,0,5,7,5,12.2,0,0,5,6,5,11.2,0,11.1,0.6,2.02,Graduate,Graduate,0,Management,1.0,0,0.7142857142857143,0.0,0,"(16.999, 19.0]"
3394,1,1,2,9147,1,1,129.0,1,38,19,3,7,118.9,1,0,0,1,0,0,19,0,0,5,8,4,12.8,0,0,5,10,3,14.5,0,10.8,1.4,1.74,Enrolled,Enrolled,0,Management,0.8,1,0.5,0.0,0,"(16.999, 19.0]"
3395,1,53,1,9085,1,42,160.0,1,19,37,4,9,160.0,1,0,0,1,0,0,20,0,7,11,15,11,13.78571429,0,4,9,9,9,13.88888889,0,8.9,1.4,3.51,Graduate,Graduate,0,Veterinary Nursing,1.0,0,0.7333333333333333,0.0,0,"(19.0, 20.0]"
3396,1,43,1,9147,1,1,131.0,1,3,19,2,9,126.1,0,0,0,1,0,0,18,0,0,5,5,0,0.0,0,0,5,9,4,13.25,2,16.2,0.3,-0.92,Enrolled,Enrolled,0,Management,0.0,5,0.0,0.0,0,"(16.999, 19.0]"
3397,1,1,1,9500,1,1,150.0,1,37,37,9,7,136.5,1,0,0,1,0,1,18,0,0,8,8,8,14.50125,0,0,8,8,8,14.50125,0,9.4,-0.8,-3.12,Graduate,Graduate,0,Nursing,1.0,0,1.0,0.0,0,"(16.999, 19.0]"
3398,2,1,5,9500,1,1,130.0,1,1,19,4,4,122.3,0,0,0,1,0,0,19,0,0,7,7,6,14.35,0,0,7,7,6,14.35,0,7.6,2.6,0.32,Graduate,Graduate,0,Nursing,0.8571428571428571,1,0.8571428571428571,0.0,0,"(16.999, 19.0]"
3399,1,17,1,9070,1,1,133.1,1,38,19,5,5,128.0,0,0,0,1,0,1,21,0,0,6,6,6,11.5,0,0,6,6,6,12.33333333,0,9.4,-0.8,-3.12,Graduate,Graduate,0,Communication Design,1.0,0,1.0,0.0,0,"(20.0, 25.0]"
3400,1,1,1,9238,1,1,154.0,1,38,38,9,9,156.5,1,1,0,1,0,1,18,0,0,6,8,6,11.71428571,0,0,6,6,6,14.66666667,0,12.7,3.7,-1.7,Graduate,Graduate,0,Social Service,1.0,0,0.75,0.0,0,"(16.999, 19.0]"
3401,1,1,1,9670,1,1,126.0,1,37,19,7,7,125.7,0,0,0,1,0,0,20,0,0,6,9,6,13.57142857,0,0,6,10,5,13.6,0,15.5,2.8,-4.06,Enrolled,Enrolled,0,Advertising and Marketing Management,1.0,0,0.6666666666666666,0.0,0,"(19.0, 20.0]"
3402,1,1,1,9773,1,1,150.0,1,19,38,9,5,143.0,0,0,0,1,0,0,18,0,0,6,6,5,13.0,0,0,6,6,6,13.66666667,0,12.7,3.7,-1.7,Graduate,Graduate,0,Journalism and Communication,0.8333333333333334,1,0.8333333333333334,0.0,0,"(16.999, 19.0]"
3403,1,17,5,9500,1,1,141.0,1,19,19,9,7,131.9,1,0,0,1,0,1,18,0,0,7,8,7,13.56875,0,0,8,8,8,14.02625,0,15.5,2.8,-4.06,Graduate,Graduate,0,Nursing,1.0,0,0.875,0.0,0,"(16.999, 19.0]"
3404,2,43,1,9991,0,1,134.0,1,37,37,9,9,113.7,0,0,0,1,0,0,32,0,1,5,5,5,10.2,0,0,5,9,4,11.25,0,9.4,-0.8,-3.12,Enrolled,Enrolled,0,Management (evening attendance),1.0,0,1.0,0.0,0,"(25.0, 70.0]"
3405,1,17,2,171,1,1,146.0,1,3,3,3,3,155.1,1,0,0,1,0,0,18,0,0,0,0,0,0.0,0,0,0,0,0,0.0,0,13.9,-0.3,0.79,Graduate,Graduate,0,Animation and Multimedia Design,0.0,0,0.0,0.0,0,"(16.999, 19.0]"
3406,1,16,3,9853,1,1,134.0,1,19,37,9,9,121.1,1,0,0,1,0,0,19,0,0,6,8,5,12.2,0,0,6,8,5,11.8,0,10.8,1.4,1.74,Enrolled,Enrolled,0,Basic Education,0.8333333333333334,1,0.625,0.0,0,"(16.999, 19.0]"
3407,1,1,3,9500,1,1,139.0,1,1,19,9,3,130.3,1,0,0,1,0,1,18,0,0,8,8,8,14.15375,0,0,8,8,8,14.15375,0,9.4,-0.8,-3.12,Graduate,Graduate,0,Nursing,1.0,0,1.0,0.0,0,"(16.999, 19.0]"
3408,1,1,6,9500,1,1,136.0,1,1,1,4,5,123.3,0,0,0,0,0,0,18,0,0,8,8,0,0.0,8,0,8,8,0,0.0,8,9.4,-0.8,-3.12,Dropout,Dropout,1,Nursing,0.0,8,0.0,1.0,1,"(16.999, 19.0]"
3409,1,1,5,9773,1,1,110.0,1,19,38,3,5,117.4,1,0,0,1,0,0,20,0,0,6,7,6,13.83333333,0,0,6,6,6,12.83333333,0,11.1,0.6,2.02,Graduate,Graduate,0,Journalism and Communication,1.0,0,0.8571428571428571,0.0,0,"(19.0, 20.0]"
3410,1,5,1,9670,1,1,135.0,1,1,12,4,4,140.3,1,0,0,1,0,0,19,0,0,6,7,6,13.42857143,0,0,6,6,4,14.0,0,12.4,0.5,1.79,Enrolled,Enrolled,0,Advertising and Marketing Management,1.0,0,0.8571428571428571,0.0,0,"(16.999, 19.0]"
3411,1,17,4,9500,1,1,129.0,1,38,37,9,5,120.0,1,0,0,1,0,0,19,0,0,8,8,7,12.45428571,0,0,8,8,7,12.45428571,0,10.8,1.4,1.74,Graduate,Graduate,0,Nursing,0.875,1,0.875,0.0,0,"(16.999, 19.0]"
3412,1,17,1,9147,1,1,139.0,1,38,38,7,5,133.4,0,0,0,1,0,0,18,0,0,5,9,1,11.0,1,0,5,10,0,0.0,0,9.4,-0.8,-3.12,Enrolled,Enrolled,0,Management,0.2,4,0.1111111111111111,0.2,0,"(16.999, 19.0]"
3413,1,1,4,9500,1,1,137.0,1,1,19,4,7,126.7,1,0,0,1,0,0,18,0,0,7,0,0,0.0,0,0,8,0,0,0.0,0,15.5,2.8,-4.06,Dropout,Dropout,1,Nursing,0.0,7,0.0,0.0,0,"(16.999, 19.0]"
3414,1,17,3,9500,1,1,138.0,1,1,19,7,8,129.3,1,0,0,1,0,1,18,0,0,7,8,6,13.27166667,0,0,8,11,7,12.94375,0,12.4,0.5,1.79,Graduate,Graduate,0,Nursing,0.8571428571428571,1,0.75,0.0,0,"(16.999, 19.0]"
3415,1,17,6,9500,1,1,136.0,1,3,38,2,9,125.7,1,0,0,1,0,0,20,0,0,7,8,6,13.54833333,0,0,8,11,6,14.775,0,11.1,0.6,2.02,Enrolled,Enrolled,0,Nursing,0.8571428571428571,1,0.75,0.0,0,"(19.0, 20.0]"
3416,1,1,1,9773,1,1,143.0,1,3,3,2,5,144.8,0,0,0,1,0,0,19,0,0,6,6,6,12.16666667,0,0,6,6,6,12.5,0,16.2,0.3,-0.92,Enrolled,Enrolled,0,Journalism and Communication,1.0,0,1.0,0.0,0,"(16.999, 19.0]"
3417,1,1,1,9254,1,1,133.1,1,38,19,3,3,98.6,0,0,0,1,0,0,21,0,0,6,16,2,11.0,0,0,6,12,0,0.0,0,12.7,3.7,-1.7,Dropout,Dropout,1,Tourism,0.3333333333333333,4,0.125,0.0,0,"(20.0, 25.0]"
3418,1,1,1,9853,1,1,136.0,1,38,37,9,9,126.9,1,0,0,1,0,1,19,0,0,7,7,7,13.28571429,0,0,7,7,7,14.42857143,0,11.1,0.6,2.02,Graduate,Graduate,0,Basic Education,1.0,0,1.0,0.0,0,"(16.999, 19.0]"
3419,1,17,1,9238,1,1,139.0,1,19,38,4,9,146.7,1,0,0,1,0,1,20,0,0,6,6,6,13.33333333,0,0,6,7,6,14.0,0,15.5,2.8,-4.06,Graduate,Graduate,0,Social Service,1.0,0,1.0,0.0,0,"(19.0, 20.0]"
3420,1,1,1,9500,1,1,125.0,1,1,1,9,4,117.0,0,0,0,1,0,1,21,0,0,8,8,8,13.2575,0,0,8,8,8,13.2575,0,9.4,-0.8,-3.12,Graduate,Graduate,0,Nursing,1.0,0,1.0,0.0,0,"(20.0, 25.0]"
3421,1,44,1,9085,1,39,130.0,1,37,38,9,6,130.0,1,0,0,1,0,0,23,0,0,6,7,0,0.0,0,0,6,7,0,0.0,0,11.1,0.6,2.02,Dropout,Dropout,1,Veterinary Nursing,0.0,6,0.0,0.0,0,"(20.0, 25.0]"
3422,1,17,1,9238,1,1,137.0,1,1,38,5,8,125.8,0,0,0,0,0,1,18,0,0,6,10,6,12.66666667,0,0,6,6,2,11.5,0,12.7,3.7,-1.7,Dropout,Dropout,1,Social Service,1.0,0,0.6,0.0,1,"(16.999, 19.0]"
3423,2,39,1,9991,0,3,130.0,1,3,1,1,10,160.0,0,0,0,1,0,0,30,0,0,5,5,5,14.6,0,0,5,5,5,15.4,0,12.7,3.7,-1.7,Dropout,Dropout,1,Management (evening attendance),1.0,0,1.0,0.0,0,"(25.0, 70.0]"
3424,1,1,1,9085,1,1,130.0,1,9,19,4,1,134.2,1,0,0,1,0,0,20,0,0,5,13,0,0.0,5,0,5,5,0,0.0,5,9.4,-0.8,-3.12,Dropout,Dropout,1,Veterinary Nursing,0.0,5,0.0,1.0,0,"(19.0, 20.0]"
3425,2,43,2,9147,1,1,160.0,1,37,37,9,9,96.0,0,0,0,0,0,0,29,0,3,5,7,3,12.33333333,0,0,5,8,0,0.0,0,10.8,1.4,1.74,Dropout,Dropout,1,Management,0.6,2,0.42857142857142855,0.0,1,"(25.0, 70.0]"
3426,1,18,1,9147,1,1,100.0,1,38,38,5,5,101.8,1,0,0,1,0,0,24,0,0,5,5,5,10.8,0,0,5,11,2,11.0,0,10.8,1.4,1.74,Enrolled,Enrolled,0,Management,1.0,0,1.0,0.0,0,"(20.0, 25.0]"
3427,1,1,1,9238,1,1,136.0,1,19,1,4,3,125.2,1,0,0,1,0,0,20,0,0,6,7,6,11.66666667,0,0,6,10,6,11.33333333,0,7.6,2.6,0.32,Graduate,Graduate,0,Social Service,1.0,0,0.8571428571428571,0.0,0,"(19.0, 20.0]"
3428,1,43,1,8014,0,1,117.0,1,37,37,9,9,100.0,0,0,0,1,0,0,27,0,0,6,6,4,12.5,0,0,6,6,6,14.33333333,0,13.9,-0.3,0.79,Dropout,Dropout,1,Social Service (evening attendance),0.6666666666666666,2,0.6666666666666666,0.0,0,"(25.0, 70.0]"
3429,2,7,1,9147,1,3,140.0,1,37,37,9,9,140.0,0,0,0,1,0,0,23,0,0,5,0,0,0.0,0,0,5,0,0,0.0,0,7.6,2.6,0.32,Dropout,Dropout,1,Management,0.0,5,0.0,0.0,0,"(20.0, 25.0]"
3430,1,51,1,9070,1,1,132.0,1,19,19,153,153,120.0,0,0,0,1,0,1,23,0,0,6,6,6,15.33333333,0,0,6,6,6,14.16666667,0,11.1,0.6,2.02,Graduate,Graduate,0,Communication Design,1.0,0,1.0,0.0,0,"(20.0, 25.0]"
3431,1,1,3,9500,1,1,147.0,1,1,1,4,4,134.3,1,0,0,1,0,0,18,0,0,8,8,7,14.2,0,0,8,8,7,14.2,0,12.7,3.7,-1.7,Graduate,Graduate,0,Nursing,0.875,1,0.875,0.0,0,"(16.999, 19.0]"
3432,1,1,1,9773,1,1,158.0,1,38,38,9,7,144.7,1,0,0,1,0,1,19,0,0,6,6,6,14.83333333,0,0,6,6,6,14.66666667,0,12.7,3.7,-1.7,Graduate,Graduate,0,Journalism and Communication,1.0,0,1.0,0.0,0,"(16.999, 19.0]"
3433,1,17,6,9500,1,1,142.0,1,19,37,4,9,131.9,1,0,0,1,0,0,19,0,0,7,7,7,13.64285714,0,0,8,8,8,14.3875,0,13.9,-0.3,0.79,Dropout,Dropout,1,Nursing,1.0,0,1.0,0.0,0,"(16.999, 19.0]"
3434,1,1,1,9773,1,1,143.0,1,1,38,8,8,136.7,1,0,0,1,0,1,18,0,0,6,6,6,13.83333333,0,0,6,6,6,14.0,0,11.1,0.6,2.02,Dropout,Dropout,1,Journalism and Communication,1.0,0,1.0,0.0,0,"(16.999, 19.0]"
3435,1,1,2,9070,1,1,135.0,1,1,1,4,7,129.8,1,0,0,1,0,0,19,0,0,6,6,6,11.83333333,0,0,6,7,6,13.0,0,9.4,-0.8,-3.12,Graduate,Graduate,0,Communication Design,1.0,0,1.0,0.0,0,"(16.999, 19.0]"
3436,1,1,1,9773,1,1,160.0,1,1,38,4,7,146.5,0,0,0,1,0,1,18,0,0,6,7,6,13.42857143,0,0,6,10,6,13.5,0,13.9,-0.3,0.79,Graduate,Graduate,0,Journalism and Communication,1.0,0,0.8571428571428571,0.0,0,"(16.999, 19.0]"
3437,1,43,1,9991,0,1,120.0,1,37,37,9,8,122.5,1,0,0,1,0,0,29,0,8,13,16,8,10.5,0,8,12,19,9,10.33333333,0,9.4,-0.8,-3.12,Enrolled,Enrolled,0,Management (evening attendance),0.6153846153846154,5,0.5,0.0,0,"(25.0, 70.0]"
3438,1,39,2,9556,1,19,133.1,1,37,37,3,7,117.8,0,0,0,1,0,0,24,0,0,7,10,6,11.41666667,0,0,8,9,8,11.9625,0,13.9,-0.3,0.79,Graduate,Graduate,0,Oral Hygiene,0.8571428571428571,1,0.6,0.0,0,"(20.0, 25.0]"
3439,1,17,2,9556,1,1,133.1,1,37,38,9,8,106.0,1,0,0,1,0,0,19,0,0,7,16,2,12.75,0,0,7,12,2,11.0,0,8.9,1.4,3.51,Dropout,Dropout,1,Oral Hygiene,0.2857142857142857,5,0.125,0.0,0,"(16.999, 19.0]"
3440,1,17,1,9556,1,1,133.0,1,1,38,4,9,119.0,0,0,0,1,0,0,19,0,0,7,10,6,11.15,0,0,7,7,7,12.81428571,0,12.7,3.7,-1.7,Enrolled,Enrolled,0,Oral Hygiene,0.8571428571428571,1,0.6,0.0,0,"(16.999, 19.0]"
3441,1,1,1,9670,1,1,120.0,1,38,19,4,8,115.1,0,0,0,1,0,0,19,0,0,6,8,3,11.66666667,0,0,6,11,5,13.625,0,10.8,1.4,1.74,Enrolled,Enrolled,0,Advertising and Marketing Management,0.5,3,0.375,0.0,0,"(16.999, 19.0]"
3442,1,17,4,9254,1,1,106.0,1,37,19,9,7,116.9,1,0,0,1,0,0,20,0,0,6,7,6,11.5,0,0,6,8,5,12.4,0,11.1,0.6,2.02,Graduate,Graduate,0,Tourism,1.0,0,0.8571428571428571,0.0,0,"(19.0, 20.0]"
3443,1,1,2,9773,1,1,148.0,1,1,19,9,9,141.7,0,0,0,1,0,0,18,0,0,6,6,6,13.83333333,0,0,6,6,6,12.66666667,0,10.8,1.4,1.74,Graduate,Graduate,0,Journalism and Communication,1.0,0,1.0,0.0,0,"(16.999, 19.0]"
3444,1,1,2,9070,1,1,134.0,1,1,19,3,3,127.7,1,0,0,0,0,0,18,0,1,6,8,6,11.71428571,1,0,6,11,4,11.33333333,0,13.9,-0.3,0.79,Dropout,Dropout,1,Communication Design,1.0,0,0.75,0.16666666666666666,1,"(16.999, 19.0]"
3445,1,1,5,9500,1,1,130.0,1,19,1,9,5,122.1,1,0,0,1,0,1,19,0,0,7,8,7,11.67857143,0,0,8,10,7,13.0375,0,12.4,0.5,1.79,Graduate,Graduate,0,Nursing,1.0,0,0.875,0.0,0,"(16.999, 19.0]"
3446,1,16,1,9085,1,1,150.0,1,3,3,2,1,153.5,1,0,0,1,0,0,19,0,0,6,7,6,15.71428571,0,0,6,6,6,14.66666667,0,13.9,-0.3,0.79,Dropout,Dropout,1,Veterinary Nursing,1.0,0,0.8571428571428571,0.0,0,"(16.999, 19.0]"
3447,1,1,1,171,1,1,141.0,1,1,19,5,8,141.4,1,0,0,1,0,1,18,0,0,0,0,0,0.0,0,0,0,0,0,0.0,0,13.9,-0.3,0.79,Graduate,Graduate,0,Animation and Multimedia Design,0.0,0,0.0,0.0,0,"(16.999, 19.0]"
3448,1,1,1,9773,1,1,140.0,1,19,37,9,6,135.8,1,0,0,1,0,1,19,0,0,6,6,6,13.0,0,0,6,7,6,13.0,0,10.8,1.4,1.74,Graduate,Graduate,0,Journalism and Communication,1.0,0,1.0,0.0,0,"(16.999, 19.0]"
3449,1,1,2,9500,1,1,138.0,1,3,3,2,2,127.5,1,0,0,1,0,1,18,0,0,7,7,7,14.48571429,0,0,8,9,8,14.58888889,0,16.2,0.3,-0.92,Graduate,Graduate,0,Nursing,1.0,0,1.0,0.0,0,"(16.999, 19.0]"
3450,1,39,1,9991,0,1,130.0,1,37,37,9,9,151.6,0,0,0,1,0,0,24,0,0,5,9,5,12.28571429,0,0,5,8,5,12.125,0,16.2,0.3,-0.92,Enrolled,Enrolled,0,Management (evening attendance),1.0,0,0.5555555555555556,0.0,0,"(20.0, 25.0]"
3451,1,39,1,9500,1,1,133.1,1,19,19,5,6,121.4,0,0,1,1,0,0,28,0,0,7,12,4,13.375,0,0,7,7,5,13.5,0,13.9,-0.3,0.79,Enrolled,Enrolled,0,Nursing,0.5714285714285714,3,0.3333333333333333,0.0,1,"(25.0, 70.0]"
3452,1,42,1,9500,1,1,133.0,1,1,1,4,4,100.0,0,0,0,1,0,0,20,0,1,8,8,7,11.57142857,0,1,8,8,7,11.57142857,0,12.7,3.7,-1.7,Graduate,Graduate,0,Nursing,0.875,1,0.875,0.0,0,"(19.0, 20.0]"
3453,1,1,6,9500,1,1,150.0,1,37,38,9,9,131.5,1,0,0,1,0,1,19,0,0,8,8,7,12.65714286,0,0,8,8,7,12.65714286,0,12.7,3.7,-1.7,Graduate,Graduate,0,Nursing,0.875,1,0.875,0.0,0,"(16.999, 19.0]"
3454,1,17,1,9147,1,1,117.0,1,37,37,9,9,109.3,0,0,0,0,0,0,22,0,0,5,9,2,10.0,1,0,5,11,1,10.0,0,9.4,-0.8,-3.12,Dropout,Dropout,1,Management,0.4,3,0.2222222222222222,0.2,1,"(20.0, 25.0]"
3455,1,1,1,9238,1,1,145.0,1,19,1,6,5,127.9,1,0,0,1,0,0,19,0,0,6,7,6,13.71428571,0,0,6,6,6,13.16666667,0,12.7,3.7,-1.7,Graduate,Graduate,0,Social Service,1.0,0,0.8571428571428571,0.0,0,"(16.999, 19.0]"
3456,1,7,1,9238,1,3,140.0,1,37,37,9,9,140.0,1,0,0,1,0,0,36,0,10,14,21,13,13.07142857,0,4,11,16,11,13.0,0,16.2,0.3,-0.92,Graduate,Graduate,0,Social Service,0.9285714285714286,1,0.6190476190476191,0.0,0,"(25.0, 70.0]"
3457,1,44,1,9003,1,39,160.0,1,37,38,9,7,160.0,0,0,0,1,0,1,19,0,0,6,7,6,15.33333333,0,0,6,9,6,14.0,0,15.5,2.8,-4.06,Graduate,Graduate,0,Agronomy,1.0,0,0.8571428571428571,0.0,0,"(16.999, 19.0]"
3458,1,17,1,9238,1,1,125.0,1,4,3,1,1,119.8,0,0,0,1,0,0,18,0,0,6,9,5,11.57142857,0,0,6,8,6,12.14285714,0,16.2,0.3,-0.92,Graduate,Graduate,0,Social Service,0.8333333333333334,1,0.5555555555555556,0.0,0,"(16.999, 19.0]"
3459,4,43,4,9991,0,12,133.1,1,37,37,9,9,153.0,0,0,0,0,0,0,40,0,0,5,10,0,0.0,0,0,5,5,0,0.0,0,7.6,2.6,0.32,Dropout,Dropout,1,Management (evening attendance),0.0,5,0.0,0.0,1,"(25.0, 70.0]"
3460,1,1,2,9500,1,1,139.0,1,38,37,9,7,125.0,1,0,0,1,0,1,19,0,0,7,7,6,12.9,0,0,7,7,6,12.9,0,7.6,2.6,0.32,Graduate,Graduate,0,Nursing,0.8571428571428571,1,0.8571428571428571,0.0,0,"(16.999, 19.0]"
3461,4,43,1,9500,1,1,130.0,1,37,37,9,9,103.7,0,0,0,1,0,0,38,0,1,8,12,5,13.126,1,1,8,12,5,13.126,1,10.8,1.4,1.74,Enrolled,Enrolled,0,Nursing,0.625,3,0.4166666666666667,0.125,0,"(25.0, 70.0]"
3462,1,7,1,9085,1,3,120.0,1,37,37,7,7,120.0,0,0,0,1,0,0,32,0,4,10,20,4,11.5,2,3,9,13,3,11.66666667,2,15.5,2.8,-4.06,Dropout,Dropout,1,Veterinary Nursing,0.4,6,0.2,0.2,0,"(25.0, 70.0]"
3463,1,1,1,9853,1,1,160.0,1,1,37,9,9,146.0,1,0,0,1,0,0,19,0,0,6,11,3,10.33333333,0,0,6,10,5,11.8,0,9.4,-0.8,-3.12,Enrolled,Enrolled,0,Basic Education,0.5,3,0.2727272727272727,0.0,0,"(16.999, 19.0]"
3464,1,17,3,9070,1,1,120.0,1,3,1,4,4,116.9,1,0,0,1,0,0,19,0,0,6,6,6,13.5,0,0,6,7,6,13.42857143,0,8.9,1.4,3.51,Graduate,Graduate,0,Communication Design,1.0,0,1.0,0.0,0,"(16.999, 19.0]"
3465,2,39,1,9147,1,1,130.0,1,37,37,9,9,117.9,0,0,0,1,0,0,35,0,0,1,1,0,0.0,1,0,5,0,0,0.0,0,10.8,1.4,1.74,Dropout,Dropout,1,Management,0.0,1,0.0,1.0,0,"(25.0, 70.0]"
3466,1,1,1,9147,1,1,124.0,1,38,19,3,10,128.6,1,0,0,1,0,0,20,0,0,5,5,4,12.0,0,0,4,4,2,11.5,0,7.6,2.6,0.32,Enrolled,Enrolled,0,Management,0.8,1,0.8,0.0,0,"(19.0, 20.0]"
3467,1,17,1,9853,1,1,150.0,1,19,19,3,4,135.0,0,0,0,1,0,0,29,0,2,8,10,7,11.14285714,0,2,8,11,8,11.375,0,12.7,3.7,-1.7,Graduate,Graduate,0,Basic Education,0.875,1,0.7,0.0,0,"(25.0, 70.0]"
3468,1,1,1,9991,0,1,140.0,1,37,37,9,9,124.6,0,0,0,1,0,0,29,0,0,5,11,5,11.4,0,0,5,10,4,10.25,0,15.5,2.8,-4.06,Enrolled,Enrolled,0,Management (evening attendance),1.0,0,0.45454545454545453,0.0,0,"(25.0, 70.0]"
3469,1,1,5,9500,1,1,135.0,1,37,37,7,7,124.0,1,0,0,1,0,1,19,0,0,8,8,7,12.77142857,1,0,8,8,7,12.77142857,1,9.4,-0.8,-3.12,Enrolled,Enrolled,0,Nursing,0.875,1,0.875,0.125,0,"(16.999, 19.0]"
3470,1,1,6,9500,1,1,143.0,1,38,19,7,9,129.5,1,0,0,1,0,1,18,0,0,8,8,7,13.79857143,0,0,8,8,7,13.79857143,0,10.8,1.4,1.74,Graduate,Graduate,0,Nursing,0.875,1,0.875,0.0,0,"(16.999, 19.0]"
3471,2,39,1,8014,0,19,100.0,1,38,19,0,10,111.3,0,0,1,0,0,0,25,0,0,6,7,6,13.33333333,0,0,6,6,6,13.5,0,7.6,2.6,0.32,Graduate,Graduate,0,Social Service (evening attendance),1.0,0,0.8571428571428571,0.0,1,"(20.0, 25.0]"
3472,4,39,1,8014,0,19,133.1,1,37,37,9,9,95.0,0,0,1,0,0,0,50,0,0,6,11,0,0.0,0,0,5,6,0,0.0,0,8.9,1.4,3.51,Dropout,Dropout,1,Social Service (evening attendance),0.0,6,0.0,0.0,1,"(25.0, 70.0]"
3473,2,1,1,9147,1,1,133.1,1,34,34,0,0,131.8,0,0,0,1,0,0,24,0,14,15,17,14,11.35714286,0,13,14,15,13,12.84615385,0,7.6,2.6,0.32,Dropout,Dropout,1,Management,0.9333333333333333,1,0.8235294117647058,0.0,0,"(20.0, 25.0]"
3474,1,1,5,9119,1,1,132.0,1,38,19,5,3,119.1,0,0,0,1,0,0,18,0,0,5,11,0,0.0,0,0,5,8,0,0.0,0,9.4,-0.8,-3.12,Dropout,Dropout,1,Informatics Engineering,0.0,5,0.0,0.0,0,"(16.999, 19.0]"
3475,1,17,1,9085,1,1,131.0,1,38,38,191,174,125.4,1,0,0,1,0,0,20,0,0,6,13,6,15.69230769,0,0,6,13,5,14.42857143,0,15.5,2.8,-4.06,Graduate,Graduate,0,Veterinary Nursing,1.0,0,0.46153846153846156,0.0,0,"(19.0, 20.0]"
3476,1,16,1,9003,1,1,147.0,1,1,37,4,9,140.7,1,0,1,1,0,1,20,0,13,18,19,18,15.05263158,0,11,13,13,13,14.53846154,0,15.5,2.8,-4.06,Graduate,Graduate,0,Agronomy,1.0,0,0.9473684210526315,0.0,1,"(19.0, 20.0]"
3477,1,43,1,9991,0,1,141.0,1,37,37,9,9,131.9,0,0,0,1,0,0,21,0,6,10,20,6,11.5,0,5,10,17,5,12.4,0,9.4,-0.8,-3.12,Dropout,Dropout,1,Management (evening attendance),0.6,4,0.3,0.0,0,"(20.0, 25.0]"
3478,1,39,1,9238,1,1,160.0,1,38,1,9,3,124.0,0,0,1,1,1,0,28,0,2,8,15,7,11.0,0,0,6,17,1,10.0,0,10.8,1.4,1.74,Enrolled,Enrolled,0,Social Service,0.875,1,0.4666666666666667,0.0,1,"(25.0, 70.0]"
3479,1,1,1,9254,1,1,135.0,1,38,37,9,7,139.2,0,0,0,1,1,1,19,0,0,6,6,6,13.0,0,0,6,6,6,13.16666667,0,12.4,0.5,1.79,Graduate,Graduate,0,Tourism,1.0,0,1.0,0.0,0,"(16.999, 19.0]"
3480,1,1,1,9500,1,1,133.0,1,37,37,9,7,121.8,0,0,0,1,1,1,18,0,0,8,8,8,12.93875,0,0,8,8,8,12.93875,0,9.4,-0.8,-3.12,Graduate,Graduate,0,Nursing,1.0,0,1.0,0.0,0,"(16.999, 19.0]"
3481,1,17,1,171,1,1,142.0,1,37,37,9,9,132.9,0,0,0,1,1,0,22,0,0,0,0,0,0.0,0,0,0,0,0,0.0,0,12.7,3.7,-1.7,Graduate,Graduate,0,Animation and Multimedia Design,0.0,0,0.0,0.0,0,"(20.0, 25.0]"
3482,1,44,1,9003,1,39,130.0,1,37,37,9,10,130.0,0,0,0,1,1,0,25,0,0,6,6,0,0.0,0,0,6,8,0,0.0,0,15.5,2.8,-4.06,Dropout,Dropout,1,Agronomy,0.0,6,0.0,0.0,0,"(20.0, 25.0]"
3483,2,39,1,9500,1,1,133.1,1,37,37,9,9,130.1,0,0,0,0,1,0,37,0,0,7,10,5,13.0,0,0,7,9,5,12.88,0,11.1,0.6,2.02,Dropout,Dropout,1,Nursing,0.7142857142857143,2,0.5,0.0,1,"(25.0, 70.0]"
3484,1,39,1,9500,1,1,133.1,1,37,37,7,7,124.5,0,0,0,0,1,0,38,0,0,7,11,5,12.18,0,0,7,11,4,11.8125,0,11.1,0.6,2.02,Dropout,Dropout,1,Nursing,0.7142857142857143,2,0.45454545454545453,0.0,1,"(25.0, 70.0]"
3485,2,39,1,9670,1,1,130.0,1,19,38,9,9,162.3,0,0,0,1,1,0,36,0,0,6,13,3,11.33333333,0,0,6,12,5,11.4,0,13.9,-0.3,0.79,Dropout,Dropout,1,Advertising and Marketing Management,0.5,3,0.23076923076923078,0.0,0,"(25.0, 70.0]"
3486,1,1,2,9500,1,1,149.0,1,19,1,9,9,137.8,1,0,0,1,1,0,18,0,0,8,8,7,13.0,0,0,8,8,7,13.0,0,12.7,3.7,-1.7,Graduate,Graduate,0,Nursing,0.875,1,0.875,0.0,0,"(16.999, 19.0]"
3487,1,1,1,9670,1,1,130.0,1,1,1,0,0,119.5,0,0,0,0,1,0,19,0,0,5,5,0,0.0,0,0,6,0,0,0.0,0,9.4,-0.8,-3.12,Dropout,Dropout,1,Advertising and Marketing Management,0.0,5,0.0,0.0,1,"(16.999, 19.0]"
3488,1,39,1,9130,1,1,150.0,1,1,1,4,10,110.0,0,0,1,1,1,0,24,0,0,5,13,2,12.5,2,0,5,8,3,12.33333333,0,9.4,-0.8,-3.12,Dropout,Dropout,1,Equinculture,0.4,3,0.15384615384615385,0.4,1,"(20.0, 25.0]"
3489,1,1,1,9238,1,1,106.0,1,1,1,3,3,105.0,0,0,0,1,1,0,20,0,0,6,9,5,11.0,0,0,6,9,5,12.16666667,0,11.1,0.6,2.02,Graduate,Graduate,0,Social Service,0.8333333333333334,1,0.5555555555555556,0.0,0,"(19.0, 20.0]"
3490,1,1,1,171,1,1,162.0,1,37,37,9,9,142.8,1,0,0,1,1,0,21,0,0,0,0,0,0.0,0,0,0,0,0,0.0,0,12.7,3.7,-1.7,Dropout,Dropout,1,Animation and Multimedia Design,0.0,0,0.0,0.0,0,"(20.0, 25.0]"
3491,2,43,3,9991,0,1,120.0,1,37,37,9,9,128.2,1,0,0,1,1,0,32,0,0,5,5,0,0.0,0,0,5,5,0,0.0,0,7.6,2.6,0.32,Dropout,Dropout,1,Management (evening attendance),0.0,5,0.0,0.0,0,"(25.0, 70.0]"
3492,2,39,1,9991,0,19,133.1,1,38,38,7,8,120.0,0,0,0,1,1,0,39,0,0,5,9,0,0.0,0,0,5,5,1,10.0,0,12.7,3.7,-1.7,Dropout,Dropout,1,Management (evening attendance),0.0,5,0.0,0.0,0,"(25.0, 70.0]"
3493,1,7,1,9119,1,3,130.0,1,37,37,9,9,130.0,0,0,0,0,1,0,33,0,0,5,6,0,0.0,0,0,5,5,0,0.0,0,12.7,3.7,-1.7,Dropout,Dropout,1,Informatics Engineering,0.0,5,0.0,0.0,1,"(25.0, 70.0]"
3494,1,17,2,9670,1,1,128.0,1,37,38,5,8,121.7,0,0,0,1,1,1,20,0,0,5,5,5,12.4,0,0,5,5,4,10.75,0,9.4,-0.8,-3.12,Graduate,Graduate,0,Advertising and Marketing Management,1.0,0,1.0,0.0,0,"(19.0, 20.0]"
3495,1,1,1,9003,1,1,124.0,1,38,19,9,7,116.0,0,0,0,1,1,0,19,0,0,6,8,6,15.5,0,0,6,10,6,14.1,0,16.2,0.3,-0.92,Graduate,Graduate,0,Agronomy,1.0,0,0.75,0.0,0,"(16.999, 19.0]"
3496,2,39,1,9991,0,1,133.1,1,37,37,5,8,133.2,0,0,0,0,1,0,43,0,0,5,13,2,11.5,0,0,5,12,3,10.8,0,13.9,-0.3,0.79,Dropout,Dropout,1,Management (evening attendance),0.4,3,0.15384615384615385,0.0,1,"(25.0, 70.0]"
3497,2,43,1,9991,0,1,114.0,1,37,37,7,8,116.7,0,0,0,1,1,0,49,0,0,5,7,4,13.33333333,0,0,5,9,4,11.6,1,16.2,0.3,-0.92,Dropout,Dropout,1,Management (evening attendance),0.8,1,0.5714285714285714,0.0,0,"(25.0, 70.0]"
3498,1,1,2,9773,1,1,140.0,1,38,38,5,7,126.4,1,0,0,1,1,1,18,0,0,6,8,6,12.66666667,0,0,6,6,6,13.5,0,12.7,3.7,-1.7,Graduate,Graduate,0,Journalism and Communication,1.0,0,0.75,0.0,0,"(16.999, 19.0]"
3499,1,39,1,9003,1,1,160.0,1,1,37,191,193,140.0,0,0,0,1,1,0,27,0,0,6,6,0,0.0,0,0,6,6,0,0.0,0,11.1,0.6,2.02,Enrolled,Enrolled,0,Agronomy,0.0,6,0.0,0.0,0,"(25.0, 70.0]"
3500,1,1,1,9147,1,1,122.0,1,1,19,9,9,120.3,1,0,0,1,1,1,19,0,0,5,8,5,12.6,0,0,5,9,5,13.6,0,8.9,1.4,3.51,Dropout,Dropout,1,Management,1.0,0,0.625,0.0,0,"(16.999, 19.0]"
3501,1,39,1,9070,1,1,140.0,1,37,37,9,10,118.0,0,0,1,1,1,1,45,0,0,6,6,6,13.5,0,0,6,6,0,0.0,0,16.2,0.3,-0.92,Dropout,Dropout,1,Communication Design,1.0,0,1.0,0.0,1,"(25.0, 70.0]"
3502,1,15,1,9670,1,1,160.0,1,37,12,9,9,149.5,1,0,0,0,1,0,19,0,0,6,6,6,13.0,0,0,6,8,6,13.0,0,13.9,-0.3,0.79,Graduate,Graduate,0,Advertising and Marketing Management,1.0,0,1.0,0.0,1,"(16.999, 19.0]"
3503,1,44,1,9003,1,39,130.0,1,1,3,9,6,130.0,0,0,0,1,1,1,21,0,0,6,15,6,11.71428571,0,0,6,8,4,11.75,0,13.9,-0.3,0.79,Graduate,Graduate,0,Agronomy,1.0,0,0.4,0.0,0,"(20.0, 25.0]"
3504,1,1,1,9670,1,1,141.0,1,1,1,5,9,126.3,0,0,0,1,1,1,18,0,0,6,8,6,12.16666667,0,0,6,7,5,13.0,0,13.9,-0.3,0.79,Graduate,Graduate,0,Advertising and Marketing Management,1.0,0,0.75,0.0,0,"(16.999, 19.0]"
3505,1,17,3,9147,1,1,127.0,1,37,37,5,7,116.2,0,0,0,1,1,0,18,0,0,5,10,0,0.0,1,0,5,13,0,0.0,0,9.4,-0.8,-3.12,Dropout,Dropout,1,Management,0.0,5,0.0,0.2,0,"(16.999, 19.0]"
3506,1,17,1,9254,1,1,126.0,1,37,37,5,1,126.0,0,0,0,0,1,0,29,0,0,6,12,0,0.0,0,0,6,6,0,0.0,6,9.4,-0.8,-3.12,Dropout,Dropout,1,Tourism,0.0,6,0.0,0.0,1,"(25.0, 70.0]"
3507,1,1,1,9670,1,1,131.0,1,1,1,4,9,122.3,0,0,0,1,1,0,19,0,0,5,6,5,11.5,0,0,5,5,5,11.6,0,9.4,-0.8,-3.12,Graduate,Graduate,0,Advertising and Marketing Management,1.0,0,0.8333333333333334,0.0,0,"(16.999, 19.0]"
3508,1,1,1,9147,1,1,130.0,1,19,19,9,7,119.5,1,0,0,1,1,1,18,0,0,5,7,4,11.25,0,0,5,6,4,12.25,0,12.4,0.5,1.79,Enrolled,Enrolled,0,Management,0.8,1,0.5714285714285714,0.0,0,"(16.999, 19.0]"
3509,1,44,1,9070,1,39,130.0,1,1,1,9,9,131.8,0,0,0,1,1,1,22,0,2,7,7,7,12.28571429,0,5,9,10,8,12.375,0,12.4,0.5,1.79,Graduate,Graduate,0,Communication Design,1.0,0,1.0,0.0,0,"(20.0, 25.0]"
3510,1,17,6,9500,1,1,140.0,1,1,1,4,3,130.7,1,0,0,1,1,1,18,0,0,7,7,7,12.71857143,0,0,8,11,8,12.80555556,0,11.1,0.6,2.02,Dropout,Dropout,1,Nursing,1.0,0,1.0,0.0,0,"(16.999, 19.0]"
3511,1,44,1,9130,1,39,140.0,1,1,19,4,7,140.0,0,0,0,1,1,0,20,0,2,6,12,5,12.4,0,1,6,11,2,15.0,0,13.9,-0.3,0.79,Enrolled,Enrolled,0,Equinculture,0.8333333333333334,1,0.4166666666666667,0.0,0,"(19.0, 20.0]"
3512,1,1,1,171,1,1,140.0,1,19,19,1,1,129.5,1,0,0,1,1,0,20,0,0,0,0,0,0.0,0,0,0,0,0,0.0,0,10.8,1.4,1.74,Dropout,Dropout,1,Animation and Multimedia Design,0.0,0,0.0,0.0,0,"(19.0, 20.0]"
3513,4,39,1,9670,1,19,133.1,1,37,37,9,7,130.0,0,0,1,1,1,1,29,0,0,6,16,1,14.0,0,0,6,7,0,0.0,0,11.1,0.6,2.02,Dropout,Dropout,1,Advertising and Marketing Management,0.16666666666666666,5,0.0625,0.0,1,"(25.0, 70.0]"
3514,1,39,1,9670,1,1,120.0,1,11,11,90,4,114.0,1,0,0,1,1,0,29,0,0,5,10,3,11.66666667,0,0,5,8,4,11.25,0,7.6,2.6,0.32,Dropout,Dropout,1,Advertising and Marketing Management,0.6,2,0.3,0.0,0,"(25.0, 70.0]"
3515,1,43,1,9773,1,1,121.0,1,1,1,4,5,121.0,1,0,0,1,1,0,23,0,0,6,15,1,13.0,0,0,6,8,4,11.25,0,9.4,-0.8,-3.12,Enrolled,Enrolled,0,Journalism and Communication,0.16666666666666666,5,0.06666666666666667,0.0,0,"(20.0, 25.0]"
3516,1,17,1,171,1,1,123.0,1,3,12,2,9,116.4,1,0,1,1,1,0,19,0,0,0,0,0,0.0,0,0,0,0,0,0.0,0,10.8,1.4,1.74,Dropout,Dropout,1,Animation and Multimedia Design,0.0,0,0.0,0.0,1,"(16.999, 19.0]"
3517,1,1,1,9119,1,1,136.0,1,38,38,9,9,121.7,1,0,0,1,1,0,18,0,0,5,10,0,0.0,0,0,5,11,1,12.0,3,7.6,2.6,0.32,Dropout,Dropout,1,Informatics Engineering,0.0,5,0.0,0.0,0,"(16.999, 19.0]"
3518,2,42,1,9254,1,1,136.0,1,2,2,134,112,130.0,1,0,0,1,1,0,22,0,2,6,13,4,11.5,0,2,6,12,2,12.5,0,7.6,2.6,0.32,Dropout,Dropout,1,Tourism,0.6666666666666666,2,0.3076923076923077,0.0,0,"(20.0, 25.0]"
3519,1,43,1,9991,0,1,120.0,1,37,37,9,9,120.0,1,0,1,1,1,0,34,0,6,10,10,7,11.71428571,0,4,10,10,6,11.5,0,10.8,1.4,1.74,Dropout,Dropout,1,Management (evening attendance),0.7,3,0.7,0.0,1,"(25.0, 70.0]"
3520,1,43,1,9991,0,4,160.0,1,3,3,2,1,125.0,0,0,0,1,1,0,26,0,0,5,7,5,12.6,0,0,5,7,5,13.71428571,0,13.9,-0.3,0.79,Graduate,Graduate,0,Management (evening attendance),1.0,0,0.7142857142857143,0.0,0,"(25.0, 70.0]"
3521,1,17,1,171,1,1,125.0,1,37,37,7,9,134.1,1,0,0,1,1,0,24,0,12,17,19,13,11.64285714,0,12,17,25,12,11.25,0,11.1,0.6,2.02,Dropout,Dropout,1,Animation and Multimedia Design,0.7647058823529411,4,0.6842105263157895,0.0,0,"(20.0, 25.0]"
3522,1,1,1,9670,1,1,146.0,1,1,1,9,8,149.5,1,0,0,1,1,1,17,0,0,6,8,6,14.875,0,0,6,8,6,13.42857143,0,11.1,0.6,2.02,Graduate,Graduate,0,Advertising and Marketing Management,1.0,0,0.75,0.0,0,"(16.999, 19.0]"
3523,1,43,4,9670,1,1,117.0,1,3,3,4,4,113.2,0,0,0,1,1,0,21,0,0,5,11,2,10.0,0,0,5,10,3,10.33333333,0,9.4,-0.8,-3.12,Enrolled,Enrolled,0,Advertising and Marketing Management,0.4,3,0.18181818181818182,0.0,0,"(20.0, 25.0]"
3524,2,39,1,9991,0,1,150.0,1,1,4,4,2,146.0,0,0,0,1,1,0,34,0,0,5,5,5,14.2,0,0,5,5,5,14.6,0,12.7,3.7,-1.7,Enrolled,Enrolled,0,Management (evening attendance),1.0,0,1.0,0.0,0,"(25.0, 70.0]"
3525,1,44,1,9003,1,39,140.0,1,19,38,6,7,140.0,1,0,0,1,1,0,19,0,0,6,8,6,12.71428571,0,0,6,9,6,13.5,0,12.4,0.5,1.79,Graduate,Graduate,0,Agronomy,1.0,0,0.75,0.0,0,"(16.999, 19.0]"
3526,2,39,1,9003,1,1,111.0,1,1,3,4,2,162.4,0,0,1,0,1,0,49,0,4,12,16,5,11.6,0,2,7,7,5,11.2,0,8.9,1.4,3.51,Dropout,Dropout,1,Agronomy,0.4166666666666667,7,0.3125,0.0,1,"(25.0, 70.0]"
3527,1,43,1,9500,1,1,120.0,1,2,4,4,5,136.6,0,0,0,1,1,0,23,0,0,7,14,5,11.94,0,0,7,14,6,12.2,0,13.9,-0.3,0.79,Dropout,Dropout,1,Nursing,0.7142857142857143,2,0.35714285714285715,0.0,0,"(20.0, 25.0]"
3528,1,18,3,9119,1,1,111.0,1,1,19,9,8,111.0,1,0,0,1,1,0,18,0,0,5,10,4,11.6,0,0,5,9,3,14.2,0,12.4,0.5,1.79,Dropout,Dropout,1,Informatics Engineering,0.8,1,0.4,0.0,0,"(16.999, 19.0]"
3529,1,1,1,9500,1,1,118.0,1,12,1,4,10,115.7,0,0,0,1,1,0,20,0,0,7,9,5,12.7,0,0,8,9,7,13.475,0,13.9,-0.3,0.79,Enrolled,Enrolled,0,Nursing,0.7142857142857143,2,0.5555555555555556,0.0,0,"(19.0, 20.0]"
3530,1,1,3,9670,1,1,106.0,1,3,1,2,3,105.7,1,0,0,1,1,0,19,0,0,6,6,6,13.33333333,0,0,6,9,5,13.8,0,8.9,1.4,3.51,Graduate,Graduate,0,Advertising and Marketing Management,1.0,0,1.0,0.0,0,"(16.999, 19.0]"
3531,1,42,1,9003,1,39,120.0,1,3,1,2,6,128.2,1,0,0,1,1,0,24,0,4,9,13,8,13.33333333,0,5,10,12,9,13.11111111,0,16.2,0.3,-0.92,Enrolled,Enrolled,0,Agronomy,0.8888888888888888,1,0.6153846153846154,0.0,0,"(20.0, 25.0]"
3532,1,1,1,9147,1,1,151.0,1,1,38,4,7,137.0,1,0,0,1,1,0,18,0,0,5,5,5,13.4,0,0,5,5,5,15.0,0,8.9,1.4,3.51,Graduate,Graduate,0,Management,1.0,0,1.0,0.0,0,"(16.999, 19.0]"
3533,2,39,1,9254,1,19,133.1,1,34,34,0,0,120.0,0,0,1,0,1,0,45,0,0,6,12,0,0.0,0,0,6,12,0,0.0,0,9.4,-0.8,-3.12,Dropout,Dropout,1,Tourism,0.0,6,0.0,0.0,1,"(25.0, 70.0]"
3534,1,39,1,9991,0,1,120.0,1,34,34,0,0,120.5,1,0,0,1,1,0,30,0,0,5,5,2,11.0,0,0,5,5,0,0.0,0,7.6,2.6,0.32,Dropout,Dropout,1,Management (evening attendance),0.4,3,0.4,0.0,0,"(25.0, 70.0]"
3535,1,51,1,9991,0,39,120.0,1,1,4,4,10,118.1,0,0,0,1,1,0,28,0,13,15,17,13,12.0,0,9,13,13,9,11.33333333,0,8.9,1.4,3.51,Dropout,Dropout,1,Management (evening attendance),0.8666666666666667,2,0.7647058823529411,0.0,0,"(25.0, 70.0]"
3536,1,39,1,9991,0,1,110.0,1,37,37,9,9,139.0,0,0,0,1,1,0,40,0,0,5,0,0,0.0,0,0,5,0,0,0.0,0,12.7,3.7,-1.7,Dropout,Dropout,1,Management (evening attendance),0.0,5,0.0,0.0,0,"(25.0, 70.0]"
3537,1,39,2,9147,1,19,133.1,1,38,19,4,10,116.3,0,0,0,0,1,0,32,0,0,5,5,0,0.0,0,0,5,9,0,0.0,0,10.8,1.4,1.74,Dropout,Dropout,1,Management,0.0,5,0.0,0.0,1,"(25.0, 70.0]"
3538,1,17,5,9254,1,1,118.0,1,19,37,5,5,120.5,1,0,0,1,1,0,19,0,0,6,12,4,12.5,0,0,6,12,4,10.25,0,7.6,2.6,0.32,Dropout,Dropout,1,Tourism,0.6666666666666666,2,0.3333333333333333,0.0,0,"(16.999, 19.0]"
3539,1,1,1,9070,1,1,139.0,1,1,19,3,9,134.9,1,0,0,1,1,0,20,0,0,6,7,6,13.66666667,0,0,6,7,6,12.16666667,1,16.2,0.3,-0.92,Graduate,Graduate,0,Communication Design,1.0,0,0.8571428571428571,0.0,0,"(19.0, 20.0]"
3540,1,17,1,9119,1,1,130.0,1,1,3,4,2,123.0,0,0,0,1,1,0,18,0,0,5,10,1,10.0,0,0,5,7,0,0.0,0,9.4,-0.8,-3.12,Dropout,Dropout,1,Informatics Engineering,0.2,4,0.1,0.0,0,"(16.999, 19.0]"
3541,1,17,1,9670,1,1,132.0,1,38,37,9,9,122.9,0,0,0,0,1,0,20,0,0,6,6,6,11.5,0,0,6,9,2,13.0,0,10.8,1.4,1.74,Dropout,Dropout,1,Advertising and Marketing Management,1.0,0,1.0,0.0,1,"(19.0, 20.0]"
3542,1,39,1,9991,0,1,100.0,1,37,38,9,4,140.0,0,0,0,1,1,0,39,0,0,5,7,4,12.25,0,0,5,7,4,12.75,0,15.5,2.8,-4.06,Enrolled,Enrolled,0,Management (evening attendance),0.8,1,0.5714285714285714,0.0,0,"(25.0, 70.0]"
3543,1,17,1,9085,1,1,120.0,1,19,38,4,8,122.5,0,0,0,0,1,0,19,0,0,6,11,5,13.6,0,0,6,11,5,13.66666667,0,11.1,0.6,2.02,Enrolled,Enrolled,0,Veterinary Nursing,0.8333333333333334,1,0.45454545454545453,0.0,1,"(16.999, 19.0]"
3544,1,39,1,9991,0,12,133.1,1,37,37,9,9,121.5,0,0,0,1,1,0,38,0,0,5,11,2,10.5,0,0,5,9,3,11.33333333,1,7.6,2.6,0.32,Enrolled,Enrolled,0,Management (evening attendance),0.4,3,0.18181818181818182,0.0,0,"(25.0, 70.0]"
3545,1,17,3,9500,1,1,156.0,1,19,37,4,9,132.3,1,0,0,1,1,1,18,0,0,7,7,6,13.26666667,0,0,7,7,6,13.26666667,0,7.6,2.6,0.32,Graduate,Graduate,0,Nursing,0.8571428571428571,1,0.8571428571428571,0.0,0,"(16.999, 19.0]"
3546,1,17,4,9500,1,1,143.0,1,19,38,9,6,131.5,1,0,0,1,1,1,18,0,0,7,8,7,12.5125,0,0,8,8,8,14.1875,0,13.9,-0.3,0.79,Graduate,Graduate,0,Nursing,1.0,0,0.875,0.0,0,"(16.999, 19.0]"
3547,2,43,1,9130,1,9,133.1,1,34,34,0,0,128.2,0,0,0,1,1,0,28,0,0,5,9,0,0.0,0,0,5,5,0,0.0,0,7.6,2.6,0.32,Dropout,Dropout,1,Equinculture,0.0,5,0.0,0.0,0,"(25.0, 70.0]"
3548,1,39,1,9670,1,1,140.0,1,37,37,9,9,148.0,1,0,0,0,1,0,31,0,0,6,14,0,0.0,0,0,6,6,0,0.0,0,12.7,3.7,-1.7,Dropout,Dropout,1,Advertising and Marketing Management,0.0,6,0.0,0.0,1,"(25.0, 70.0]"
3549,1,1,1,9500,1,1,127.0,1,2,19,3,9,121.5,0,0,0,1,1,0,23,0,0,7,7,6,13.48333333,0,0,7,7,6,13.48333333,0,7.6,2.6,0.32,Graduate,Graduate,0,Nursing,0.8571428571428571,1,0.8571428571428571,0.0,0,"(20.0, 25.0]"
3550,1,1,1,9500,1,1,135.0,1,38,19,194,193,135.4,1,0,0,1,1,0,21,0,0,7,9,6,12.565,0,0,8,12,5,12.16,0,11.1,0.6,2.02,Enrolled,Enrolled,0,Nursing,0.8571428571428571,1,0.6666666666666666,0.0,0,"(20.0, 25.0]"
3551,1,39,1,9238,1,19,133.1,1,37,37,9,9,139.0,0,0,1,0,1,0,33,0,0,6,8,0,0.0,0,0,5,6,0,0.0,0,16.2,0.3,-0.92,Dropout,Dropout,1,Social Service,0.0,6,0.0,0.0,1,"(25.0, 70.0]"
3552,1,43,1,9147,1,1,120.0,1,37,37,5,3,113.4,0,0,0,1,1,0,22,0,0,5,9,3,13.0,0,0,5,9,3,11.66666667,0,12.7,3.7,-1.7,Dropout,Dropout,1,Management,0.6,2,0.3333333333333333,0.0,0,"(20.0, 25.0]"
3553,1,44,1,9119,1,39,150.0,1,19,37,9,9,150.0,1,0,1,1,1,0,20,0,0,5,6,5,16.5,0,0,5,7,5,17.71428571,0,12.4,0.5,1.79,Dropout,Dropout,1,Informatics Engineering,1.0,0,0.8333333333333334,0.0,1,"(19.0, 20.0]"
3554,1,17,1,9670,1,1,123.0,1,37,38,3,3,122.0,0,0,1,1,1,0,19,0,0,6,7,6,13.16666667,0,0,6,9,5,13.2,0,8.9,1.4,3.51,Enrolled,Enrolled,0,Advertising and Marketing Management,1.0,0,0.8571428571428571,0.0,1,"(16.999, 19.0]"
3555,1,44,1,9085,1,39,150.0,1,38,38,4,1,150.0,1,0,0,1,1,0,20,0,1,6,11,6,13.8,0,1,6,7,6,13.14285714,0,16.2,0.3,-0.92,Graduate,Graduate,0,Veterinary Nursing,1.0,0,0.5454545454545454,0.0,0,"(19.0, 20.0]"
3556,1,39,1,9254,1,12,133.1,1,37,37,5,7,119.3,1,0,0,1,1,0,25,0,0,6,7,6,11.16666667,0,0,6,11,4,11.8,0,9.4,-0.8,-3.12,Enrolled,Enrolled,0,Tourism,1.0,0,0.8571428571428571,0.0,0,"(20.0, 25.0]"
3557,1,39,1,9003,1,1,130.0,1,1,1,9,4,140.0,0,0,0,0,1,0,25,0,0,6,0,0,0.0,0,0,6,0,0,0.0,0,13.9,-0.3,0.79,Dropout,Dropout,1,Agronomy,0.0,6,0.0,0.0,1,"(20.0, 25.0]"
3558,1,1,4,9070,1,1,140.0,1,4,19,2,10,125.0,1,0,0,1,1,0,19,0,0,6,7,6,12.66666667,0,0,6,8,6,12.14285714,0,9.4,-0.8,-3.12,Enrolled,Enrolled,0,Communication Design,1.0,0,0.8571428571428571,0.0,0,"(16.999, 19.0]"
3559,1,1,1,9670,1,1,141.0,1,2,1,2,4,140.7,1,0,0,1,1,0,20,0,0,5,5,5,12.6,0,0,5,6,4,14.5,1,7.6,2.6,0.32,Graduate,Graduate,0,Advertising and Marketing Management,1.0,0,1.0,0.0,0,"(19.0, 20.0]"
3560,2,39,1,9500,1,19,133.1,1,19,19,4,4,100.0,0,0,0,1,1,0,33,0,0,7,7,5,13.06,0,0,7,9,0,0.0,0,16.2,0.3,-0.92,Enrolled,Enrolled,0,Nursing,0.7142857142857143,2,0.7142857142857143,0.0,0,"(25.0, 70.0]"
3561,1,17,5,9773,1,1,146.0,1,1,37,5,5,146.7,1,0,0,1,1,0,19,0,0,6,7,6,13.83333333,0,0,6,8,6,13.625,0,7.6,2.6,0.32,Graduate,Graduate,0,Journalism and Communication,1.0,0,0.8571428571428571,0.0,0,"(16.999, 19.0]"
3562,1,39,1,9130,1,19,133.1,1,34,34,99,99,96.0,0,0,0,1,1,0,31,0,0,5,5,0,0.0,0,0,5,5,0,0.0,0,7.6,2.6,0.32,Dropout,Dropout,1,Equinculture,0.0,5,0.0,0.0,0,"(25.0, 70.0]"
3563,1,44,1,9119,1,39,160.0,1,3,38,2,3,160.0,0,0,1,0,1,0,24,0,2,6,6,2,16.0,0,2,7,7,2,16.0,0,8.9,1.4,3.51,Dropout,Dropout,1,Informatics Engineering,0.3333333333333333,4,0.3333333333333333,0.0,1,"(20.0, 25.0]"
3564,1,44,1,9119,1,39,130.0,1,19,3,3,4,130.0,0,0,1,0,1,0,23,0,0,5,5,0,0.0,0,0,5,5,0,0.0,0,15.5,2.8,-4.06,Dropout,Dropout,1,Informatics Engineering,0.0,5,0.0,0.0,1,"(20.0, 25.0]"
3565,2,39,1,9991,0,1,160.0,1,1,3,1,2,130.0,0,0,0,0,1,1,26,0,0,5,12,3,10.66666667,0,0,5,11,3,10.66666667,0,9.4,-0.8,-3.12,Dropout,Dropout,1,Management (evening attendance),0.6,2,0.25,0.0,1,"(25.0, 70.0]"
3566,2,43,1,9070,1,2,140.0,1,37,37,6,6,140.0,1,0,0,1,1,0,38,0,14,18,18,18,14.5,0,13,18,18,18,14.5,0,16.2,0.3,-0.92,Graduate,Graduate,0,Communication Design,1.0,0,1.0,0.0,0,"(25.0, 70.0]"
3567,1,1,6,9119,1,1,126.0,1,19,19,7,3,116.6,1,0,0,1,1,1,20,0,0,5,6,5,14.0,0,0,5,7,5,13.8,0,8.9,1.4,3.51,Graduate,Graduate,0,Informatics Engineering,1.0,0,0.8333333333333334,0.0,0,"(19.0, 20.0]"
3568,1,17,5,9119,1,1,118.0,1,1,19,9,9,120.5,1,0,0,1,1,0,20,0,0,5,10,3,13.33333333,0,0,5,11,5,13.57142857,0,12.4,0.5,1.79,Graduate,Graduate,0,Informatics Engineering,0.6,2,0.3,0.0,0,"(19.0, 20.0]"
3569,1,39,1,9085,1,19,133.1,1,3,1,2,5,103.0,0,0,0,1,1,0,25,0,0,6,0,0,0.0,0,0,6,0,0,0.0,0,10.8,1.4,1.74,Dropout,Dropout,1,Veterinary Nursing,0.0,6,0.0,0.0,0,"(20.0, 25.0]"
3570,1,17,2,9070,1,1,121.0,1,1,19,144,144,111.9,1,0,0,1,1,0,19,0,0,6,9,5,12.0,0,0,6,10,4,11.2,0,8.9,1.4,3.51,Graduate,Graduate,0,Communication Design,0.8333333333333334,1,0.5555555555555556,0.0,0,"(16.999, 19.0]"
3571,1,17,1,9119,1,1,148.0,1,1,38,4,5,148.7,0,0,0,1,1,0,18,0,0,5,6,5,16.2,0,0,5,8,5,16.0,0,8.9,1.4,3.51,Graduate,Graduate,0,Informatics Engineering,1.0,0,0.8333333333333334,0.0,0,"(16.999, 19.0]"
3572,1,43,1,9991,0,12,133.1,1,12,12,9,9,120.0,0,0,0,1,1,0,28,0,7,13,13,7,10.28571429,0,5,11,13,5,10.6,0,10.8,1.4,1.74,Dropout,Dropout,1,Management (evening attendance),0.5384615384615384,6,0.5384615384615384,0.0,0,"(25.0, 70.0]"
3573,1,1,2,9119,1,1,140.0,1,19,19,9,9,125.7,1,0,0,1,1,0,18,0,0,5,5,0,0.0,0,0,5,5,0,0.0,0,9.4,-0.8,-3.12,Enrolled,Enrolled,0,Informatics Engineering,0.0,5,0.0,0.0,0,"(16.999, 19.0]"
3574,1,1,1,9254,1,1,132.0,1,1,38,9,9,120.1,1,0,0,1,1,1,20,0,0,6,7,6,13.57142857,0,0,6,8,6,13.16666667,0,8.9,1.4,3.51,Graduate,Graduate,0,Tourism,1.0,0,0.8571428571428571,0.0,0,"(19.0, 20.0]"
3575,1,1,1,9130,1,1,140.0,1,4,3,3,3,127.8,0,0,0,1,1,0,18,0,0,6,7,6,14.28571429,0,0,6,9,6,14.85714286,0,11.1,0.6,2.02,Graduate,Graduate,0,Equinculture,1.0,0,0.8571428571428571,0.0,0,"(16.999, 19.0]"
3576,1,17,3,9147,1,1,112.0,1,1,1,3,3,106.4,1,0,0,1,1,0,19,0,0,5,7,5,10.2,0,0,5,6,4,10.5,0,12.4,0.5,1.79,Graduate,Graduate,0,Management,1.0,0,0.7142857142857143,0.0,0,"(16.999, 19.0]"
3577,1,42,1,9500,1,1,100.0,1,19,19,9,9,100.0,0,0,1,1,1,0,24,0,0,8,16,2,10.25,1,0,8,16,2,10.25,1,12.7,3.7,-1.7,Dropout,Dropout,1,Nursing,0.25,6,0.125,0.125,1,"(20.0, 25.0]"
3578,1,17,4,9085,1,1,126.0,1,1,3,5,5,123.9,1,0,0,1,1,0,21,0,0,6,0,0,0.0,0,0,6,0,0,0.0,0,10.8,1.4,1.74,Dropout,Dropout,1,Veterinary Nursing,0.0,6,0.0,0.0,0,"(20.0, 25.0]"
3579,1,1,1,9670,1,1,150.0,1,3,37,4,7,139.5,0,0,0,1,1,1,20,0,0,6,7,6,14.83333333,0,0,6,6,6,14.83333333,0,12.7,3.7,-1.7,Graduate,Graduate,0,Advertising and Marketing Management,1.0,0,0.8571428571428571,0.0,0,"(19.0, 20.0]"
3580,1,44,1,9003,1,39,150.0,1,19,1,9,8,150.0,1,0,0,1,1,0,21,0,0,6,12,5,13.625,0,0,6,6,5,12.6,0,13.9,-0.3,0.79,Graduate,Graduate,0,Agronomy,0.8333333333333334,1,0.4166666666666667,0.0,0,"(20.0, 25.0]"
3581,2,1,1,9556,1,1,144.0,1,19,19,193,144,139.8,0,0,1,1,1,0,24,0,0,7,7,7,12.27142857,0,0,8,10,7,13.65714286,0,10.8,1.4,1.74,Graduate,Graduate,0,Oral Hygiene,1.0,0,1.0,0.0,1,"(20.0, 25.0]"
3582,1,39,1,9991,0,1,133.1,1,38,37,9,9,154.4,0,0,0,1,1,0,27,0,0,5,0,0,0.0,0,0,5,0,0,0.0,0,10.8,1.4,1.74,Dropout,Dropout,1,Management (evening attendance),0.0,5,0.0,0.0,0,"(25.0, 70.0]"
3583,1,17,6,9147,1,1,120.0,1,37,38,9,9,115.5,1,0,1,0,1,0,19,0,0,5,8,4,12.5,0,0,5,9,5,10.5,0,8.9,1.4,3.51,Enrolled,Enrolled,0,Management,0.8,1,0.5,0.0,1,"(16.999, 19.0]"
3584,1,39,1,8014,0,1,133.1,1,3,19,4,7,119.0,0,0,0,1,1,0,39,0,3,9,10,9,13.22222222,0,2,7,8,7,13.14285714,0,8.9,1.4,3.51,Graduate,Graduate,0,Social Service (evening attendance),1.0,0,0.9,0.0,0,"(25.0, 70.0]"
3585,1,39,1,33,1,1,133.1,1,19,37,9,9,96.1,0,0,0,1,1,0,25,0,0,7,13,2,15.0,0,0,7,12,2,11.5,0,12.4,0.5,1.79,Dropout,Dropout,1,Biofuel Production Technologies,0.2857142857142857,5,0.15384615384615385,0.0,0,"(20.0, 25.0]"
3586,1,7,1,171,1,3,130.0,1,1,2,9,2,130.0,0,0,0,0,1,0,18,0,0,0,0,0,0.0,0,0,0,0,0,0.0,0,9.4,-0.8,-3.12,Dropout,Dropout,1,Animation and Multimedia Design,0.0,0,0.0,0.0,1,"(16.999, 19.0]"
3587,1,43,1,9070,1,1,133.0,1,1,2,9,2,128.8,0,0,0,1,1,0,19,0,6,12,12,12,13.16666667,0,6,12,12,12,13.0,0,10.8,1.4,1.74,Graduate,Graduate,0,Communication Design,1.0,0,1.0,0.0,0,"(16.999, 19.0]"
3588,1,18,1,9773,1,1,124.0,1,38,37,9,8,126.8,0,0,0,1,1,1,21,0,0,6,8,5,13.83333333,0,0,6,6,4,14.0,0,13.9,-0.3,0.79,Graduate,Graduate,0,Journalism and Communication,0.8333333333333334,1,0.625,0.0,0,"(20.0, 25.0]"
3589,1,7,1,9991,0,40,130.0,1,1,3,4,2,130.0,0,0,0,1,1,0,27,0,0,5,0,0,0.0,0,0,5,0,0,0.0,0,8.9,1.4,3.51,Dropout,Dropout,1,Management (evening attendance),0.0,5,0.0,0.0,0,"(25.0, 70.0]"
3590,1,1,3,9147,1,1,124.0,1,1,1,5,3,116.7,1,0,0,1,1,0,19,0,0,5,6,0,0.0,0,0,5,6,0,0.0,0,7.6,2.6,0.32,Enrolled,Enrolled,0,Management,0.0,5,0.0,0.0,0,"(16.999, 19.0]"
3591,1,17,3,9500,1,1,132.0,1,3,1,2,7,125.5,1,0,0,1,1,0,18,0,0,8,8,7,13.15428571,0,0,8,8,7,13.15428571,0,10.8,1.4,1.74,Enrolled,Enrolled,0,Nursing,0.875,1,0.875,0.0,0,"(16.999, 19.0]"
3592,1,7,1,9670,1,3,110.0,1,27,37,3,3,110.0,1,0,0,1,1,0,27,0,7,12,12,9,12.33333333,0,6,11,11,6,13.16666667,0,9.4,-0.8,-3.12,Dropout,Dropout,1,Advertising and Marketing Management,0.75,3,0.75,0.0,0,"(25.0, 70.0]"
3593,1,1,3,9773,1,1,127.0,1,19,38,8,3,133.7,1,0,1,1,1,0,18,0,0,6,6,6,13.0,0,0,6,7,5,11.8,0,12.7,3.7,-1.7,Dropout,Dropout,1,Journalism and Communication,1.0,0,1.0,0.0,1,"(16.999, 19.0]"
3594,1,1,1,9130,1,1,130.0,1,2,3,9,1,117.6,0,0,0,1,1,0,19,0,0,5,14,2,11.5,2,0,5,8,5,11.4,3,9.4,-0.8,-3.12,Enrolled,Enrolled,0,Equinculture,0.4,3,0.14285714285714285,0.4,0,"(16.999, 19.0]"
3595,1,44,1,9003,1,39,140.0,1,19,38,9,10,140.0,0,0,0,1,1,0,19,0,0,6,15,3,13.25,0,0,6,9,1,12.0,0,13.9,-0.3,0.79,Dropout,Dropout,1,Agronomy,0.5,3,0.2,0.0,0,"(16.999, 19.0]"
3596,1,44,1,9003,1,39,150.0,1,19,1,1,1,150.0,0,0,0,1,1,0,22,0,0,6,12,3,13.33333333,0,0,6,12,3,12.75,0,15.5,2.8,-4.06,Enrolled,Enrolled,0,Agronomy,0.5,3,0.25,0.0,0,"(20.0, 25.0]"
3597,1,16,2,9238,1,1,133.0,1,19,38,4,5,133.7,1,0,0,1,0,0,18,0,0,6,6,6,13.5,0,0,6,6,6,12.16666667,0,10.8,1.4,1.74,Graduate,Graduate,0,Social Service,1.0,0,1.0,0.0,0,"(16.999, 19.0]"
3598,1,16,4,9773,1,1,109.0,1,37,37,9,3,137.0,1,0,0,1,0,1,18,0,0,6,7,6,12.66666667,0,0,6,8,5,12.8,0,10.8,1.4,1.74,Graduate,Graduate,0,Journalism and Communication,1.0,0,0.8571428571428571,0.0,0,"(16.999, 19.0]"
3599,1,43,1,9147,1,1,133.1,1,4,19,2,1,128.2,0,0,0,1,0,0,23,0,7,11,18,11,15.09090909,1,2,6,7,6,14.5,0,9.4,-0.8,-3.12,Dropout,Dropout,1,Management,1.0,0,0.6111111111111112,0.09090909090909091,0,"(20.0, 25.0]"
3600,1,18,4,171,1,1,133.0,1,1,4,9,5,129.2,1,0,1,0,1,0,20,0,0,0,0,0,0.0,0,0,0,0,0,0.0,0,9.4,-0.8,-3.12,Dropout,Dropout,1,Animation and Multimedia Design,0.0,0,0.0,0.0,1,"(19.0, 20.0]"
3601,1,17,3,9773,1,1,134.0,1,2,1,3,3,129.5,1,0,0,1,1,0,18,0,0,6,7,6,13.16666667,0,0,6,7,6,12.66666667,0,16.2,0.3,-0.92,Graduate,Graduate,0,Journalism and Communication,1.0,0,0.8571428571428571,0.0,0,"(16.999, 19.0]"
3602,1,1,4,9773,1,1,125.0,1,19,19,9,7,129.6,1,0,0,1,1,0,18,0,0,6,6,6,12.83333333,0,0,6,8,6,12.83333333,0,12.4,0.5,1.79,Graduate,Graduate,0,Journalism and Communication,1.0,0,1.0,0.0,0,"(16.999, 19.0]"
3603,1,17,3,9119,1,1,135.0,1,1,19,141,193,121.7,1,0,0,1,1,0,18,0,0,5,7,5,11.8,0,0,5,9,3,12.0,0,8.9,1.4,3.51,Enrolled,Enrolled,0,Informatics Engineering,1.0,0,0.7142857142857143,0.0,0,"(16.999, 19.0]"
3604,1,17,2,9773,1,1,132.0,1,19,1,9,9,141.8,1,0,0,1,1,0,20,0,0,6,6,6,11.83333333,0,0,6,6,6,12.16666667,0,12.7,3.7,-1.7,Graduate,Graduate,0,Journalism and Communication,1.0,0,1.0,0.0,0,"(19.0, 20.0]"
3605,1,1,3,9773,1,1,135.0,1,3,1,2,4,129.8,1,0,0,1,1,0,20,0,0,6,6,5,12.8,0,0,6,11,3,12.75,0,15.5,2.8,-4.06,Graduate,Graduate,0,Journalism and Communication,0.8333333333333334,1,0.8333333333333334,0.0,0,"(19.0, 20.0]"
3606,1,44,1,9070,1,39,100.0,1,1,1,4,4,106.0,0,0,0,1,1,0,21,0,2,7,7,5,11.8,0,5,9,9,5,11.0,0,12.4,0.5,1.79,Dropout,Dropout,1,Communication Design,0.7142857142857143,2,0.7142857142857143,0.0,0,"(20.0, 25.0]"
3607,1,43,1,171,1,1,144.0,1,19,19,9,4,121.6,0,0,0,1,1,0,22,0,0,0,0,0,0.0,0,0,0,0,0,0.0,0,13.9,-0.3,0.79,Enrolled,Enrolled,0,Animation and Multimedia Design,0.0,0,0.0,0.0,0,"(20.0, 25.0]"
3608,1,17,1,9119,1,1,125.0,1,19,1,5,4,121.5,1,0,0,1,1,0,20,0,0,5,7,5,15.8,0,0,5,7,5,14.57142857,0,11.1,0.6,2.02,Dropout,Dropout,1,Informatics Engineering,1.0,0,0.7142857142857143,0.0,0,"(19.0, 20.0]"
3609,1,1,1,171,1,1,133.1,1,1,37,9,9,117.0,0,0,1,1,1,0,19,0,0,0,0,0,0.0,0,0,0,0,0,0.0,0,15.5,2.8,-4.06,Enrolled,Enrolled,0,Animation and Multimedia Design,0.0,0,0.0,0.0,1,"(16.999, 19.0]"
3610,1,44,1,9119,1,39,130.0,1,38,19,9,5,130.0,1,0,0,1,1,0,19,0,0,5,9,2,12.5,0,0,5,10,3,11.6,0,12.4,0.5,1.79,Enrolled,Enrolled,0,Informatics Engineering,0.4,3,0.2222222222222222,0.0,0,"(16.999, 19.0]"
3611,1,17,1,9670,1,1,117.0,1,1,1,4,4,117.7,1,0,0,1,1,0,20,0,0,6,9,6,14.66666667,0,0,6,7,6,13.85714286,0,8.9,1.4,3.51,Graduate,Graduate,0,Advertising and Marketing Management,1.0,0,0.6666666666666666,0.0,0,"(19.0, 20.0]"
3612,1,44,1,9085,1,39,140.0,1,19,37,5,7,140.0,1,0,0,1,1,0,19,0,2,6,10,4,12.5,0,1,6,16,2,12.0,0,12.4,0.5,1.79,Dropout,Dropout,1,Veterinary Nursing,0.6666666666666666,2,0.4,0.0,0,"(16.999, 19.0]"
3613,1,1,1,9119,1,1,132.0,1,1,12,3,3,133.1,1,0,0,1,1,0,19,0,0,5,7,3,12.0,0,0,6,10,2,10.5,0,11.1,0.6,2.02,Dropout,Dropout,1,Informatics Engineering,0.6,2,0.42857142857142855,0.0,0,"(16.999, 19.0]"
3614,1,15,1,9119,1,1,133.1,41,2,2,2,2,100.0,0,0,1,1,1,0,24,1,2,8,8,7,13.14285714,0,1,6,8,6,11.83333333,0,8.9,1.4,3.51,Enrolled,Enrolled,0,Informatics Engineering,0.875,1,0.875,0.0,1,"(20.0, 25.0]"
3615,1,17,1,9670,1,1,132.0,1,19,1,5,4,119.1,0,0,1,1,1,0,18,0,0,6,6,3,12.66666667,0,0,6,11,4,11.14285714,0,10.8,1.4,1.74,Dropout,Dropout,1,Advertising and Marketing Management,0.5,3,0.5,0.0,1,"(16.999, 19.0]"
3616,1,1,1,9119,1,1,148.0,1,19,19,9,8,129.8,0,0,0,0,1,1,18,0,0,5,6,5,15.0,0,0,5,6,5,14.2,0,8.9,1.4,3.51,Enrolled,Enrolled,0,Informatics Engineering,1.0,0,0.8333333333333334,0.0,1,"(16.999, 19.0]"
3617,1,1,1,9238,1,1,133.0,1,19,38,9,7,131.3,1,0,1,1,0,0,18,0,0,6,7,5,13.6,0,0,6,7,5,11.8,0,8.9,1.4,3.51,Dropout,Dropout,1,Social Service,0.8333333333333334,1,0.7142857142857143,0.0,1,"(16.999, 19.0]"
3618,1,17,5,9773,1,1,143.0,1,1,1,7,7,136.7,1,0,0,1,0,0,18,0,0,6,6,6,12.5,0,0,6,6,6,13.83333333,0,8.9,1.4,3.51,Graduate,Graduate,0,Journalism and Communication,1.0,0,1.0,0.0,0,"(16.999, 19.0]"
3619,1,17,1,9238,1,1,143.0,1,19,37,9,9,126.2,1,0,0,1,0,1,21,0,0,6,7,6,13.33333333,0,0,6,7,6,13.5,0,12.4,0.5,1.79,Graduate,Graduate,0,Social Service,1.0,0,0.8571428571428571,0.0,0,"(20.0, 25.0]"
3620,1,15,1,9085,1,1,133.1,41,37,37,9,9,109.6,0,0,0,1,0,0,18,1,0,6,13,4,12.25,0,0,6,15,5,11.0,0,11.1,0.6,2.02,Dropout,Dropout,1,Veterinary Nursing,0.6666666666666666,2,0.3076923076923077,0.0,0,"(16.999, 19.0]"
3621,1,1,1,9500,1,1,141.0,1,1,19,3,3,131.9,1,0,0,1,0,1,18,0,0,7,7,7,15.10142857,0,0,8,8,8,16.09375,0,11.1,0.6,2.02,Graduate,Graduate,0,Nursing,1.0,0,1.0,0.0,0,"(16.999, 19.0]"
3622,1,1,2,9238,1,1,140.0,1,19,37,9,9,140.7,1,0,0,1,0,1,18,0,0,6,6,6,13.16666667,0,0,6,6,6,16.0,0,10.8,1.4,1.74,Graduate,Graduate,0,Social Service,1.0,0,1.0,0.0,0,"(16.999, 19.0]"
3623,1,18,6,8014,0,1,134.0,1,3,19,2,4,120.7,1,0,0,1,0,0,23,0,0,6,8,4,11.0,0,0,6,6,0,0.0,0,13.9,-0.3,0.79,Dropout,Dropout,1,Social Service (evening attendance),0.6666666666666666,2,0.5,0.0,0,"(20.0, 25.0]"
3624,1,1,2,9147,1,1,118.0,1,3,19,2,4,113.8,1,0,0,1,0,0,21,0,0,5,9,3,11.66666667,0,0,5,9,4,11.75,0,8.9,1.4,3.51,Graduate,Graduate,0,Management,0.6,2,0.3333333333333333,0.0,0,"(20.0, 25.0]"
3625,1,1,1,9238,1,1,135.0,1,19,38,7,5,121.0,0,0,0,1,0,0,20,0,0,6,13,1,10.0,0,0,6,13,1,13.0,0,9.4,-0.8,-3.12,Enrolled,Enrolled,0,Social Service,0.16666666666666666,5,0.07692307692307693,0.0,0,"(19.0, 20.0]"
3626,1,17,1,8014,0,1,119.0,1,34,34,0,0,112.4,1,0,0,1,0,0,26,0,4,7,15,7,11.57142857,0,2,6,14,2,11.0,0,7.6,2.6,0.32,Dropout,Dropout,1,Social Service (evening attendance),1.0,0,0.4666666666666667,0.0,0,"(25.0, 70.0]"
3627,1,1,6,9773,1,1,145.0,1,1,19,4,4,131.0,1,0,0,1,0,1,18,0,0,6,6,6,12.16666667,0,0,6,10,5,11.2,0,7.6,2.6,0.32,Enrolled,Enrolled,0,Journalism and Communication,1.0,0,1.0,0.0,0,"(16.999, 19.0]"
3628,1,1,1,171,1,1,143.0,1,3,37,9,9,142.7,1,0,0,1,0,0,18,0,0,0,0,0,0.0,0,0,0,0,0,0.0,0,16.2,0.3,-0.92,Dropout,Dropout,1,Animation and Multimedia Design,0.0,0,0.0,0.0,0,"(16.999, 19.0]"
3629,1,1,1,9670,1,1,123.0,1,19,19,9,8,125.5,0,0,0,0,0,1,19,0,0,6,6,6,13.83333333,0,0,6,7,6,14.28571429,0,8.9,1.4,3.51,Graduate,Graduate,0,Advertising and Marketing Management,1.0,0,1.0,0.0,1,"(16.999, 19.0]"
3630,1,1,3,9500,1,1,108.0,1,19,1,9,3,107.8,1,0,0,1,0,1,20,0,0,7,10,6,12.35714286,0,0,8,9,7,13.0,0,13.9,-0.3,0.79,Graduate,Graduate,0,Nursing,0.8571428571428571,1,0.6,0.0,0,"(19.0, 20.0]"
3631,1,1,3,9773,1,1,117.0,1,38,19,7,7,110.4,1,0,1,0,0,0,19,0,0,6,7,6,12.16666667,0,0,6,10,2,10.33333333,0,16.2,0.3,-0.92,Dropout,Dropout,1,Journalism and Communication,1.0,0,0.8571428571428571,0.0,1,"(16.999, 19.0]"
3632,1,44,1,9238,1,39,140.0,1,37,19,191,102,136.1,1,0,1,1,0,0,21,0,3,6,8,3,12.0,0,2,6,6,2,12.5,0,12.4,0.5,1.79,Enrolled,Enrolled,0,Social Service,0.5,3,0.375,0.0,1,"(20.0, 25.0]"
3633,1,39,1,9254,1,1,170.0,1,37,37,4,6,138.3,0,0,0,1,0,0,33,0,5,10,14,9,12.41666667,0,5,9,14,7,13.0,0,10.8,1.4,1.74,Graduate,Graduate,0,Tourism,0.9,1,0.6428571428571429,0.0,0,"(25.0, 70.0]"
3634,1,1,2,9085,1,1,157.0,1,3,38,4,6,142.3,0,0,0,1,0,0,18,0,0,5,7,4,12.75,0,0,5,6,4,12.75,0,7.6,2.6,0.32,Graduate,Graduate,0,Veterinary Nursing,0.8,1,0.5714285714285714,0.0,0,"(16.999, 19.0]"
3635,1,42,1,9500,1,6,141.0,1,37,1,9,4,145.0,0,0,0,1,0,0,21,0,12,21,33,18,14.93333333,12,12,21,33,18,14.93333333,12,7.6,2.6,0.32,Graduate,Graduate,0,Nursing,0.8571428571428571,3,0.5454545454545454,0.5714285714285714,0,"(20.0, 25.0]"
3636,1,1,1,9773,1,1,125.0,1,3,19,2,3,125.7,1,0,0,1,0,0,19,0,0,6,6,6,13.0,0,0,6,7,6,11.66666667,0,8.9,1.4,3.51,Graduate,Graduate,0,Journalism and Communication,1.0,0,1.0,0.0,0,"(16.999, 19.0]"
3637,4,39,1,9853,1,19,133.1,1,38,19,9,9,108.0,0,0,1,0,0,0,33,0,0,7,7,7,12.85714286,0,0,7,8,6,12.66666667,0,8.9,1.4,3.51,Enrolled,Enrolled,0,Basic Education,1.0,0,1.0,0.0,1,"(25.0, 70.0]"
3638,2,1,4,9500,1,1,143.0,1,38,38,5,5,128.7,1,0,0,1,0,0,18,0,0,7,10,7,14.455,0,0,8,8,8,13.91,0,15.5,2.8,-4.06,Graduate,Graduate,0,Nursing,1.0,0,0.7,0.0,0,"(16.999, 19.0]"
3639,1,1,1,9670,1,1,142.0,1,1,19,4,4,128.0,0,0,0,1,0,1,18,0,0,6,8,6,14.0,0,0,6,7,6,13.28571429,0,11.1,0.6,2.02,Graduate,Graduate,0,Advertising and Marketing Management,1.0,0,0.75,0.0,0,"(16.999, 19.0]"
3640,1,1,3,9773,1,1,150.0,1,19,38,4,4,146.5,1,0,0,1,0,1,20,0,0,6,6,6,13.5,0,0,6,7,6,12.66666667,0,11.1,0.6,2.02,Graduate,Graduate,0,Journalism and Communication,1.0,0,1.0,0.0,0,"(19.0, 20.0]"
3641,1,1,2,9254,1,1,112.0,1,37,37,6,6,106.1,1,0,0,0,0,0,20,0,0,6,0,0,0.0,0,0,6,0,0,0.0,0,11.1,0.6,2.02,Dropout,Dropout,1,Tourism,0.0,6,0.0,0.0,1,"(19.0, 20.0]"
3642,1,17,2,8014,0,1,133.1,1,19,1,1,1,118.0,0,0,0,1,0,1,20,0,0,6,6,6,11.66666667,0,0,6,12,5,14.0,0,10.8,1.4,1.74,Graduate,Graduate,0,Social Service (evening attendance),1.0,0,1.0,0.0,0,"(19.0, 20.0]"
3643,1,17,1,9085,1,1,125.0,1,1,37,4,9,117.0,1,0,0,1,0,1,19,0,0,5,6,4,12.0,0,0,5,8,5,13.33333333,1,10.8,1.4,1.74,Graduate,Graduate,0,Veterinary Nursing,0.8,1,0.6666666666666666,0.0,0,"(16.999, 19.0]"
3644,1,1,3,9238,1,1,121.0,1,38,37,8,8,115.4,1,0,0,1,0,1,19,0,0,6,7,6,11.71428571,0,0,6,6,6,11.83333333,0,13.9,-0.3,0.79,Graduate,Graduate,0,Social Service,1.0,0,0.8571428571428571,0.0,0,"(16.999, 19.0]"
3645,1,17,3,9238,1,1,133.1,1,41,1,2,3,117.0,1,0,0,1,0,0,21,0,0,6,8,6,12.66666667,0,0,6,7,6,12.42857143,0,11.1,0.6,2.02,Graduate,Graduate,0,Social Service,1.0,0,0.75,0.0,0,"(20.0, 25.0]"
3646,1,39,1,9085,1,1,133.1,1,3,3,4,2,144.9,1,0,0,1,0,0,26,0,0,6,11,3,11.75,0,0,6,19,4,12.8,0,12.4,0.5,1.79,Enrolled,Enrolled,0,Veterinary Nursing,0.5,3,0.2727272727272727,0.0,0,"(25.0, 70.0]"
3647,1,17,1,9238,1,1,135.0,1,37,37,8,6,127.0,0,0,0,1,0,0,21,0,0,6,0,0,0.0,0,0,6,0,0,0.0,0,16.2,0.3,-0.92,Dropout,Dropout,1,Social Service,0.0,6,0.0,0.0,0,"(20.0, 25.0]"
3648,1,1,4,9500,1,1,132.0,1,19,38,5,5,118.0,1,0,0,1,0,0,18,0,0,8,8,7,12.32857143,0,0,8,8,7,12.32857143,0,12.7,3.7,-1.7,Graduate,Graduate,0,Nursing,0.875,1,0.875,0.0,0,"(16.999, 19.0]"
3649,5,39,1,9853,1,19,133.1,1,37,37,9,8,118.0,0,0,0,1,0,0,27,0,0,7,14,6,11.66666667,0,0,7,10,1,10.0,0,12.4,0.5,1.79,Dropout,Dropout,1,Basic Education,0.8571428571428571,1,0.42857142857142855,0.0,0,"(25.0, 70.0]"
3650,1,43,1,9070,1,1,135.0,1,1,38,3,9,126.4,1,0,0,1,0,1,20,0,5,12,12,12,13.25,0,5,12,12,11,12.72727273,0,15.5,2.8,-4.06,Graduate,Graduate,0,Communication Design,1.0,0,1.0,0.0,0,"(19.0, 20.0]"
3651,1,43,1,9670,1,39,110.0,1,19,3,7,10,110.0,0,0,0,1,0,0,21,0,0,6,8,5,11.83333333,0,0,6,8,4,13.25,2,16.2,0.3,-0.92,Enrolled,Enrolled,0,Advertising and Marketing Management,0.8333333333333334,1,0.625,0.0,0,"(20.0, 25.0]"
3652,1,17,1,9556,1,1,133.0,1,38,37,9,9,124.4,1,0,0,1,0,1,18,0,0,7,7,7,13.3,0,0,8,8,8,15.125,0,15.5,2.8,-4.06,Graduate,Graduate,0,Oral Hygiene,1.0,0,1.0,0.0,0,"(16.999, 19.0]"
3653,1,44,1,9085,1,39,140.0,1,1,19,9,9,140.0,1,0,0,1,0,0,20,0,1,6,13,6,12.55555556,0,1,6,11,5,11.8,0,16.2,0.3,-0.92,Enrolled,Enrolled,0,Veterinary Nursing,1.0,0,0.46153846153846156,0.0,0,"(19.0, 20.0]"
3654,1,1,1,9773,1,1,135.0,1,1,19,4,10,129.4,1,0,0,1,0,0,18,0,0,6,6,6,12.83333333,0,0,6,7,6,12.16666667,0,11.1,0.6,2.02,Graduate,Graduate,0,Journalism and Communication,1.0,0,1.0,0.0,0,"(16.999, 19.0]"
3655,1,44,1,9238,1,39,140.0,1,1,1,3,5,141.7,0,0,0,1,0,1,20,0,3,6,6,6,12.83333333,0,2,6,6,6,12.83333333,0,13.9,-0.3,0.79,Graduate,Graduate,0,Social Service,1.0,0,1.0,0.0,0,"(19.0, 20.0]"
3656,1,1,2,9085,1,1,144.0,1,1,19,4,10,132.1,1,0,0,1,0,1,19,0,0,5,10,3,12.66666667,1,0,5,7,3,13.0,0,12.7,3.7,-1.7,Graduate,Graduate,0,Veterinary Nursing,0.6,2,0.3,0.2,0,"(16.999, 19.0]"
3657,1,1,5,9500,1,1,122.0,1,37,3,9,2,116.8,1,0,0,1,0,0,20,0,0,7,8,6,13.27142857,0,0,8,8,7,14.47142857,0,13.9,-0.3,0.79,Graduate,Graduate,0,Nursing,0.8571428571428571,1,0.75,0.0,0,"(19.0, 20.0]"
3658,1,1,1,9991,0,1,143.0,1,19,37,5,8,135.0,0,0,0,1,0,1,20,0,0,5,5,5,12.4,0,0,5,6,5,12.83333333,0,10.8,1.4,1.74,Graduate,Graduate,0,Management (evening attendance),1.0,0,1.0,0.0,0,"(19.0, 20.0]"
3659,1,44,1,9085,1,39,150.0,1,38,1,5,5,150.0,0,0,0,1,0,0,20,0,0,5,10,2,14.5,1,0,5,7,4,11.25,0,12.7,3.7,-1.7,Enrolled,Enrolled,0,Veterinary Nursing,0.4,3,0.2,0.2,0,"(19.0, 20.0]"
3660,1,1,3,9238,1,1,124.0,1,19,1,7,10,116.0,1,0,1,1,0,0,19,0,0,6,7,0,0.0,0,0,5,5,0,0.0,0,13.9,-0.3,0.79,Dropout,Dropout,1,Social Service,0.0,6,0.0,0.0,1,"(16.999, 19.0]"
3661,1,1,1,9773,1,1,156.0,1,3,3,123,122,155.0,0,0,0,1,0,0,18,0,0,6,7,6,14.28571429,0,0,6,8,6,13.25,0,8.9,1.4,3.51,Graduate,Graduate,0,Journalism and Communication,1.0,0,0.8571428571428571,0.0,0,"(16.999, 19.0]"
3662,1,1,1,9085,1,1,142.0,1,38,38,9,10,127.0,1,0,0,1,0,0,18,0,0,5,7,3,12.33333333,0,0,5,9,5,12.6,0,10.8,1.4,1.74,Graduate,Graduate,0,Veterinary Nursing,0.6,2,0.42857142857142855,0.0,0,"(16.999, 19.0]"
3663,1,17,1,9500,1,1,142.0,1,38,37,9,8,130.8,1,0,0,1,0,1,19,0,0,7,10,6,12.58333333,0,0,8,8,7,12.67142857,0,13.9,-0.3,0.79,Graduate,Graduate,0,Nursing,0.8571428571428571,1,0.6,0.0,0,"(16.999, 19.0]"
3664,1,1,6,9500,1,1,126.0,1,12,37,5,9,121.8,1,0,0,1,0,0,19,0,0,7,8,6,13.73166667,0,0,8,10,7,13.77142857,0,12.4,0.5,1.79,Dropout,Dropout,1,Nursing,0.8571428571428571,1,0.75,0.0,0,"(16.999, 19.0]"
3665,1,39,1,9003,1,19,133.1,1,37,37,9,4,140.0,0,0,0,1,1,0,43,0,0,6,8,6,12.875,0,0,6,14,5,12.14285714,0,16.2,0.3,-0.92,Enrolled,Enrolled,0,Agronomy,1.0,0,0.75,0.0,0,"(25.0, 70.0]"
3666,2,42,1,9070,1,1,170.0,1,37,25,0,4,148.5,0,0,0,1,1,0,47,0,8,10,14,8,14.625,0,5,7,7,5,13.4,0,9.4,-0.8,-3.12,Dropout,Dropout,1,Communication Design,0.8,2,0.5714285714285714,0.0,0,"(25.0, 70.0]"
3667,1,42,1,9147,1,1,130.0,1,34,34,99,99,109.8,1,0,0,0,1,0,23,0,0,3,3,0,0.0,0,0,2,2,0,0.0,0,7.6,2.6,0.32,Dropout,Dropout,1,Management,0.0,3,0.0,0.0,1,"(20.0, 25.0]"
3668,1,1,1,9238,1,1,133.0,41,19,19,9,9,119.7,1,0,1,1,0,1,19,1,0,6,8,6,12.66666667,0,0,6,7,6,12.66666667,0,8.9,1.4,3.51,Graduate,Graduate,0,Social Service,1.0,0,0.75,0.0,1,"(16.999, 19.0]"
3669,1,42,1,9500,1,1,122.0,1,3,3,2,2,122.0,1,0,0,1,0,0,20,0,0,8,11,6,12.49166667,0,0,8,11,6,12.49166667,0,12.7,3.7,-1.7,Graduate,Graduate,0,Nursing,0.75,2,0.5454545454545454,0.0,0,"(19.0, 20.0]"
3670,1,1,1,171,1,1,138.0,1,1,3,4,4,147.5,1,0,0,1,0,1,19,0,6,12,12,12,13.66666667,0,4,11,12,11,14.16666667,0,8.9,1.4,3.51,Graduate,Graduate,0,Animation and Multimedia Design,1.0,0,1.0,0.0,0,"(16.999, 19.0]"
3671,1,17,1,9085,1,1,163.0,14,37,37,9,9,150.8,1,0,0,1,0,0,19,1,0,6,13,6,16.0,0,0,6,8,6,14.5,0,15.5,2.8,-4.06,Graduate,Graduate,0,Veterinary Nursing,1.0,0,0.46153846153846156,0.0,0,"(16.999, 19.0]"
3672,1,44,1,9085,1,39,150.0,1,19,37,4,7,150.0,1,0,0,1,0,0,19,0,2,6,8,6,14.14285714,0,1,6,7,6,13.0,0,13.9,-0.3,0.79,Graduate,Graduate,0,Veterinary Nursing,1.0,0,0.75,0.0,0,"(16.999, 19.0]"
3673,1,39,1,8014,0,19,133.1,1,19,19,144,141,131.5,0,0,1,1,0,1,39,0,0,6,9,6,11.83333333,0,0,6,9,4,13.75,0,11.1,0.6,2.02,Graduate,Graduate,0,Social Service (evening attendance),1.0,0,0.6666666666666666,0.0,1,"(25.0, 70.0]"
3674,1,1,1,9070,1,1,144.0,1,1,1,3,5,127.2,1,0,0,1,0,1,20,0,0,6,6,6,12.66666667,0,0,6,8,6,13.0,0,10.8,1.4,1.74,Graduate,Graduate,0,Communication Design,1.0,0,1.0,0.0,0,"(19.0, 20.0]"
3675,1,17,1,9070,1,1,118.0,1,38,19,9,3,111.0,1,0,0,1,0,0,21,0,0,6,6,6,12.5,0,0,6,6,6,12.66666667,0,7.6,2.6,0.32,Graduate,Graduate,0,Communication Design,1.0,0,1.0,0.0,0,"(20.0, 25.0]"
3676,1,43,5,9238,1,1,101.0,24,37,19,9,7,119.9,1,0,1,0,0,0,22,1,5,11,16,9,10.88888889,0,2,10,20,4,11.25,1,9.4,-0.8,-3.12,Graduate,Graduate,0,Social Service,0.8181818181818182,2,0.5625,0.0,1,"(20.0, 25.0]"
3677,1,1,2,9773,1,1,133.0,1,19,38,5,0,133.7,1,0,0,1,0,0,19,0,0,6,11,1,13.0,0,0,5,10,0,0.0,0,7.6,2.6,0.32,Dropout,Dropout,1,Journalism and Communication,0.16666666666666666,5,0.09090909090909091,0.0,0,"(16.999, 19.0]"
3678,1,17,1,9670,1,1,133.1,1,1,19,141,114,140.0,1,0,0,1,0,0,22,0,0,6,6,6,15.16666667,0,0,6,6,6,16.0,0,13.9,-0.3,0.79,Graduate,Graduate,0,Advertising and Marketing Management,1.0,0,1.0,0.0,0,"(20.0, 25.0]"
3679,1,5,2,9853,1,1,124.0,1,19,19,3,3,113.9,1,0,0,1,0,1,19,0,0,6,8,6,12.66666667,0,0,6,7,6,12.0,0,12.7,3.7,-1.7,Graduate,Graduate,0,Basic Education,1.0,0,0.75,0.0,0,"(16.999, 19.0]"
3680,1,1,1,171,1,1,127.0,1,37,38,9,9,120.7,1,0,1,1,1,0,18,0,0,0,0,0,0.0,0,0,0,0,0,0.0,0,7.6,2.6,0.32,Dropout,Dropout,1,Animation and Multimedia Design,0.0,0,0.0,0.0,1,"(16.999, 19.0]"
3681,5,39,1,9147,1,1,133.1,1,19,19,9,9,119.8,0,0,0,1,1,0,26,0,0,5,9,5,12.0,0,0,5,5,5,10.2,0,11.1,0.6,2.02,Enrolled,Enrolled,0,Management,1.0,0,0.5555555555555556,0.0,0,"(25.0, 70.0]"
3682,1,39,1,9991,0,1,110.0,1,37,37,9,9,121.8,0,0,0,0,1,0,36,0,0,5,5,0,0.0,0,0,5,5,0,0.0,0,12.7,3.7,-1.7,Dropout,Dropout,1,Management (evening attendance),0.0,5,0.0,0.0,1,"(25.0, 70.0]"
3683,1,18,1,171,1,1,110.0,1,19,2,5,5,117.7,1,0,1,1,1,1,20,0,0,0,0,0,0.0,0,0,0,0,0,0.0,0,12.4,0.5,1.79,Graduate,Graduate,0,Animation and Multimedia Design,0.0,0,0.0,0.0,1,"(19.0, 20.0]"
3684,2,39,1,9147,1,1,160.0,1,37,37,9,7,110.0,0,0,0,1,1,0,30,0,0,5,8,2,11.0,0,0,5,6,4,11.5,0,15.5,2.8,-4.06,Dropout,Dropout,1,Management,0.4,3,0.25,0.0,0,"(25.0, 70.0]"
3685,1,43,1,9003,1,1,120.0,1,1,1,4,10,134.4,0,0,0,1,1,0,24,0,0,6,7,6,15.71428571,0,0,6,10,6,15.9,0,15.5,2.8,-4.06,Dropout,Dropout,1,Agronomy,1.0,0,0.8571428571428571,0.0,0,"(20.0, 25.0]"
3686,1,1,1,9147,1,1,133.1,1,34,34,0,0,125.3,0,0,0,1,1,0,26,0,11,15,15,11,10.81818182,0,12,14,15,11,11.63636364,1,7.6,2.6,0.32,Dropout,Dropout,1,Management,0.7333333333333333,4,0.7333333333333333,0.0,0,"(25.0, 70.0]"
3687,1,1,1,9147,1,1,132.0,1,19,38,9,7,119.1,0,0,0,0,1,0,19,0,0,5,16,1,12.0,0,0,5,6,0,0.0,0,13.9,-0.3,0.79,Dropout,Dropout,1,Management,0.2,4,0.0625,0.0,1,"(16.999, 19.0]"
3688,5,39,1,9238,1,1,130.0,1,19,38,9,10,146.0,0,0,0,1,1,0,34,0,0,6,8,5,12.6,0,0,6,11,4,11.25,0,12.4,0.5,1.79,Graduate,Graduate,0,Social Service,0.8333333333333334,1,0.625,0.0,0,"(25.0, 70.0]"
3689,1,43,1,9130,1,1,130.0,1,1,1,1,1,130.0,1,0,0,1,1,0,33,0,0,5,12,1,13.0,2,0,5,7,3,14.0,0,9.4,-0.8,-3.12,Enrolled,Enrolled,0,Equinculture,0.2,4,0.08333333333333333,0.4,0,"(25.0, 70.0]"
3690,1,17,6,9147,1,1,129.0,1,19,1,9,4,122.0,1,0,0,1,1,0,19,0,0,5,8,5,11.6,1,0,5,10,4,10.75,0,9.4,-0.8,-3.12,Graduate,Graduate,0,Management,1.0,0,0.625,0.2,0,"(16.999, 19.0]"
3691,1,17,5,9119,1,1,130.0,1,19,1,4,5,118.1,1,0,1,0,1,0,26,0,0,5,11,1,10.0,0,0,5,14,1,11.0,0,8.9,1.4,3.51,Dropout,Dropout,1,Informatics Engineering,0.2,4,0.09090909090909091,0.0,1,"(25.0, 70.0]"
3692,1,39,1,9670,1,1,140.0,1,38,37,7,7,105.2,0,0,0,1,1,0,29,0,0,6,7,1,14.0,0,0,6,6,0,0.0,0,16.2,0.3,-0.92,Dropout,Dropout,1,Advertising and Marketing Management,0.16666666666666666,5,0.14285714285714285,0.0,0,"(25.0, 70.0]"
3693,1,17,5,9119,1,1,131.0,1,19,37,9,7,123.3,1,0,0,1,1,1,19,0,0,5,9,5,12.6,0,0,5,8,2,12.5,0,8.9,1.4,3.51,Dropout,Dropout,1,Informatics Engineering,1.0,0,0.5555555555555556,0.0,0,"(16.999, 19.0]"
3694,1,17,1,171,1,1,129.0,1,1,1,9,9,124.8,1,0,0,1,1,0,18,0,0,0,0,0,0.0,0,0,0,0,0,0.0,0,12.7,3.7,-1.7,Dropout,Dropout,1,Animation and Multimedia Design,0.0,0,0.0,0.0,0,"(16.999, 19.0]"
3695,1,39,1,9991,0,19,133.1,1,19,37,9,9,149.4,0,0,0,0,1,0,29,0,0,5,11,2,11.33333333,0,0,5,9,1,12.0,0,11.1,0.6,2.02,Dropout,Dropout,1,Management (evening attendance),0.4,3,0.18181818181818182,0.0,1,"(25.0, 70.0]"
3696,1,43,1,9254,1,1,112.0,1,37,37,9,9,108.5,0,0,0,1,1,0,21,0,0,6,6,6,12.66666667,0,0,6,7,5,11.4,0,9.4,-0.8,-3.12,Graduate,Graduate,0,Tourism,1.0,0,1.0,0.0,0,"(20.0, 25.0]"
3697,1,17,1,9254,1,1,119.0,1,1,1,4,10,125.0,0,0,0,1,1,0,19,0,0,6,7,5,10.8,0,0,6,10,2,10.5,0,10.8,1.4,1.74,Enrolled,Enrolled,0,Tourism,0.8333333333333334,1,0.7142857142857143,0.0,0,"(16.999, 19.0]"
3698,1,1,1,9500,1,1,133.1,1,38,38,5,10,101.0,0,0,0,1,1,0,20,0,0,7,14,5,12.87857143,0,0,8,15,7,11.85625,0,15.5,2.8,-4.06,Graduate,Graduate,0,Nursing,0.7142857142857143,2,0.35714285714285715,0.0,0,"(19.0, 20.0]"
3699,1,1,1,9085,1,1,123.0,1,3,1,2,5,112.9,0,0,0,1,1,0,18,0,0,5,5,0,0.0,0,0,5,5,0,0.0,0,7.6,2.6,0.32,Dropout,Dropout,1,Veterinary Nursing,0.0,5,0.0,0.0,0,"(16.999, 19.0]"
3700,1,17,3,9070,1,1,131.0,1,38,37,5,5,120.2,1,0,0,1,1,0,18,0,0,6,6,6,12.83333333,0,0,6,8,5,11.4,0,15.5,2.8,-4.06,Enrolled,Enrolled,0,Communication Design,1.0,0,1.0,0.0,0,"(16.999, 19.0]"
3701,1,1,1,9147,1,1,120.0,1,34,34,99,99,111.6,0,0,1,1,1,1,21,0,0,5,5,5,12.6,0,0,5,9,3,12.83333333,0,10.8,1.4,1.74,Enrolled,Enrolled,0,Management,1.0,0,1.0,0.0,1,"(20.0, 25.0]"
3702,1,1,1,9147,1,1,125.0,1,1,1,4,2,134.1,1,0,0,1,1,0,20,0,0,5,0,0,0.0,0,0,5,0,0,0.0,0,8.9,1.4,3.51,Dropout,Dropout,1,Management,0.0,5,0.0,0.0,0,"(19.0, 20.0]"
3703,1,39,1,9119,1,1,133.1,1,37,37,9,9,101.6,0,0,0,1,1,1,30,0,0,5,11,0,0.0,0,0,5,5,0,0.0,0,12.7,3.7,-1.7,Dropout,Dropout,1,Informatics Engineering,0.0,5,0.0,0.0,0,"(25.0, 70.0]"
3704,1,18,2,9670,1,1,121.0,1,37,38,4,1,111.9,1,0,0,1,1,0,19,0,0,6,6,6,14.16666667,0,0,6,6,6,14.0,0,13.9,-0.3,0.79,Graduate,Graduate,0,Advertising and Marketing Management,1.0,0,1.0,0.0,0,"(16.999, 19.0]"
3705,1,51,1,9147,1,1,148.0,1,1,19,9,6,118.4,1,0,0,1,1,0,30,0,0,5,7,5,13.4,0,0,5,7,4,13.25,0,8.9,1.4,3.51,Dropout,Dropout,1,Management,1.0,0,0.7142857142857143,0.0,0,"(25.0, 70.0]"
3706,1,1,1,9147,1,1,139.0,1,38,1,5,5,127.1,1,0,0,1,1,1,22,0,0,5,8,5,11.2,0,0,5,13,4,11.25,0,12.7,3.7,-1.7,Graduate,Graduate,0,Management,1.0,0,0.625,0.0,0,"(20.0, 25.0]"
3707,1,17,3,171,1,1,125.0,1,37,37,5,10,120.5,1,0,0,1,1,0,22,0,0,0,0,0,0.0,0,0,0,0,0,0.0,0,12.4,0.5,1.79,Graduate,Graduate,0,Animation and Multimedia Design,0.0,0,0.0,0.0,0,"(20.0, 25.0]"
3708,1,17,4,9070,1,1,128.0,1,1,1,9,10,136.1,1,0,1,0,1,0,19,0,0,6,6,6,12.66666667,0,0,6,8,5,11.8,0,11.1,0.6,2.02,Dropout,Dropout,1,Communication Design,1.0,0,1.0,0.0,1,"(16.999, 19.0]"
3709,1,17,2,9670,1,1,132.0,1,1,19,5,3,124.0,1,0,0,1,1,0,21,0,0,5,7,3,12.33333333,0,0,5,5,4,11.25,0,7.6,2.6,0.32,Dropout,Dropout,1,Advertising and Marketing Management,0.6,2,0.42857142857142855,0.0,0,"(20.0, 25.0]"
3710,1,17,4,9085,1,1,137.0,1,38,38,151,151,141.6,0,0,0,1,1,0,21,0,0,5,7,4,12.25,0,0,5,7,5,12.0,0,7.6,2.6,0.32,Graduate,Graduate,0,Veterinary Nursing,0.8,1,0.5714285714285714,0.0,0,"(20.0, 25.0]"
3711,1,44,1,171,1,39,160.0,1,19,38,9,9,160.0,1,0,1,1,1,1,21,0,0,0,0,0,0.0,0,0,0,0,0,0.0,0,15.5,2.8,-4.06,Dropout,Dropout,1,Animation and Multimedia Design,0.0,0,0.0,0.0,1,"(20.0, 25.0]"
3712,1,39,1,9147,1,1,120.0,1,1,19,4,7,110.0,0,0,0,1,1,0,27,0,0,5,13,3,10.75,0,0,5,9,3,10.33333333,0,15.5,2.8,-4.06,Dropout,Dropout,1,Management,0.6,2,0.23076923076923078,0.0,0,"(25.0, 70.0]"
3713,1,43,1,33,1,1,134.0,1,37,37,1,1,100.0,1,0,0,1,1,0,32,0,0,7,7,0,0.0,0,0,7,8,0,0.0,0,13.9,-0.3,0.79,Dropout,Dropout,1,Biofuel Production Technologies,0.0,7,0.0,0.0,0,"(25.0, 70.0]"
3714,1,39,1,9670,1,12,133.1,1,37,1,9,3,120.0,0,0,1,0,1,0,40,0,0,6,13,0,0.0,0,0,6,6,0,0.0,0,15.5,2.8,-4.06,Dropout,Dropout,1,Advertising and Marketing Management,0.0,6,0.0,0.0,1,"(25.0, 70.0]"
3715,1,1,2,9147,1,1,116.0,1,37,1,5,3,124.8,1,0,0,1,1,0,20,0,0,5,9,2,14.33333333,0,0,5,10,2,12.5,0,7.6,2.6,0.32,Enrolled,Enrolled,0,Management,0.4,3,0.2222222222222222,0.0,0,"(19.0, 20.0]"
3716,1,44,1,9130,1,39,140.0,1,4,4,2,10,140.0,1,0,0,1,1,0,20,0,1,5,8,2,11.5,0,1,5,13,2,11.5,0,12.7,3.7,-1.7,Dropout,Dropout,1,Equinculture,0.4,3,0.25,0.0,0,"(19.0, 20.0]"
3717,1,1,3,171,1,1,140.0,1,37,37,9,9,124.3,1,0,0,1,1,0,18,0,0,0,0,0,0.0,0,0,0,0,0,0.0,0,7.6,2.6,0.32,Graduate,Graduate,0,Animation and Multimedia Design,0.0,0,0.0,0.0,0,"(16.999, 19.0]"
3718,1,43,1,9147,1,1,122.0,1,1,38,1,7,118.9,0,0,0,1,1,0,21,0,0,5,11,2,10.5,0,0,5,13,0,0.0,0,12.7,3.7,-1.7,Dropout,Dropout,1,Management,0.4,3,0.18181818181818182,0.0,0,"(20.0, 25.0]"
3719,1,17,1,9670,1,1,141.0,1,19,37,5,8,130.2,0,0,0,1,1,0,18,0,0,6,6,6,13.5,0,0,6,0,0,0.0,0,12.7,3.7,-1.7,Dropout,Dropout,1,Advertising and Marketing Management,1.0,0,1.0,0.0,0,"(16.999, 19.0]"
3720,1,44,1,9003,1,1,120.0,1,1,3,144,123,120.0,0,0,0,1,1,0,19,0,0,6,17,1,11.0,0,0,6,19,0,0.0,0,16.2,0.3,-0.92,Enrolled,Enrolled,0,Agronomy,0.16666666666666666,5,0.058823529411764705,0.0,0,"(16.999, 19.0]"
3721,5,7,1,9070,1,3,140.0,1,37,37,7,7,140.0,0,0,0,0,1,0,30,0,0,6,6,1,10.0,0,0,6,6,0,0.0,0,15.5,2.8,-4.06,Dropout,Dropout,1,Communication Design,0.16666666666666666,5,0.16666666666666666,0.0,1,"(25.0, 70.0]"
3722,1,39,1,9003,1,12,133.1,1,19,1,9,1,130.0,0,0,0,1,1,0,29,0,0,6,17,0,0.0,2,0,6,8,0,0.0,0,15.5,2.8,-4.06,Dropout,Dropout,1,Agronomy,0.0,6,0.0,0.3333333333333333,0,"(25.0, 70.0]"
3723,1,17,2,9119,1,1,137.0,1,1,1,4,4,130.4,1,0,1,1,1,0,18,0,0,5,10,1,12.0,0,0,5,7,3,10.66666667,2,7.6,2.6,0.32,Dropout,Dropout,1,Informatics Engineering,0.2,4,0.1,0.0,1,"(16.999, 19.0]"
3724,1,1,2,9670,1,1,122.0,1,1,1,9,9,116.1,1,0,0,1,1,1,18,0,0,5,6,4,12.25,0,0,5,5,5,12.2,0,9.4,-0.8,-3.12,Dropout,Dropout,1,Advertising and Marketing Management,0.8,1,0.6666666666666666,0.0,0,"(16.999, 19.0]"
3725,1,44,1,9003,1,39,130.0,1,1,1,3,10,130.0,0,0,0,1,1,0,22,0,4,10,21,5,11.4,1,2,7,13,6,11.66666667,0,15.5,2.8,-4.06,Dropout,Dropout,1,Agronomy,0.5,5,0.23809523809523808,0.1,0,"(20.0, 25.0]"
3726,1,43,2,9991,0,1,140.0,1,37,37,5,5,124.3,1,0,0,0,1,0,27,0,0,5,5,0,0.0,0,0,5,5,0,0.0,0,12.7,3.7,-1.7,Dropout,Dropout,1,Management (evening attendance),0.0,5,0.0,0.0,1,"(25.0, 70.0]"
3727,1,17,6,9670,1,1,125.0,1,38,1,9,7,125.0,1,0,0,1,1,0,20,0,0,6,8,4,14.25,0,0,6,10,5,14.0,0,10.8,1.4,1.74,Graduate,Graduate,0,Advertising and Marketing Management,0.6666666666666666,2,0.5,0.0,0,"(19.0, 20.0]"
3728,1,51,1,8014,0,2,110.0,1,19,38,9,10,110.0,0,0,0,1,1,0,42,0,8,12,12,11,14.45454545,0,7,11,11,10,14.2,0,11.1,0.6,2.02,Graduate,Graduate,0,Social Service (evening attendance),0.9166666666666666,1,0.9166666666666666,0.0,0,"(25.0, 70.0]"
3729,1,1,1,9003,1,1,133.1,1,38,38,4,8,115.0,0,0,1,1,1,0,21,0,8,12,13,12,14.53846154,0,4,12,14,12,14.46153846,0,15.5,2.8,-4.06,Graduate,Graduate,0,Agronomy,1.0,0,0.9230769230769231,0.0,1,"(20.0, 25.0]"
3730,1,43,1,9500,1,1,132.0,1,1,38,7,7,129.6,0,1,0,1,1,0,23,0,0,7,10,6,12.73333333,0,0,8,10,7,11.95,0,16.2,0.3,-0.92,Graduate,Graduate,0,Nursing,0.8571428571428571,1,0.6,0.0,0,"(20.0, 25.0]"
3731,1,51,1,9070,1,1,122.0,1,38,38,9,9,128.8,1,0,0,1,1,0,21,0,4,12,13,5,13.2,0,4,12,12,4,13.5,0,8.9,1.4,3.51,Dropout,Dropout,1,Communication Design,0.4166666666666667,7,0.38461538461538464,0.0,0,"(20.0, 25.0]"
3732,1,1,3,171,1,1,155.0,1,4,3,1,1,144.2,1,0,0,1,1,0,19,0,0,0,0,0,0.0,0,0,0,0,0,0.0,0,12.7,3.7,-1.7,Graduate,Graduate,0,Animation and Multimedia Design,0.0,0,0.0,0.0,0,"(16.999, 19.0]"
3733,2,39,1,9238,1,1,120.0,1,37,37,7,7,134.0,0,0,0,1,1,1,40,0,0,6,7,6,12.33333333,0,0,6,10,4,12.75,0,8.9,1.4,3.51,Dropout,Dropout,1,Social Service,1.0,0,0.8571428571428571,0.0,0,"(25.0, 70.0]"
3734,1,43,1,9147,1,1,129.0,1,19,1,9,5,112.0,0,0,0,1,1,0,22,0,5,9,9,5,11.2,0,5,9,14,7,11.25,2,12.7,3.7,-1.7,Dropout,Dropout,1,Management,0.5555555555555556,4,0.5555555555555556,0.0,0,"(20.0, 25.0]"
3735,1,1,2,9500,1,1,144.0,1,38,37,9,9,128.8,1,0,0,1,1,0,19,0,0,7,7,6,13.2,0,0,7,7,6,13.2,0,7.6,2.6,0.32,Graduate,Graduate,0,Nursing,0.8571428571428571,1,0.8571428571428571,0.0,0,"(16.999, 19.0]"
3736,1,39,1,9119,1,1,130.0,1,19,37,9,9,134.0,0,0,0,1,1,1,24,0,0,5,8,5,11.83333333,0,0,5,8,4,14.0,0,12.7,3.7,-1.7,Enrolled,Enrolled,0,Informatics Engineering,1.0,0,0.625,0.0,0,"(20.0, 25.0]"
3737,1,1,1,9254,1,1,133.1,1,3,1,2,4,125.0,0,0,0,1,1,0,21,0,0,6,10,5,11.33333333,0,0,6,14,2,11.5,0,12.7,3.7,-1.7,Enrolled,Enrolled,0,Tourism,0.8333333333333334,1,0.5,0.0,0,"(20.0, 25.0]"
3738,1,17,4,9119,1,1,133.0,1,3,1,9,3,123.2,1,0,0,1,1,0,18,0,0,5,5,5,13.6,0,0,5,6,5,14.6,0,8.9,1.4,3.51,Graduate,Graduate,0,Informatics Engineering,1.0,0,1.0,0.0,0,"(16.999, 19.0]"
3739,1,17,3,9119,1,1,131.0,1,37,37,9,7,118.4,0,0,0,1,1,0,18,0,0,5,10,0,0.0,0,0,5,10,2,11.5,4,7.6,2.6,0.32,Dropout,Dropout,1,Informatics Engineering,0.0,5,0.0,0.0,0,"(16.999, 19.0]"
3740,1,51,1,9670,1,1,133.1,1,3,1,3,10,116.2,0,0,0,1,1,0,24,0,0,6,11,5,12.85714286,0,0,6,12,5,13.66666667,0,11.1,0.6,2.02,Dropout,Dropout,1,Advertising and Marketing Management,0.8333333333333334,1,0.45454545454545453,0.0,0,"(20.0, 25.0]"
3741,1,39,1,9119,1,1,133.1,1,37,19,9,3,123.0,0,0,0,1,1,1,28,0,0,5,16,3,14.33333333,0,0,5,9,5,12.42857143,0,9.4,-0.8,-3.12,Enrolled,Enrolled,0,Informatics Engineering,0.6,2,0.1875,0.0,0,"(25.0, 70.0]"
3742,1,17,1,9670,1,1,118.0,1,19,38,7,9,113.5,1,0,0,1,0,1,19,0,0,6,9,5,13.5,0,0,6,6,6,14.0,0,12.4,0.5,1.79,Graduate,Graduate,0,Advertising and Marketing Management,0.8333333333333334,1,0.5555555555555556,0.0,0,"(16.999, 19.0]"
3743,1,51,1,9085,1,40,120.0,1,3,3,4,2,125.0,0,0,0,1,0,0,28,0,0,6,8,6,14.42857143,0,0,6,12,4,15.6,0,11.1,0.6,2.02,Enrolled,Enrolled,0,Veterinary Nursing,1.0,0,0.75,0.0,0,"(25.0, 70.0]"
3744,1,17,3,9853,1,1,133.1,1,12,1,4,0,134.8,1,0,0,1,0,0,18,0,0,6,12,0,0.0,0,0,6,12,0,0.0,0,7.6,2.6,0.32,Dropout,Dropout,1,Basic Education,0.0,6,0.0,0.0,0,"(16.999, 19.0]"
3745,1,1,1,171,1,1,145.0,1,3,1,4,3,149.9,1,0,0,0,0,0,19,0,0,0,0,0,0.0,0,0,0,0,0,0.0,0,16.2,0.3,-0.92,Graduate,Graduate,0,Animation and Multimedia Design,0.0,0,0.0,0.0,1,"(16.999, 19.0]"
3746,1,1,1,9500,1,1,125.0,1,1,1,4,4,119.8,1,0,0,1,0,1,19,0,0,8,8,8,12.82875,0,0,8,8,8,12.82875,0,9.4,-0.8,-3.12,Graduate,Graduate,0,Nursing,1.0,0,1.0,0.0,0,"(16.999, 19.0]"
3747,1,43,1,9130,1,1,125.0,1,39,3,3,2,125.0,1,0,0,1,0,0,21,0,0,5,6,0,0.0,5,0,5,6,4,13.75,1,10.8,1.4,1.74,Graduate,Graduate,0,Equinculture,0.0,5,0.0,1.0,0,"(20.0, 25.0]"
3748,1,1,3,9500,1,1,148.0,1,1,19,4,5,135.1,1,0,1,1,0,0,18,0,0,7,0,0,0.0,0,0,8,0,0,0.0,0,13.9,-0.3,0.79,Dropout,Dropout,1,Nursing,0.0,7,0.0,0.0,1,"(16.999, 19.0]"
3749,1,1,4,9070,1,1,139.0,1,3,19,1,5,138.3,1,0,0,1,0,0,19,0,0,6,6,6,14.66666667,0,0,6,6,6,13.16666667,0,9.4,-0.8,-3.12,Graduate,Graduate,0,Communication Design,1.0,0,1.0,0.0,0,"(16.999, 19.0]"
3750,1,17,2,9500,1,1,130.0,1,38,38,7,7,122.5,1,0,0,1,0,0,19,0,0,8,8,7,13.93714286,0,0,8,8,7,13.93714286,0,10.8,1.4,1.74,Graduate,Graduate,0,Nursing,0.875,1,0.875,0.0,0,"(16.999, 19.0]"
3751,1,1,1,9070,1,1,148.0,1,3,1,2,10,148.0,1,0,0,1,0,0,20,0,7,12,12,10,14.7,0,8,12,12,12,14.58333333,0,15.5,2.8,-4.06,Graduate,Graduate,0,Communication Design,0.8333333333333334,2,0.8333333333333334,0.0,0,"(19.0, 20.0]"
3752,1,1,2,9773,1,1,130.0,1,1,1,9,4,126.2,1,0,0,1,0,0,18,0,0,6,6,6,11.66666667,0,0,6,6,5,12.2,0,12.7,3.7,-1.7,Graduate,Graduate,0,Journalism and Communication,1.0,0,1.0,0.0,0,"(16.999, 19.0]"
3753,1,43,4,9500,1,6,134.0,1,37,37,9,9,129.8,1,0,0,1,0,0,20,0,0,7,7,6,14.85,0,0,7,7,6,14.85,0,7.6,2.6,0.32,Graduate,Graduate,0,Nursing,0.8571428571428571,1,0.8571428571428571,0.0,0,"(19.0, 20.0]"
3754,1,39,1,9085,1,19,133.1,1,19,37,7,90,104.0,0,0,0,1,0,0,26,0,0,5,11,1,12.0,1,0,5,12,0,0.0,4,10.8,1.4,1.74,Dropout,Dropout,1,Veterinary Nursing,0.2,4,0.09090909090909091,0.2,0,"(25.0, 70.0]"
3755,1,18,4,9500,1,1,137.0,1,3,1,3,4,126.7,1,0,0,1,0,0,18,0,0,7,8,7,13.6875,0,0,8,9,8,15.62222222,0,13.9,-0.3,0.79,Dropout,Dropout,1,Nursing,1.0,0,0.875,0.0,0,"(16.999, 19.0]"
3756,1,39,1,8014,0,1,130.0,1,37,37,9,9,120.0,0,0,0,1,0,0,58,0,0,6,14,5,12.4,0,0,6,10,5,11.6,0,9.4,-0.8,-3.12,Graduate,Graduate,0,Social Service (evening attendance),0.8333333333333334,1,0.35714285714285715,0.0,0,"(25.0, 70.0]"
3757,1,1,2,9500,1,1,137.0,1,1,3,4,3,124.6,0,0,0,1,0,0,18,0,0,7,10,7,13.398,0,0,8,8,8,13.5425,0,15.5,2.8,-4.06,Graduate,Graduate,0,Nursing,1.0,0,0.7,0.0,0,"(16.999, 19.0]"
3758,1,44,1,9085,1,1,130.0,1,1,1,4,3,130.0,1,0,0,1,0,0,20,0,0,6,13,5,11.8,0,0,6,19,4,12.0,0,12.4,0.5,1.79,Enrolled,Enrolled,0,Veterinary Nursing,0.8333333333333334,1,0.38461538461538464,0.0,0,"(19.0, 20.0]"
3759,1,17,1,9991,0,1,140.0,1,38,37,6,7,127.3,0,0,0,1,0,0,20,0,0,5,0,0,0.0,0,0,5,0,0,0.0,0,11.1,0.6,2.02,Dropout,Dropout,1,Management (evening attendance),0.0,5,0.0,0.0,0,"(19.0, 20.0]"
3760,1,2,1,9147,1,1,150.0,1,37,37,9,9,122.0,1,0,0,1,0,0,29,0,13,15,19,13,11.76923077,0,12,14,17,14,11.92857143,0,9.4,-0.8,-3.12,Graduate,Graduate,0,Management,0.8666666666666667,2,0.6842105263157895,0.0,0,"(25.0, 70.0]"
3761,1,7,1,9238,1,3,130.0,1,1,1,4,10,125.1,0,0,1,0,0,0,27,0,0,6,8,0,0.0,0,0,5,6,0,0.0,0,16.2,0.3,-0.92,Dropout,Dropout,1,Social Service,0.0,6,0.0,0.0,1,"(25.0, 70.0]"
3762,1,1,1,9085,1,1,133.1,1,19,38,5,7,110.0,1,0,0,1,0,1,21,0,0,6,8,6,13.28571429,0,0,6,11,6,13.0,0,11.1,0.6,2.02,Graduate,Graduate,0,Veterinary Nursing,1.0,0,0.75,0.0,0,"(20.0, 25.0]"
3763,1,1,1,9238,1,1,134.0,1,1,19,4,9,129.8,0,0,0,1,0,1,20,0,0,6,6,6,11.66666667,0,0,6,8,6,11.16666667,0,15.5,2.8,-4.06,Graduate,Graduate,0,Social Service,1.0,0,1.0,0.0,0,"(19.0, 20.0]"
3764,1,17,1,9238,1,1,125.0,1,19,38,3,7,114.9,0,0,0,1,0,1,19,0,0,6,13,6,11.5,0,0,6,9,5,12.2,0,11.1,0.6,2.02,Graduate,Graduate,0,Social Service,1.0,0,0.46153846153846156,0.0,0,"(16.999, 19.0]"
3765,1,1,1,9500,1,1,141.0,1,37,38,6,6,125.6,1,0,0,1,0,1,22,0,0,7,9,6,13.08166667,0,0,8,12,6,13.15,0,11.1,0.6,2.02,Graduate,Graduate,0,Nursing,0.8571428571428571,1,0.6666666666666666,0.0,0,"(20.0, 25.0]"
3766,1,18,3,9070,1,1,138.0,1,38,37,9,7,125.1,1,0,0,1,0,1,19,0,0,6,6,6,12.66666667,0,0,6,6,6,13.0,0,15.5,2.8,-4.06,Graduate,Graduate,0,Communication Design,1.0,0,1.0,0.0,0,"(16.999, 19.0]"
3767,1,17,1,9773,1,1,116.0,1,37,1,9,8,115.7,1,0,1,0,0,0,19,0,0,6,6,3,11.33333333,0,0,6,6,0,0.0,0,12.4,0.5,1.79,Dropout,Dropout,1,Journalism and Communication,0.5,3,0.5,0.0,1,"(16.999, 19.0]"
3768,1,1,3,9853,1,1,122.0,1,3,3,2,2,112.6,1,0,0,1,0,0,23,0,0,6,8,5,13.6,0,0,6,8,5,11.6,0,7.6,2.6,0.32,Enrolled,Enrolled,0,Basic Education,0.8333333333333334,1,0.625,0.0,0,"(20.0, 25.0]"
3769,1,1,3,9773,1,1,131.0,1,1,1,4,4,127.2,1,0,0,1,0,1,18,0,0,6,6,6,13.16666667,0,0,6,7,5,13.2,0,12.4,0.5,1.79,Dropout,Dropout,1,Journalism and Communication,1.0,0,1.0,0.0,0,"(16.999, 19.0]"
3770,1,44,1,9130,1,39,140.0,1,1,19,4,8,140.0,0,0,0,1,0,0,19,0,0,6,0,0,0.0,0,0,6,0,0,0.0,0,12.7,3.7,-1.7,Dropout,Dropout,1,Equinculture,0.0,6,0.0,0.0,0,"(16.999, 19.0]"
3771,1,44,1,9003,1,39,140.0,1,1,1,4,3,140.0,1,0,0,1,0,0,20,0,0,6,10,5,11.66666667,0,0,6,7,5,12.6,0,12.4,0.5,1.79,Graduate,Graduate,0,Agronomy,0.8333333333333334,1,0.5,0.0,0,"(19.0, 20.0]"
3772,1,1,4,9238,1,1,127.0,1,1,38,9,7,120.4,1,0,0,1,0,1,19,0,0,6,6,6,13.5,0,0,6,7,6,13.42857143,0,11.1,0.6,2.02,Graduate,Graduate,0,Social Service,1.0,0,1.0,0.0,0,"(16.999, 19.0]"
3773,1,39,1,9085,1,19,133.1,1,37,37,9,9,100.0,1,0,1,0,0,1,26,0,0,6,7,0,0.0,0,0,6,6,0,0.0,0,13.9,-0.3,0.79,Dropout,Dropout,1,Veterinary Nursing,0.0,6,0.0,0.0,1,"(25.0, 70.0]"
3774,1,1,1,9238,1,1,117.0,1,1,19,4,7,113.5,1,0,0,1,0,1,18,0,0,6,6,6,13.16666667,0,0,6,7,6,14.14285714,0,11.1,0.6,2.02,Graduate,Graduate,0,Social Service,1.0,0,1.0,0.0,0,"(16.999, 19.0]"
3775,1,1,1,9085,1,1,150.0,1,37,37,4,9,132.1,1,0,1,1,0,0,29,0,4,5,11,4,12.5,2,1,5,11,2,12.5,0,12.7,3.7,-1.7,Dropout,Dropout,1,Veterinary Nursing,0.8,1,0.36363636363636365,0.4,1,"(25.0, 70.0]"
3776,1,44,1,9003,1,39,160.0,1,3,1,2,6,160.0,1,0,0,0,0,0,20,0,0,6,10,6,13.375,0,0,6,10,6,13.0,0,16.2,0.3,-0.92,Graduate,Graduate,0,Agronomy,1.0,0,0.6,0.0,1,"(19.0, 20.0]"
3777,1,1,1,9070,1,1,128.0,1,19,2,7,3,126.3,1,0,0,1,0,0,19,0,0,6,6,6,13.16666667,0,0,6,6,6,12.66666667,0,15.5,2.8,-4.06,Graduate,Graduate,0,Communication Design,1.0,0,1.0,0.0,0,"(16.999, 19.0]"
3778,1,44,1,9085,1,39,160.0,1,1,1,4,4,160.0,1,0,0,1,0,0,23,0,1,6,12,4,13.4,0,1,6,17,2,13.5,0,12.4,0.5,1.79,Enrolled,Enrolled,0,Veterinary Nursing,0.6666666666666666,2,0.3333333333333333,0.0,0,"(20.0, 25.0]"
3779,1,43,1,9556,1,1,126.0,1,2,3,3,2,100.0,0,0,0,1,0,0,25,0,2,7,10,3,13.0,0,1,8,10,3,11.66666667,4,10.8,1.4,1.74,Enrolled,Enrolled,0,Oral Hygiene,0.42857142857142855,4,0.3,0.0,0,"(20.0, 25.0]"
3780,1,18,1,9500,1,1,135.0,1,3,3,1,1,125.8,1,0,0,1,0,0,18,0,0,8,8,7,13.15428571,0,0,8,8,7,13.15428571,0,10.8,1.4,1.74,Graduate,Graduate,0,Nursing,0.875,1,0.875,0.0,0,"(16.999, 19.0]"
3781,1,1,3,9070,1,1,139.0,1,1,38,4,7,142.2,1,0,0,1,0,1,19,0,0,6,6,6,12.83333333,0,0,6,6,6,12.83333333,0,9.4,-0.8,-3.12,Graduate,Graduate,0,Communication Design,1.0,0,1.0,0.0,0,"(16.999, 19.0]"
3782,1,17,2,9853,1,1,125.0,1,1,19,5,5,119.4,1,0,0,1,0,0,18,0,0,7,10,7,12.14285714,0,0,7,7,7,13.14285714,0,12.4,0.5,1.79,Graduate,Graduate,0,Basic Education,1.0,0,0.7,0.0,0,"(16.999, 19.0]"
3783,1,1,2,9500,1,1,106.0,1,1,19,4,4,106.4,1,0,0,1,0,1,19,0,0,7,9,5,13.34,0,0,7,9,6,12.38571429,0,12.4,0.5,1.79,Enrolled,Enrolled,0,Nursing,0.7142857142857143,2,0.5555555555555556,0.0,0,"(16.999, 19.0]"
3784,1,7,1,8014,0,40,120.0,1,37,19,9,3,120.0,0,0,0,1,0,0,36,0,6,10,15,4,13.0,0,5,9,10,4,13.75,0,8.9,1.4,3.51,Dropout,Dropout,1,Social Service (evening attendance),0.4,6,0.26666666666666666,0.0,0,"(25.0, 70.0]"
3785,1,44,1,9003,1,39,150.0,1,1,38,4,9,150.0,0,0,0,1,1,1,20,0,0,6,18,3,12.0,0,0,6,17,3,11.66666667,0,15.5,2.8,-4.06,Enrolled,Enrolled,0,Agronomy,0.5,3,0.16666666666666666,0.0,0,"(19.0, 20.0]"
3786,1,17,2,171,1,1,130.0,41,1,1,2,3,148.6,1,0,0,1,1,0,20,1,0,0,0,0,0.0,0,0,0,0,0,0.0,0,11.1,0.6,2.02,Dropout,Dropout,1,Animation and Multimedia Design,0.0,0,0.0,0.0,0,"(19.0, 20.0]"
3787,1,1,1,9238,1,1,116.0,1,38,38,9,8,108.7,1,0,0,1,1,0,18,0,0,6,9,5,11.0,0,0,6,12,0,0.0,0,11.1,0.6,2.02,Dropout,Dropout,1,Social Service,0.8333333333333334,1,0.5555555555555556,0.0,0,"(16.999, 19.0]"
3788,1,44,1,9003,1,39,130.0,1,3,1,4,6,130.0,0,0,0,1,1,0,19,0,0,6,8,5,11.5,0,0,6,11,6,11.33333333,0,12.4,0.5,1.79,Enrolled,Enrolled,0,Agronomy,0.8333333333333334,1,0.625,0.0,0,"(16.999, 19.0]"
3789,1,17,1,9238,1,1,140.0,1,1,44,4,2,124.6,1,0,1,0,1,0,20,0,3,9,9,3,13.33333333,0,2,6,6,2,12.5,0,8.9,1.4,3.51,Dropout,Dropout,1,Social Service,0.3333333333333333,6,0.3333333333333333,0.0,1,"(19.0, 20.0]"
3790,1,1,2,9500,1,1,134.0,1,19,19,4,7,131.0,1,0,0,1,1,0,18,0,0,7,9,7,14.59444444,0,0,8,10,8,13.472,0,15.5,2.8,-4.06,Graduate,Graduate,0,Nursing,1.0,0,0.7777777777777778,0.0,0,"(16.999, 19.0]"
3791,1,44,1,9130,1,39,130.0,1,3,1,3,6,130.0,1,0,1,1,1,0,20,0,2,6,9,4,11.0,0,1,6,13,3,10.66666667,0,12.4,0.5,1.79,Dropout,Dropout,1,Equinculture,0.6666666666666666,2,0.4444444444444444,0.0,1,"(19.0, 20.0]"
3792,1,18,1,9119,1,1,122.0,1,19,1,90,3,116.1,1,0,1,0,1,0,24,0,0,5,8,0,0.0,0,0,5,5,0,0.0,0,9.4,-0.8,-3.12,Dropout,Dropout,1,Informatics Engineering,0.0,5,0.0,0.0,1,"(20.0, 25.0]"
3793,1,17,1,9773,1,1,128.0,1,19,38,5,7,125.6,1,0,0,1,1,0,19,0,0,6,6,0,0.0,0,0,6,0,0,0.0,0,8.9,1.4,3.51,Dropout,Dropout,1,Journalism and Communication,0.0,6,0.0,0.0,0,"(16.999, 19.0]"
3794,1,17,1,9119,1,1,130.0,1,19,19,7,9,121.3,1,0,0,1,1,0,18,0,0,5,9,1,12.0,0,0,5,10,2,12.0,3,7.6,2.6,0.32,Dropout,Dropout,1,Informatics Engineering,0.2,4,0.1111111111111111,0.0,0,"(16.999, 19.0]"
3795,1,1,3,9119,1,1,113.0,1,4,38,2,7,107.4,1,0,0,1,1,0,18,0,0,5,8,5,14.0,0,0,5,6,5,13.2,0,8.9,1.4,3.51,Graduate,Graduate,0,Informatics Engineering,1.0,0,0.625,0.0,0,"(16.999, 19.0]"
3796,1,1,1,9254,1,1,126.0,1,1,19,4,4,116.9,0,0,0,1,1,0,18,0,0,6,8,6,13.57142857,0,0,6,7,5,11.8,0,8.9,1.4,3.51,Graduate,Graduate,0,Tourism,1.0,0,0.75,0.0,0,"(16.999, 19.0]"
3797,1,43,2,9670,1,1,135.0,1,3,19,1,7,123.5,1,0,0,1,1,0,22,0,0,6,12,0,0.0,0,0,6,6,0,0.0,0,16.2,0.3,-0.92,Dropout,Dropout,1,Advertising and Marketing Management,0.0,6,0.0,0.0,0,"(20.0, 25.0]"
3798,1,1,1,9670,1,1,141.0,1,19,38,9,9,130.5,0,0,0,1,1,0,19,0,0,6,8,6,14.25,0,0,6,7,6,13.85714286,0,11.1,0.6,2.02,Graduate,Graduate,0,Advertising and Marketing Management,1.0,0,0.75,0.0,0,"(16.999, 19.0]"
3799,2,39,1,9085,1,12,133.1,1,1,39,5,3,140.0,1,0,1,0,0,0,32,0,0,6,7,0,0.0,0,0,6,6,0,0.0,0,13.9,-0.3,0.79,Dropout,Dropout,1,Veterinary Nursing,0.0,6,0.0,0.0,1,"(25.0, 70.0]"
3800,1,17,1,9853,1,1,133.1,1,34,19,0,3,117.1,1,0,0,1,0,1,21,0,0,6,12,0,0.0,0,0,6,12,0,0.0,0,7.6,2.6,0.32,Dropout,Dropout,1,Basic Education,0.0,6,0.0,0.0,0,"(20.0, 25.0]"
3801,1,18,1,9500,1,1,144.0,1,37,37,6,6,127.5,1,0,0,1,0,1,19,0,0,8,8,7,13.54285714,0,0,8,8,7,13.54285714,0,12.7,3.7,-1.7,Graduate,Graduate,0,Nursing,0.875,1,0.875,0.0,0,"(16.999, 19.0]"
3802,4,43,1,8014,0,1,140.0,1,38,37,9,9,126.0,0,0,0,1,0,1,39,0,3,9,9,9,13.11111111,0,2,7,10,7,11.71428571,0,12.7,3.7,-1.7,Graduate,Graduate,0,Social Service (evening attendance),1.0,0,1.0,0.0,0,"(25.0, 70.0]"
3803,1,43,1,8014,0,10,100.0,1,34,34,0,0,113.0,1,0,0,1,0,0,30,0,3,9,11,9,12.66666667,0,2,7,7,7,12.14285714,0,7.6,2.6,0.32,Graduate,Graduate,0,Social Service (evening attendance),1.0,0,0.8181818181818182,0.0,0,"(25.0, 70.0]"
3804,1,1,1,9147,1,1,135.0,1,1,19,5,5,130.1,1,0,0,1,0,0,18,0,0,5,10,4,10.75,1,0,5,13,2,10.0,0,9.4,-0.8,-3.12,Dropout,Dropout,1,Management,0.8,1,0.4,0.2,0,"(16.999, 19.0]"
3805,2,43,1,9991,0,1,130.0,1,37,37,9,9,110.0,1,0,0,1,0,0,38,0,4,10,14,4,10.75,0,2,10,10,2,10.0,0,7.6,2.6,0.32,Dropout,Dropout,1,Management (evening attendance),0.4,6,0.2857142857142857,0.0,0,"(25.0, 70.0]"
3806,1,1,3,9070,1,1,147.0,1,34,37,5,7,135.8,1,0,0,1,0,0,20,0,0,6,6,6,13.66666667,0,0,6,6,6,13.33333333,0,9.4,-0.8,-3.12,Graduate,Graduate,0,Communication Design,1.0,0,1.0,0.0,0,"(19.0, 20.0]"
3807,1,39,1,8014,0,19,149.0,1,34,34,0,0,126.3,0,0,0,1,0,0,55,0,0,6,6,6,13.83333333,0,1,6,6,6,12.83333333,0,7.6,2.6,0.32,Graduate,Graduate,0,Social Service (evening attendance),1.0,0,1.0,0.0,0,"(25.0, 70.0]"
3808,4,27,1,9070,1,2,130.0,1,34,34,0,0,130.0,0,0,0,1,0,0,53,0,15,18,18,17,13.17647059,0,13,18,18,16,13.0,0,7.6,2.6,0.32,Dropout,Dropout,1,Communication Design,0.9444444444444444,1,0.9444444444444444,0.0,0,"(25.0, 70.0]"
3809,2,39,1,8014,0,1,120.0,1,34,34,0,0,104.0,0,0,0,1,0,0,54,0,0,6,8,4,12.75,0,0,6,12,5,12.6,0,7.6,2.6,0.32,Dropout,Dropout,1,Social Service (evening attendance),0.6666666666666666,2,0.5,0.0,0,"(25.0, 70.0]"
3810,1,43,1,9500,1,1,125.0,1,37,37,9,7,123.6,1,0,0,1,0,1,18,0,0,7,8,5,12.86,0,0,7,8,5,12.86,0,7.6,2.6,0.32,Enrolled,Enrolled,0,Nursing,0.7142857142857143,2,0.625,0.0,0,"(16.999, 19.0]"
3811,1,39,1,8014,0,1,133.1,1,37,37,9,8,121.0,0,0,1,0,0,0,44,0,2,8,12,4,12.0,2,2,7,9,4,12.0,2,8.9,1.4,3.51,Dropout,Dropout,1,Social Service (evening attendance),0.5,4,0.3333333333333333,0.25,1,"(25.0, 70.0]"
3812,1,43,1,9238,1,1,149.0,1,37,37,9,6,130.5,1,0,0,1,0,0,28,0,8,11,11,9,11.66666667,0,8,11,13,9,12.55555556,0,10.8,1.4,1.74,Graduate,Graduate,0,Social Service,0.8181818181818182,2,0.8181818181818182,0.0,0,"(25.0, 70.0]"
3813,1,7,1,8014,0,43,180.0,1,19,19,9,4,180.0,0,0,0,1,0,0,37,0,12,14,14,14,16.5,0,8,11,11,11,16.90909091,0,8.9,1.4,3.51,Graduate,Graduate,0,Social Service (evening attendance),1.0,0,1.0,0.0,0,"(25.0, 70.0]"
3814,1,43,1,9238,1,1,110.0,1,14,14,90,90,112.5,1,0,0,1,0,0,20,0,8,10,14,9,12.33333333,0,3,7,10,7,11.77777778,0,7.6,2.6,0.32,Graduate,Graduate,0,Social Service,0.9,1,0.6428571428571429,0.0,0,"(19.0, 20.0]"
3815,1,1,3,9500,1,1,131.0,1,19,3,3,2,126.1,1,0,0,1,0,0,18,0,0,7,8,7,12.59125,0,0,8,11,7,12.82,0,15.5,2.8,-4.06,Enrolled,Enrolled,0,Nursing,1.0,0,0.875,0.0,0,"(16.999, 19.0]"
3816,1,1,1,9238,1,1,117.0,1,19,19,9,9,111.8,1,0,0,1,1,0,19,0,0,6,9,4,11.5,0,0,6,12,3,11.0,0,8.9,1.4,3.51,Dropout,Dropout,1,Social Service,0.6666666666666666,2,0.4444444444444444,0.0,0,"(16.999, 19.0]"
3817,1,17,1,9003,1,1,120.0,1,38,37,5,9,131.4,1,0,0,1,1,1,23,0,17,18,19,18,11.89473684,0,12,13,13,13,12.92307692,0,15.5,2.8,-4.06,Graduate,Graduate,0,Agronomy,1.0,0,0.9473684210526315,0.0,0,"(20.0, 25.0]"
3818,1,17,1,9238,1,1,160.0,1,19,37,6,6,144.3,0,0,0,1,1,0,22,0,0,6,0,0,0.0,0,0,6,0,0,0.0,0,13.9,-0.3,0.79,Dropout,Dropout,1,Social Service,0.0,6,0.0,0.0,0,"(20.0, 25.0]"
3819,1,39,1,9254,1,1,100.0,1,3,19,3,5,115.0,0,0,0,0,1,0,24,0,0,6,0,0,0.0,0,0,6,0,0,0.0,0,11.1,0.6,2.02,Dropout,Dropout,1,Tourism,0.0,6,0.0,0.0,1,"(20.0, 25.0]"
3820,1,44,1,9003,1,39,140.0,1,4,4,4,2,120.0,1,0,0,1,1,0,22,0,0,6,13,5,13.0,0,0,6,13,2,11.5,0,12.4,0.5,1.79,Enrolled,Enrolled,0,Agronomy,0.8333333333333334,1,0.38461538461538464,0.0,0,"(20.0, 25.0]"
3821,1,39,1,9003,1,1,160.0,1,1,38,5,6,168.6,0,0,0,1,1,0,26,0,0,6,9,0,0.0,0,0,6,6,0,0.0,0,13.9,-0.3,0.79,Dropout,Dropout,1,Agronomy,0.0,6,0.0,0.0,0,"(25.0, 70.0]"
3822,1,17,6,9773,1,1,141.0,1,37,37,5,5,127.7,1,0,0,1,1,0,18,0,0,6,6,6,15.16666667,0,0,6,6,6,14.83333333,0,9.4,-0.8,-3.12,Graduate,Graduate,0,Journalism and Communication,1.0,0,1.0,0.0,0,"(16.999, 19.0]"
3823,1,44,1,9130,1,39,130.0,1,38,19,9,9,150.0,0,0,0,1,1,0,24,0,2,6,8,4,11.75,0,1,6,8,2,13.5,0,11.1,0.6,2.02,Dropout,Dropout,1,Equinculture,0.6666666666666666,2,0.5,0.0,0,"(20.0, 25.0]"
3824,1,1,1,9119,1,1,142.0,1,1,38,4,3,129.8,1,0,0,1,1,0,18,0,0,5,5,0,0.0,0,0,5,6,1,15.0,0,10.8,1.4,1.74,Enrolled,Enrolled,0,Informatics Engineering,0.0,5,0.0,0.0,0,"(16.999, 19.0]"
3825,1,1,1,171,1,1,130.0,1,1,38,7,8,135.6,1,0,0,1,1,0,26,0,0,0,0,0,0.0,0,0,0,0,0,0.0,0,11.1,0.6,2.02,Dropout,Dropout,1,Animation and Multimedia Design,0.0,0,0.0,0.0,0,"(25.0, 70.0]"
3826,1,39,1,9254,1,19,133.1,1,37,37,9,4,100.0,0,0,0,1,1,0,27,0,0,6,11,3,11.33333333,0,0,6,10,3,14.75,0,16.2,0.3,-0.92,Dropout,Dropout,1,Tourism,0.5,3,0.2727272727272727,0.0,0,"(25.0, 70.0]"
3827,1,44,1,9003,1,39,140.0,1,37,37,9,6,140.0,1,0,0,1,1,1,20,0,0,6,10,5,12.6,0,0,6,6,5,13.2,0,12.4,0.5,1.79,Graduate,Graduate,0,Agronomy,0.8333333333333334,1,0.5,0.0,0,"(19.0, 20.0]"
3828,1,1,1,9119,1,1,129.0,1,12,1,4,10,124.1,1,0,0,1,1,0,19,0,0,5,10,0,0.0,0,0,5,10,1,14.0,3,7.6,2.6,0.32,Dropout,Dropout,1,Informatics Engineering,0.0,5,0.0,0.0,0,"(16.999, 19.0]"
3829,1,1,1,9085,1,1,148.0,1,38,38,4,9,131.6,0,0,0,1,1,1,18,0,0,6,8,6,15.5,0,0,6,9,4,15.5,0,11.1,0.6,2.02,Dropout,Dropout,1,Veterinary Nursing,1.0,0,0.75,0.0,0,"(16.999, 19.0]"
3830,1,1,3,9500,1,1,143.0,1,1,1,4,4,129.0,1,0,0,1,1,0,18,0,0,8,8,7,12.36571429,0,0,8,8,7,12.36571429,0,10.8,1.4,1.74,Graduate,Graduate,0,Nursing,0.875,1,0.875,0.0,0,"(16.999, 19.0]"
3831,1,17,1,9670,1,1,128.0,1,37,37,9,9,135.7,1,0,0,1,1,0,19,0,0,6,7,5,13.2,0,0,6,10,5,13.25,0,10.8,1.4,1.74,Enrolled,Enrolled,0,Advertising and Marketing Management,0.8333333333333334,1,0.7142857142857143,0.0,0,"(16.999, 19.0]"
3832,1,43,1,9070,1,1,100.0,1,37,37,9,9,108.0,1,0,0,1,1,0,34,0,7,12,12,7,11.42857143,0,4,12,12,7,11.85714286,0,7.6,2.6,0.32,Enrolled,Enrolled,0,Communication Design,0.5833333333333334,5,0.5833333333333334,0.0,0,"(25.0, 70.0]"
3833,1,1,1,9238,1,1,116.0,1,38,19,8,10,110.8,1,0,0,1,1,0,19,0,0,6,0,0,0.0,0,0,6,0,0,0.0,0,16.2,0.3,-0.92,Dropout,Dropout,1,Social Service,0.0,6,0.0,0.0,0,"(16.999, 19.0]"
3834,1,1,1,9773,1,1,128.0,1,1,19,4,4,124.5,0,0,0,1,1,1,19,0,0,6,10,4,14.0,0,0,6,9,6,12.33333333,0,9.4,-0.8,-3.12,Graduate,Graduate,0,Journalism and Communication,0.6666666666666666,2,0.4,0.0,0,"(16.999, 19.0]"
3835,2,39,1,9003,1,1,120.0,1,2,2,1,4,100.0,0,0,0,1,1,0,30,0,3,12,12,3,12.0,0,5,12,16,5,11.8,0,15.5,2.8,-4.06,Dropout,Dropout,1,Agronomy,0.25,9,0.25,0.0,0,"(25.0, 70.0]"
3836,1,43,1,9773,1,1,121.0,1,1,3,9,3,123.8,0,0,0,0,1,0,22,0,0,4,4,0,0.0,4,0,5,8,3,12.0,0,10.8,1.4,1.74,Dropout,Dropout,1,Journalism and Communication,0.0,4,0.0,1.0,1,"(20.0, 25.0]"
3837,1,17,1,9147,1,1,137.0,1,3,38,1,9,131.4,0,0,0,0,1,0,19,0,0,5,13,4,10.0,0,0,5,7,3,11.33333333,0,15.5,2.8,-4.06,Dropout,Dropout,1,Management,0.8,1,0.3076923076923077,0.0,1,"(16.999, 19.0]"
3838,1,1,1,9147,1,1,115.0,1,38,1,9,8,118.5,0,0,0,1,1,0,21,0,0,5,9,1,10.0,0,0,5,10,1,10.0,0,7.6,2.6,0.32,Dropout,Dropout,1,Management,0.2,4,0.1111111111111111,0.0,0,"(20.0, 25.0]"
3839,1,1,2,171,1,1,129.0,1,37,37,9,9,122.0,1,0,0,0,1,0,22,0,0,0,0,0,0.0,0,0,0,0,0,0.0,0,7.6,2.6,0.32,Dropout,Dropout,1,Animation and Multimedia Design,0.0,0,0.0,0.0,1,"(20.0, 25.0]"
3840,1,1,1,9254,1,1,125.0,1,37,37,9,9,122.9,0,0,0,1,1,1,19,0,0,6,7,6,11.16666667,0,0,6,12,3,11.66666667,0,10.8,1.4,1.74,Enrolled,Enrolled,0,Tourism,1.0,0,0.8571428571428571,0.0,0,"(16.999, 19.0]"
3841,1,1,1,9238,1,1,125.0,1,19,38,7,7,118.7,0,0,0,1,1,0,20,0,0,6,12,4,11.75,0,0,6,13,3,11.33333333,0,15.5,2.8,-4.06,Enrolled,Enrolled,0,Social Service,0.6666666666666666,2,0.3333333333333333,0.0,0,"(19.0, 20.0]"
3842,1,39,1,9003,1,19,133.1,1,3,1,2,8,100.0,1,0,0,1,1,0,35,0,0,6,13,3,11.75,0,0,6,10,0,0.0,0,13.9,-0.3,0.79,Dropout,Dropout,1,Agronomy,0.5,3,0.23076923076923078,0.0,0,"(25.0, 70.0]"
3843,1,16,2,9147,1,1,131.0,1,37,37,9,9,135.9,1,0,0,1,1,0,20,0,0,5,8,1,10.0,0,0,5,7,1,11.0,0,7.6,2.6,0.32,Dropout,Dropout,1,Management,0.2,4,0.125,0.0,0,"(19.0, 20.0]"
3844,1,1,1,9130,1,1,133.1,1,6,11,4,5,138.4,0,0,0,1,1,0,21,0,0,5,8,3,14.0,0,0,5,5,5,12.8,0,7.6,2.6,0.32,Graduate,Graduate,0,Equinculture,0.6,2,0.375,0.0,0,"(20.0, 25.0]"
3845,1,39,1,9085,1,12,133.1,1,34,34,99,99,128.2,0,0,1,0,1,0,27,0,0,5,5,0,0.0,0,0,5,5,0,0.0,0,7.6,2.6,0.32,Dropout,Dropout,1,Veterinary Nursing,0.0,5,0.0,0.0,1,"(25.0, 70.0]"
3846,1,43,1,9773,1,1,114.0,1,37,38,9,5,107.4,1,0,0,0,1,0,26,0,0,6,12,3,12.0,0,0,6,15,0,0.0,0,9.4,-0.8,-3.12,Dropout,Dropout,1,Journalism and Communication,0.5,3,0.25,0.0,1,"(25.0, 70.0]"
3847,1,17,1,9773,1,1,127.0,1,1,33,3,3,129.8,0,0,0,0,1,0,20,0,0,6,10,0,0.0,0,0,5,10,0,0.0,0,10.8,1.4,1.74,Dropout,Dropout,1,Journalism and Communication,0.0,6,0.0,0.0,1,"(19.0, 20.0]"
3848,1,39,1,9003,1,1,130.0,1,37,37,6,6,100.0,0,0,1,0,1,0,28,0,4,10,19,8,11.88888889,0,2,8,17,5,11.6,1,15.5,2.8,-4.06,Dropout,Dropout,1,Agronomy,0.8,2,0.42105263157894735,0.0,1,"(25.0, 70.0]"
3849,1,1,3,9773,1,1,121.0,1,19,38,9,7,113.0,1,0,0,1,1,0,19,0,0,6,6,6,13.83333333,0,0,6,6,6,13.66666667,0,11.1,0.6,2.02,Graduate,Graduate,0,Journalism and Communication,1.0,0,1.0,0.0,0,"(16.999, 19.0]"
3850,1,43,1,9991,0,1,120.0,1,37,19,9,9,107.0,0,0,0,0,1,0,47,0,0,5,5,0,0.0,0,0,5,5,0,0.0,0,12.7,3.7,-1.7,Dropout,Dropout,1,Management (evening attendance),0.0,5,0.0,0.0,1,"(25.0, 70.0]"
3851,4,39,1,9773,1,12,120.0,1,37,37,4,9,130.0,0,0,0,0,1,0,55,0,0,6,8,5,11.4,0,0,6,9,5,12.4,0,10.8,1.4,1.74,Dropout,Dropout,1,Journalism and Communication,0.8333333333333334,1,0.625,0.0,1,"(25.0, 70.0]"
3852,1,43,1,9003,1,1,120.0,1,37,37,5,9,120.0,1,0,0,1,1,0,39,0,0,6,8,0,0.0,0,1,6,8,2,11.0,0,16.2,0.3,-0.92,Dropout,Dropout,1,Agronomy,0.0,6,0.0,0.0,0,"(25.0, 70.0]"
3853,2,1,1,9003,1,1,120.0,1,37,37,9,9,120.5,1,0,1,1,1,0,35,0,14,17,17,14,10.64285714,1,12,12,12,12,10.66666667,0,15.5,2.8,-4.06,Dropout,Dropout,1,Agronomy,0.8235294117647058,3,0.8235294117647058,0.058823529411764705,1,"(25.0, 70.0]"
3854,1,39,1,9238,1,1,133.1,1,37,29,0,4,120.5,0,0,0,0,1,0,32,0,0,6,10,2,11.0,0,0,6,12,0,0.0,0,7.6,2.6,0.32,Dropout,Dropout,1,Social Service,0.3333333333333333,4,0.2,0.0,1,"(25.0, 70.0]"
3855,1,1,4,9773,1,1,124.0,1,3,12,2,9,137.0,1,0,0,1,1,0,20,0,0,6,6,6,16.83333333,0,0,6,6,6,16.66666667,0,8.9,1.4,3.51,Graduate,Graduate,0,Journalism and Communication,1.0,0,1.0,0.0,0,"(19.0, 20.0]"
3856,1,39,1,9254,1,1,150.0,1,37,37,9,9,115.0,0,0,0,1,1,0,36,0,0,6,8,6,13.57142857,0,0,6,9,5,13.2,0,12.7,3.7,-1.7,Graduate,Graduate,0,Tourism,1.0,0,0.75,0.0,0,"(25.0, 70.0]"
3857,1,39,1,9991,0,19,133.1,1,38,19,9,10,142.7,0,0,1,1,1,1,34,0,0,5,11,5,14.71428571,0,0,5,14,5,14.375,5,16.2,0.3,-0.92,Graduate,Graduate,0,Management (evening attendance),1.0,0,0.45454545454545453,0.0,1,"(25.0, 70.0]"
3858,1,1,1,9670,1,1,116.0,1,38,19,0,2,116.7,1,0,0,1,1,0,21,0,0,5,8,0,0.0,0,0,5,5,0,0.0,0,9.4,-0.8,-3.12,Dropout,Dropout,1,Advertising and Marketing Management,0.0,5,0.0,0.0,0,"(20.0, 25.0]"
3859,1,43,1,9991,0,1,133.1,1,37,19,3,10,136.1,0,0,0,1,1,1,42,0,0,5,14,1,10.0,0,0,5,14,1,11.0,0,13.9,-0.3,0.79,Dropout,Dropout,1,Management (evening attendance),0.2,4,0.07142857142857142,0.0,0,"(25.0, 70.0]"
3860,1,39,1,9003,1,19,133.1,1,37,19,9,7,134.3,0,0,0,1,1,0,25,0,0,6,15,1,11.0,0,0,6,13,4,11.75,0,12.4,0.5,1.79,Dropout,Dropout,1,Agronomy,0.16666666666666666,5,0.06666666666666667,0.0,0,"(20.0, 25.0]"
3861,1,18,1,9773,1,1,167.0,1,38,38,6,7,153.0,1,0,0,1,1,1,18,0,0,6,6,1,11.0,0,0,6,0,0,0.0,0,8.9,1.4,3.51,Dropout,Dropout,1,Journalism and Communication,0.16666666666666666,5,0.16666666666666666,0.0,0,"(16.999, 19.0]"
3862,1,1,1,9773,1,1,140.0,1,19,38,9,9,132.0,0,0,0,1,1,1,18,0,0,6,6,5,12.0,0,0,6,6,6,12.83333333,0,12.7,3.7,-1.7,Graduate,Graduate,0,Journalism and Communication,0.8333333333333334,1,0.8333333333333334,0.0,0,"(16.999, 19.0]"
3863,1,1,2,9238,1,1,124.0,1,38,19,9,7,129.6,1,0,0,1,1,0,19,0,0,6,10,6,11.125,0,0,6,7,6,11.85714286,0,7.6,2.6,0.32,Graduate,Graduate,0,Social Service,1.0,0,0.6,0.0,0,"(16.999, 19.0]"
3864,1,43,1,9085,1,1,110.0,1,3,19,4,6,105.0,0,0,1,0,1,0,34,0,2,6,13,3,11.33333333,0,0,6,8,2,11.5,0,13.9,-0.3,0.79,Dropout,Dropout,1,Veterinary Nursing,0.5,3,0.23076923076923078,0.0,1,"(25.0, 70.0]"
3865,1,17,2,9773,1,1,150.0,1,1,1,4,5,130.8,0,0,0,1,1,0,20,0,0,6,15,2,12.0,0,0,6,12,0,0.0,0,10.8,1.4,1.74,Dropout,Dropout,1,Journalism and Communication,0.3333333333333333,4,0.13333333333333333,0.0,0,"(19.0, 20.0]"
3866,1,1,1,9500,1,1,123.0,1,37,37,7,7,119.7,0,0,0,1,1,0,20,0,0,7,8,0,0.0,1,0,7,7,0,0.0,0,13.9,-0.3,0.79,Dropout,Dropout,1,Nursing,0.0,7,0.0,0.14285714285714285,0,"(19.0, 20.0]"
3867,1,17,1,9500,1,1,152.0,1,19,19,4,9,132.5,0,0,0,1,1,0,21,0,0,8,8,7,14.54,0,0,8,8,7,14.54,0,10.8,1.4,1.74,Graduate,Graduate,0,Nursing,0.875,1,0.875,0.0,0,"(20.0, 25.0]"
3868,1,44,1,9003,1,39,130.0,1,1,19,3,10,130.0,1,0,0,1,1,0,19,0,0,6,9,6,12.16666667,0,0,6,14,4,13.0,0,12.4,0.5,1.79,Graduate,Graduate,0,Agronomy,1.0,0,0.6666666666666666,0.0,0,"(16.999, 19.0]"
3869,1,39,1,9085,1,1,133.1,1,1,1,4,4,120.0,0,0,1,0,1,0,31,0,0,5,13,4,13.5,1,0,5,12,3,11.66666667,1,9.4,-0.8,-3.12,Dropout,Dropout,1,Veterinary Nursing,0.8,1,0.3076923076923077,0.2,1,"(25.0, 70.0]"
3870,1,17,1,9670,1,1,133.1,1,1,37,4,5,150.0,0,0,0,1,1,0,21,0,0,6,8,6,14.75,0,0,6,9,5,14.33333333,0,11.1,0.6,2.02,Graduate,Graduate,0,Advertising and Marketing Management,1.0,0,0.75,0.0,0,"(20.0, 25.0]"
3871,1,1,1,9147,1,1,124.0,1,38,38,9,9,115.6,0,0,0,1,1,1,20,0,0,5,8,5,12.375,0,0,5,7,5,11.66666667,0,13.9,-0.3,0.79,Graduate,Graduate,0,Management,1.0,0,0.625,0.0,0,"(19.0, 20.0]"
3872,1,43,2,9500,1,6,119.1,1,1,19,4,10,119.1,0,0,0,1,1,0,22,0,0,7,7,6,12.73333333,0,0,7,7,6,12.73333333,0,7.6,2.6,0.32,Graduate,Graduate,0,Nursing,0.8571428571428571,1,0.8571428571428571,0.0,0,"(20.0, 25.0]"
3873,1,1,2,9070,1,1,128.0,1,19,19,3,3,123.5,1,1,0,0,1,0,19,0,0,6,9,4,12.5,0,0,6,6,0,0.0,0,9.4,-0.8,-3.12,Dropout,Dropout,1,Communication Design,0.6666666666666666,2,0.4444444444444444,0.0,1,"(16.999, 19.0]"
3874,1,39,1,9130,1,1,133.1,1,1,1,90,1,120.0,1,0,1,0,1,0,41,0,0,5,5,0,0.0,1,0,5,5,0,0.0,5,12.7,3.7,-1.7,Dropout,Dropout,1,Equinculture,0.0,5,0.0,0.2,1,"(25.0, 70.0]"
3875,1,43,1,9500,1,19,133.1,1,34,34,0,0,110.0,1,0,0,1,1,0,27,0,0,7,7,0,0.0,6,0,7,7,0,0.0,6,7.6,2.6,0.32,Dropout,Dropout,1,Nursing,0.0,7,0.0,0.8571428571428571,0,"(25.0, 70.0]"
3876,1,17,1,9500,1,1,145.0,1,1,1,4,10,131.4,0,0,0,1,0,0,19,0,0,7,7,7,13.44285714,0,0,8,8,7,13.77142857,0,13.9,-0.3,0.79,Dropout,Dropout,1,Nursing,1.0,0,1.0,0.0,0,"(16.999, 19.0]"
3877,1,18,2,9500,1,1,141.0,24,1,1,4,3,126.8,1,0,0,1,0,1,20,1,0,8,8,8,14.2,0,0,8,8,8,14.2,0,9.4,-0.8,-3.12,Graduate,Graduate,0,Nursing,1.0,0,1.0,0.0,0,"(19.0, 20.0]"
3878,1,43,4,9500,1,6,118.9,1,38,37,5,9,118.9,1,0,0,1,0,1,19,0,0,7,7,6,13.55,0,0,7,7,6,13.55,0,7.6,2.6,0.32,Graduate,Graduate,0,Nursing,0.8571428571428571,1,0.8571428571428571,0.0,0,"(16.999, 19.0]"
3879,2,39,1,9991,0,1,160.0,1,37,37,9,9,160.0,0,0,0,1,0,0,35,0,0,5,5,5,11.6,0,0,5,6,5,11.16666667,0,15.5,2.8,-4.06,Graduate,Graduate,0,Management (evening attendance),1.0,0,1.0,0.0,0,"(25.0, 70.0]"
3880,1,17,5,9773,1,1,111.0,1,19,12,7,3,115.9,1,0,0,1,0,0,22,0,0,6,7,6,13.57142857,0,0,6,7,6,15.28571429,0,13.9,-0.3,0.79,Graduate,Graduate,0,Journalism and Communication,1.0,0,0.8571428571428571,0.0,0,"(20.0, 25.0]"
3881,1,1,2,9254,1,1,111.0,1,1,19,5,7,109.3,1,0,0,1,0,1,20,0,0,6,6,6,13.83333333,0,0,6,6,6,15.0,0,11.1,0.6,2.02,Graduate,Graduate,0,Tourism,1.0,0,1.0,0.0,0,"(19.0, 20.0]"
3882,1,1,1,9670,1,1,123.0,1,37,38,9,9,113.9,1,0,1,0,0,0,18,0,0,6,7,4,11.25,0,0,6,9,4,10.85714286,0,10.8,1.4,1.74,Dropout,Dropout,1,Advertising and Marketing Management,0.6666666666666666,2,0.5714285714285714,0.0,1,"(16.999, 19.0]"
3883,1,1,1,9238,1,1,133.0,1,37,37,9,9,121.8,1,0,0,1,0,1,18,0,0,6,7,5,10.2,0,0,6,9,4,11.25,0,12.4,0.5,1.79,Graduate,Graduate,0,Social Service,0.8333333333333334,1,0.7142857142857143,0.0,0,"(16.999, 19.0]"
3884,1,7,1,9500,1,3,140.0,1,1,37,9,5,140.0,0,0,0,1,0,0,30,0,0,8,8,7,15.67571429,0,0,8,8,7,15.67571429,0,10.8,1.4,1.74,Graduate,Graduate,0,Nursing,0.875,1,0.875,0.0,0,"(25.0, 70.0]"
3885,1,18,1,9238,1,1,122.0,1,38,38,9,7,114.7,0,0,1,1,0,1,18,0,0,6,9,6,10.83333333,0,0,6,8,6,12.0,0,11.1,0.6,2.02,Graduate,Graduate,0,Social Service,1.0,0,0.6666666666666666,0.0,1,"(16.999, 19.0]"
3886,1,1,1,9254,1,1,128.0,1,19,19,7,8,120.0,1,0,0,1,0,1,20,0,0,6,6,6,14.5,0,0,6,7,5,15.0,0,12.4,0.5,1.79,Enrolled,Enrolled,0,Tourism,1.0,0,1.0,0.0,0,"(19.0, 20.0]"
3887,1,1,1,9238,1,1,108.0,1,19,38,9,9,107.3,0,1,0,1,0,1,19,0,0,6,12,4,10.4,0,0,6,11,4,10.75,0,12.4,0.5,1.79,Enrolled,Enrolled,0,Social Service,0.6666666666666666,2,0.3333333333333333,0.0,0,"(16.999, 19.0]"
3888,1,17,1,9085,1,1,139.0,1,38,38,5,3,136.2,0,0,0,1,0,0,19,0,0,5,7,5,13.0,1,0,5,7,5,13.33333333,0,7.6,2.6,0.32,Graduate,Graduate,0,Veterinary Nursing,1.0,0,0.7142857142857143,0.2,0,"(16.999, 19.0]"
3889,1,1,2,9556,1,1,130.0,1,1,38,3,8,119.5,1,0,0,1,0,1,21,0,0,7,7,7,12.24285714,0,0,8,8,8,14.125,0,15.5,2.8,-4.06,Graduate,Graduate,0,Oral Hygiene,1.0,0,1.0,0.0,0,"(20.0, 25.0]"
3890,1,18,1,9853,1,1,133.1,1,1,19,141,182,106.0,1,0,1,1,0,0,21,0,0,7,7,7,13.0,0,0,7,8,6,12.5,0,8.9,1.4,3.51,Enrolled,Enrolled,0,Basic Education,1.0,0,1.0,0.0,1,"(20.0, 25.0]"
3891,1,1,4,9670,1,1,130.0,1,1,1,9,9,124.1,1,0,0,1,0,0,18,0,0,6,6,6,14.16666667,0,0,6,7,6,13.42857143,0,8.9,1.4,3.51,Enrolled,Enrolled,0,Advertising and Marketing Management,1.0,0,1.0,0.0,0,"(16.999, 19.0]"
3892,1,1,3,9147,1,1,143.0,1,1,1,5,7,133.2,1,0,0,1,0,1,18,0,0,5,11,4,14.25,0,0,5,7,4,12.5,0,12.7,3.7,-1.7,Graduate,Graduate,0,Management,0.8,1,0.36363636363636365,0.0,0,"(16.999, 19.0]"
3893,4,39,1,9085,1,1,110.0,1,37,37,90,90,110.0,0,0,0,0,0,0,35,0,0,5,14,1,12.0,2,0,5,11,2,10.5,1,9.4,-0.8,-3.12,Dropout,Dropout,1,Veterinary Nursing,0.2,4,0.07142857142857142,0.4,1,"(25.0, 70.0]"
3894,1,1,6,9500,1,1,120.0,41,1,1,9,6,114.8,1,0,0,1,0,0,21,1,0,7,11,4,13.25,0,0,7,9,5,13.82,0,11.1,0.6,2.02,Enrolled,Enrolled,0,Nursing,0.5714285714285714,3,0.36363636363636365,0.0,0,"(20.0, 25.0]"
3895,1,1,1,9500,1,1,140.0,1,38,37,9,7,130.0,1,0,0,1,1,1,18,0,0,7,7,6,13.18333333,0,0,7,7,6,13.18333333,0,7.6,2.6,0.32,Graduate,Graduate,0,Nursing,0.8571428571428571,1,0.8571428571428571,0.0,0,"(16.999, 19.0]"
3896,1,17,5,9070,1,1,125.0,1,19,1,5,5,122.6,1,0,0,1,1,0,22,0,0,6,6,1,11.0,0,0,6,6,0,0.0,0,9.4,-0.8,-3.12,Enrolled,Enrolled,0,Communication Design,0.16666666666666666,5,0.16666666666666666,0.0,0,"(20.0, 25.0]"
3897,1,17,1,9500,1,1,134.0,1,38,1,9,6,133.5,1,0,0,1,1,1,20,0,0,7,8,7,11.9725,0,0,8,8,8,12.65125,0,15.5,2.8,-4.06,Graduate,Graduate,0,Nursing,1.0,0,0.875,0.0,0,"(19.0, 20.0]"
3898,2,39,1,9254,1,1,130.0,1,37,37,4,7,120.0,1,0,0,1,0,0,34,0,0,6,7,5,12.4,0,0,6,8,5,12.8,0,9.4,-0.8,-3.12,Graduate,Graduate,0,Tourism,0.8333333333333334,1,0.7142857142857143,0.0,0,"(25.0, 70.0]"
3899,2,7,1,9147,1,3,120.0,1,37,37,9,9,120.0,0,0,0,1,0,0,33,0,3,8,9,5,12.6,2,2,7,13,5,11.25,0,10.8,1.4,1.74,Enrolled,Enrolled,0,Management,0.625,3,0.5555555555555556,0.25,0,"(25.0, 70.0]"
3900,1,1,3,9500,1,1,142.0,1,37,38,9,9,137.3,1,0,0,1,0,1,22,0,0,7,7,6,13.9,0,0,7,7,6,13.9,0,7.6,2.6,0.32,Graduate,Graduate,0,Nursing,0.8571428571428571,1,0.8571428571428571,0.0,0,"(20.0, 25.0]"
3901,1,17,3,9254,1,1,127.0,1,37,37,9,6,123.5,1,0,0,1,0,1,20,0,0,6,11,4,11.5,0,0,6,12,3,11.0,0,7.6,2.6,0.32,Enrolled,Enrolled,0,Tourism,0.6666666666666666,2,0.36363636363636365,0.0,0,"(19.0, 20.0]"
3902,2,39,1,9147,1,1,140.0,1,37,37,6,10,131.8,0,0,0,1,0,0,35,0,0,5,6,4,14.2,0,0,5,10,4,11.85714286,0,10.8,1.4,1.74,Enrolled,Enrolled,0,Management,0.8,1,0.6666666666666666,0.0,0,"(25.0, 70.0]"
3903,2,39,1,9147,1,1,140.0,1,38,37,4,7,130.0,1,0,0,0,0,0,39,0,0,5,12,3,10.66666667,2,0,5,15,3,10.66666667,0,9.4,-0.8,-3.12,Dropout,Dropout,1,Management,0.6,2,0.25,0.4,1,"(25.0, 70.0]"
3904,1,18,6,9500,1,1,142.0,1,38,37,9,5,128.0,1,0,0,0,0,0,19,0,0,7,14,0,0.0,0,0,8,0,0,0.0,0,11.1,0.6,2.02,Dropout,Dropout,1,Nursing,0.0,7,0.0,0.0,1,"(16.999, 19.0]"
3905,4,39,1,9254,1,1,120.0,1,37,37,9,8,95.0,0,0,0,1,0,1,36,0,0,6,10,6,11.0,0,0,6,14,3,11.33333333,0,10.8,1.4,1.74,Graduate,Graduate,0,Tourism,1.0,0,0.6,0.0,0,"(25.0, 70.0]"
3906,1,1,2,9500,1,1,124.0,1,37,37,9,9,116.0,1,0,0,1,0,1,21,0,0,8,8,7,13.95714286,0,0,8,8,7,13.95714286,0,12.7,3.7,-1.7,Graduate,Graduate,0,Nursing,0.875,1,0.875,0.0,0,"(20.0, 25.0]"
3907,1,1,1,9238,1,1,157.0,1,3,38,1,5,136.7,1,0,0,1,0,0,22,0,0,6,11,4,12.5,1,0,6,13,3,13.66666667,0,9.4,-0.8,-3.12,Enrolled,Enrolled,0,Social Service,0.6666666666666666,2,0.36363636363636365,0.16666666666666666,0,"(20.0, 25.0]"
3908,2,39,1,9238,1,1,126.6,1,38,38,9,7,107.5,0,0,1,1,0,1,42,0,0,6,8,6,13.33333333,0,0,6,7,6,15.28571429,0,11.1,0.6,2.02,Graduate,Graduate,0,Social Service,1.0,0,0.75,0.0,1,"(25.0, 70.0]"
3909,1,39,1,9119,1,1,110.0,1,37,37,90,90,108.4,1,0,0,1,0,0,34,0,0,5,5,0,0.0,0,0,5,6,0,0.0,0,10.8,1.4,1.74,Dropout,Dropout,1,Informatics Engineering,0.0,5,0.0,0.0,0,"(25.0, 70.0]"
3910,1,17,1,9773,1,1,144.0,1,19,19,4,4,130.7,1,0,0,1,0,0,20,0,0,6,9,6,11.66666667,0,0,6,8,5,11.6,0,7.6,2.6,0.32,Enrolled,Enrolled,0,Journalism and Communication,1.0,0,0.6666666666666666,0.0,0,"(19.0, 20.0]"
3911,2,44,1,8014,0,39,160.0,1,37,19,9,10,155.9,0,0,0,1,0,0,33,0,3,6,7,6,15.71428571,0,2,6,7,6,15.5,0,13.9,-0.3,0.79,Graduate,Graduate,0,Social Service (evening attendance),1.0,0,0.8571428571428571,0.0,0,"(25.0, 70.0]"
3912,1,1,4,9254,1,1,105.0,1,1,19,9,6,106.1,1,0,0,1,0,0,20,0,0,6,8,5,11.0,0,0,6,9,5,11.4,0,13.9,-0.3,0.79,Graduate,Graduate,0,Tourism,0.8333333333333334,1,0.625,0.0,0,"(19.0, 20.0]"
3913,1,1,2,9670,1,1,130.0,1,26,30,0,5,128.6,1,0,1,1,0,0,19,0,0,5,8,4,12.25,0,0,5,7,4,12.75,2,7.6,2.6,0.32,Graduate,Graduate,0,Advertising and Marketing Management,0.8,1,0.5,0.0,1,"(16.999, 19.0]"
3914,2,43,1,9991,0,3,140.0,1,37,19,9,4,140.0,0,0,1,1,0,0,34,0,4,10,25,5,12.2,0,3,9,18,8,12.22222222,0,16.2,0.3,-0.92,Dropout,Dropout,1,Management (evening attendance),0.5,5,0.2,0.0,1,"(25.0, 70.0]"
3915,1,1,1,9147,1,1,138.0,1,37,37,9,6,145.0,1,0,0,1,0,0,18,0,0,5,6,5,13.0,0,0,5,5,5,14.0,0,7.6,2.6,0.32,Graduate,Graduate,0,Management,1.0,0,0.8333333333333334,0.0,0,"(16.999, 19.0]"
3916,1,17,1,8014,0,1,120.0,1,38,37,6,6,113.0,0,0,0,1,0,1,24,0,0,6,11,4,12.0,0,0,6,7,6,13.0,0,10.8,1.4,1.74,Graduate,Graduate,0,Social Service (evening attendance),0.6666666666666666,2,0.36363636363636365,0.0,0,"(20.0, 25.0]"
3917,1,1,1,9853,1,1,135.0,1,19,12,9,7,137.1,1,0,0,1,0,0,18,0,0,6,6,6,13.33333333,0,0,6,7,6,12.33333333,0,7.6,2.6,0.32,Graduate,Graduate,0,Basic Education,1.0,0,1.0,0.0,0,"(16.999, 19.0]"
3918,1,1,1,9670,1,1,119.0,1,37,37,10,6,119.7,1,0,0,1,0,0,20,0,0,5,6,3,13.0,0,0,5,7,3,13.0,1,7.6,2.6,0.32,Enrolled,Enrolled,0,Advertising and Marketing Management,0.6,2,0.5,0.0,0,"(19.0, 20.0]"
3919,1,17,1,9500,1,1,121.0,1,1,1,4,3,120.5,1,0,0,1,0,0,21,0,0,8,8,7,12.91,0,0,8,8,7,12.91,0,10.8,1.4,1.74,Graduate,Graduate,0,Nursing,0.875,1,0.875,0.0,0,"(20.0, 25.0]"
3920,1,1,5,9238,1,1,126.0,1,38,1,9,5,125.7,1,0,0,1,0,1,19,0,0,6,8,6,11.0,0,0,6,13,3,11.0,0,9.4,-0.8,-3.12,Graduate,Graduate,0,Social Service,1.0,0,0.75,0.0,0,"(16.999, 19.0]"
3921,1,17,4,9500,1,1,132.0,1,38,19,5,7,125.5,0,0,0,1,0,1,19,0,0,7,8,6,13.58,0,0,8,8,8,12.93625,0,15.5,2.8,-4.06,Graduate,Graduate,0,Nursing,0.8571428571428571,1,0.75,0.0,0,"(16.999, 19.0]"
3922,1,1,1,9238,1,1,128.0,1,19,19,5,5,124.5,1,0,0,1,0,1,18,0,0,6,10,4,12.4,0,0,6,8,6,12.5,0,12.4,0.5,1.79,Graduate,Graduate,0,Social Service,0.6666666666666666,2,0.4,0.0,0,"(16.999, 19.0]"
3923,4,39,1,8014,0,1,160.0,1,37,37,5,5,126.0,0,0,0,1,0,1,38,0,4,9,13,8,12.88888889,0,2,7,9,7,13.0,0,13.9,-0.3,0.79,Graduate,Graduate,0,Social Service (evening attendance),0.8888888888888888,1,0.6153846153846154,0.0,0,"(25.0, 70.0]"
3924,1,1,1,171,1,1,125.0,1,19,19,5,4,136.2,1,0,1,1,1,0,21,0,6,12,12,11,11.54545455,0,4,11,18,9,11.7,1,8.9,1.4,3.51,Enrolled,Enrolled,0,Animation and Multimedia Design,0.9166666666666666,1,0.9166666666666666,0.0,1,"(20.0, 25.0]"
3925,1,43,1,9147,1,1,127.0,25,1,5,9,10,124.2,1,0,0,1,1,0,23,1,0,5,6,1,10.0,0,0,5,5,0,0.0,0,15.5,2.8,-4.06,Enrolled,Enrolled,0,Management,0.2,4,0.16666666666666666,0.0,0,"(20.0, 25.0]"
3926,1,17,5,9500,1,1,147.0,1,19,1,4,3,138.5,1,0,0,1,0,0,19,0,0,8,8,8,14.34125,0,0,8,8,8,14.34125,0,9.4,-0.8,-3.12,Graduate,Graduate,0,Nursing,1.0,0,1.0,0.0,0,"(16.999, 19.0]"
3927,1,1,2,9773,1,1,130.0,1,38,37,5,3,122.3,1,0,1,0,0,0,18,0,0,6,8,6,14.14285714,0,0,6,6,5,12.0,0,13.9,-0.3,0.79,Dropout,Dropout,1,Journalism and Communication,1.0,0,0.75,0.0,1,"(16.999, 19.0]"
3928,1,1,6,171,1,1,134.0,1,19,37,5,5,126.0,1,0,0,1,0,1,18,0,0,0,0,0,0.0,0,0,0,0,0,0.0,0,9.4,-0.8,-3.12,Graduate,Graduate,0,Animation and Multimedia Design,0.0,0,0.0,0.0,0,"(16.999, 19.0]"
3929,1,39,1,9003,1,1,140.0,1,19,19,9,6,135.4,1,0,0,1,0,0,24,0,0,6,10,5,11.8,0,0,6,13,4,11.25,0,12.4,0.5,1.79,Enrolled,Enrolled,0,Agronomy,0.8333333333333334,1,0.5,0.0,0,"(20.0, 25.0]"
3930,1,1,1,9773,1,1,151.0,2,1,1,5,9,146.5,0,0,0,1,0,1,18,1,0,6,6,6,13.33333333,0,0,6,6,6,14.16666667,0,12.7,3.7,-1.7,Graduate,Graduate,0,Journalism and Communication,1.0,0,1.0,0.0,0,"(16.999, 19.0]"
3931,1,1,1,9130,1,1,132.0,1,3,1,4,9,121.9,1,0,0,1,0,0,18,0,0,6,8,6,14.5,0,0,6,9,6,12.85714286,0,13.9,-0.3,0.79,Graduate,Graduate,0,Equinculture,1.0,0,0.75,0.0,0,"(16.999, 19.0]"
3932,1,7,1,9991,0,40,130.0,1,19,19,7,3,130.0,0,0,0,1,0,0,26,0,5,10,13,8,12.66666667,0,5,10,12,10,13.4,0,11.1,0.6,2.02,Graduate,Graduate,0,Management (evening attendance),0.8,2,0.6153846153846154,0.0,0,"(25.0, 70.0]"
3933,1,1,1,9147,1,1,126.0,1,19,19,9,9,115.2,0,0,1,1,0,0,19,0,0,5,13,1,10.0,0,0,5,8,2,10.0,0,12.4,0.5,1.79,Enrolled,Enrolled,0,Management,0.2,4,0.07692307692307693,0.0,1,"(16.999, 19.0]"
3934,1,18,3,9670,1,1,119.0,1,38,38,9,9,115.2,1,0,0,1,0,1,19,0,0,6,10,0,0.0,0,0,6,6,0,0.0,0,12.7,3.7,-1.7,Dropout,Dropout,1,Advertising and Marketing Management,0.0,6,0.0,0.0,0,"(16.999, 19.0]"
3935,1,1,1,9254,1,1,123.0,1,38,37,5,5,125.1,0,0,0,1,0,0,19,0,0,6,12,4,11.0,0,0,6,6,4,12.5,0,16.2,0.3,-0.92,Enrolled,Enrolled,0,Tourism,0.6666666666666666,2,0.3333333333333333,0.0,0,"(16.999, 19.0]"
3936,1,1,1,9130,1,1,106.0,1,37,37,9,9,108.0,1,0,1,1,0,0,20,0,0,5,10,2,12.0,2,0,5,9,4,11.0,0,9.4,-0.8,-3.12,Dropout,Dropout,1,Equinculture,0.4,3,0.2,0.4,1,"(19.0, 20.0]"
3937,1,1,3,9254,1,1,121.0,1,19,19,9,9,125.9,1,0,0,1,0,0,22,0,0,6,10,4,10.0,0,0,6,12,2,13.5,0,9.4,-0.8,-3.12,Enrolled,Enrolled,0,Tourism,0.6666666666666666,2,0.4,0.0,0,"(20.0, 25.0]"
3938,1,1,2,9500,1,1,138.0,1,19,1,5,5,128.0,1,0,0,1,0,0,19,0,0,7,7,7,14.20857143,0,0,8,9,8,15.12777778,0,11.1,0.6,2.02,Graduate,Graduate,0,Nursing,1.0,0,1.0,0.0,0,"(16.999, 19.0]"
3939,1,1,5,9500,1,1,118.0,1,3,1,5,10,113.5,1,0,0,1,0,0,20,0,0,7,7,7,14.30714286,0,0,8,8,8,15.0125,0,12.4,0.5,1.79,Graduate,Graduate,0,Nursing,1.0,0,1.0,0.0,0,"(19.0, 20.0]"
3940,2,39,1,9147,1,1,120.0,1,37,37,5,5,124.6,0,0,0,1,0,0,36,0,0,5,8,3,11.0,0,0,5,12,4,13.375,0,10.8,1.4,1.74,Enrolled,Enrolled,0,Management,0.6,2,0.375,0.0,0,"(25.0, 70.0]"
3941,1,39,1,9853,1,19,133.1,1,19,4,9,4,116.0,1,0,0,1,0,0,29,0,0,7,14,0,0.0,0,0,6,6,0,0.0,0,11.1,0.6,2.02,Dropout,Dropout,1,Basic Education,0.0,7,0.0,0.0,0,"(25.0, 70.0]"
3942,1,17,3,9238,1,1,141.0,1,3,3,2,2,124.9,1,0,0,1,0,0,19,0,0,6,10,6,12.0,0,0,6,12,4,11.0,0,12.7,3.7,-1.7,Graduate,Graduate,0,Social Service,1.0,0,0.6,0.0,0,"(16.999, 19.0]"
3943,5,39,1,9147,1,1,180.0,1,1,1,4,8,140.5,0,0,1,0,0,0,24,0,0,5,0,0,0.0,0,0,5,0,0,0.0,0,13.9,-0.3,0.79,Dropout,Dropout,1,Management,0.0,5,0.0,0.0,1,"(20.0, 25.0]"
3944,5,39,1,9003,1,1,180.0,1,1,1,4,8,179.6,0,0,1,0,0,0,27,0,0,6,6,0,0.0,0,0,6,7,0,0.0,0,8.9,1.4,3.51,Dropout,Dropout,1,Agronomy,0.0,6,0.0,0.0,1,"(25.0, 70.0]"
3945,1,17,1,9773,1,1,115.0,1,37,37,9,8,116.1,1,0,0,1,0,1,18,0,0,6,7,6,13.85714286,0,0,6,7,6,14.28571429,0,13.9,-0.3,0.79,Graduate,Graduate,0,Journalism and Communication,1.0,0,0.8571428571428571,0.0,0,"(16.999, 19.0]"
3946,1,17,2,171,1,1,142.0,1,3,1,2,6,139.4,1,0,0,1,0,1,18,0,0,0,0,0,0.0,0,0,0,0,0,0.0,0,15.5,2.8,-4.06,Graduate,Graduate,0,Animation and Multimedia Design,0.0,0,0.0,0.0,0,"(16.999, 19.0]"
3947,1,17,4,9556,1,1,135.0,1,38,37,3,7,129.0,1,0,0,1,0,0,21,0,0,7,0,0,0.0,0,0,7,0,0,0.0,0,12.7,3.7,-1.7,Dropout,Dropout,1,Oral Hygiene,0.0,7,0.0,0.0,0,"(20.0, 25.0]"
3948,2,39,1,9670,1,1,150.0,1,37,19,9,4,135.6,0,0,0,1,0,1,43,0,0,6,8,5,11.0,0,0,6,9,5,13.0,0,12.4,0.5,1.79,Graduate,Graduate,0,Advertising and Marketing Management,0.8333333333333334,1,0.625,0.0,0,"(25.0, 70.0]"
3949,1,43,1,9147,1,1,153.0,1,1,19,9,10,147.8,0,0,0,1,0,1,18,0,0,5,9,5,13.2,0,0,5,13,5,14.4,5,16.2,0.3,-0.92,Graduate,Graduate,0,Management,1.0,0,0.5555555555555556,0.0,0,"(16.999, 19.0]"
3950,1,18,1,9085,1,1,153.0,1,37,37,9,9,138.0,1,0,0,1,0,1,21,0,0,6,7,6,13.5,0,0,6,6,3,15.33333333,0,8.9,1.4,3.51,Dropout,Dropout,1,Veterinary Nursing,1.0,0,0.8571428571428571,0.0,0,"(20.0, 25.0]"
3951,1,7,1,9147,1,3,150.0,1,6,27,1,7,150.0,0,0,0,1,0,0,26,0,0,5,5,0,0.0,0,0,5,0,0,0.0,0,9.4,-0.8,-3.12,Dropout,Dropout,1,Management,0.0,5,0.0,0.0,0,"(25.0, 70.0]"
3952,1,1,6,9500,1,1,144.0,1,1,19,9,4,130.8,1,0,0,1,0,1,19,0,0,8,8,7,14.21428571,0,0,8,8,7,14.21428571,0,12.7,3.7,-1.7,Graduate,Graduate,0,Nursing,0.875,1,0.875,0.0,0,"(16.999, 19.0]"
3953,1,1,1,9085,1,1,130.0,1,37,11,90,90,122.6,0,0,0,1,0,0,18,0,0,5,5,5,13.0,0,0,5,5,5,12.4,0,7.6,2.6,0.32,Graduate,Graduate,0,Veterinary Nursing,1.0,0,1.0,0.0,0,"(16.999, 19.0]"
3954,1,1,1,9773,1,1,125.0,1,3,2,2,1,119.1,1,0,0,1,0,0,22,0,0,6,13,2,12.0,0,0,6,14,1,10.0,0,9.4,-0.8,-3.12,Dropout,Dropout,1,Journalism and Communication,0.3333333333333333,4,0.15384615384615385,0.0,0,"(20.0, 25.0]"
3955,1,39,1,9500,1,19,133.1,1,1,19,4,10,111.8,1,0,0,1,0,0,27,0,0,7,0,0,0.0,0,0,8,0,0,0.0,0,11.1,0.6,2.02,Dropout,Dropout,1,Nursing,0.0,7,0.0,0.0,0,"(25.0, 70.0]"
3956,1,1,3,9147,1,1,133.0,1,38,19,9,10,125.0,1,0,0,1,0,0,18,0,0,5,6,5,12.8,1,0,5,6,5,12.6,0,9.4,-0.8,-3.12,Graduate,Graduate,0,Management,1.0,0,0.8333333333333334,0.2,0,"(16.999, 19.0]"
3957,1,17,1,9085,1,1,140.0,1,37,38,7,9,129.9,0,0,0,1,0,0,19,0,0,5,11,4,13.6,2,0,5,9,4,12.2,0,9.4,-0.8,-3.12,Graduate,Graduate,0,Veterinary Nursing,0.8,1,0.36363636363636365,0.4,0,"(16.999, 19.0]"
3958,1,17,4,9500,1,1,133.0,1,19,19,3,10,131.1,1,0,0,1,0,0,18,0,0,7,7,7,13.97142857,0,0,8,8,8,15.75,0,13.9,-0.3,0.79,Graduate,Graduate,0,Nursing,1.0,0,1.0,0.0,0,"(16.999, 19.0]"
3959,1,1,1,9085,1,1,154.0,1,38,37,4,4,141.4,0,0,0,1,0,1,19,0,0,6,8,6,15.0,0,0,6,9,6,14.85714286,0,11.1,0.6,2.02,Graduate,Graduate,0,Veterinary Nursing,1.0,0,0.75,0.0,0,"(16.999, 19.0]"
3960,1,39,1,9085,1,1,133.1,1,37,37,9,9,120.0,0,0,0,0,0,0,32,0,0,6,0,0,0.0,0,0,6,0,0,0.0,0,11.1,0.6,2.02,Dropout,Dropout,1,Veterinary Nursing,0.0,6,0.0,0.0,1,"(25.0, 70.0]"
3961,1,42,1,9500,1,1,168.0,1,37,1,9,4,133.4,1,0,0,1,0,0,23,0,20,26,27,26,15.07777778,0,14,17,17,17,15.02352941,0,15.5,2.8,-4.06,Graduate,Graduate,0,Nursing,1.0,0,0.9629629629629629,0.0,0,"(20.0, 25.0]"
3962,1,17,3,9500,1,1,132.0,1,37,37,4,3,127.3,1,0,0,1,0,0,20,0,0,7,7,6,13.38333333,0,0,7,7,6,13.38333333,0,7.6,2.6,0.32,Graduate,Graduate,0,Nursing,0.8571428571428571,1,0.8571428571428571,0.0,0,"(19.0, 20.0]"
3963,1,1,1,171,1,1,133.1,1,19,38,5,5,131.8,1,0,1,1,0,0,20,0,6,12,12,12,13.25,0,4,11,16,10,13.09090909,0,8.9,1.4,3.51,Graduate,Graduate,0,Animation and Multimedia Design,1.0,0,1.0,0.0,1,"(19.0, 20.0]"
3964,1,17,1,9238,1,1,120.0,1,19,19,4,5,114.8,1,0,1,0,0,0,19,0,0,6,10,5,11.71428571,0,0,6,13,2,10.66666667,0,16.2,0.3,-0.92,Dropout,Dropout,1,Social Service,0.8333333333333334,1,0.5,0.0,1,"(16.999, 19.0]"
3965,1,1,3,9500,1,1,150.0,1,19,19,5,5,132.8,1,0,0,1,0,1,18,0,0,8,8,8,13.01125,0,0,8,8,8,13.01125,0,9.4,-0.8,-3.12,Graduate,Graduate,0,Nursing,1.0,0,1.0,0.0,0,"(16.999, 19.0]"
3966,1,44,1,9003,1,39,140.0,1,19,19,9,4,140.0,0,0,0,1,0,0,21,0,0,6,12,3,10.66666667,2,0,6,12,4,12.0,0,15.5,2.8,-4.06,Dropout,Dropout,1,Agronomy,0.5,3,0.25,0.3333333333333333,0,"(20.0, 25.0]"
3967,1,1,1,9500,1,1,103.0,1,1,19,9,9,108.3,0,0,0,1,0,1,20,0,0,7,14,0,0.0,0,0,7,15,0,0.0,0,11.1,0.6,2.02,Enrolled,Enrolled,0,Nursing,0.0,7,0.0,0.0,0,"(19.0, 20.0]"
3968,1,44,1,9085,1,39,150.0,1,3,19,2,4,150.0,1,0,0,1,0,0,22,0,1,6,9,6,13.0,0,1,6,18,3,12.66666667,0,12.4,0.5,1.79,Graduate,Graduate,0,Veterinary Nursing,1.0,0,0.6666666666666666,0.0,0,"(20.0, 25.0]"
3969,1,44,1,9991,0,39,160.0,1,37,37,9,9,160.0,0,0,0,1,0,0,26,0,0,5,5,5,12.0,0,0,5,7,5,11.4,0,12.7,3.7,-1.7,Graduate,Graduate,0,Management (evening attendance),1.0,0,1.0,0.0,0,"(25.0, 70.0]"
3970,1,1,1,9070,1,1,131.0,1,37,37,3,3,131.7,1,0,0,1,0,0,20,0,0,6,6,6,12.16666667,0,0,6,7,5,13.8,0,12.7,3.7,-1.7,Graduate,Graduate,0,Communication Design,1.0,0,1.0,0.0,0,"(19.0, 20.0]"
3971,1,1,1,9500,1,1,114.0,1,19,38,5,3,112.6,1,0,0,1,0,0,19,0,0,7,10,6,11.85,0,0,8,10,7,13.65,0,16.2,0.3,-0.92,Graduate,Graduate,0,Nursing,0.8571428571428571,1,0.6,0.0,0,"(16.999, 19.0]"
3972,1,39,1,9991,0,1,120.0,1,37,37,9,9,111.1,0,0,0,1,0,0,31,0,0,5,8,4,11.0,0,0,5,6,5,11.2,0,7.6,2.6,0.32,Graduate,Graduate,0,Management (evening attendance),0.8,1,0.5,0.0,0,"(25.0, 70.0]"
3973,1,43,3,9500,1,1,140.0,1,1,19,9,7,127.5,1,0,1,1,0,1,20,0,0,7,9,7,12.32777778,0,0,8,10,8,11.736,0,15.5,2.8,-4.06,Graduate,Graduate,0,Nursing,1.0,0,0.7777777777777778,0.0,1,"(19.0, 20.0]"
3974,1,43,1,9085,1,1,130.0,1,19,38,7,7,120.2,1,0,0,1,0,0,20,0,0,5,9,4,12.0,0,0,5,10,5,13.42857143,1,10.8,1.4,1.74,Graduate,Graduate,0,Veterinary Nursing,0.8,1,0.4444444444444444,0.0,0,"(19.0, 20.0]"
3975,1,17,4,9500,1,1,121.0,1,37,37,5,5,118.9,1,0,0,1,0,0,21,0,0,7,7,7,14.42857143,0,0,8,9,8,14.51111111,0,16.2,0.3,-0.92,Graduate,Graduate,0,Nursing,1.0,0,1.0,0.0,0,"(20.0, 25.0]"
3976,1,1,4,9500,1,1,130.0,1,19,19,9,7,119.9,1,0,0,1,0,0,18,0,0,7,7,7,13.78,0,0,8,8,8,12.6125,0,12.4,0.5,1.79,Graduate,Graduate,0,Nursing,1.0,0,1.0,0.0,0,"(16.999, 19.0]"
3977,1,17,2,9500,1,1,141.0,1,37,1,9,4,127.3,1,0,0,1,0,1,19,0,0,7,7,6,13.8,0,0,7,7,6,13.8,0,7.6,2.6,0.32,Graduate,Graduate,0,Nursing,0.8571428571428571,1,0.8571428571428571,0.0,0,"(16.999, 19.0]"
3978,1,1,1,9853,1,1,131.0,1,19,19,3,7,127.9,1,0,0,1,0,1,18,0,0,7,7,7,14.85714286,0,0,7,7,7,15.14285714,0,13.9,-0.3,0.79,Graduate,Graduate,0,Basic Education,1.0,0,1.0,0.0,0,"(16.999, 19.0]"
3979,4,39,1,9773,1,38,133.1,1,19,19,7,9,133.0,0,0,0,1,0,0,40,0,0,6,8,5,13.0,0,0,6,7,5,12.6,0,16.2,0.3,-0.92,Enrolled,Enrolled,0,Journalism and Communication,0.8333333333333334,1,0.625,0.0,0,"(25.0, 70.0]"
3980,1,17,6,9238,1,1,117.0,1,1,38,4,7,114.6,0,0,0,1,0,1,18,0,0,6,7,6,12.14285714,0,0,6,6,6,13.33333333,0,13.9,-0.3,0.79,Graduate,Graduate,0,Social Service,1.0,0,0.8571428571428571,0.0,0,"(16.999, 19.0]"
3981,1,1,2,9085,1,1,151.0,1,40,4,2,2,144.5,1,0,0,1,0,0,18,0,0,6,7,6,15.66666667,0,0,6,6,6,14.83333333,0,8.9,1.4,3.51,Graduate,Graduate,0,Veterinary Nursing,1.0,0,0.8571428571428571,0.0,0,"(16.999, 19.0]"
3982,1,17,1,9500,1,1,131.0,1,1,19,4,3,125.4,1,0,0,1,0,0,19,0,0,7,13,5,12.5,0,0,8,14,7,12.16666667,0,15.5,2.8,-4.06,Graduate,Graduate,0,Nursing,0.7142857142857143,2,0.38461538461538464,0.0,0,"(16.999, 19.0]"
3983,1,17,1,9238,1,1,145.0,1,38,38,9,7,145.0,0,0,0,1,0,1,19,0,0,6,7,6,12.83333333,0,0,6,6,6,13.16666667,0,12.4,0.5,1.79,Graduate,Graduate,0,Social Service,1.0,0,0.8571428571428571,0.0,0,"(16.999, 19.0]"
3984,1,39,1,9003,1,1,135.0,1,38,38,9,6,138.1,0,0,1,0,0,0,28,0,0,6,6,0,0.0,0,0,6,7,0,0.0,0,8.9,1.4,3.51,Dropout,Dropout,1,Agronomy,0.0,6,0.0,0.0,1,"(25.0, 70.0]"
3985,1,17,1,9070,1,1,119.0,1,37,38,9,8,124.6,1,0,0,1,0,0,20,0,0,6,6,6,12.5,0,0,6,6,6,12.66666667,0,7.6,2.6,0.32,Graduate,Graduate,0,Communication Design,1.0,0,1.0,0.0,0,"(19.0, 20.0]"
3986,1,1,2,9773,1,1,122.0,1,37,37,9,9,130.8,1,0,0,1,0,0,18,0,0,6,14,4,11.25,0,0,6,9,5,13.0,0,9.4,-0.8,-3.12,Graduate,Graduate,0,Journalism and Communication,0.6666666666666666,2,0.2857142857142857,0.0,0,"(16.999, 19.0]"
3987,1,1,2,9500,1,1,155.0,1,1,1,4,3,140.5,1,0,0,1,0,0,18,0,0,7,7,6,15.25,0,0,7,7,6,15.25,0,7.6,2.6,0.32,Graduate,Graduate,0,Nursing,0.8571428571428571,1,0.8571428571428571,0.0,0,"(16.999, 19.0]"
3988,1,1,1,9085,1,1,123.0,1,19,37,9,9,124.1,1,0,0,1,0,1,20,0,0,5,13,5,14.0,2,0,5,10,3,12.0,1,9.4,-0.8,-3.12,Graduate,Graduate,0,Veterinary Nursing,1.0,0,0.38461538461538464,0.4,0,"(19.0, 20.0]"
3989,1,43,1,9238,1,1,130.0,1,38,19,9,4,118.4,0,0,1,1,0,0,28,0,15,16,16,13,12.07692308,0,13,13,13,11,12.09090909,0,16.2,0.3,-0.92,Graduate,Graduate,0,Social Service,0.8125,3,0.8125,0.0,1,"(25.0, 70.0]"
3990,1,15,1,9853,1,1,133.1,41,43,1,153,135,128.2,0,0,0,1,0,0,23,1,11,16,17,16,14.625,0,6,10,12,9,14.88888889,0,8.9,1.4,3.51,Graduate,Graduate,0,Basic Education,1.0,0,0.9411764705882353,0.0,0,"(20.0, 25.0]"
3991,1,1,1,9853,1,1,114.0,1,19,37,5,5,109.5,1,0,0,1,0,0,19,0,0,7,10,4,10.5,0,0,7,7,2,10.5,0,16.2,0.3,-0.92,Dropout,Dropout,1,Basic Education,0.5714285714285714,3,0.4,0.0,0,"(16.999, 19.0]"
3992,1,17,1,9238,1,1,137.0,1,38,19,152,171,131.1,1,0,0,1,0,1,18,0,0,6,8,6,12.83333333,0,0,6,6,6,12.16666667,0,8.9,1.4,3.51,Graduate,Graduate,0,Social Service,1.0,0,0.75,0.0,0,"(16.999, 19.0]"
3993,1,1,3,9773,1,1,161.0,22,37,37,9,9,137.9,0,0,1,0,0,1,20,1,0,6,6,6,12.5,0,0,6,7,5,11.8,0,10.8,1.4,1.74,Graduate,Graduate,0,Journalism and Communication,1.0,0,1.0,0.0,1,"(19.0, 20.0]"
3994,1,1,1,171,1,1,133.1,1,3,1,2,4,128.2,1,0,0,1,0,0,20,0,5,12,13,12,11.23076923,0,3,11,18,9,12.77777778,0,11.1,0.6,2.02,Graduate,Graduate,0,Animation and Multimedia Design,1.0,0,0.9230769230769231,0.0,0,"(19.0, 20.0]"
3995,2,39,1,9991,0,1,133.1,1,37,37,9,9,126.5,0,0,0,1,0,0,27,0,0,5,5,2,10.5,0,0,5,5,0,0.0,0,7.6,2.6,0.32,Dropout,Dropout,1,Management (evening attendance),0.4,3,0.4,0.0,0,"(25.0, 70.0]"
3996,1,1,1,9853,1,1,128.0,1,1,1,9,9,120.0,1,0,0,1,0,0,18,0,0,6,11,3,12.0,0,0,6,13,2,12.0,0,12.7,3.7,-1.7,Dropout,Dropout,1,Basic Education,0.5,3,0.2727272727272727,0.0,0,"(16.999, 19.0]"
3997,4,39,2,9556,1,19,133.1,1,19,19,4,6,123.0,0,0,0,1,0,1,37,0,0,7,10,7,10.98571429,0,0,8,11,8,12.3,0,10.8,1.4,1.74,Graduate,Graduate,0,Oral Hygiene,1.0,0,0.7,0.0,0,"(25.0, 70.0]"
3998,4,7,1,9500,1,40,130.0,1,19,19,4,6,130.0,0,0,0,0,0,0,42,0,2,7,10,5,12.62,0,3,7,11,3,14.16666667,0,12.4,0.5,1.79,Dropout,Dropout,1,Nursing,0.7142857142857143,2,0.5,0.0,1,"(25.0, 70.0]"
3999,1,17,6,9500,1,1,147.0,1,1,38,4,8,141.1,1,0,0,1,0,0,20,0,0,7,9,6,13.0,0,0,8,8,8,14.2125,0,13.9,-0.3,0.79,Dropout,Dropout,1,Nursing,0.8571428571428571,1,0.6666666666666666,0.0,0,"(19.0, 20.0]"
4000,2,39,1,9119,1,1,140.0,1,34,34,9,9,140.0,0,0,0,0,1,0,34,0,0,5,5,0,0.0,0,0,5,5,0,0.0,0,15.5,2.8,-4.06,Dropout,Dropout,1,Informatics Engineering,0.0,5,0.0,0.0,1,"(25.0, 70.0]"
4001,1,42,1,9119,1,1,140.0,1,3,3,3,2,133.6,1,0,0,1,1,0,22,0,0,5,0,0,0.0,0,0,5,0,0,0.0,0,10.8,1.4,1.74,Dropout,Dropout,1,Informatics Engineering,0.0,5,0.0,0.0,0,"(20.0, 25.0]"
4002,2,39,2,9254,1,19,133.1,1,19,19,9,5,123.5,0,0,0,1,1,0,39,0,0,6,6,6,13.5,0,0,6,6,6,13.33333333,0,12.4,0.5,1.79,Graduate,Graduate,0,Tourism,1.0,0,1.0,0.0,0,"(25.0, 70.0]"
4003,1,1,1,9500,1,1,141.0,1,37,37,9,9,136.3,1,0,0,1,1,1,18,0,0,7,7,6,13.51666667,0,0,7,7,6,13.51666667,0,7.6,2.6,0.32,Graduate,Graduate,0,Nursing,0.8571428571428571,1,0.8571428571428571,0.0,0,"(16.999, 19.0]"
4004,1,1,2,9070,1,1,128.0,1,37,37,9,9,123.5,1,0,0,1,1,1,21,0,0,6,6,6,13.16666667,0,0,6,8,6,13.28571429,0,8.9,1.4,3.51,Graduate,Graduate,0,Communication Design,1.0,0,1.0,0.0,0,"(20.0, 25.0]"
4005,2,39,1,9085,1,1,150.0,1,37,37,90,10,112.0,0,0,0,1,1,0,34,0,0,6,0,0,0.0,0,0,6,0,0,0.0,0,10.8,1.4,1.74,Dropout,Dropout,1,Veterinary Nursing,0.0,6,0.0,0.0,0,"(25.0, 70.0]"
4006,1,44,1,9003,1,39,160.0,1,37,37,9,9,160.0,0,0,0,1,1,1,22,0,0,6,8,6,13.125,0,0,6,10,6,13.0,0,16.2,0.3,-0.92,Graduate,Graduate,0,Agronomy,1.0,0,0.75,0.0,0,"(20.0, 25.0]"
4007,1,39,1,9003,1,1,133.1,1,1,37,4,7,110.0,0,0,0,1,1,0,31,0,0,6,15,3,14.4,0,0,6,20,0,0.0,0,16.2,0.3,-0.92,Dropout,Dropout,1,Agronomy,0.5,3,0.2,0.0,0,"(25.0, 70.0]"
4008,1,18,3,9853,1,1,128.0,1,38,37,5,9,116.8,1,0,0,0,1,0,19,0,0,6,10,4,12.0,0,0,6,12,0,0.0,0,10.8,1.4,1.74,Dropout,Dropout,1,Basic Education,0.6666666666666666,2,0.4,0.0,1,"(16.999, 19.0]"
4009,1,17,5,9254,1,1,114.0,1,38,1,5,9,109.5,0,0,0,1,1,0,19,0,0,5,5,0,0.0,0,0,5,10,0,0.0,0,10.8,1.4,1.74,Dropout,Dropout,1,Tourism,0.0,5,0.0,0.0,0,"(16.999, 19.0]"
4010,1,39,1,9556,1,19,133.1,1,37,37,9,10,100.0,0,0,0,1,1,0,31,0,0,7,7,0,0.0,0,0,7,7,0,0.0,0,15.5,2.8,-4.06,Dropout,Dropout,1,Oral Hygiene,0.0,7,0.0,0.0,0,"(25.0, 70.0]"
4011,1,5,1,9147,1,1,126.0,1,19,38,5,6,117.3,1,0,0,1,0,0,19,0,0,5,15,3,10.8,0,0,5,6,3,10.5,0,13.9,-0.3,0.79,Enrolled,Enrolled,0,Management,0.6,2,0.2,0.0,0,"(16.999, 19.0]"
4012,2,39,2,9670,1,1,133.1,41,37,19,9,9,130.0,0,0,0,1,0,0,30,1,0,6,0,0,0.0,0,0,6,0,0,0.0,0,9.4,-0.8,-3.12,Dropout,Dropout,1,Advertising and Marketing Management,0.0,6,0.0,0.0,0,"(25.0, 70.0]"
4013,1,51,1,9500,1,1,129.0,1,37,38,3,3,137.8,1,0,0,1,0,1,20,0,2,7,7,7,16.13142857,0,0,8,9,8,15.52222222,0,11.1,0.6,2.02,Graduate,Graduate,0,Nursing,1.0,0,1.0,0.0,0,"(19.0, 20.0]"
4014,1,17,1,9500,1,1,140.0,1,19,38,7,7,136.5,1,0,0,1,0,1,18,0,0,7,7,7,14.83857143,0,0,8,9,8,14.8,0,12.4,0.5,1.79,Graduate,Graduate,0,Nursing,1.0,0,1.0,0.0,0,"(16.999, 19.0]"
4015,4,39,1,9991,0,1,133.1,1,37,37,5,5,138.7,0,0,0,1,0,0,31,0,0,5,7,3,10.33333333,0,0,5,6,3,12.0,0,10.8,1.4,1.74,Dropout,Dropout,1,Management (evening attendance),0.6,2,0.42857142857142855,0.0,0,"(25.0, 70.0]"
4016,1,17,1,9254,1,1,134.0,1,19,1,9,4,124.9,1,0,0,1,0,0,19,0,0,6,11,3,12.0,0,0,6,11,4,11.25,0,7.6,2.6,0.32,Dropout,Dropout,1,Tourism,0.5,3,0.2727272727272727,0.0,0,"(16.999, 19.0]"
4017,4,39,1,8014,0,1,133.1,1,37,37,9,7,140.0,0,0,0,1,0,1,43,0,0,6,6,0,0.0,0,0,5,5,0,0.0,0,8.9,1.4,3.51,Dropout,Dropout,1,Social Service (evening attendance),0.0,6,0.0,0.0,0,"(25.0, 70.0]"
4018,1,17,2,9254,1,1,132.0,1,38,38,9,8,122.6,1,0,0,1,0,1,20,0,0,6,6,6,13.16666667,0,0,6,6,6,14.0,0,13.9,-0.3,0.79,Graduate,Graduate,0,Tourism,1.0,0,1.0,0.0,0,"(19.0, 20.0]"
4019,1,1,2,9500,1,1,131.0,1,1,1,5,9,129.5,1,0,0,1,0,1,19,0,0,8,8,8,13.9475,0,0,8,8,8,13.9475,0,9.4,-0.8,-3.12,Graduate,Graduate,0,Nursing,1.0,0,1.0,0.0,0,"(16.999, 19.0]"
4020,1,1,1,9670,1,1,133.1,1,3,1,1,7,155.0,0,0,0,1,0,0,22,0,0,5,6,3,11.33333333,0,0,5,5,0,0.0,0,9.4,-0.8,-3.12,Dropout,Dropout,1,Advertising and Marketing Management,0.6,2,0.5,0.0,0,"(20.0, 25.0]"
4021,1,1,1,8014,0,1,133.1,1,3,1,1,7,100.0,0,0,0,1,0,0,26,0,2,8,11,7,12.75,0,2,7,7,7,12.28571429,0,16.2,0.3,-0.92,Graduate,Graduate,0,Social Service (evening attendance),0.875,1,0.6363636363636364,0.0,0,"(25.0, 70.0]"
4022,1,18,1,9147,1,1,160.0,1,19,19,5,8,137.6,1,0,0,1,0,1,19,0,0,5,6,5,12.6,0,0,5,8,5,11.25,0,10.8,1.4,1.74,Graduate,Graduate,0,Management,1.0,0,0.8333333333333334,0.0,0,"(16.999, 19.0]"
4023,1,7,1,9500,1,3,120.0,1,19,3,4,2,120.0,1,0,0,1,0,0,29,0,0,8,8,6,12.25,1,0,8,8,6,12.25,1,12.7,3.7,-1.7,Dropout,Dropout,1,Nursing,0.75,2,0.75,0.125,0,"(25.0, 70.0]"
4024,1,15,1,9556,1,1,114.0,26,3,19,122,144,114.0,0,0,0,1,0,0,20,1,0,7,14,0,0.0,6,0,7,12,2,11.66666667,0,8.9,1.4,3.51,Enrolled,Enrolled,0,Oral Hygiene,0.0,7,0.0,0.8571428571428571,0,"(19.0, 20.0]"
4025,4,1,1,9991,0,1,140.0,1,37,37,9,7,139.0,0,0,0,1,0,1,38,0,0,5,8,5,11.0,0,0,5,7,5,11.4,0,9.4,-0.8,-3.12,Enrolled,Enrolled,0,Management (evening attendance),1.0,0,0.625,0.0,0,"(25.0, 70.0]"
4026,1,39,1,9003,1,1,100.0,1,37,37,9,5,110.0,0,0,0,1,0,0,41,0,8,12,17,12,11.83333333,0,3,12,22,9,12.7,0,15.5,2.8,-4.06,Graduate,Graduate,0,Agronomy,1.0,0,0.7058823529411765,0.0,0,"(25.0, 70.0]"
4027,1,1,6,9500,1,1,139.0,1,19,38,4,9,128.5,1,0,0,1,0,0,19,0,0,8,10,6,13.06666667,0,0,8,10,6,13.06666667,0,12.7,3.7,-1.7,Dropout,Dropout,1,Nursing,0.75,2,0.6,0.0,0,"(16.999, 19.0]"
4028,1,1,1,9070,1,1,136.0,1,1,38,4,5,132.2,0,0,1,1,0,0,19,0,0,6,6,6,13.83333333,0,0,6,8,6,13.875,0,10.8,1.4,1.74,Graduate,Graduate,0,Communication Design,1.0,0,1.0,0.0,1,"(16.999, 19.0]"
4029,4,7,1,9500,1,3,130.0,1,3,19,2,3,130.0,0,0,0,1,0,0,43,0,0,7,7,3,13.83333333,1,0,7,7,0,0.0,0,16.2,0.3,-0.92,Dropout,Dropout,1,Nursing,0.42857142857142855,4,0.42857142857142855,0.14285714285714285,0,"(25.0, 70.0]"
4030,1,17,1,9130,1,1,145.0,1,38,37,9,7,129.3,1,0,0,1,0,0,19,0,0,5,5,5,11.8,0,0,5,5,5,13.2,0,10.8,1.4,1.74,Graduate,Graduate,0,Equinculture,1.0,0,1.0,0.0,0,"(16.999, 19.0]"
4031,1,1,1,171,1,1,133.1,1,19,38,9,8,128.2,1,0,0,1,1,1,19,0,6,12,12,12,13.33333333,0,4,11,15,10,12.81818182,0,8.9,1.4,3.51,Enrolled,Enrolled,0,Animation and Multimedia Design,1.0,0,1.0,0.0,0,"(16.999, 19.0]"
4032,1,1,6,9500,1,1,146.0,1,2,19,3,9,130.3,1,0,0,1,1,0,18,0,0,8,8,8,13.74625,0,0,8,8,8,13.74625,0,9.4,-0.8,-3.12,Graduate,Graduate,0,Nursing,1.0,0,1.0,0.0,0,"(16.999, 19.0]"
4033,1,1,1,171,1,1,159.0,1,3,3,2,2,162.5,1,0,0,1,1,0,19,0,0,0,0,0,0.0,0,0,0,0,0,0.0,0,16.2,0.3,-0.92,Dropout,Dropout,1,Animation and Multimedia Design,0.0,0,0.0,0.0,0,"(16.999, 19.0]"
4034,2,39,1,8014,0,19,133.1,1,34,34,0,0,130.0,0,0,0,1,1,0,38,0,0,6,0,0,0.0,0,0,6,0,0,0.0,0,9.4,-0.8,-3.12,Dropout,Dropout,1,Social Service (evening attendance),0.0,6,0.0,0.0,0,"(25.0, 70.0]"
4035,2,7,1,9130,1,2,110.0,1,19,19,4,8,110.0,1,0,0,1,1,0,37,0,0,6,9,0,0.0,0,0,6,6,0,0.0,0,16.2,0.3,-0.92,Dropout,Dropout,1,Equinculture,0.0,6,0.0,0.0,0,"(25.0, 70.0]"
4036,1,39,1,9670,1,1,120.0,1,1,19,4,10,142.3,1,0,0,1,0,1,26,0,0,6,6,6,13.33333333,0,0,6,10,5,14.5,0,10.8,1.4,1.74,Graduate,Graduate,0,Advertising and Marketing Management,1.0,0,1.0,0.0,0,"(25.0, 70.0]"
4037,1,17,1,9238,1,1,130.0,1,37,37,9,9,122.0,1,0,0,1,0,1,21,0,0,6,8,1,10.0,0,0,6,13,5,11.4,0,12.7,3.7,-1.7,Enrolled,Enrolled,0,Social Service,0.16666666666666666,5,0.125,0.0,0,"(20.0, 25.0]"
4038,1,1,3,9085,1,1,158.0,1,1,19,9,9,153.6,1,0,0,1,0,1,18,0,0,6,7,6,15.66666667,0,0,6,8,6,15.28571429,0,8.9,1.4,3.51,Graduate,Graduate,0,Veterinary Nursing,1.0,0,0.8571428571428571,0.0,0,"(16.999, 19.0]"
4039,1,1,1,9853,1,1,122.0,1,3,19,2,3,112.9,0,0,0,1,0,0,18,0,0,7,9,7,11.85714286,0,0,7,7,7,11.85714286,0,16.2,0.3,-0.92,Graduate,Graduate,0,Basic Education,1.0,0,0.7777777777777778,0.0,0,"(16.999, 19.0]"
4040,1,1,1,9085,1,1,140.0,1,3,1,2,4,124.1,0,0,0,1,0,0,18,0,0,5,12,5,14.5,2,0,5,5,5,13.6,0,9.4,-0.8,-3.12,Graduate,Graduate,0,Veterinary Nursing,1.0,0,0.4166666666666667,0.4,0,"(16.999, 19.0]"
4041,1,17,1,9238,1,1,136.0,1,38,1,9,4,129.7,0,0,0,1,0,0,19,0,0,6,6,6,12.16666667,0,0,6,7,6,13.71428571,0,15.5,2.8,-4.06,Graduate,Graduate,0,Social Service,1.0,0,1.0,0.0,0,"(16.999, 19.0]"
4042,1,1,1,9773,1,1,111.0,1,19,19,9,9,110.0,1,0,0,1,0,0,18,0,0,6,6,5,12.6,0,0,6,8,6,12.0,0,11.1,0.6,2.02,Graduate,Graduate,0,Journalism and Communication,0.8333333333333334,1,0.8333333333333334,0.0,0,"(16.999, 19.0]"
4043,1,17,2,9500,1,1,145.0,1,2,38,3,8,136.3,1,0,0,1,0,0,18,0,0,8,12,7,12.28571429,0,0,8,12,7,12.28571429,0,12.7,3.7,-1.7,Enrolled,Enrolled,0,Nursing,0.875,1,0.5833333333333334,0.0,0,"(16.999, 19.0]"
4044,1,17,1,9238,1,1,133.1,1,38,38,191,193,146.0,0,0,1,1,0,1,19,0,0,6,6,6,12.66666667,0,0,6,7,6,13.0,0,8.9,1.4,3.51,Graduate,Graduate,0,Social Service,1.0,0,1.0,0.0,1,"(16.999, 19.0]"
4045,1,1,1,9500,1,1,140.0,1,19,38,7,8,129.9,0,0,0,1,0,0,19,0,0,7,0,0,0.0,0,0,8,0,0,0.0,0,16.2,0.3,-0.92,Dropout,Dropout,1,Nursing,0.0,7,0.0,0.0,0,"(16.999, 19.0]"
4046,1,1,1,9254,1,1,140.0,1,19,1,9,8,140.9,1,0,0,1,0,1,18,0,0,6,7,6,12.85714286,0,0,6,10,4,13.0,0,12.7,3.7,-1.7,Graduate,Graduate,0,Tourism,1.0,0,0.8571428571428571,0.0,0,"(16.999, 19.0]"
4047,2,1,1,9500,1,1,156.0,1,1,1,9,10,135.5,0,0,0,1,0,0,18,0,0,8,8,7,13.9,0,0,8,8,7,13.9,0,12.7,3.7,-1.7,Graduate,Graduate,0,Nursing,0.875,1,0.875,0.0,0,"(16.999, 19.0]"
4048,1,1,1,9500,1,1,132.0,1,38,37,9,7,122.0,1,0,0,1,0,1,20,0,0,8,8,7,13.81714286,0,0,8,8,7,13.81714286,0,10.8,1.4,1.74,Graduate,Graduate,0,Nursing,0.875,1,0.875,0.0,0,"(19.0, 20.0]"
4049,1,53,1,9556,1,42,140.0,1,1,19,4,5,140.0,0,0,0,1,0,1,22,0,1,7,10,6,13.31428571,0,2,8,10,7,12.875,0,8.9,1.4,3.51,Graduate,Graduate,0,Oral Hygiene,0.8571428571428571,1,0.6,0.0,0,"(20.0, 25.0]"
4050,1,1,1,9130,1,1,164.0,1,34,1,0,0,163.0,0,0,0,1,0,0,18,0,0,6,0,0,0.0,0,0,6,0,0,0.0,0,7.6,2.6,0.32,Dropout,Dropout,1,Equinculture,0.0,6,0.0,0.0,0,"(16.999, 19.0]"
4051,1,17,4,9254,1,1,113.0,1,38,19,7,7,107.4,1,0,0,1,0,1,19,0,0,6,6,6,12.16666667,0,0,6,6,6,12.16666667,0,12.4,0.5,1.79,Graduate,Graduate,0,Tourism,1.0,0,1.0,0.0,0,"(16.999, 19.0]"
4052,1,1,1,9254,1,1,122.0,1,37,37,9,9,114.3,1,0,0,0,0,1,20,0,0,6,12,4,11.25,0,0,6,12,3,11.33333333,0,7.6,2.6,0.32,Dropout,Dropout,1,Tourism,0.6666666666666666,2,0.3333333333333333,0.0,1,"(19.0, 20.0]"
4053,1,43,1,9070,1,1,150.0,1,2,3,3,2,140.8,0,0,0,1,0,0,19,0,1,6,6,5,12.4,0,0,6,8,6,12.75,0,10.8,1.4,1.74,Enrolled,Enrolled,0,Communication Design,0.8333333333333334,1,0.8333333333333334,0.0,0,"(16.999, 19.0]"
4054,1,1,2,9773,1,1,135.0,1,37,37,5,5,126.3,1,1,0,1,0,1,20,0,0,6,6,6,14.66666667,0,0,6,7,6,14.57142857,0,8.9,1.4,3.51,Graduate,Graduate,0,Journalism and Communication,1.0,0,1.0,0.0,0,"(19.0, 20.0]"
4055,1,39,1,9085,1,1,133.1,1,3,19,2,9,110.0,0,0,0,1,0,0,28,0,0,6,15,4,12.0,0,0,6,14,4,12.0,0,11.1,0.6,2.02,Dropout,Dropout,1,Veterinary Nursing,0.6666666666666666,2,0.26666666666666666,0.0,0,"(25.0, 70.0]"
4056,1,1,2,9085,1,1,122.0,1,1,1,193,101,126.2,0,0,0,1,0,0,19,0,0,6,8,6,14.0,0,0,6,18,3,12.66666667,0,12.4,0.5,1.79,Graduate,Graduate,0,Veterinary Nursing,1.0,0,0.75,0.0,0,"(16.999, 19.0]"
4057,1,42,1,9003,1,39,140.0,1,19,1,5,5,140.0,0,0,0,1,0,0,22,0,0,6,10,6,12.57142857,0,0,6,12,4,13.66666667,0,15.5,2.8,-4.06,Enrolled,Enrolled,0,Agronomy,1.0,0,0.6,0.0,0,"(20.0, 25.0]"
4058,1,1,1,9085,1,1,138.0,1,1,3,9,1,123.0,1,0,0,1,0,0,19,0,1,6,14,6,15.53846154,0,0,6,9,6,12.625,0,15.5,2.8,-4.06,Graduate,Graduate,0,Veterinary Nursing,1.0,0,0.42857142857142855,0.0,0,"(16.999, 19.0]"
4059,1,1,3,9773,1,1,130.0,1,19,19,5,5,157.0,1,0,0,0,0,0,18,0,0,6,0,0,0.0,0,0,6,0,0,0.0,0,13.9,-0.3,0.79,Dropout,Dropout,1,Journalism and Communication,0.0,6,0.0,0.0,1,"(16.999, 19.0]"
4060,1,5,1,9130,1,1,157.0,1,5,43,2,2,149.7,1,0,0,1,0,0,18,0,0,6,6,6,15.0,0,0,6,6,6,14.83333333,0,8.9,1.4,3.51,Graduate,Graduate,0,Equinculture,1.0,0,1.0,0.0,0,"(16.999, 19.0]"
4061,1,43,1,9130,1,1,140.0,1,2,1,2,3,140.0,1,0,0,1,0,0,22,0,0,5,11,4,12.25,0,0,5,9,5,13.28571429,0,12.7,3.7,-1.7,Graduate,Graduate,0,Equinculture,0.8,1,0.36363636363636365,0.0,0,"(20.0, 25.0]"
4062,1,53,1,9085,1,42,170.0,1,1,19,4,7,170.0,0,0,0,1,0,0,20,0,7,11,13,11,15.69230769,0,4,9,9,9,15.55555556,0,8.9,1.4,3.51,Graduate,Graduate,0,Veterinary Nursing,1.0,0,0.8461538461538461,0.0,0,"(19.0, 20.0]"
4063,1,39,1,9991,0,1,150.0,1,1,37,9,7,130.2,0,0,0,1,0,1,24,0,0,5,7,5,12.28571429,0,0,5,9,5,12.75,1,16.2,0.3,-0.92,Graduate,Graduate,0,Management (evening attendance),1.0,0,0.7142857142857143,0.0,0,"(20.0, 25.0]"
4064,1,17,1,171,1,1,146.0,1,1,38,9,9,135.5,1,0,1,1,0,0,22,0,12,17,19,12,11.83333333,0,10,17,22,11,11.25,0,11.1,0.6,2.02,Enrolled,Enrolled,0,Animation and Multimedia Design,0.7058823529411765,5,0.631578947368421,0.0,1,"(20.0, 25.0]"
4065,1,43,1,8014,0,1,120.0,1,38,19,5,4,118.3,0,0,0,1,0,0,20,0,2,6,6,6,12.16666667,0,0,6,7,5,14.0,0,12.7,3.7,-1.7,Enrolled,Enrolled,0,Social Service (evening attendance),1.0,0,1.0,0.0,0,"(19.0, 20.0]"
4066,1,1,1,9556,1,1,118.0,1,19,38,9,9,116.3,1,0,0,1,0,1,20,0,0,7,10,7,11.88888889,0,0,8,10,8,11.95625,0,12.7,3.7,-1.7,Graduate,Graduate,0,Oral Hygiene,1.0,0,0.7,0.0,0,"(19.0, 20.0]"
4067,2,7,1,8014,0,3,120.0,1,38,1,9,9,120.0,0,0,0,0,0,0,35,0,0,6,0,0,0.0,0,0,6,0,0,0.0,0,10.8,1.4,1.74,Dropout,Dropout,1,Social Service (evening attendance),0.0,6,0.0,0.0,1,"(25.0, 70.0]"
4068,1,1,1,9670,1,1,154.0,1,1,1,5,7,154.7,0,0,0,1,0,1,18,0,0,5,6,5,11.8,0,0,5,5,5,12.6,0,9.4,-0.8,-3.12,Graduate,Graduate,0,Advertising and Marketing Management,1.0,0,0.8333333333333334,0.0,0,"(16.999, 19.0]"
4069,1,17,2,9238,1,1,139.0,1,2,3,3,3,132.7,1,0,0,1,0,0,19,0,0,6,7,6,11.16666667,0,0,6,9,6,11.66666667,0,9.4,-0.8,-3.12,Graduate,Graduate,0,Social Service,1.0,0,0.8571428571428571,0.0,0,"(16.999, 19.0]"
4070,1,18,1,9500,1,1,136.0,1,3,3,3,3,130.8,0,0,0,1,0,0,18,0,0,7,7,7,14.05714286,0,0,8,9,8,14.6,0,16.2,0.3,-0.92,Graduate,Graduate,0,Nursing,1.0,0,1.0,0.0,0,"(16.999, 19.0]"
4071,1,1,2,9254,1,1,130.0,1,1,38,4,9,122.7,1,0,0,1,0,0,18,0,0,6,10,4,11.75,0,0,6,13,4,10.0,0,7.6,2.6,0.32,Dropout,Dropout,1,Tourism,0.6666666666666666,2,0.4,0.0,0,"(16.999, 19.0]"
4072,2,39,1,9238,1,19,133.1,1,1,2,4,6,130.0,0,0,0,1,0,0,31,0,0,6,6,6,13.16666667,0,0,6,8,6,13.0,0,9.4,-0.8,-3.12,Enrolled,Enrolled,0,Social Service,1.0,0,1.0,0.0,0,"(25.0, 70.0]"
4073,1,17,1,9238,1,1,133.0,1,19,19,5,7,123.6,0,0,0,1,0,1,19,0,0,6,7,6,13.5,0,0,6,7,6,14.0,0,15.5,2.8,-4.06,Graduate,Graduate,0,Social Service,1.0,0,0.8571428571428571,0.0,0,"(16.999, 19.0]"
4074,1,18,1,9500,1,1,143.0,1,38,37,4,9,116.5,1,0,0,1,0,1,20,0,0,7,10,7,12.625,0,0,8,8,8,13.0625,0,15.5,2.8,-4.06,Graduate,Graduate,0,Nursing,1.0,0,0.7,0.0,0,"(19.0, 20.0]"
4075,1,17,3,9085,1,1,117.0,1,19,38,5,7,111.1,0,0,0,1,0,0,21,0,0,6,0,0,0.0,0,0,6,0,0,0.0,0,15.5,2.8,-4.06,Dropout,Dropout,1,Veterinary Nursing,0.0,6,0.0,0.0,0,"(20.0, 25.0]"
4076,1,1,3,9500,1,1,145.0,1,19,38,9,7,136.3,1,0,0,1,0,1,18,0,0,8,8,7,13.97142857,0,0,8,8,7,13.97142857,0,12.7,3.7,-1.7,Graduate,Graduate,0,Nursing,0.875,1,0.875,0.0,0,"(16.999, 19.0]"
4077,1,1,5,9070,1,1,134.0,1,34,1,5,7,129.8,1,0,0,1,0,0,18,0,0,6,7,2,11.0,0,0,6,0,0,0.0,0,9.4,-0.8,-3.12,Dropout,Dropout,1,Communication Design,0.3333333333333333,4,0.2857142857142857,0.0,0,"(16.999, 19.0]"
4078,2,39,1,9991,0,1,170.0,1,38,19,4,8,134.7,0,0,0,1,0,0,33,0,0,5,5,5,12.8,0,0,5,6,5,15.33333333,0,10.8,1.4,1.74,Graduate,Graduate,0,Management (evening attendance),1.0,0,1.0,0.0,0,"(25.0, 70.0]"
4079,1,1,2,9670,1,1,143.0,1,37,37,9,7,131.8,1,0,0,1,0,1,18,0,0,6,8,6,13.57142857,0,0,6,6,5,12.8,0,12.4,0.5,1.79,Enrolled,Enrolled,0,Advertising and Marketing Management,1.0,0,0.75,0.0,0,"(16.999, 19.0]"
4080,1,1,1,171,1,1,140.0,1,37,37,7,9,126.8,1,0,0,0,0,1,18,0,0,0,0,0,0.0,0,0,0,0,0,0.0,0,12.7,3.7,-1.7,Dropout,Dropout,1,Animation and Multimedia Design,0.0,0,0.0,0.0,1,"(16.999, 19.0]"
4081,1,1,1,9085,1,1,131.0,1,37,37,9,6,130.7,0,0,1,1,0,0,21,0,0,5,9,2,11.5,0,0,5,13,4,11.0,1,10.8,1.4,1.74,Enrolled,Enrolled,0,Veterinary Nursing,0.4,3,0.2222222222222222,0.0,1,"(20.0, 25.0]"
4082,1,17,3,9254,1,1,115.0,1,37,19,5,5,109.8,1,0,0,1,0,0,19,0,0,6,8,4,11.25,0,0,6,8,4,12.0,0,10.8,1.4,1.74,Enrolled,Enrolled,0,Tourism,0.6666666666666666,2,0.5,0.0,0,"(16.999, 19.0]"
4083,1,7,1,9991,0,3,130.0,1,3,19,2,3,133.9,0,0,0,1,0,0,28,0,0,5,7,5,13.71428571,0,0,5,7,5,13.14285714,0,16.2,0.3,-0.92,Graduate,Graduate,0,Management (evening attendance),1.0,0,0.7142857142857143,0.0,0,"(25.0, 70.0]"
4084,2,39,1,9147,1,1,130.0,1,1,19,9,9,109.9,0,0,0,0,0,0,29,0,0,4,4,0,0.0,0,0,5,0,0,0.0,0,12.7,3.7,-1.7,Dropout,Dropout,1,Management,0.0,4,0.0,0.0,1,"(25.0, 70.0]"
4085,1,44,1,9130,1,39,160.0,1,1,37,3,3,160.0,1,0,1,0,0,0,36,0,2,6,9,6,12.0,0,1,6,8,3,14.66666667,0,12.4,0.5,1.79,Dropout,Dropout,1,Equinculture,1.0,0,0.6666666666666666,0.0,1,"(25.0, 70.0]"
4086,1,39,1,8014,0,19,133.1,1,37,37,9,7,106.5,0,0,0,1,0,1,32,0,0,6,7,6,12.66666667,0,0,6,7,6,13.33333333,0,12.7,3.7,-1.7,Graduate,Graduate,0,Social Service (evening attendance),1.0,0,0.8571428571428571,0.0,0,"(25.0, 70.0]"
4087,1,39,1,9500,1,1,130.0,1,38,37,5,7,120.0,1,0,0,1,0,1,25,0,0,8,11,7,13.29,3,0,8,11,7,13.29,3,9.4,-0.8,-3.12,Enrolled,Enrolled,0,Nursing,0.875,1,0.6363636363636364,0.375,0,"(20.0, 25.0]"
4088,2,43,1,9991,0,1,140.0,1,37,37,3,10,107.8,0,0,0,1,0,0,33,0,8,10,15,8,10.375,0,7,10,13,9,10.44444444,0,7.6,2.6,0.32,Enrolled,Enrolled,0,Management (evening attendance),0.8,2,0.5333333333333333,0.0,0,"(25.0, 70.0]"
4089,2,43,1,8014,0,14,133.1,1,34,34,0,0,100.0,0,0,0,0,0,0,34,0,3,7,13,3,12.0,0,2,7,15,1,13.0,1,9.4,-0.8,-3.12,Dropout,Dropout,1,Social Service (evening attendance),0.42857142857142855,4,0.23076923076923078,0.0,1,"(25.0, 70.0]"
4090,2,39,1,8014,0,1,150.0,1,34,34,0,0,112.5,0,0,0,1,0,0,33,0,0,6,10,5,11.4,0,1,6,7,6,11.16666667,0,7.6,2.6,0.32,Graduate,Graduate,0,Social Service (evening attendance),0.8333333333333334,1,0.5,0.0,0,"(25.0, 70.0]"
4091,1,43,1,9991,0,1,140.0,1,37,38,9,8,135.5,0,0,1,0,0,0,29,0,0,5,15,2,13.25,0,0,5,12,3,12.6,3,16.2,0.3,-0.92,Dropout,Dropout,1,Management (evening attendance),0.4,3,0.13333333333333333,0.0,1,"(25.0, 70.0]"
4092,1,1,1,9500,1,1,145.0,1,1,1,4,10,145.0,0,0,0,1,0,0,18,0,0,7,7,6,13.86166667,0,0,8,16,0,0.0,1,12.4,0.5,1.79,Dropout,Dropout,1,Nursing,0.8571428571428571,1,0.8571428571428571,0.0,0,"(16.999, 19.0]"
4093,1,1,1,9773,1,1,126.0,1,37,38,7,7,119.0,0,0,0,1,0,1,18,0,0,6,6,6,12.16666667,0,0,6,7,6,12.14285714,0,15.5,2.8,-4.06,Graduate,Graduate,0,Journalism and Communication,1.0,0,1.0,0.0,0,"(16.999, 19.0]"
4094,2,7,1,9238,1,3,130.0,1,37,19,4,5,130.0,0,0,0,1,0,0,38,0,0,6,17,4,13.75,0,0,6,15,6,14.5,0,16.2,0.3,-0.92,Graduate,Graduate,0,Social Service,0.6666666666666666,2,0.23529411764705882,0.0,0,"(25.0, 70.0]"
4095,1,1,4,9500,1,1,135.0,1,38,37,9,8,126.3,1,0,0,1,0,1,19,0,0,7,7,6,15.43333333,0,0,7,7,6,15.43333333,0,7.6,2.6,0.32,Graduate,Graduate,0,Nursing,0.8571428571428571,1,0.8571428571428571,0.0,0,"(16.999, 19.0]"
4096,4,39,1,8014,0,19,133.1,1,37,37,9,9,113.5,0,0,0,1,0,1,39,0,0,6,6,6,13.83333333,0,0,6,6,6,15.5,0,11.1,0.6,2.02,Graduate,Graduate,0,Social Service (evening attendance),1.0,0,1.0,0.0,0,"(25.0, 70.0]"
4097,1,43,1,9991,0,3,120.0,1,37,37,9,9,120.0,0,0,0,1,0,0,37,0,7,14,21,12,11.83333333,0,11,12,15,11,11.36363636,0,12.7,3.7,-1.7,Graduate,Graduate,0,Management (evening attendance),0.8571428571428571,2,0.5714285714285714,0.0,0,"(25.0, 70.0]"
4098,1,17,2,9556,1,1,120.0,1,37,37,5,5,111.3,1,0,0,1,0,0,32,0,0,7,7,0,0.0,0,0,8,8,0,0.0,0,16.2,0.3,-0.92,Dropout,Dropout,1,Oral Hygiene,0.0,7,0.0,0.0,0,"(25.0, 70.0]"
4099,1,18,1,9238,1,1,147.0,1,38,34,4,0,130.2,0,0,0,1,0,0,18,0,0,1,1,0,0.0,1,0,6,0,0,0.0,0,10.8,1.4,1.74,Dropout,Dropout,1,Social Service,0.0,1,0.0,1.0,0,"(16.999, 19.0]"
4100,1,43,1,9556,1,1,149.0,1,1,1,4,8,140.2,1,1,0,1,0,0,20,0,1,7,9,7,12.33333333,0,0,8,8,8,12.625,0,12.7,3.7,-1.7,Enrolled,Enrolled,0,Oral Hygiene,1.0,0,0.7777777777777778,0.0,0,"(19.0, 20.0]"
4101,1,1,5,9070,1,1,124.0,1,37,37,9,9,113.9,1,0,0,1,0,0,20,0,0,6,6,6,11.16666667,0,0,6,6,6,12.16666667,0,7.6,2.6,0.32,Graduate,Graduate,0,Communication Design,1.0,0,1.0,0.0,0,"(19.0, 20.0]"
4102,1,17,1,9085,1,1,133.1,1,37,37,9,9,99.0,1,0,0,1,0,1,23,0,0,6,6,6,14.66666667,0,0,6,8,6,12.42857143,0,8.9,1.4,3.51,Graduate,Graduate,0,Veterinary Nursing,1.0,0,1.0,0.0,0,"(20.0, 25.0]"
4103,1,1,2,9147,1,1,125.0,1,1,19,4,9,124.0,1,0,0,1,0,0,19,0,0,5,5,5,11.2,0,0,5,11,4,11.75,0,10.8,1.4,1.74,Enrolled,Enrolled,0,Management,1.0,0,1.0,0.0,0,"(16.999, 19.0]"
4104,1,1,1,9238,1,1,141.0,1,37,38,9,10,138.9,0,0,0,1,0,0,18,0,0,6,9,6,13.71428571,0,0,6,6,6,14.16666667,0,13.9,-0.3,0.79,Graduate,Graduate,0,Social Service,1.0,0,0.6666666666666666,0.0,0,"(16.999, 19.0]"
4105,1,1,1,9147,1,1,131.0,1,38,19,9,9,130.0,1,0,0,1,1,0,19,0,0,5,5,5,12.8,0,0,5,10,5,11.44444444,0,10.8,1.4,1.74,Graduate,Graduate,0,Management,1.0,0,1.0,0.0,0,"(16.999, 19.0]"
4106,1,17,4,9773,1,1,118.0,1,1,38,5,7,120.8,1,0,0,1,0,0,20,0,0,6,9,4,13.25,0,0,6,11,5,11.8,0,12.4,0.5,1.79,Graduate,Graduate,0,Journalism and Communication,0.6666666666666666,2,0.4444444444444444,0.0,0,"(19.0, 20.0]"
4107,1,1,6,9500,1,1,129.0,1,37,19,9,7,127.8,1,0,0,1,0,0,19,0,0,8,10,6,13.78,1,0,8,10,6,13.78,1,9.4,-0.8,-3.12,Dropout,Dropout,1,Nursing,0.75,2,0.6,0.125,0,"(16.999, 19.0]"
4108,1,17,3,9500,1,1,136.0,1,37,38,4,5,126.0,1,0,0,1,0,0,19,0,0,8,8,7,15.11,0,0,8,8,7,15.11,0,10.8,1.4,1.74,Graduate,Graduate,0,Nursing,0.875,1,0.875,0.0,0,"(16.999, 19.0]"
4109,1,1,2,9238,1,1,134.0,1,1,19,4,5,126.0,0,0,0,1,0,0,18,0,0,6,10,4,11.0,0,0,6,8,5,11.2,0,10.8,1.4,1.74,Graduate,Graduate,0,Social Service,0.6666666666666666,2,0.4,0.0,0,"(16.999, 19.0]"
4110,1,1,1,9500,1,1,153.0,1,38,19,9,5,138.5,1,0,0,1,0,1,20,0,0,8,8,7,15.79857143,0,0,8,8,7,15.79857143,0,10.8,1.4,1.74,Graduate,Graduate,0,Nursing,0.875,1,0.875,0.0,0,"(19.0, 20.0]"
4111,1,1,3,9500,1,1,119.0,1,19,37,9,9,119.4,1,0,0,1,0,0,20,0,0,7,7,7,13.77571429,0,0,8,8,8,15.6,0,12.4,0.5,1.79,Graduate,Graduate,0,Nursing,1.0,0,1.0,0.0,0,"(19.0, 20.0]"
4112,4,39,1,9500,1,1,140.0,1,38,37,7,7,101.5,1,0,0,1,0,0,24,0,0,8,11,7,12.16,0,0,8,11,7,12.16,0,10.8,1.4,1.74,Graduate,Graduate,0,Nursing,0.875,1,0.6363636363636364,0.0,0,"(20.0, 25.0]"
4113,4,39,2,9556,1,1,133.1,1,38,37,7,7,101.5,1,0,0,1,0,0,24,0,0,7,0,0,0.0,0,0,7,0,0,0.0,0,10.8,1.4,1.74,Dropout,Dropout,1,Oral Hygiene,0.0,7,0.0,0.0,0,"(20.0, 25.0]"
4114,1,17,2,9773,1,1,130.0,1,2,1,2,7,126.2,1,0,0,1,0,0,20,0,0,6,6,6,14.33333333,0,0,6,6,6,15.5,0,12.4,0.5,1.79,Graduate,Graduate,0,Journalism and Communication,1.0,0,1.0,0.0,0,"(19.0, 20.0]"
4115,1,1,3,9070,1,1,128.0,1,19,19,3,3,129.8,1,0,0,1,0,0,20,0,0,6,6,6,11.83333333,0,0,6,6,3,13.33333333,0,9.4,-0.8,-3.12,Enrolled,Enrolled,0,Communication Design,1.0,0,1.0,0.0,0,"(19.0, 20.0]"
4116,1,1,1,9085,1,1,145.0,1,38,37,3,9,138.4,1,0,0,0,0,0,18,0,0,6,7,6,14.83333333,0,0,6,8,6,12.5,0,8.9,1.4,3.51,Enrolled,Enrolled,0,Veterinary Nursing,1.0,0,0.8571428571428571,0.0,1,"(16.999, 19.0]"
4117,1,1,1,9500,1,1,146.0,1,1,37,9,9,129.3,0,0,0,1,0,0,18,0,0,8,8,7,14.2,0,0,8,8,7,14.2,0,12.7,3.7,-1.7,Graduate,Graduate,0,Nursing,0.875,1,0.875,0.0,0,"(16.999, 19.0]"
4118,1,1,1,9085,1,1,119.0,1,2,1,4,3,113.1,1,0,0,1,0,0,21,0,0,5,6,5,12.2,0,0,5,5,5,13.2,0,10.8,1.4,1.74,Graduate,Graduate,0,Veterinary Nursing,1.0,0,0.8333333333333334,0.0,0,"(20.0, 25.0]"
4119,1,17,1,9853,1,1,160.0,1,1,38,4,10,144.3,1,0,0,1,0,0,18,0,0,6,10,4,13.0,0,0,6,9,5,13.66666667,0,9.4,-0.8,-3.12,Graduate,Graduate,0,Basic Education,0.6666666666666666,2,0.4,0.0,0,"(16.999, 19.0]"
4120,1,17,5,9500,1,1,144.0,1,19,1,5,3,141.0,1,0,0,1,0,1,19,0,0,8,8,7,12.48571429,0,0,8,8,7,12.48571429,0,12.7,3.7,-1.7,Graduate,Graduate,0,Nursing,0.875,1,0.875,0.0,0,"(16.999, 19.0]"
4121,1,7,1,9085,1,40,130.0,1,1,1,4,4,130.0,1,0,0,1,0,0,22,0,0,6,7,6,17.0,0,0,6,7,6,16.28571429,0,11.1,0.6,2.02,Graduate,Graduate,0,Veterinary Nursing,1.0,0,0.8571428571428571,0.0,0,"(20.0, 25.0]"
4122,1,17,3,9238,1,1,122.0,1,19,19,7,7,117.5,1,0,0,1,0,0,19,0,0,6,7,5,10.8,0,0,6,9,6,10.16666667,0,8.9,1.4,3.51,Graduate,Graduate,0,Social Service,0.8333333333333334,1,0.7142857142857143,0.0,0,"(16.999, 19.0]"
4123,1,1,3,9500,1,1,153.0,6,37,37,9,9,131.8,1,0,0,1,0,0,18,1,0,7,7,6,14.71666667,0,0,7,7,6,14.71666667,0,7.6,2.6,0.32,Graduate,Graduate,0,Nursing,0.8571428571428571,1,0.8571428571428571,0.0,0,"(16.999, 19.0]"
4124,1,1,1,9085,1,1,147.0,1,37,19,9,5,133.7,1,0,0,1,0,1,19,0,0,5,10,2,13.5,0,0,5,11,5,11.4,1,10.8,1.4,1.74,Enrolled,Enrolled,0,Veterinary Nursing,0.4,3,0.2,0.0,0,"(16.999, 19.0]"
4125,1,43,1,9500,1,1,121.0,1,38,19,5,5,115.4,1,0,0,1,0,1,24,0,0,8,8,7,11.97142857,0,0,8,8,7,11.97142857,0,12.7,3.7,-1.7,Enrolled,Enrolled,0,Nursing,0.875,1,0.875,0.0,0,"(20.0, 25.0]"
4126,1,1,3,9085,1,1,134.0,1,38,19,9,5,129.1,0,0,0,1,0,0,19,0,0,5,7,3,12.0,0,0,5,7,4,13.5,0,7.6,2.6,0.32,Enrolled,Enrolled,0,Veterinary Nursing,0.6,2,0.42857142857142855,0.0,0,"(16.999, 19.0]"
4127,1,1,1,8014,0,1,133.0,1,38,38,5,2,135.5,0,0,0,1,0,0,34,0,0,6,7,6,12.33333333,0,0,6,6,6,11.66666667,0,10.8,1.4,1.74,Graduate,Graduate,0,Social Service (evening attendance),1.0,0,0.8571428571428571,0.0,0,"(25.0, 70.0]"
4128,1,17,5,9085,1,1,118.0,1,38,38,9,9,112.4,1,0,0,1,0,0,19,0,0,12,22,6,15.30769231,0,0,10,13,6,13.875,0,15.5,2.8,-4.06,Graduate,Graduate,0,Veterinary Nursing,0.5,6,0.2727272727272727,0.0,0,"(16.999, 19.0]"
4129,1,1,1,9500,1,1,137.0,1,37,37,7,9,130.8,1,0,0,1,0,1,18,0,0,7,7,6,12.66666667,0,0,7,7,6,12.66666667,0,7.6,2.6,0.32,Graduate,Graduate,0,Nursing,0.8571428571428571,1,0.8571428571428571,0.0,0,"(16.999, 19.0]"
4130,1,1,5,9500,1,1,143.0,1,37,37,9,5,131.6,1,0,0,1,0,1,19,0,0,7,10,7,14.368,0,0,8,8,8,14.44875,0,15.5,2.8,-4.06,Graduate,Graduate,0,Nursing,1.0,0,0.7,0.0,0,"(16.999, 19.0]"
4131,1,39,1,9500,1,1,123.0,1,19,1,1,1,140.8,0,0,0,1,0,0,25,0,0,8,8,7,12.08428571,0,0,8,8,7,12.08428571,0,10.8,1.4,1.74,Graduate,Graduate,0,Nursing,0.875,1,0.875,0.0,0,"(20.0, 25.0]"
4132,1,44,1,9085,1,39,140.0,1,3,38,2,9,140.0,1,0,0,1,0,0,21,0,7,12,18,8,12.25,0,4,12,27,8,12.2,0,12.4,0.5,1.79,Enrolled,Enrolled,0,Veterinary Nursing,0.6666666666666666,4,0.4444444444444444,0.0,0,"(20.0, 25.0]"
4133,1,1,1,9254,1,1,118.0,1,37,37,7,7,114.2,0,0,0,1,0,0,18,0,0,6,10,5,12.2,0,0,6,10,5,11.6,0,16.2,0.3,-0.92,Enrolled,Enrolled,0,Tourism,0.8333333333333334,1,0.5,0.0,0,"(16.999, 19.0]"
4134,1,1,1,9238,1,1,142.0,1,34,38,4,7,127.3,0,0,0,1,0,1,18,0,0,6,12,4,11.0,0,0,6,9,6,11.5,0,9.4,-0.8,-3.12,Graduate,Graduate,0,Social Service,0.6666666666666666,2,0.3333333333333333,0.0,0,"(16.999, 19.0]"
4135,1,1,1,8014,0,1,115.0,1,38,38,9,7,115.0,1,0,0,1,0,0,28,0,0,6,8,5,12.8,0,0,6,8,5,11.0,0,9.4,-0.8,-3.12,Graduate,Graduate,0,Social Service (evening attendance),0.8333333333333334,1,0.625,0.0,0,"(25.0, 70.0]"
4136,5,43,1,9500,1,1,131.0,1,1,38,5,5,118.8,0,0,0,1,0,1,18,0,0,8,8,7,11.85714286,0,0,8,8,7,11.85714286,0,12.7,3.7,-1.7,Graduate,Graduate,0,Nursing,0.875,1,0.875,0.0,0,"(16.999, 19.0]"
4137,2,39,1,9254,1,1,130.0,1,37,37,9,9,125.0,0,0,0,1,0,0,41,0,0,6,8,6,12.28571429,0,0,6,10,5,13.0,0,8.9,1.4,3.51,Graduate,Graduate,0,Tourism,1.0,0,0.75,0.0,0,"(25.0, 70.0]"
4138,1,17,2,9853,1,1,133.1,1,37,37,5,0,111.5,0,0,0,1,0,0,18,0,0,6,11,3,12.33333333,0,0,6,11,4,13.5,0,7.6,2.6,0.32,Dropout,Dropout,1,Basic Education,0.5,3,0.2727272727272727,0.0,0,"(16.999, 19.0]"
4139,1,17,1,9238,1,1,134.0,1,38,19,7,7,124.2,0,0,0,1,0,1,21,0,0,6,11,4,11.25,0,0,6,12,4,11.4,0,15.5,2.8,-4.06,Graduate,Graduate,0,Social Service,0.6666666666666666,2,0.36363636363636365,0.0,0,"(20.0, 25.0]"
4140,4,7,1,9238,1,40,130.0,1,34,34,99,99,130.0,0,0,1,1,0,0,41,0,0,6,0,0,0.0,0,0,6,0,0,0.0,0,11.1,0.6,2.02,Dropout,Dropout,1,Social Service,0.0,6,0.0,0.0,1,"(25.0, 70.0]"
4141,1,7,1,9070,1,3,133.1,1,3,5,2,2,120.0,1,0,0,1,0,0,32,0,0,3,3,2,16.0,0,0,3,3,1,16.0,0,7.6,2.6,0.32,Dropout,Dropout,1,Communication Design,0.6666666666666666,1,0.6666666666666666,0.0,0,"(25.0, 70.0]"
4142,1,43,1,8014,0,12,114.0,1,34,34,0,99,110.0,0,0,0,1,0,0,29,0,0,6,10,6,11.66666667,0,0,6,7,6,11.0,0,7.6,2.6,0.32,Graduate,Graduate,0,Social Service (evening attendance),1.0,0,0.6,0.0,0,"(25.0, 70.0]"
4143,1,39,1,9556,1,1,130.0,1,19,38,9,8,113.3,0,0,0,1,0,0,24,0,0,7,15,5,12.4,0,0,8,14,7,12.15,0,12.4,0.5,1.79,Enrolled,Enrolled,0,Oral Hygiene,0.7142857142857143,2,0.3333333333333333,0.0,0,"(20.0, 25.0]"
4144,1,43,1,9556,1,1,128.0,1,38,38,7,8,123.5,1,0,0,1,0,0,22,0,0,7,14,6,10.74444444,1,0,8,10,8,11.8375,0,12.7,3.7,-1.7,Enrolled,Enrolled,0,Oral Hygiene,0.8571428571428571,1,0.42857142857142855,0.14285714285714285,0,"(20.0, 25.0]"
4145,1,1,1,9238,1,1,133.1,1,19,1,1,3,101.0,0,0,0,1,0,0,21,0,0,6,0,0,0.0,0,0,6,0,0,0.0,0,15.5,2.8,-4.06,Dropout,Dropout,1,Social Service,0.0,6,0.0,0.0,0,"(20.0, 25.0]"
4146,2,39,1,9500,1,19,133.1,1,37,38,9,10,120.9,1,0,0,1,0,0,39,0,0,7,12,4,12.0,0,0,7,13,4,12.5625,0,11.1,0.6,2.02,Dropout,Dropout,1,Nursing,0.5714285714285714,3,0.3333333333333333,0.0,0,"(25.0, 70.0]"
4147,4,39,1,9085,1,1,140.0,1,37,37,9,9,154.6,0,0,0,0,0,1,44,0,0,6,12,4,12.75,0,0,6,15,2,10.0,0,8.9,1.4,3.51,Enrolled,Enrolled,0,Veterinary Nursing,0.6666666666666666,2,0.3333333333333333,0.0,1,"(25.0, 70.0]"
4148,1,1,1,9147,1,1,117.0,1,37,37,9,9,120.2,1,0,0,1,0,0,20,0,0,5,9,2,10.0,0,0,5,10,2,11.0,0,7.6,2.6,0.32,Enrolled,Enrolled,0,Management,0.4,3,0.2222222222222222,0.0,0,"(19.0, 20.0]"
4149,1,43,3,9500,1,1,139.0,1,38,37,9,8,146.5,0,0,0,1,0,0,21,0,11,14,26,12,13.4173913,1,11,14,26,12,13.4173913,1,7.6,2.6,0.32,Graduate,Graduate,0,Nursing,0.8571428571428571,2,0.46153846153846156,0.07142857142857142,0,"(20.0, 25.0]"
4150,1,1,1,9773,1,1,159.0,1,34,26,0,6,160.1,1,0,0,1,0,0,18,0,0,6,6,6,15.16666667,0,0,6,7,6,14.85714286,0,7.6,2.6,0.32,Graduate,Graduate,0,Journalism and Communication,1.0,0,1.0,0.0,0,"(16.999, 19.0]"
4151,1,39,1,9003,1,1,140.0,1,37,37,5,5,150.0,0,0,1,1,0,0,34,0,0,6,10,5,13.83333333,0,0,6,13,5,12.5,0,16.2,0.3,-0.92,Graduate,Graduate,0,Agronomy,0.8333333333333334,1,0.5,0.0,1,"(25.0, 70.0]"
4152,1,1,3,9085,1,1,140.0,1,10,19,90,90,135.8,1,0,0,1,0,0,18,0,0,5,6,5,13.33333333,0,0,5,7,4,14.8,0,7.6,2.6,0.32,Graduate,Graduate,0,Veterinary Nursing,1.0,0,0.8333333333333334,0.0,0,"(16.999, 19.0]"
4153,1,1,1,171,1,1,135.0,1,19,4,9,2,143.8,1,0,1,1,0,0,19,0,0,0,0,0,0.0,0,0,0,0,0,0.0,0,12.7,3.7,-1.7,Enrolled,Enrolled,0,Animation and Multimedia Design,0.0,0,0.0,0.0,1,"(16.999, 19.0]"
4154,1,1,1,9853,1,1,121.0,1,37,19,6,7,116.8,1,0,0,1,0,0,18,0,0,6,11,3,11.66666667,0,0,6,11,3,10.66666667,0,9.4,-0.8,-3.12,Dropout,Dropout,1,Basic Education,0.5,3,0.2727272727272727,0.0,0,"(16.999, 19.0]"
4155,1,1,5,9085,1,1,124.0,1,3,19,2,3,113.9,1,0,0,1,0,0,19,0,0,6,12,5,15.0,0,0,6,9,6,13.42857143,0,16.2,0.3,-0.92,Graduate,Graduate,0,Veterinary Nursing,0.8333333333333334,1,0.4166666666666667,0.0,0,"(16.999, 19.0]"
4156,1,1,3,9500,1,1,131.0,1,37,37,9,9,118.0,1,0,0,1,0,1,18,0,0,8,8,7,13.24285714,0,0,8,8,7,13.24285714,0,12.7,3.7,-1.7,Enrolled,Enrolled,0,Nursing,0.875,1,0.875,0.0,0,"(16.999, 19.0]"
4157,1,1,5,9130,1,1,160.0,1,3,1,2,9,150.2,1,0,0,1,0,0,19,0,0,5,13,1,13.0,0,0,5,7,2,12.5,0,12.7,3.7,-1.7,Dropout,Dropout,1,Equinculture,0.2,4,0.07692307692307693,0.0,0,"(16.999, 19.0]"
4158,1,1,2,9500,1,1,120.0,1,3,37,4,7,115.1,1,0,0,1,0,1,19,0,0,7,8,6,13.075,0,0,8,10,7,12.05,0,12.4,0.5,1.79,Graduate,Graduate,0,Nursing,0.8571428571428571,1,0.75,0.0,0,"(16.999, 19.0]"
4159,1,1,1,9670,1,1,140.0,1,19,19,5,9,131.3,1,0,0,1,0,1,18,0,0,6,6,6,13.5,0,0,6,9,6,13.66666667,0,10.8,1.4,1.74,Graduate,Graduate,0,Advertising and Marketing Management,1.0,0,1.0,0.0,0,"(16.999, 19.0]"
4160,1,44,1,9991,0,39,120.0,1,37,37,7,7,120.0,1,0,0,1,0,1,23,0,2,6,8,5,11.8,0,2,6,8,6,12.33333333,0,9.4,-0.8,-3.12,Graduate,Graduate,0,Management (evening attendance),0.8333333333333334,1,0.625,0.0,0,"(20.0, 25.0]"
4161,1,17,2,9254,1,1,118.0,22,19,37,9,9,110.3,1,0,0,0,0,0,18,1,0,6,7,5,12.6,0,0,6,6,5,11.8,0,11.1,0.6,2.02,Enrolled,Enrolled,0,Tourism,0.8333333333333334,1,0.7142857142857143,0.0,1,"(16.999, 19.0]"
4162,4,43,1,9853,1,1,133.1,100,19,22,90,90,100.0,0,0,0,1,0,0,33,1,0,6,6,6,12.16666667,0,0,6,9,3,11.0,0,7.6,2.6,0.32,Dropout,Dropout,1,Basic Education,1.0,0,1.0,0.0,0,"(25.0, 70.0]"
4163,1,17,2,9238,1,1,111.0,1,19,38,9,9,110.7,1,0,0,1,0,0,19,0,0,6,9,6,12.16666667,0,0,6,9,6,11.0,0,8.9,1.4,3.51,Graduate,Graduate,0,Social Service,1.0,0,0.6666666666666666,0.0,0,"(16.999, 19.0]"
4164,1,43,3,171,1,1,140.0,1,37,38,7,7,143.4,1,0,0,1,0,0,21,0,0,0,0,0,0.0,0,0,0,0,0,0.0,0,9.4,-0.8,-3.12,Dropout,Dropout,1,Animation and Multimedia Design,0.0,0,0.0,0.0,0,"(20.0, 25.0]"
4165,1,1,6,9500,1,1,125.0,1,19,19,9,9,115.9,0,0,0,1,0,0,18,0,0,7,7,7,13.55714286,0,0,8,9,8,13.2,0,12.4,0.5,1.79,Graduate,Graduate,0,Nursing,1.0,0,1.0,0.0,0,"(16.999, 19.0]"
4166,1,18,1,9991,0,1,133.1,1,38,38,5,5,145.0,0,0,0,1,0,1,21,0,0,5,6,4,12.25,0,0,5,8,4,11.8,0,10.8,1.4,1.74,Enrolled,Enrolled,0,Management (evening attendance),0.8,1,0.6666666666666666,0.0,0,"(20.0, 25.0]"
4167,1,17,2,9070,1,1,136.0,1,19,38,4,7,140.9,1,0,0,1,0,0,19,0,0,6,6,6,14.33333333,0,0,6,6,6,13.5,0,9.4,-0.8,-3.12,Graduate,Graduate,0,Communication Design,1.0,0,1.0,0.0,0,"(16.999, 19.0]"
4168,1,1,2,9773,1,1,115.0,1,34,38,0,5,108.4,1,0,0,1,0,0,20,0,0,6,10,4,10.5,0,0,6,8,4,11.75,0,7.6,2.6,0.32,Graduate,Graduate,0,Journalism and Communication,0.6666666666666666,2,0.4,0.0,0,"(19.0, 20.0]"
4169,1,1,1,9773,1,1,116.0,1,37,37,0,5,114.3,1,0,0,1,0,0,20,0,0,4,8,0,0.0,0,0,4,8,0,0.0,0,7.6,2.6,0.32,Dropout,Dropout,1,Journalism and Communication,0.0,4,0.0,0.0,0,"(19.0, 20.0]"
4170,1,18,5,9853,1,1,110.0,1,19,37,7,7,110.0,1,0,0,1,0,0,20,0,0,6,10,4,12.75,0,0,6,14,3,11.33333333,0,10.8,1.4,1.74,Enrolled,Enrolled,0,Basic Education,0.6666666666666666,2,0.4,0.0,0,"(19.0, 20.0]"
4171,1,1,1,9238,1,1,135.0,1,38,38,4,7,121.7,1,0,0,1,0,1,18,0,0,6,14,0,0.0,0,0,6,9,4,11.0,0,7.6,2.6,0.32,Enrolled,Enrolled,0,Social Service,0.0,6,0.0,0.0,0,"(16.999, 19.0]"
4172,1,43,2,9147,1,1,131.0,1,19,37,5,9,123.7,1,0,0,1,0,0,18,0,0,5,10,1,14.0,0,0,5,10,1,14.0,0,7.6,2.6,0.32,Enrolled,Enrolled,0,Management,0.2,4,0.1,0.0,0,"(16.999, 19.0]"
4173,1,1,2,9500,1,1,124.0,1,37,37,7,7,116.5,1,0,0,1,0,1,20,0,0,7,9,7,14.09333333,0,0,8,8,8,15.0,0,11.1,0.6,2.02,Graduate,Graduate,0,Nursing,1.0,0,0.7777777777777778,0.0,0,"(19.0, 20.0]"
4174,1,1,1,9238,1,1,163.0,1,37,37,5,6,155.0,0,0,0,1,0,1,21,0,0,6,6,6,13.33333333,0,0,6,8,6,13.16666667,0,9.4,-0.8,-3.12,Graduate,Graduate,0,Social Service,1.0,0,1.0,0.0,0,"(20.0, 25.0]"
4175,1,43,1,9500,1,1,137.0,1,38,19,9,5,129.3,1,0,0,1,0,0,19,0,0,8,12,7,12.07142857,0,0,8,12,7,12.07142857,0,12.7,3.7,-1.7,Graduate,Graduate,0,Nursing,0.875,1,0.5833333333333334,0.0,0,"(16.999, 19.0]"
4176,1,1,3,9254,1,1,128.0,1,19,1,7,9,121.7,1,0,0,1,0,1,18,0,0,6,6,6,12.66666667,0,0,6,6,6,12.5,0,12.4,0.5,1.79,Graduate,Graduate,0,Tourism,1.0,0,1.0,0.0,0,"(16.999, 19.0]"
4177,1,39,1,9085,1,1,133.1,1,37,37,9,9,148.2,1,0,1,1,0,0,27,0,0,6,11,6,12.125,0,0,6,16,5,12.0,0,12.4,0.5,1.79,Enrolled,Enrolled,0,Veterinary Nursing,1.0,0,0.5454545454545454,0.0,1,"(25.0, 70.0]"
4178,1,1,2,9500,1,1,133.1,1,19,38,7,9,125.5,1,0,0,1,0,1,21,0,0,7,9,7,13.2,0,0,8,9,7,13.2575,0,15.5,2.8,-4.06,Graduate,Graduate,0,Nursing,1.0,0,0.7777777777777778,0.0,0,"(20.0, 25.0]"
4179,1,17,4,9500,1,1,148.0,1,3,19,4,7,131.9,1,0,0,1,0,1,18,0,0,7,8,7,14.15,0,0,8,8,8,14.51125,0,15.5,2.8,-4.06,Graduate,Graduate,0,Nursing,1.0,0,0.875,0.0,0,"(16.999, 19.0]"
4180,1,17,1,9853,1,1,127.0,1,38,37,5,7,121.8,1,0,1,1,0,0,18,0,0,6,12,4,13.5,0,0,6,14,3,10.66666667,0,10.8,1.4,1.74,Enrolled,Enrolled,0,Basic Education,0.6666666666666666,2,0.3333333333333333,0.0,1,"(16.999, 19.0]"
4181,1,43,1,9853,1,1,110.0,1,37,37,9,9,107.7,0,0,1,0,0,0,28,0,0,6,0,0,0.0,0,0,5,10,0,0.0,0,10.8,1.4,1.74,Dropout,Dropout,1,Basic Education,0.0,6,0.0,0.0,1,"(25.0, 70.0]"
4182,1,39,1,9556,1,1,133.1,1,44,40,2,2,115.5,0,0,0,1,0,0,36,0,0,7,13,5,12.2,0,0,7,14,3,11.4,0,11.1,0.6,2.02,Dropout,Dropout,1,Oral Hygiene,0.7142857142857143,2,0.38461538461538464,0.0,0,"(25.0, 70.0]"
4183,1,1,1,9085,1,1,145.0,1,38,38,9,10,139.8,1,0,0,1,0,0,20,0,0,5,6,5,14.8,1,0,5,6,5,14.0,0,12.7,3.7,-1.7,Graduate,Graduate,0,Veterinary Nursing,1.0,0,0.8333333333333334,0.2,0,"(19.0, 20.0]"
4184,1,1,1,9238,1,1,136.0,1,38,38,0,7,133.2,1,0,0,1,0,0,19,0,0,6,8,5,11.0,0,0,6,13,5,11.4,0,7.6,2.6,0.32,Graduate,Graduate,0,Social Service,0.8333333333333334,1,0.625,0.0,0,"(16.999, 19.0]"
4185,1,1,1,9991,0,1,131.0,1,19,37,9,9,118.4,1,0,0,1,0,0,20,0,0,5,10,0,0.0,0,0,5,10,0,0.0,3,7.6,2.6,0.32,Enrolled,Enrolled,0,Management (evening attendance),0.0,5,0.0,0.0,0,"(19.0, 20.0]"
4186,1,17,2,9085,1,1,138.0,1,37,37,9,7,123.3,1,0,0,1,0,0,19,0,0,5,15,3,14.0,3,0,5,10,4,11.75,1,9.4,-0.8,-3.12,Enrolled,Enrolled,0,Veterinary Nursing,0.6,2,0.2,0.6,0,"(16.999, 19.0]"
4187,2,39,1,8014,0,1,150.0,1,37,38,3,7,134.5,0,0,0,1,0,0,28,0,0,6,8,5,11.83333333,0,0,6,6,6,13.0,0,16.2,0.3,-0.92,Graduate,Graduate,0,Social Service (evening attendance),0.8333333333333334,1,0.625,0.0,0,"(25.0, 70.0]"
4188,1,1,1,9670,1,1,112.0,1,37,1,7,0,110.6,0,0,0,1,0,0,20,0,0,5,7,4,11.75,0,0,5,7,5,11.8,1,7.6,2.6,0.32,Graduate,Graduate,0,Advertising and Marketing Management,0.8,1,0.5714285714285714,0.0,0,"(19.0, 20.0]"
4189,1,42,1,9254,1,1,154.0,1,38,37,1,1,154.0,1,0,0,1,0,0,28,0,8,14,22,12,12.33333333,0,3,12,20,8,12.0,0,9.4,-0.8,-3.12,Graduate,Graduate,0,Tourism,0.8571428571428571,2,0.5454545454545454,0.0,0,"(25.0, 70.0]"
4190,1,43,1,9991,0,39,160.0,1,37,37,9,9,160.0,0,0,0,1,0,0,24,0,3,10,16,3,11.66666667,0,3,10,24,6,11.83333333,0,9.4,-0.8,-3.12,Dropout,Dropout,1,Management (evening attendance),0.3,7,0.1875,0.0,0,"(20.0, 25.0]"
4191,1,44,1,9085,1,39,140.0,1,1,39,3,9,140.0,1,0,0,1,0,0,20,0,1,6,9,6,12.66666667,0,1,6,10,4,11.5,0,13.9,-0.3,0.79,Enrolled,Enrolled,0,Veterinary Nursing,1.0,0,0.6666666666666666,0.0,0,"(19.0, 20.0]"
4192,1,17,2,9853,1,1,150.0,1,37,37,5,6,132.5,1,0,0,1,0,0,22,0,0,6,9,4,12.25,0,0,6,8,5,11.6,0,10.8,1.4,1.74,Enrolled,Enrolled,0,Basic Education,0.6666666666666666,2,0.4444444444444444,0.0,0,"(20.0, 25.0]"
4193,1,17,2,9254,1,1,141.0,1,1,4,4,4,127.7,0,0,0,1,0,1,18,0,0,6,7,6,11.28571429,0,0,6,9,4,13.5,0,16.2,0.3,-0.92,Graduate,Graduate,0,Tourism,1.0,0,0.8571428571428571,0.0,0,"(16.999, 19.0]"
4194,1,1,5,9147,1,1,122.0,1,38,38,9,9,117.5,1,0,1,0,0,0,22,0,0,5,12,2,11.5,0,0,5,12,0,0.0,0,12.7,3.7,-1.7,Dropout,Dropout,1,Management,0.4,3,0.16666666666666666,0.0,1,"(20.0, 25.0]"
4195,1,1,5,9254,1,1,120.0,1,37,37,9,7,127.0,1,0,0,1,0,1,18,0,0,6,10,6,11.66666667,0,0,6,10,4,12.25,0,9.4,-0.8,-3.12,Graduate,Graduate,0,Tourism,1.0,0,0.6,0.0,0,"(16.999, 19.0]"
4196,1,1,1,9500,1,1,139.0,1,19,37,5,5,125.5,0,0,0,1,0,1,21,0,0,8,8,7,13.51428571,0,0,8,8,7,13.51428571,0,12.7,3.7,-1.7,Graduate,Graduate,0,Nursing,0.875,1,0.875,0.0,0,"(20.0, 25.0]"
4197,1,17,6,9773,1,1,138.0,1,1,1,4,2,140.5,1,0,0,1,0,0,19,0,0,6,7,6,13.0,0,0,6,9,6,13.71428571,0,7.6,2.6,0.32,Graduate,Graduate,0,Journalism and Communication,1.0,0,0.8571428571428571,0.0,0,"(16.999, 19.0]"
4198,1,5,1,9853,1,1,119.0,1,1,38,5,8,118.3,1,0,0,1,0,0,22,0,0,6,11,3,15.0,0,0,6,11,4,10.25,0,9.4,-0.8,-3.12,Enrolled,Enrolled,0,Basic Education,0.5,3,0.2727272727272727,0.0,0,"(20.0, 25.0]"
4199,1,1,1,9500,1,1,129.0,1,38,38,5,5,120.8,1,0,0,1,0,1,20,0,0,8,8,7,12.74428571,0,0,8,8,7,12.74428571,0,10.8,1.4,1.74,Graduate,Graduate,0,Nursing,0.875,1,0.875,0.0,0,"(19.0, 20.0]"
4200,1,1,1,9147,1,1,133.1,1,37,37,191,154,95.0,0,0,0,1,0,0,20,0,0,5,10,4,11.75,0,0,5,8,5,11.8,0,11.1,0.6,2.02,Graduate,Graduate,0,Management,0.8,1,0.4,0.0,0,"(19.0, 20.0]"
4201,1,17,1,8014,0,1,125.0,1,37,37,5,6,122.2,1,0,1,1,0,0,19,0,0,6,6,6,12.16666667,0,0,6,7,6,11.66666667,0,10.8,1.4,1.74,Graduate,Graduate,0,Social Service (evening attendance),1.0,0,1.0,0.0,1,"(16.999, 19.0]"
4202,1,17,1,171,1,1,125.0,1,1,1,7,3,143.9,1,0,0,1,0,0,20,0,0,0,0,0,0.0,0,0,0,0,0,0.0,0,15.5,2.8,-4.06,Enrolled,Enrolled,0,Animation and Multimedia Design,0.0,0,0.0,0.0,0,"(19.0, 20.0]"
4203,1,1,2,9070,1,1,137.0,1,19,38,9,9,127.2,1,0,0,1,0,1,20,0,1,6,9,5,13.4,1,0,6,9,6,12.375,0,13.9,-0.3,0.79,Graduate,Graduate,0,Communication Design,0.8333333333333334,1,0.5555555555555556,0.16666666666666666,0,"(19.0, 20.0]"
4204,1,1,1,9238,1,1,123.0,1,34,38,0,7,120.2,1,0,0,1,0,0,20,0,0,6,9,5,11.8,0,0,6,10,4,11.5,0,7.6,2.6,0.32,Dropout,Dropout,1,Social Service,0.8333333333333334,1,0.5555555555555556,0.0,0,"(19.0, 20.0]"
4205,1,1,3,9500,1,1,154.0,1,1,37,4,9,134.8,1,0,0,1,0,0,19,0,0,7,7,6,13.53333333,0,0,7,7,6,13.53333333,0,7.6,2.6,0.32,Graduate,Graduate,0,Nursing,0.8571428571428571,1,0.8571428571428571,0.0,0,"(16.999, 19.0]"
4206,1,1,1,9254,1,1,144.0,1,19,19,9,9,142.6,1,0,0,1,0,1,18,0,0,6,7,6,14.16666667,0,0,6,10,4,14.0,0,15.5,2.8,-4.06,Graduate,Graduate,0,Tourism,1.0,0,0.8571428571428571,0.0,0,"(16.999, 19.0]"
4207,1,1,1,9500,1,1,153.0,1,38,37,7,8,147.9,0,0,0,1,0,1,18,0,0,7,7,7,14.65285714,0,0,8,9,8,14.75555556,0,12.4,0.5,1.79,Graduate,Graduate,0,Nursing,1.0,0,1.0,0.0,0,"(16.999, 19.0]"
4208,1,1,1,171,1,1,152.0,1,1,38,4,9,160.4,1,0,0,0,0,0,19,0,0,0,0,0,0.0,0,0,0,0,0,0.0,0,7.6,2.6,0.32,Dropout,Dropout,1,Animation and Multimedia Design,0.0,0,0.0,0.0,1,"(16.999, 19.0]"
4209,1,1,1,9147,1,1,150.0,103,37,37,9,9,134.6,0,0,0,1,1,0,20,1,0,5,5,5,13.6,0,0,5,7,5,13.0,0,9.4,-0.8,-3.12,Graduate,Graduate,0,Management,1.0,0,1.0,0.0,0,"(19.0, 20.0]"
4210,1,1,1,9254,1,1,129.0,1,19,1,3,7,121.0,0,0,0,1,0,1,22,0,0,6,9,6,12.83333333,0,0,6,6,4,13.25,0,16.2,0.3,-0.92,Graduate,Graduate,0,Tourism,1.0,0,0.6666666666666666,0.0,0,"(20.0, 25.0]"
4211,1,1,1,9238,1,1,150.0,1,19,37,5,4,142.7,1,0,0,1,0,1,18,0,0,6,6,6,14.66666667,0,0,6,6,6,15.16666667,0,9.4,-0.8,-3.12,Graduate,Graduate,0,Social Service,1.0,0,1.0,0.0,0,"(16.999, 19.0]"
4212,1,17,2,9773,1,1,125.0,1,1,1,4,8,115.6,1,0,0,1,0,0,19,0,0,6,6,6,13.33333333,0,0,6,6,6,14.66666667,0,12.4,0.5,1.79,Graduate,Graduate,0,Journalism and Communication,1.0,0,1.0,0.0,0,"(16.999, 19.0]"
4213,1,1,1,9238,1,1,133.1,1,19,37,9,9,130.0,0,0,0,0,0,1,20,0,0,6,10,5,13.4,0,0,6,9,5,11.4,0,10.8,1.4,1.74,Graduate,Graduate,0,Social Service,0.8333333333333334,1,0.5,0.0,1,"(19.0, 20.0]"
4214,1,1,2,9500,1,1,140.0,1,38,37,5,6,124.3,1,0,0,1,0,1,19,0,0,7,9,7,13.3125,0,0,8,8,8,15.6375,0,13.9,-0.3,0.79,Graduate,Graduate,0,Nursing,1.0,0,0.7777777777777778,0.0,0,"(16.999, 19.0]"
4215,1,1,1,171,1,1,140.0,1,19,37,5,6,137.9,1,0,1,0,0,0,18,0,0,0,0,0,0.0,0,0,0,0,0,0.0,0,8.9,1.4,3.51,Dropout,Dropout,1,Animation and Multimedia Design,0.0,0,0.0,0.0,1,"(16.999, 19.0]"
4216,1,1,6,9773,1,1,133.1,1,1,37,3,3,100.0,1,0,1,0,0,0,20,0,0,4,4,0,0.0,0,0,5,5,0,0.0,0,12.4,0.5,1.79,Dropout,Dropout,1,Journalism and Communication,0.0,4,0.0,0.0,1,"(19.0, 20.0]"
4217,1,1,2,9773,1,1,132.0,1,1,2,9,3,128.2,1,0,0,1,0,1,19,0,0,6,7,6,12.33333333,0,0,6,6,6,13.5,0,9.4,-0.8,-3.12,Graduate,Graduate,0,Journalism and Communication,1.0,0,0.8571428571428571,0.0,0,"(16.999, 19.0]"
4218,1,17,3,9773,1,1,135.0,1,1,19,5,7,135.0,0,0,0,1,0,0,18,0,0,6,6,6,13.5,0,0,6,6,6,13.33333333,0,12.4,0.5,1.79,Enrolled,Enrolled,0,Journalism and Communication,1.0,0,1.0,0.0,0,"(16.999, 19.0]"
4219,1,16,4,9238,1,1,135.0,1,37,37,9,9,121.0,1,0,0,1,0,0,18,0,0,6,8,5,13.0,0,0,6,7,6,11.83333333,0,10.8,1.4,1.74,Graduate,Graduate,0,Social Service,0.8333333333333334,1,0.625,0.0,0,"(16.999, 19.0]"
4220,1,1,1,9670,1,1,133.1,1,34,38,0,4,147.0,0,0,0,1,0,0,22,0,0,5,6,2,12.5,0,0,5,5,0,0.0,0,9.4,-0.8,-3.12,Dropout,Dropout,1,Advertising and Marketing Management,0.4,3,0.3333333333333333,0.0,0,"(20.0, 25.0]"
4221,1,1,1,9238,1,1,168.0,1,37,37,9,9,149.5,0,0,0,1,0,0,18,0,0,6,10,6,17.0,0,0,6,11,6,16.0,0,12.4,0.5,1.79,Graduate,Graduate,0,Social Service,1.0,0,0.6,0.0,0,"(16.999, 19.0]"
4222,1,1,1,9238,1,1,143.0,1,19,1,9,9,144.4,1,0,0,1,0,0,20,0,0,6,7,6,13.5,0,0,6,6,6,13.0,0,10.8,1.4,1.74,Graduate,Graduate,0,Social Service,1.0,0,0.8571428571428571,0.0,0,"(19.0, 20.0]"
4223,1,17,2,9254,1,1,116.0,1,19,38,5,5,116.0,1,0,0,1,0,0,19,0,0,6,7,6,12.71428571,0,0,6,6,6,11.83333333,0,8.9,1.4,3.51,Graduate,Graduate,0,Tourism,1.0,0,0.8571428571428571,0.0,0,"(16.999, 19.0]"
4224,1,43,1,9500,1,1,134.0,1,38,19,5,8,120.7,0,0,0,1,0,1,19,0,0,7,9,6,13.0,0,0,8,11,8,13.92727273,0,16.2,0.3,-0.92,Graduate,Graduate,0,Nursing,0.8571428571428571,1,0.6666666666666666,0.0,0,"(16.999, 19.0]"
4225,1,44,1,9238,1,39,140.0,1,38,19,5,0,141.8,0,0,0,1,0,0,21,0,3,6,7,6,12.57142857,0,2,6,6,6,13.5,0,12.4,0.5,1.79,Graduate,Graduate,0,Social Service,1.0,0,0.8571428571428571,0.0,0,"(20.0, 25.0]"
4226,1,17,2,8014,0,1,133.0,1,19,1,5,5,119.7,1,0,0,1,0,1,19,0,0,6,10,4,11.5,0,0,6,11,6,11.5,0,9.4,-0.8,-3.12,Dropout,Dropout,1,Social Service (evening attendance),0.6666666666666666,2,0.4,0.0,0,"(16.999, 19.0]"
4227,1,1,6,9238,1,1,125.0,1,38,1,7,4,118.4,1,0,0,1,0,1,19,0,0,6,6,6,13.5,0,0,6,7,6,13.28571429,0,11.1,0.6,2.02,Graduate,Graduate,0,Social Service,1.0,0,1.0,0.0,0,"(16.999, 19.0]"
4228,2,39,1,8014,0,1,133.1,1,37,37,5,4,134.5,0,0,0,1,0,0,45,0,0,6,8,5,13.6,0,0,6,7,5,13.0,0,15.5,2.8,-4.06,Enrolled,Enrolled,0,Social Service (evening attendance),0.8333333333333334,1,0.625,0.0,0,"(25.0, 70.0]"
4229,2,39,1,9085,1,1,133.1,1,36,36,99,5,128.2,0,0,0,0,0,1,28,0,0,5,14,1,12.0,3,0,5,5,0,0.0,5,9.4,-0.8,-3.12,Dropout,Dropout,1,Veterinary Nursing,0.2,4,0.07142857142857142,0.6,1,"(25.0, 70.0]"
4230,2,43,1,9500,1,1,137.0,1,3,3,2,2,115.0,0,0,0,1,0,0,28,0,0,7,8,7,14.95,0,0,8,8,8,14.7375,0,13.9,-0.3,0.79,Graduate,Graduate,0,Nursing,1.0,0,0.875,0.0,0,"(25.0, 70.0]"
4231,1,39,1,9991,0,1,140.0,1,38,19,9,5,130.0,0,0,1,1,0,0,25,0,0,5,10,4,11.25,0,0,5,9,4,12.0,0,12.7,3.7,-1.7,Enrolled,Enrolled,0,Management (evening attendance),0.8,1,0.4,0.0,1,"(20.0, 25.0]"
4232,1,43,1,9670,1,1,134.0,1,1,38,4,4,120.7,0,0,1,0,0,0,19,0,0,6,13,3,10.66666667,0,0,6,6,4,12.25,0,15.5,2.8,-4.06,Dropout,Dropout,1,Advertising and Marketing Management,0.5,3,0.23076923076923078,0.0,1,"(16.999, 19.0]"
4233,1,1,5,9500,1,1,139.0,1,38,38,9,5,130.5,1,0,0,1,0,0,19,0,0,8,8,7,14.99285714,0,0,8,8,7,14.99285714,0,10.8,1.4,1.74,Graduate,Graduate,0,Nursing,0.875,1,0.875,0.0,0,"(16.999, 19.0]"
4234,1,1,2,9147,1,1,113.0,1,38,38,9,5,107.4,1,0,0,1,1,0,20,0,0,5,12,3,10.5,0,0,5,10,4,11.25,0,12.4,0.5,1.79,Enrolled,Enrolled,0,Management,0.6,2,0.25,0.0,0,"(19.0, 20.0]"
4235,1,1,3,9238,1,1,133.1,1,1,1,9,9,100.0,1,0,0,1,1,0,22,0,0,6,6,4,11.25,0,0,6,7,3,11.0,0,8.9,1.4,3.51,Enrolled,Enrolled,0,Social Service,0.6666666666666666,2,0.6666666666666666,0.0,0,"(20.0, 25.0]"
4236,1,43,1,9773,1,1,132.0,1,38,19,9,9,125.0,1,0,0,1,1,1,20,0,0,6,6,6,12.33333333,0,0,6,7,6,14.0,0,12.4,0.5,1.79,Graduate,Graduate,0,Journalism and Communication,1.0,0,1.0,0.0,0,"(19.0, 20.0]"
4237,1,1,4,9500,1,1,127.0,1,19,37,7,7,121.5,1,0,0,1,1,0,20,0,0,7,7,6,13.01666667,0,0,7,7,6,13.01666667,0,7.6,2.6,0.32,Enrolled,Enrolled,0,Nursing,0.8571428571428571,1,0.8571428571428571,0.0,0,"(19.0, 20.0]"
4238,1,1,1,9085,1,1,123.0,1,38,19,4,90,127.2,0,0,1,0,1,0,20,0,0,5,7,3,11.33333333,0,0,5,8,2,11.5,0,7.6,2.6,0.32,Dropout,Dropout,1,Veterinary Nursing,0.6,2,0.42857142857142855,0.0,1,"(19.0, 20.0]"
4239,1,39,1,9085,1,40,130.0,1,3,2,3,2,160.0,1,0,0,1,0,0,27,0,0,6,7,6,16.14285714,0,0,6,7,6,14.66666667,0,13.9,-0.3,0.79,Graduate,Graduate,0,Veterinary Nursing,1.0,0,0.8571428571428571,0.0,0,"(25.0, 70.0]"
4240,1,51,1,9085,1,1,125.0,1,1,1,9,4,120.0,0,0,0,1,0,0,22,0,0,6,8,6,14.83333333,0,0,6,10,5,13.83333333,0,11.1,0.6,2.02,Graduate,Graduate,0,Veterinary Nursing,1.0,0,0.75,0.0,0,"(20.0, 25.0]"
4241,1,1,3,9500,1,1,140.0,1,37,37,9,9,141.5,1,0,1,0,0,0,19,0,0,8,8,7,13.32714286,0,0,8,8,7,13.32714286,0,10.8,1.4,1.74,Dropout,Dropout,1,Nursing,0.875,1,0.875,0.0,1,"(16.999, 19.0]"
4242,1,17,1,9238,1,1,111.0,1,19,38,3,3,111.4,1,0,0,0,0,0,19,0,0,6,13,4,11.0,0,0,6,13,2,11.5,0,12.7,3.7,-1.7,Dropout,Dropout,1,Social Service,0.6666666666666666,2,0.3076923076923077,0.0,1,"(16.999, 19.0]"
4243,1,1,1,9070,1,1,132.0,1,4,39,2,2,136.6,1,0,0,1,0,0,18,0,1,6,10,6,11.71428571,1,0,6,15,6,10.375,0,13.9,-0.3,0.79,Enrolled,Enrolled,0,Communication Design,1.0,0,0.6,0.16666666666666666,0,"(16.999, 19.0]"
4244,1,1,1,171,1,1,150.0,1,3,3,2,5,154.6,1,0,0,1,0,0,19,0,6,12,13,12,12.33333333,0,4,11,12,10,12.72727273,0,8.9,1.4,3.51,Dropout,Dropout,1,Animation and Multimedia Design,1.0,0,0.9230769230769231,0.0,0,"(16.999, 19.0]"
4245,1,18,4,9853,1,1,118.0,1,19,37,9,6,111.4,1,0,1,0,0,0,20,0,0,7,9,0,0.0,0,0,6,6,0,0.0,0,11.1,0.6,2.02,Dropout,Dropout,1,Basic Education,0.0,7,0.0,0.0,1,"(19.0, 20.0]"
4246,2,43,1,9991,0,1,150.0,1,38,19,3,3,120.1,0,0,0,0,0,0,39,0,11,15,15,12,11.91666667,0,8,13,14,8,11.25,0,10.8,1.4,1.74,Dropout,Dropout,1,Management (evening attendance),0.8,3,0.8,0.0,1,"(25.0, 70.0]"
4247,2,39,2,8014,0,19,100.0,1,37,37,4,7,100.0,0,0,1,1,0,0,37,0,0,6,9,6,11.83333333,0,0,6,7,6,11.0,0,7.6,2.6,0.32,Graduate,Graduate,0,Social Service (evening attendance),1.0,0,0.6666666666666666,0.0,1,"(25.0, 70.0]"
4248,2,39,1,9500,1,3,130.0,1,1,1,4,6,140.0,0,0,1,0,0,0,30,0,3,7,11,3,12.33333333,0,3,7,9,3,11.66666667,0,13.9,-0.3,0.79,Dropout,Dropout,1,Nursing,0.42857142857142855,4,0.2727272727272727,0.0,1,"(25.0, 70.0]"
4249,2,43,1,9991,0,3,130.0,1,37,37,9,9,130.0,0,0,0,1,0,0,41,0,5,10,11,10,14.3,0,5,10,10,10,14.2,0,12.7,3.7,-1.7,Graduate,Graduate,0,Management (evening attendance),1.0,0,0.9090909090909091,0.0,0,"(25.0, 70.0]"
4250,4,39,1,9500,1,19,133.1,1,37,37,5,7,100.0,0,0,0,0,0,0,40,0,0,8,11,5,11.832,4,0,8,11,5,11.832,4,9.4,-0.8,-3.12,Dropout,Dropout,1,Nursing,0.625,3,0.45454545454545453,0.5,1,"(25.0, 70.0]"
4251,1,1,1,9147,1,1,112.0,1,9,22,4,3,106.1,0,0,0,1,0,0,20,0,0,5,13,2,10.0,1,0,5,10,0,0.0,0,9.4,-0.8,-3.12,Dropout,Dropout,1,Management,0.4,3,0.15384615384615385,0.2,0,"(19.0, 20.0]"
4252,2,1,1,9991,0,1,144.0,1,19,19,9,9,151.4,0,0,0,1,0,0,28,0,0,5,5,5,12.0,0,0,5,6,5,11.6,0,7.6,2.6,0.32,Graduate,Graduate,0,Management (evening attendance),1.0,0,1.0,0.0,0,"(25.0, 70.0]"
4253,1,18,2,9853,1,1,120.0,1,19,37,9,4,113.7,1,0,1,0,0,0,19,0,0,7,11,5,12.2,0,0,7,13,0,0.0,0,12.4,0.5,1.79,Dropout,Dropout,1,Basic Education,0.7142857142857143,2,0.45454545454545453,0.0,1,"(16.999, 19.0]"
4254,1,1,1,9670,1,1,121.0,1,37,37,5,9,116.5,1,0,0,1,0,0,23,0,0,5,7,3,11.33333333,0,0,5,5,4,11.25,0,7.6,2.6,0.32,Dropout,Dropout,1,Advertising and Marketing Management,0.6,2,0.42857142857142855,0.0,0,"(20.0, 25.0]"
4255,1,7,1,8014,0,4,120.0,1,2,3,2,2,120.0,0,0,0,1,0,0,18,0,10,16,24,13,13.84615385,0,7,11,15,9,12.55555556,0,15.5,2.8,-4.06,Dropout,Dropout,1,Social Service (evening attendance),0.8125,3,0.5416666666666666,0.0,0,"(16.999, 19.0]"
4256,1,39,1,9500,1,1,100.0,1,1,19,4,8,122.0,0,0,0,1,0,0,24,0,0,8,8,7,12.41285714,0,0,8,8,7,12.41285714,0,10.8,1.4,1.74,Graduate,Graduate,0,Nursing,0.875,1,0.875,0.0,0,"(20.0, 25.0]"
4257,1,17,5,9670,1,1,115.0,1,1,19,5,5,117.1,0,0,0,1,0,0,21,0,0,5,7,3,12.66666667,0,0,5,6,4,12.75,1,7.6,2.6,0.32,Enrolled,Enrolled,0,Advertising and Marketing Management,0.6,2,0.42857142857142855,0.0,0,"(20.0, 25.0]"
4258,1,1,2,9500,1,1,123.0,1,19,19,7,7,120.8,1,0,0,1,0,0,19,0,0,8,11,7,12.54571429,0,0,8,11,7,12.54571429,0,10.8,1.4,1.74,Graduate,Graduate,0,Nursing,0.875,1,0.6363636363636364,0.0,0,"(16.999, 19.0]"
4259,1,1,1,9773,1,1,134.0,1,37,19,9,10,141.4,1,0,0,1,0,0,19,0,0,6,12,3,13.0,0,0,6,13,2,14.0,0,9.4,-0.8,-3.12,Dropout,Dropout,1,Journalism and Communication,0.5,3,0.25,0.0,0,"(16.999, 19.0]"
4260,1,39,1,9003,1,1,123.0,1,37,37,9,9,110.0,0,0,1,0,0,0,48,0,0,6,6,0,0.0,0,0,6,6,0,0.0,0,11.1,0.6,2.02,Dropout,Dropout,1,Agronomy,0.0,6,0.0,0.0,1,"(25.0, 70.0]"
4261,2,43,1,9991,0,2,120.0,1,37,37,9,9,120.0,0,0,0,0,0,0,38,0,9,12,12,9,12.22222222,2,9,12,12,9,13.0,0,9.4,-0.8,-3.12,Dropout,Dropout,1,Management (evening attendance),0.75,3,0.75,0.16666666666666666,1,"(25.0, 70.0]"
4262,1,17,1,9147,1,1,131.0,1,1,37,3,7,120.2,0,0,0,1,0,0,19,0,0,5,10,5,13.28571429,0,0,5,8,5,13.0,0,12.7,3.7,-1.7,Graduate,Graduate,0,Management,1.0,0,0.5,0.0,0,"(16.999, 19.0]"
4263,2,39,1,9991,0,12,133.1,1,37,1,9,4,138.4,0,0,0,1,1,0,30,0,0,5,7,3,11.66666667,0,0,5,8,1,11.0,0,7.6,2.6,0.32,Dropout,Dropout,1,Management (evening attendance),0.6,2,0.42857142857142855,0.0,0,"(25.0, 70.0]"
4264,1,44,1,9003,1,39,150.0,1,37,19,9,9,150.0,0,0,0,1,1,1,24,0,0,6,9,6,13.55555556,0,0,6,7,6,12.66666667,0,13.9,-0.3,0.79,Graduate,Graduate,0,Agronomy,1.0,0,0.6666666666666666,0.0,0,"(20.0, 25.0]"
4265,1,17,5,9773,1,1,134.0,1,1,19,9,5,121.8,1,0,0,1,1,0,19,0,0,6,6,6,13.16666667,0,0,6,8,6,12.42857143,0,16.2,0.3,-0.92,Graduate,Graduate,0,Journalism and Communication,1.0,0,1.0,0.0,0,"(16.999, 19.0]"
4266,1,44,1,171,1,39,140.0,1,1,1,9,9,140.0,0,0,0,1,1,0,21,0,0,0,0,0,0.0,0,0,0,0,0,0.0,0,15.5,2.8,-4.06,Enrolled,Enrolled,0,Animation and Multimedia Design,0.0,0,0.0,0.0,0,"(20.0, 25.0]"
4267,1,1,1,9254,1,1,117.0,1,1,1,5,5,116.3,1,0,0,1,1,1,21,0,0,6,6,6,11.66666667,0,0,6,7,5,12.2,0,10.8,1.4,1.74,Graduate,Graduate,0,Tourism,1.0,0,1.0,0.0,0,"(20.0, 25.0]"
4268,1,1,2,9991,0,1,143.0,1,5,1,4,4,131.5,0,0,0,1,1,0,19,0,0,5,11,4,11.0,0,0,5,8,4,12.25,0,15.5,2.8,-4.06,Dropout,Dropout,1,Management (evening attendance),0.8,1,0.36363636363636365,0.0,0,"(16.999, 19.0]"
4269,1,17,2,9070,1,1,142.0,1,3,1,2,4,141.0,1,0,0,1,1,0,18,0,0,6,6,6,13.0,0,0,6,8,1,10.0,0,10.8,1.4,1.74,Enrolled,Enrolled,0,Communication Design,1.0,0,1.0,0.0,0,"(16.999, 19.0]"
4270,1,17,1,9070,1,1,132.0,1,37,38,9,7,138.0,0,0,0,1,1,1,18,0,0,6,6,6,13.66666667,0,0,6,6,6,12.0,0,12.4,0.5,1.79,Graduate,Graduate,0,Communication Design,1.0,0,1.0,0.0,0,"(16.999, 19.0]"
4271,1,17,4,9119,1,1,138.0,1,1,3,1,4,127.5,1,0,0,1,1,0,19,0,0,5,6,5,14.6,0,0,5,5,5,15.2,0,8.9,1.4,3.51,Dropout,Dropout,1,Informatics Engineering,1.0,0,0.8333333333333334,0.0,0,"(16.999, 19.0]"
4272,1,1,1,9500,1,1,131.0,1,1,19,9,9,127.0,0,0,0,1,1,1,19,0,0,8,8,7,12.51428571,0,0,8,8,7,12.51428571,0,12.7,3.7,-1.7,Graduate,Graduate,0,Nursing,0.875,1,0.875,0.0,0,"(16.999, 19.0]"
4273,1,17,2,9085,1,1,123.0,1,3,19,2,9,118.9,0,0,0,1,1,0,18,0,0,5,5,3,14.0,0,0,5,7,3,12.66666667,0,7.6,2.6,0.32,Enrolled,Enrolled,0,Veterinary Nursing,0.6,2,0.6,0.0,0,"(16.999, 19.0]"
4274,1,1,1,9254,1,1,131.0,1,37,19,9,9,134.5,1,0,0,1,1,0,25,0,0,6,8,6,13.16666667,0,0,6,8,5,12.6,0,7.6,2.6,0.32,Enrolled,Enrolled,0,Tourism,1.0,0,0.75,0.0,0,"(20.0, 25.0]"
4275,1,17,1,9119,1,1,141.0,1,37,1,9,2,133.0,1,0,0,1,1,0,18,0,0,5,10,4,13.0,0,0,5,10,3,12.33333333,3,7.6,2.6,0.32,Enrolled,Enrolled,0,Informatics Engineering,0.8,1,0.4,0.0,0,"(16.999, 19.0]"
4276,5,39,1,9147,1,1,133.1,1,1,19,4,7,114.0,0,0,0,0,1,0,29,0,0,5,5,1,13.0,0,0,5,5,0,0.0,0,8.9,1.4,3.51,Dropout,Dropout,1,Management,0.2,4,0.2,0.0,1,"(25.0, 70.0]"
4277,1,17,1,9119,1,1,116.0,1,19,37,90,5,116.7,1,0,0,1,1,0,21,0,0,5,10,1,10.0,0,0,5,8,3,13.66666667,3,7.6,2.6,0.32,Dropout,Dropout,1,Informatics Engineering,0.2,4,0.1,0.0,0,"(20.0, 25.0]"
4278,1,1,3,9773,1,1,123.0,1,1,1,4,7,125.1,1,0,1,1,1,1,18,0,0,6,6,6,14.33333333,0,0,6,6,6,15.33333333,0,11.1,0.6,2.02,Graduate,Graduate,0,Journalism and Communication,1.0,0,1.0,0.0,1,"(16.999, 19.0]"
4279,1,17,1,9254,1,1,133.0,1,19,1,9,9,137.2,0,0,0,1,1,1,20,0,0,6,6,0,0.0,0,0,6,12,0,0.0,0,10.8,1.4,1.74,Dropout,Dropout,1,Tourism,0.0,6,0.0,0.0,0,"(19.0, 20.0]"
4280,1,39,1,9991,0,1,133.1,1,19,37,9,7,111.4,0,0,0,1,1,0,27,0,0,5,7,1,11.0,0,0,5,7,0,0.0,0,13.9,-0.3,0.79,Dropout,Dropout,1,Management (evening attendance),0.2,4,0.14285714285714285,0.0,0,"(25.0, 70.0]"
4281,1,1,1,9085,1,1,133.1,1,3,1,4,9,105.0,1,0,0,1,1,0,21,0,0,6,15,3,11.25,0,0,6,9,0,0.0,0,12.4,0.5,1.79,Enrolled,Enrolled,0,Veterinary Nursing,0.5,3,0.2,0.0,0,"(20.0, 25.0]"
4282,1,18,2,9147,1,1,140.0,1,37,37,5,9,124.3,1,0,0,1,1,0,20,0,0,5,7,4,10.75,0,0,5,12,3,10.57142857,0,10.8,1.4,1.74,Dropout,Dropout,1,Management,0.8,1,0.5714285714285714,0.0,0,"(19.0, 20.0]"
4283,1,39,1,9147,1,19,100.0,1,38,19,7,9,132.0,0,0,1,0,1,0,28,0,0,5,7,1,11.0,0,0,5,9,0,0.0,0,10.8,1.4,1.74,Dropout,Dropout,1,Management,0.2,4,0.14285714285714285,0.0,1,"(25.0, 70.0]"
4284,1,39,2,9556,1,1,130.0,1,37,19,9,8,110.0,0,0,0,1,1,1,24,0,0,7,13,6,10.85714286,0,0,7,7,7,11.85714286,0,12.7,3.7,-1.7,Enrolled,Enrolled,0,Oral Hygiene,0.8571428571428571,1,0.46153846153846156,0.0,0,"(20.0, 25.0]"
4285,1,1,5,9147,1,1,134.0,1,3,2,2,2,134.7,0,0,0,1,1,0,22,0,1,5,10,4,11.75,0,0,5,10,3,11.0,0,7.6,2.6,0.32,Enrolled,Enrolled,0,Management,0.8,1,0.4,0.0,0,"(20.0, 25.0]"
4286,1,1,1,9085,1,1,134.0,1,37,19,9,9,136.8,1,0,0,1,1,0,20,0,0,5,8,5,12.8,0,0,5,9,4,13.66666667,1,10.8,1.4,1.74,Graduate,Graduate,0,Veterinary Nursing,1.0,0,0.625,0.0,0,"(19.0, 20.0]"
4287,1,44,1,9085,1,39,160.0,1,1,1,4,4,160.0,0,0,0,1,1,0,21,0,1,5,15,3,12.33333333,2,0,5,7,5,11.4,0,9.4,-0.8,-3.12,Graduate,Graduate,0,Veterinary Nursing,0.6,2,0.2,0.4,0,"(20.0, 25.0]"
4288,1,44,1,9003,1,39,130.0,1,1,3,9,2,130.0,1,0,1,0,1,0,23,0,0,6,12,2,11.33333333,0,0,6,8,2,13.0,0,13.9,-0.3,0.79,Dropout,Dropout,1,Agronomy,0.3333333333333333,4,0.16666666666666666,0.0,1,"(20.0, 25.0]"
4289,1,1,1,9238,1,1,141.0,1,19,1,7,3,128.8,1,0,0,1,1,0,18,0,0,6,10,5,11.6,0,0,6,6,6,11.16666667,0,10.8,1.4,1.74,Graduate,Graduate,0,Social Service,0.8333333333333334,1,0.5,0.0,0,"(16.999, 19.0]"
4290,1,1,1,171,1,1,147.0,1,1,12,4,4,148.4,1,0,0,1,1,1,20,0,8,14,15,12,10.92307692,0,7,13,14,11,12.18181818,0,11.1,0.6,2.02,Graduate,Graduate,0,Animation and Multimedia Design,0.8571428571428571,2,0.8,0.0,0,"(19.0, 20.0]"
4291,1,1,1,171,1,1,137.0,1,1,38,4,5,130.4,1,0,0,1,1,0,19,0,0,0,0,0,0.0,0,0,0,0,0,0.0,0,15.5,2.8,-4.06,Graduate,Graduate,0,Animation and Multimedia Design,0.0,0,0.0,0.0,0,"(16.999, 19.0]"
4292,2,39,1,9500,1,3,130.0,1,1,1,4,6,126.0,0,0,0,1,1,0,32,0,0,7,7,7,13.62857143,0,0,8,8,8,13.9125,0,13.9,-0.3,0.79,Graduate,Graduate,0,Nursing,1.0,0,1.0,0.0,0,"(25.0, 70.0]"
4293,1,1,6,9254,1,1,119.0,1,19,19,9,9,118.7,1,0,0,1,1,0,20,0,0,6,16,3,10.33333333,0,0,6,16,1,11.0,0,10.8,1.4,1.74,Dropout,Dropout,1,Tourism,0.5,3,0.1875,0.0,0,"(19.0, 20.0]"
4294,1,39,1,9003,1,1,130.0,1,38,37,7,7,120.0,0,0,0,1,1,0,32,0,12,18,25,18,13.73684211,0,10,13,15,12,13.75,1,15.5,2.8,-4.06,Graduate,Graduate,0,Agronomy,1.0,0,0.72,0.0,0,"(25.0, 70.0]"
4295,1,39,1,9003,1,1,130.0,1,38,19,9,6,120.0,1,0,0,1,1,0,28,0,7,13,19,8,11.625,0,5,10,17,6,11.0,0,15.5,2.8,-4.06,Enrolled,Enrolled,0,Agronomy,0.6153846153846154,5,0.42105263157894735,0.0,0,"(25.0, 70.0]"
4296,1,44,1,9070,1,39,120.0,1,1,38,5,5,116.3,1,1,0,1,1,1,21,0,2,7,7,4,11.5,0,5,9,10,7,12.14285714,0,12.4,0.5,1.79,Graduate,Graduate,0,Communication Design,0.5714285714285714,3,0.5714285714285714,0.0,0,"(20.0, 25.0]"
4297,1,1,1,9773,1,1,130.0,1,38,37,9,6,133.9,0,0,0,1,1,1,19,0,0,6,8,5,14.0,0,0,6,8,6,13.0,0,10.8,1.4,1.74,Graduate,Graduate,0,Journalism and Communication,0.8333333333333334,1,0.625,0.0,0,"(16.999, 19.0]"
4298,1,39,1,9991,0,39,150.0,1,19,19,9,9,150.3,0,0,0,1,1,0,24,0,0,5,7,3,11.33333333,0,0,5,6,0,0.0,0,10.8,1.4,1.74,Dropout,Dropout,1,Management (evening attendance),0.6,2,0.42857142857142855,0.0,0,"(20.0, 25.0]"
4299,1,17,1,9147,1,1,120.0,1,38,38,9,8,118.3,0,0,0,1,1,0,18,0,0,5,13,1,10.0,0,0,5,5,1,10.0,0,12.7,3.7,-1.7,Dropout,Dropout,1,Management,0.2,4,0.07692307692307693,0.0,0,"(16.999, 19.0]"
4300,1,44,1,9003,1,39,130.0,1,1,37,6,6,130.0,1,0,0,1,1,0,20,0,0,6,14,5,11.71428571,0,0,6,15,5,12.0,0,16.2,0.3,-0.92,Graduate,Graduate,0,Agronomy,0.8333333333333334,1,0.35714285714285715,0.0,0,"(19.0, 20.0]"
4301,1,43,1,171,1,39,140.0,1,38,37,9,7,140.0,0,0,0,0,1,0,25,0,0,0,0,0,0.0,0,0,0,0,0,0.0,0,15.5,2.8,-4.06,Dropout,Dropout,1,Animation and Multimedia Design,0.0,0,0.0,0.0,1,"(20.0, 25.0]"
4302,1,17,6,9147,1,1,130.0,1,37,37,9,9,110.4,1,0,0,1,1,0,25,0,13,15,15,13,10.76923077,0,11,14,15,12,11.83333333,0,7.6,2.6,0.32,Dropout,Dropout,1,Management,0.8666666666666667,2,0.8666666666666667,0.0,0,"(20.0, 25.0]"
4303,1,17,4,9773,1,1,147.0,1,1,1,4,5,139.7,1,0,0,1,1,0,18,0,0,6,10,5,11.6,0,0,6,6,6,12.0,0,9.4,-0.8,-3.12,Dropout,Dropout,1,Journalism and Communication,0.8333333333333334,1,0.5,0.0,0,"(16.999, 19.0]"
4304,1,1,1,9147,1,1,148.0,1,19,1,7,5,138.3,1,0,0,1,1,0,19,0,0,5,6,4,13.75,0,0,5,5,0,0.0,0,12.4,0.5,1.79,Dropout,Dropout,1,Management,0.8,1,0.6666666666666666,0.0,0,"(16.999, 19.0]"
4305,1,1,5,9147,1,1,133.0,1,19,3,9,9,123.2,1,0,0,1,1,0,18,0,0,5,14,4,11.0,0,0,5,9,5,10.5,0,13.9,-0.3,0.79,Dropout,Dropout,1,Management,0.8,1,0.2857142857142857,0.0,0,"(16.999, 19.0]"
4306,1,42,1,9147,1,1,135.0,1,19,1,4,4,120.0,0,0,0,0,1,0,25,0,0,5,6,0,0.0,0,0,5,5,0,0.0,0,15.5,2.8,-4.06,Dropout,Dropout,1,Management,0.0,5,0.0,0.0,1,"(20.0, 25.0]"
4307,1,39,1,171,1,1,116.0,1,34,34,0,0,127.0,1,0,0,1,1,0,38,0,0,0,0,0,0.0,0,0,0,0,0,0.0,0,7.6,2.6,0.32,Dropout,Dropout,1,Animation and Multimedia Design,0.0,0,0.0,0.0,0,"(25.0, 70.0]"
4308,1,44,1,171,1,39,110.0,1,1,1,1,7,114.2,0,0,0,1,1,0,19,0,0,0,0,0,0.0,0,0,0,0,0,0.0,0,12.4,0.5,1.79,Dropout,Dropout,1,Animation and Multimedia Design,0.0,0,0.0,0.0,0,"(16.999, 19.0]"
4309,1,1,4,9773,1,1,133.0,1,1,19,9,9,119.7,1,0,0,1,1,0,19,0,0,6,7,6,12.33333333,0,0,6,10,5,13.2,0,16.2,0.3,-0.92,Graduate,Graduate,0,Journalism and Communication,1.0,0,0.8571428571428571,0.0,0,"(16.999, 19.0]"
4310,1,44,1,9085,1,39,150.0,1,38,37,9,4,150.0,1,0,0,1,1,1,22,0,0,6,9,6,13.42857143,0,1,6,12,6,13.625,0,12.4,0.5,1.79,Graduate,Graduate,0,Veterinary Nursing,1.0,0,0.6666666666666666,0.0,0,"(20.0, 25.0]"
4311,1,1,6,9119,1,1,135.0,1,2,1,3,5,123.5,1,0,0,1,1,0,18,0,0,5,10,0,0.0,0,0,5,10,1,10.0,3,7.6,2.6,0.32,Enrolled,Enrolled,0,Informatics Engineering,0.0,5,0.0,0.0,0,"(16.999, 19.0]"
4312,1,7,1,9991,0,3,130.0,1,19,19,3,9,130.0,0,0,0,0,1,0,32,0,0,5,12,4,14.75,0,0,5,9,2,15.0,0,16.2,0.3,-0.92,Dropout,Dropout,1,Management (evening attendance),0.8,1,0.3333333333333333,0.0,1,"(25.0, 70.0]"
4313,1,43,1,9853,1,1,130.0,1,2,39,2,5,124.6,0,0,0,1,1,0,37,0,19,21,21,21,12.47619048,0,13,19,19,19,12.21052632,0,12.4,0.5,1.79,Graduate,Graduate,0,Basic Education,1.0,0,1.0,0.0,0,"(25.0, 70.0]"
4314,1,17,1,9119,1,1,132.0,1,37,37,9,6,119.4,1,0,0,1,1,0,21,0,0,5,8,0,0.0,0,0,5,5,0,0.0,0,7.6,2.6,0.32,Dropout,Dropout,1,Informatics Engineering,0.0,5,0.0,0.0,0,"(20.0, 25.0]"
4315,1,1,1,9254,1,1,125.0,1,1,3,4,1,121.9,1,0,0,1,1,0,18,0,0,6,15,3,11.66666667,0,0,6,14,2,12.5,0,10.8,1.4,1.74,Dropout,Dropout,1,Tourism,0.5,3,0.2,0.0,0,"(16.999, 19.0]"
4316,1,1,3,9070,1,1,118.0,1,43,3,123,123,110.0,1,0,1,1,1,0,19,0,0,6,6,6,12.0,0,0,6,7,6,13.57142857,0,8.9,1.4,3.51,Graduate,Graduate,0,Communication Design,1.0,0,1.0,0.0,1,"(16.999, 19.0]"
4317,1,17,1,9670,1,1,118.0,1,1,19,4,8,118.7,0,0,0,1,1,1,19,0,0,6,7,6,12.0,0,0,6,6,6,14.0,0,12.4,0.5,1.79,Graduate,Graduate,0,Advertising and Marketing Management,1.0,0,0.8571428571428571,0.0,0,"(16.999, 19.0]"
4318,1,1,1,171,1,1,161.0,41,1,1,9,7,163.1,1,0,0,0,0,0,19,1,6,12,12,12,15.25,0,4,11,12,11,15.0,0,8.9,1.4,3.51,Graduate,Graduate,0,Animation and Multimedia Design,1.0,0,1.0,0.0,1,"(16.999, 19.0]"
4319,1,17,1,9773,1,1,136.0,1,19,38,9,9,121.7,1,0,0,1,1,1,19,0,0,6,9,5,12.4,0,0,6,6,6,13.16666667,0,12.7,3.7,-1.7,Graduate,Graduate,0,Journalism and Communication,0.8333333333333334,1,0.5555555555555556,0.0,0,"(16.999, 19.0]"
4320,1,15,1,9147,1,1,135.0,26,1,1,9,7,135.0,0,0,1,1,1,0,21,1,0,5,9,3,12.33333333,0,0,5,8,4,11.25,0,8.9,1.4,3.51,Enrolled,Enrolled,0,Management,0.6,2,0.3333333333333333,0.0,1,"(20.0, 25.0]"
4321,4,39,1,9991,0,1,147.0,1,19,19,7,8,147.9,0,0,0,1,0,0,28,0,0,5,8,4,11.5,0,0,5,7,4,12.0,0,10.8,1.4,1.74,Enrolled,Enrolled,0,Management (evening attendance),0.8,1,0.5,0.0,0,"(25.0, 70.0]"
4322,1,1,1,9773,1,1,124.0,17,1,1,3,5,118.1,1,0,1,0,0,0,19,1,0,6,8,5,12.2,0,0,6,6,4,11.75,0,16.2,0.3,-0.92,Dropout,Dropout,1,Journalism and Communication,0.8333333333333334,1,0.625,0.0,1,"(16.999, 19.0]"
4323,1,39,1,9991,0,19,133.1,1,37,37,9,6,105.3,0,0,1,1,0,0,28,0,0,5,14,2,10.5,0,0,5,6,0,0.0,0,12.4,0.5,1.79,Dropout,Dropout,1,Management (evening attendance),0.4,3,0.14285714285714285,0.0,1,"(25.0, 70.0]"
4324,1,1,1,9500,1,1,141.0,1,19,19,7,9,139.8,0,0,0,1,0,1,19,0,0,8,8,7,14.4,0,0,8,8,7,14.4,0,12.7,3.7,-1.7,Graduate,Graduate,0,Nursing,0.875,1,0.875,0.0,0,"(16.999, 19.0]"
4325,2,7,1,8014,0,3,130.0,1,19,38,3,7,130.0,0,0,0,1,0,0,32,0,8,14,18,13,12.84615385,0,7,11,19,10,12.8,0,10.8,1.4,1.74,Graduate,Graduate,0,Social Service (evening attendance),0.9285714285714286,1,0.7222222222222222,0.0,0,"(25.0, 70.0]"
4326,1,39,1,8014,0,39,110.0,1,19,37,9,8,127.5,0,0,1,0,0,0,26,0,0,6,13,4,12.0,0,0,6,7,5,13.2,0,16.2,0.3,-0.92,Dropout,Dropout,1,Social Service (evening attendance),0.6666666666666666,2,0.3076923076923077,0.0,1,"(25.0, 70.0]"
4327,2,39,1,9147,1,12,133.1,1,37,37,9,9,120.0,0,0,0,1,0,0,25,0,0,5,0,0,0.0,0,0,5,0,0,0.0,0,9.4,-0.8,-3.12,Dropout,Dropout,1,Management,0.0,5,0.0,0.0,0,"(20.0, 25.0]"
4328,2,43,2,9853,1,1,130.0,1,38,31,4,1,124.2,0,0,0,1,0,0,31,0,3,7,8,6,13.66666667,0,1,6,8,5,13.5,0,9.4,-0.8,-3.12,Dropout,Dropout,1,Basic Education,0.8571428571428571,1,0.75,0.0,0,"(25.0, 70.0]"
4329,1,17,1,9238,1,1,120.0,1,37,1,9,5,113.4,1,0,0,1,0,1,20,0,0,6,10,5,11.85714286,0,0,6,8,6,11.66666667,0,12.7,3.7,-1.7,Graduate,Graduate,0,Social Service,0.8333333333333334,1,0.5,0.0,0,"(19.0, 20.0]"
4330,1,1,4,9238,1,1,133.1,1,1,37,8,9,118.0,1,0,0,1,0,0,19,0,0,6,0,0,0.0,0,0,6,0,0,0.0,0,12.7,3.7,-1.7,Dropout,Dropout,1,Social Service,0.0,6,0.0,0.0,0,"(16.999, 19.0]"
4331,1,17,1,171,1,1,145.0,1,37,19,5,9,130.0,1,0,0,1,0,0,23,0,0,0,0,0,0.0,0,0,0,0,0,0.0,0,11.1,0.6,2.02,Dropout,Dropout,1,Animation and Multimedia Design,0.0,0,0.0,0.0,0,"(20.0, 25.0]"
4332,1,1,1,9238,1,1,131.0,1,37,1,9,9,135.9,1,0,0,1,0,0,18,0,0,6,8,5,13.2,0,0,6,6,6,11.33333333,0,9.4,-0.8,-3.12,Graduate,Graduate,0,Social Service,0.8333333333333334,1,0.625,0.0,0,"(16.999, 19.0]"
4333,1,1,2,9238,1,1,147.0,1,19,38,9,8,135.8,1,0,0,1,0,1,19,0,0,6,8,6,12.71428571,0,0,6,12,5,11.0,0,13.9,-0.3,0.79,Dropout,Dropout,1,Social Service,1.0,0,0.75,0.0,0,"(16.999, 19.0]"
4334,1,1,1,9254,1,1,138.0,1,38,19,9,10,133.1,0,0,0,1,0,0,18,0,0,6,6,6,12.5,0,0,6,6,6,12.66666667,0,15.5,2.8,-4.06,Graduate,Graduate,0,Tourism,1.0,0,1.0,0.0,0,"(16.999, 19.0]"
4335,1,1,1,9147,1,1,123.0,1,1,1,4,6,118.8,1,0,0,1,0,0,21,0,0,5,9,3,10.66666667,0,0,5,13,2,12.5,0,7.6,2.6,0.32,Enrolled,Enrolled,0,Management,0.6,2,0.3333333333333333,0.0,0,"(20.0, 25.0]"
4336,1,1,2,9773,1,1,129.0,1,37,37,9,7,117.1,1,0,0,1,0,0,20,0,0,6,12,1,17.0,0,0,6,12,1,17.0,0,9.4,-0.8,-3.12,Enrolled,Enrolled,0,Journalism and Communication,0.16666666666666666,5,0.08333333333333333,0.0,0,"(19.0, 20.0]"
4337,1,1,1,9085,1,1,125.0,1,1,19,4,9,114.5,1,0,0,1,0,0,24,0,0,5,6,5,13.0,1,0,5,9,4,13.25,0,12.7,3.7,-1.7,Graduate,Graduate,0,Veterinary Nursing,1.0,0,0.8333333333333334,0.2,0,"(20.0, 25.0]"
4338,1,1,1,9670,1,1,131.0,1,37,37,9,6,127.2,0,0,0,1,0,1,18,0,0,5,7,3,12.66666667,0,0,5,5,4,12.5,0,9.4,-0.8,-3.12,Enrolled,Enrolled,0,Advertising and Marketing Management,0.6,2,0.42857142857142855,0.0,0,"(16.999, 19.0]"
4339,1,42,1,9500,1,1,100.0,1,3,37,2,6,130.0,1,0,0,1,0,0,25,0,0,14,14,12,13.29166667,1,0,14,14,12,13.29166667,1,7.6,2.6,0.32,Graduate,Graduate,0,Nursing,0.8571428571428571,2,0.8571428571428571,0.07142857142857142,0,"(20.0, 25.0]"
4340,1,17,1,9085,1,1,120.0,1,2,3,2,2,116.1,0,0,0,1,0,0,20,0,0,5,12,3,11.66666667,2,0,5,11,4,11.5,1,9.4,-0.8,-3.12,Graduate,Graduate,0,Veterinary Nursing,0.6,2,0.25,0.4,0,"(19.0, 20.0]"
4341,1,17,2,9500,1,1,145.0,1,19,37,5,9,130.5,1,0,0,1,0,0,18,0,0,8,8,7,14.24,0,0,8,8,7,14.24,0,10.8,1.4,1.74,Graduate,Graduate,0,Nursing,0.875,1,0.875,0.0,0,"(16.999, 19.0]"
4342,1,39,1,9670,1,1,120.0,1,34,34,0,0,104.0,1,0,0,1,0,0,24,0,0,5,10,3,13.0,0,0,5,11,3,11.33333333,0,7.6,2.6,0.32,Dropout,Dropout,1,Advertising and Marketing Management,0.6,2,0.3,0.0,0,"(20.0, 25.0]"
4343,1,17,2,9500,1,1,140.0,1,1,1,5,10,128.5,1,0,0,1,0,0,18,0,0,7,9,5,14.06,0,0,7,9,6,12.57142857,0,12.4,0.5,1.79,Enrolled,Enrolled,0,Nursing,0.7142857142857143,2,0.5555555555555556,0.0,0,"(16.999, 19.0]"
4344,1,17,5,9238,1,1,134.0,1,38,37,9,9,126.0,0,0,1,0,0,0,21,0,0,6,10,5,11.83333333,0,0,6,10,5,13.2,0,13.9,-0.3,0.79,Dropout,Dropout,1,Social Service,0.8333333333333334,1,0.5,0.0,1,"(20.0, 25.0]"
4345,1,1,1,9773,1,1,140.0,1,1,19,5,10,141.1,1,0,0,1,0,0,18,0,0,6,6,6,12.83333333,0,0,6,6,6,13.33333333,0,9.4,-0.8,-3.12,Graduate,Graduate,0,Journalism and Communication,1.0,0,1.0,0.0,0,"(16.999, 19.0]"
4346,1,17,2,9254,1,1,107.0,1,12,19,5,5,102.8,1,0,0,1,0,0,20,0,0,6,16,1,10.0,0,0,6,12,0,0.0,0,10.8,1.4,1.74,Dropout,Dropout,1,Tourism,0.16666666666666666,5,0.0625,0.0,0,"(19.0, 20.0]"
4347,1,17,5,9147,1,1,133.0,1,1,1,4,4,129.2,1,0,0,1,0,0,19,0,0,5,9,2,11.0,0,0,5,12,2,10.0,0,7.6,2.6,0.32,Dropout,Dropout,1,Management,0.4,3,0.2222222222222222,0.0,0,"(16.999, 19.0]"
4348,1,1,1,9500,1,1,127.0,1,3,1,2,9,119.3,1,0,0,1,0,0,20,0,0,7,7,7,14.10571429,0,0,8,8,8,13.6625,0,11.1,0.6,2.02,Graduate,Graduate,0,Nursing,1.0,0,1.0,0.0,0,"(19.0, 20.0]"
4349,1,1,5,9500,1,1,141.0,1,38,19,9,6,126.3,1,0,0,1,0,0,20,0,0,8,12,7,12.47142857,0,0,8,12,7,12.47142857,0,12.7,3.7,-1.7,Graduate,Graduate,0,Nursing,0.875,1,0.5833333333333334,0.0,0,"(19.0, 20.0]"
4350,1,44,1,9085,1,39,140.0,1,3,1,4,3,140.0,1,0,0,1,0,1,20,0,2,6,11,6,11.83333333,0,1,6,17,5,11.85714286,0,12.4,0.5,1.79,Graduate,Graduate,0,Veterinary Nursing,1.0,0,0.5454545454545454,0.0,0,"(19.0, 20.0]"
4351,1,1,3,9070,1,1,150.0,1,1,1,4,8,131.5,1,0,0,1,0,0,20,0,0,6,6,6,12.5,0,0,6,6,6,12.83333333,0,7.6,2.6,0.32,Graduate,Graduate,0,Communication Design,1.0,0,1.0,0.0,0,"(19.0, 20.0]"
4352,1,1,6,9853,1,1,140.0,1,38,38,9,7,137.6,1,0,0,1,0,0,18,0,0,6,7,6,11.66666667,0,0,6,7,6,12.33333333,0,10.8,1.4,1.74,Dropout,Dropout,1,Basic Education,1.0,0,0.8571428571428571,0.0,0,"(16.999, 19.0]"
4353,1,1,1,171,1,1,141.0,1,3,1,4,4,142.8,1,0,0,1,0,0,18,0,0,0,0,0,0.0,0,0,0,0,0,0.0,0,12.4,0.5,1.79,Graduate,Graduate,0,Animation and Multimedia Design,0.0,0,0.0,0.0,0,"(16.999, 19.0]"
4354,4,39,1,9991,0,1,150.0,1,37,38,9,9,146.2,0,0,0,1,0,0,30,0,0,5,11,3,10.33333333,0,0,5,10,4,12.8,0,12.4,0.5,1.79,Enrolled,Enrolled,0,Management (evening attendance),0.6,2,0.2727272727272727,0.0,0,"(25.0, 70.0]"
4355,1,1,2,9085,1,1,160.0,1,4,19,2,5,162.1,1,0,0,1,0,0,18,0,0,5,8,5,16.16666667,2,0,5,9,5,14.28571429,1,9.4,-0.8,-3.12,Graduate,Graduate,0,Veterinary Nursing,1.0,0,0.625,0.4,0,"(16.999, 19.0]"
4356,1,39,1,9085,1,19,133.1,1,37,37,4,8,140.0,0,0,0,1,0,0,35,0,0,6,11,3,12.66666667,0,0,6,7,0,0.0,0,11.1,0.6,2.02,Dropout,Dropout,1,Veterinary Nursing,0.5,3,0.2727272727272727,0.0,0,"(25.0, 70.0]"
4357,1,39,1,8014,0,1,133.1,1,19,37,7,8,120.0,0,0,1,0,0,0,31,0,0,6,14,2,10.5,0,0,6,6,3,12.33333333,0,11.1,0.6,2.02,Dropout,Dropout,1,Social Service (evening attendance),0.3333333333333333,4,0.14285714285714285,0.0,1,"(25.0, 70.0]"
4358,1,43,1,9254,1,1,134.0,1,37,37,9,9,133.3,1,0,1,1,0,0,19,0,0,6,13,2,11.5,0,0,6,13,1,11.0,0,7.6,2.6,0.32,Dropout,Dropout,1,Tourism,0.3333333333333333,4,0.15384615384615385,0.0,1,"(16.999, 19.0]"
4359,1,1,4,9238,1,1,130.0,1,1,19,4,5,124.8,1,0,0,1,0,0,19,0,0,6,6,6,13.0,0,0,6,8,5,13.4,0,8.9,1.4,3.51,Graduate,Graduate,0,Social Service,1.0,0,1.0,0.0,0,"(16.999, 19.0]"
4360,1,17,4,9500,1,1,140.0,1,19,37,4,8,133.3,1,0,0,1,0,0,19,0,0,7,7,6,11.96666667,0,0,7,7,6,11.96666667,0,7.6,2.6,0.32,Graduate,Graduate,0,Nursing,0.8571428571428571,1,0.8571428571428571,0.0,0,"(16.999, 19.0]"
4361,1,17,1,9500,1,1,145.0,1,3,3,2,3,141.8,0,0,0,1,0,0,19,0,0,8,8,8,13.3475,0,0,8,8,8,13.3475,0,9.4,-0.8,-3.12,Graduate,Graduate,0,Nursing,1.0,0,1.0,0.0,0,"(16.999, 19.0]"
4362,1,1,3,9085,1,1,133.0,1,1,38,9,90,128.2,0,0,0,1,0,0,21,0,0,5,7,5,12.0,0,0,5,7,4,12.5,0,7.6,2.6,0.32,Graduate,Graduate,0,Veterinary Nursing,1.0,0,0.7142857142857143,0.0,0,"(20.0, 25.0]"
4363,1,17,3,9853,1,1,133.1,1,34,34,0,0,115.0,0,0,0,1,0,0,18,0,0,6,10,2,10.5,0,0,6,13,0,0.0,0,7.6,2.6,0.32,Dropout,Dropout,1,Basic Education,0.3333333333333333,4,0.2,0.0,0,"(16.999, 19.0]"
4364,1,17,1,9238,1,1,132.0,1,37,37,9,9,123.6,1,0,0,1,0,0,18,0,0,6,9,4,11.5,0,0,6,10,4,10.75,0,7.6,2.6,0.32,Enrolled,Enrolled,0,Social Service,0.6666666666666666,2,0.4444444444444444,0.0,0,"(16.999, 19.0]"
4365,1,1,2,171,1,1,117.0,1,38,38,4,9,120.2,1,0,0,1,1,0,19,0,0,0,0,0,0.0,0,0,0,0,0,0.0,0,7.6,2.6,0.32,Graduate,Graduate,0,Animation and Multimedia Design,0.0,0,0.0,0.0,0,"(16.999, 19.0]"
4366,1,1,1,9670,1,1,127.0,1,3,19,3,9,127.0,1,0,0,1,1,0,18,0,0,6,9,6,13.57142857,0,0,6,11,4,14.0,0,12.4,0.5,1.79,Graduate,Graduate,0,Advertising and Marketing Management,1.0,0,0.6666666666666666,0.0,0,"(16.999, 19.0]"
4367,1,17,1,9085,1,1,134.0,1,19,19,1,1,120.4,1,0,0,1,1,0,18,0,0,6,10,6,14.7,0,0,6,10,6,12.0,0,16.2,0.3,-0.92,Graduate,Graduate,0,Veterinary Nursing,1.0,0,0.6,0.0,0,"(16.999, 19.0]"
4368,1,39,1,9991,0,1,120.0,1,37,37,9,9,120.0,1,0,0,0,1,0,25,0,0,5,5,0,0.0,0,0,5,5,0,0.0,0,9.4,-0.8,-3.12,Dropout,Dropout,1,Management (evening attendance),0.0,5,0.0,0.0,1,"(20.0, 25.0]"
4369,1,1,1,9500,1,1,136.0,1,2,2,3,3,120.0,1,0,0,1,1,0,18,0,0,7,8,6,11.83333333,0,0,7,8,6,11.83333333,0,7.6,2.6,0.32,Enrolled,Enrolled,0,Nursing,0.8571428571428571,1,0.75,0.0,0,"(16.999, 19.0]"
4370,1,1,3,171,1,1,137.0,1,1,3,5,2,133.9,1,0,0,1,1,0,19,0,0,0,0,0,0.0,0,0,0,0,0,0.0,0,12.7,3.7,-1.7,Graduate,Graduate,0,Animation and Multimedia Design,0.0,0,0.0,0.0,0,"(16.999, 19.0]"
4371,1,1,6,9500,1,1,118.0,1,38,19,3,3,113.5,1,0,0,1,1,0,18,0,0,7,7,7,13.17571429,0,0,8,8,8,14.925,0,12.4,0.5,1.79,Graduate,Graduate,0,Nursing,1.0,0,1.0,0.0,0,"(16.999, 19.0]"
4372,1,39,1,9003,1,1,130.0,1,12,12,9,9,126.1,0,0,0,1,1,0,24,0,0,6,7,0,0.0,0,0,6,10,0,0.0,0,12.4,0.5,1.79,Dropout,Dropout,1,Agronomy,0.0,6,0.0,0.0,0,"(20.0, 25.0]"
4373,1,1,1,9238,1,1,124.0,1,37,37,7,9,121.2,0,0,0,1,0,0,19,0,0,6,12,2,13.0,0,0,6,9,6,10.83333333,0,7.6,2.6,0.32,Enrolled,Enrolled,0,Social Service,0.3333333333333333,4,0.16666666666666666,0.0,0,"(16.999, 19.0]"
4374,5,7,1,9500,1,40,150.0,1,37,37,4,9,150.0,0,0,0,1,0,0,29,0,1,8,11,7,13.74285714,0,1,8,11,7,13.74285714,0,12.7,3.7,-1.7,Graduate,Graduate,0,Nursing,0.875,1,0.6363636363636364,0.0,0,"(25.0, 70.0]"
4375,1,43,1,9991,0,1,161.0,1,37,37,9,9,100.0,1,0,0,1,0,0,27,0,0,5,5,0,0.0,0,0,5,5,0,0.0,0,7.6,2.6,0.32,Dropout,Dropout,1,Management (evening attendance),0.0,5,0.0,0.0,0,"(25.0, 70.0]"
4376,1,17,6,9500,1,1,143.0,1,38,1,9,10,127.3,1,0,0,1,0,0,18,0,0,7,8,7,12.21714286,0,0,8,11,7,12.11875,0,11.1,0.6,2.02,Graduate,Graduate,0,Nursing,1.0,0,0.875,0.0,0,"(16.999, 19.0]"
4377,2,43,1,9991,0,1,130.0,1,37,37,9,9,103.8,0,0,0,1,0,0,28,0,14,15,15,14,11.07142857,0,12,14,16,12,11.33333333,1,9.4,-0.8,-3.12,Dropout,Dropout,1,Management (evening attendance),0.9333333333333333,1,0.9333333333333333,0.0,0,"(25.0, 70.0]"
4378,2,39,1,9853,1,19,133.1,1,37,37,9,9,131.0,0,0,0,1,0,1,32,0,0,7,10,7,13.42857143,0,2,8,8,8,13.25,0,13.9,-0.3,0.79,Graduate,Graduate,0,Basic Education,1.0,0,0.7,0.0,0,"(25.0, 70.0]"
4379,1,39,1,9991,0,1,110.0,1,37,37,7,7,133.9,0,0,0,1,0,0,30,0,0,5,7,5,11.4,0,0,5,6,5,13.66666667,0,10.8,1.4,1.74,Dropout,Dropout,1,Management (evening attendance),1.0,0,0.7142857142857143,0.0,0,"(25.0, 70.0]"
4380,1,7,1,9500,1,2,140.0,1,38,37,7,8,140.0,0,0,0,1,0,0,29,0,0,8,14,4,11.325,1,0,8,14,4,11.325,1,12.7,3.7,-1.7,Dropout,Dropout,1,Nursing,0.5,4,0.2857142857142857,0.125,0,"(25.0, 70.0]"
4381,1,1,2,9238,1,1,145.0,1,1,19,4,8,121.4,0,0,0,1,0,0,20,0,0,6,13,0,0.0,0,0,5,11,0,0.0,0,9.4,-0.8,-3.12,Enrolled,Enrolled,0,Social Service,0.0,6,0.0,0.0,0,"(19.0, 20.0]"
4382,1,1,1,9500,1,1,131.0,1,1,1,9,9,122.0,0,0,0,1,0,0,19,0,0,8,8,7,15.0,0,0,8,8,7,15.0,0,12.7,3.7,-1.7,Graduate,Graduate,0,Nursing,0.875,1,0.875,0.0,0,"(16.999, 19.0]"
4383,1,39,2,8014,0,1,141.0,1,37,37,9,9,150.5,0,0,0,1,0,0,29,0,0,6,7,6,13.16666667,0,0,6,8,6,15.625,0,12.4,0.5,1.79,Graduate,Graduate,0,Social Service (evening attendance),1.0,0,0.8571428571428571,0.0,0,"(25.0, 70.0]"
4384,2,1,1,9238,1,1,145.0,1,37,34,9,7,139.4,0,0,0,0,0,0,27,0,0,6,12,2,11.0,0,0,6,14,4,10.5,0,9.4,-0.8,-3.12,Dropout,Dropout,1,Social Service,0.3333333333333333,4,0.16666666666666666,0.0,1,"(25.0, 70.0]"
4385,1,1,1,9238,1,1,122.0,1,19,19,193,194,112.6,0,0,0,1,0,0,19,0,0,6,0,0,0.0,0,0,6,0,0,0.0,0,12.4,0.5,1.79,Dropout,Dropout,1,Social Service,0.0,6,0.0,0.0,0,"(16.999, 19.0]"
4386,1,17,1,9670,1,1,118.0,1,37,38,8,7,115.2,1,0,0,1,0,1,21,0,0,5,7,3,12.33333333,0,0,5,5,2,12.5,0,7.6,2.6,0.32,Dropout,Dropout,1,Advertising and Marketing Management,0.6,2,0.42857142857142855,0.0,0,"(20.0, 25.0]"
4387,2,1,1,9991,0,1,150.0,1,37,37,9,9,131.8,0,0,0,0,0,0,29,0,0,5,6,4,12.25,0,0,5,6,5,10.16666667,0,10.8,1.4,1.74,Dropout,Dropout,1,Management (evening attendance),0.8,1,0.6666666666666666,0.0,1,"(25.0, 70.0]"
4388,2,43,1,9147,1,2,120.0,1,37,37,9,9,122.8,0,0,1,0,0,0,42,0,13,13,13,13,11.92307692,0,12,12,12,12,12.5,0,15.5,2.8,-4.06,Dropout,Dropout,1,Management,1.0,0,1.0,0.0,1,"(25.0, 70.0]"
4389,1,1,1,9238,1,1,167.0,1,19,19,9,7,156.2,0,0,0,1,0,1,18,0,0,6,6,6,14.33333333,0,0,6,7,6,14.14285714,0,15.5,2.8,-4.06,Graduate,Graduate,0,Social Service,1.0,0,1.0,0.0,0,"(16.999, 19.0]"
4390,1,39,1,9085,1,1,150.0,1,38,38,9,9,132.0,1,0,0,1,0,0,24,0,0,5,6,5,12.0,0,0,5,5,5,13.0,0,10.8,1.4,1.74,Graduate,Graduate,0,Veterinary Nursing,1.0,0,0.8333333333333334,0.0,0,"(20.0, 25.0]"
4391,2,7,1,9500,1,3,130.0,1,37,37,9,5,130.0,0,0,0,1,0,0,32,0,0,7,9,7,13.76111111,0,1,8,11,7,12.06375,0,15.5,2.8,-4.06,Enrolled,Enrolled,0,Nursing,1.0,0,0.7777777777777778,0.0,0,"(25.0, 70.0]"
4392,1,1,1,9147,1,1,151.0,1,37,1,4,10,138.4,0,0,0,1,0,0,18,0,0,5,6,4,11.25,0,0,5,8,5,11.0,0,10.8,1.4,1.74,Enrolled,Enrolled,0,Management,0.8,1,0.6666666666666666,0.0,0,"(16.999, 19.0]"
4393,1,39,1,9991,0,1,120.0,1,38,38,5,7,146.2,0,0,0,1,0,0,27,0,0,5,10,3,12.33333333,0,0,5,10,3,10.66666667,0,11.1,0.6,2.02,Graduate,Graduate,0,Management (evening attendance),0.6,2,0.3,0.0,0,"(25.0, 70.0]"
4394,1,1,4,9500,1,1,168.0,1,38,1,9,10,166.0,1,0,0,1,0,0,18,0,0,8,8,8,14.88875,0,0,8,8,8,14.88875,0,9.4,-0.8,-3.12,Graduate,Graduate,0,Nursing,1.0,0,1.0,0.0,0,"(16.999, 19.0]"
4395,1,17,3,9773,1,1,153.0,1,34,34,99,99,133.1,1,0,1,1,0,1,19,0,0,6,8,6,12.16666667,0,0,6,8,5,12.4,0,9.4,-0.8,-3.12,Dropout,Dropout,1,Journalism and Communication,1.0,0,0.75,0.0,1,"(16.999, 19.0]"
4396,1,1,2,9773,1,1,131.0,1,19,37,9,10,121.9,1,0,0,1,0,1,18,0,0,6,7,6,12.66666667,0,0,6,6,6,13.33333333,0,11.1,0.6,2.02,Graduate,Graduate,0,Journalism and Communication,1.0,0,0.8571428571428571,0.0,0,"(16.999, 19.0]"
4397,1,5,4,9853,1,1,116.0,1,3,38,3,8,110.4,1,0,0,1,0,0,21,0,0,6,9,5,12.6,0,0,6,9,3,11.66666667,0,9.4,-0.8,-3.12,Enrolled,Enrolled,0,Basic Education,0.8333333333333334,1,0.5555555555555556,0.0,0,"(20.0, 25.0]"
4398,1,39,1,9147,1,1,160.0,1,38,38,7,9,121.4,0,1,0,1,0,1,26,0,0,5,8,4,13.0,0,0,5,10,4,12.25,2,16.2,0.3,-0.92,Graduate,Graduate,0,Management,0.8,1,0.5,0.0,0,"(25.0, 70.0]"
4399,1,1,1,9254,1,1,152.0,1,37,19,9,9,137.0,1,0,0,1,0,1,22,0,0,6,9,6,13.875,0,0,6,6,6,14.33333333,0,9.4,-0.8,-3.12,Graduate,Graduate,0,Tourism,1.0,0,0.6666666666666666,0.0,0,"(20.0, 25.0]"
4400,2,39,1,9991,0,1,133.1,1,37,37,6,3,140.0,0,0,1,1,1,0,37,0,0,5,10,4,10.75,0,0,5,12,3,13.33333333,0,9.4,-0.8,-3.12,Dropout,Dropout,1,Management (evening attendance),0.8,1,0.4,0.0,1,"(25.0, 70.0]"
4401,1,7,1,9085,1,3,150.0,1,19,37,90,90,140.0,0,0,0,1,1,0,24,0,3,5,10,3,14.66666667,1,0,5,5,0,0.0,0,7.6,2.6,0.32,Dropout,Dropout,1,Veterinary Nursing,0.6,2,0.3,0.2,0,"(20.0, 25.0]"
4402,1,18,2,9853,1,1,168.0,1,1,19,3,9,126.8,1,0,0,1,1,0,18,0,0,6,7,5,12.6,0,0,6,6,6,13.0,0,10.8,1.4,1.74,Enrolled,Enrolled,0,Basic Education,0.8333333333333334,1,0.7142857142857143,0.0,0,"(16.999, 19.0]"
4403,1,17,3,9500,1,1,137.0,1,1,1,4,10,124.8,1,0,0,1,1,1,19,0,0,7,11,6,12.4125,0,0,8,12,7,11.2625,0,15.5,2.8,-4.06,Graduate,Graduate,0,Nursing,0.8571428571428571,1,0.5454545454545454,0.0,0,"(16.999, 19.0]"
4404,2,39,1,9130,1,19,133.1,1,2,1,8,8,120.0,1,0,1,0,1,0,28,0,0,6,12,1,11.0,0,0,6,9,2,10.5,0,16.2,0.3,-0.92,Dropout,Dropout,1,Equinculture,0.16666666666666666,5,0.08333333333333333,0.0,1,"(25.0, 70.0]"
4405,1,1,4,9500,1,1,160.0,1,37,37,7,7,133.0,1,0,0,1,1,1,18,0,0,8,8,7,14.31428571,0,0,8,8,7,14.31428571,0,12.7,3.7,-1.7,Graduate,Graduate,0,Nursing,0.875,1,0.875,0.0,0,"(16.999, 19.0]"
4406,1,1,1,9070,1,1,145.0,1,1,38,5,7,127.5,1,0,0,1,1,0,20,0,0,6,6,4,12.0,0,0,6,8,2,11.33333333,0,10.8,1.4,1.74,Enrolled,Enrolled,0,Communication Design,0.6666666666666666,2,0.6666666666666666,0.0,0,"(19.0, 20.0]"
4407,1,1,1,9773,1,1,138.0,1,1,19,4,4,131.7,1,0,0,1,1,0,18,0,0,6,6,6,12.83333333,0,0,6,7,6,13.28571429,0,15.5,2.8,-4.06,Graduate,Graduate,0,Journalism and Communication,1.0,0,1.0,0.0,0,"(16.999, 19.0]"
4408,2,39,1,9773,1,1,100.0,1,37,37,9,9,133.0,0,0,0,1,1,0,47,0,0,6,8,5,11.4,0,0,6,10,6,11.66666667,0,12.7,3.7,-1.7,Dropout,Dropout,1,Journalism and Communication,0.8333333333333334,1,0.625,0.0,0,"(25.0, 70.0]"
4409,2,43,1,9991,0,1,140.0,1,37,37,4,1,122.7,0,0,0,1,1,0,38,0,0,5,5,5,14.6,0,0,5,6,5,14.33333333,0,13.9,-0.3,0.79,Graduate,Graduate,0,Management (evening attendance),1.0,0,1.0,0.0,0,"(25.0, 70.0]"
4410,1,1,1,9070,1,1,124.0,1,37,19,9,4,121.2,0,0,0,1,1,1,20,0,1,6,7,6,13.5,0,1,6,9,5,12.5,0,10.8,1.4,1.74,Graduate,Graduate,0,Communication Design,1.0,0,0.8571428571428571,0.0,0,"(19.0, 20.0]"
4411,1,44,1,9130,1,39,150.0,1,37,37,9,3,150.0,1,0,0,1,1,0,21,0,1,6,8,6,12.5,0,0,6,11,3,13.33333333,0,13.9,-0.3,0.79,Dropout,Dropout,1,Equinculture,1.0,0,0.75,0.0,0,"(20.0, 25.0]"
4412,1,43,1,9070,1,1,125.0,1,19,19,7,8,133.4,1,0,0,1,1,1,19,0,4,6,6,4,13.0,0,2,6,7,5,12.2,0,13.9,-0.3,0.79,Enrolled,Enrolled,0,Communication Design,0.6666666666666666,2,0.6666666666666666,0.0,0,"(16.999, 19.0]"
4413,1,43,1,33,1,1,143.0,1,37,1,9,10,121.2,1,0,0,1,1,0,25,0,5,10,13,5,11.6,0,2,8,10,2,13.0,0,12.4,0.5,1.79,Enrolled,Enrolled,0,Biofuel Production Technologies,0.5,5,0.38461538461538464,0.0,0,"(20.0, 25.0]"
4414,1,1,1,9130,1,1,137.0,1,3,38,3,5,129.3,1,0,0,1,0,0,18,0,0,5,6,5,11.8,1,0,5,8,5,11.6,0,9.4,-0.8,-3.12,Graduate,Graduate,0,Equinculture,1.0,0,0.8333333333333334,0.2,0,"(16.999, 19.0]"
4415,4,39,1,9500,1,19,133.1,1,37,37,6,6,117.8,0,0,1,0,0,0,46,0,0,7,14,3,12.33333333,0,0,7,12,3,11.08333333,0,11.1,0.6,2.02,Dropout,Dropout,1,Nursing,0.42857142857142855,4,0.21428571428571427,0.0,1,"(25.0, 70.0]"
4416,1,43,2,9500,1,1,136.0,1,38,38,9,5,131.3,0,0,0,1,0,0,23,0,11,14,15,12,12.625,1,11,14,15,12,12.625,1,7.6,2.6,0.32,Graduate,Graduate,0,Nursing,0.8571428571428571,2,0.8,0.07142857142857142,0,"(20.0, 25.0]"
4417,1,1,1,9070,1,1,132.0,1,1,1,9,9,133.8,1,0,0,1,0,1,20,0,0,6,6,6,13.83333333,0,0,6,6,6,13.5,0,16.2,0.3,-0.92,Graduate,Graduate,0,Communication Design,1.0,0,1.0,0.0,0,"(19.0, 20.0]"
4418,1,44,1,9070,1,39,120.0,1,3,38,3,9,120.0,0,0,0,1,1,0,20,0,2,7,7,6,12.5,0,5,9,10,7,13.14285714,1,16.2,0.3,-0.92,Graduate,Graduate,0,Communication Design,0.8571428571428571,1,0.8571428571428571,0.0,0,"(19.0, 20.0]"
4419,1,1,6,9773,1,1,125.0,1,1,1,5,4,122.2,0,0,0,1,1,0,19,0,0,6,7,5,13.6,0,0,6,8,5,12.66666667,0,15.5,2.8,-4.06,Graduate,Graduate,0,Journalism and Communication,0.8333333333333334,1,0.7142857142857143,0.0,0,"(16.999, 19.0]"
4420,1,1,2,9773,1,1,120.0,105,1,1,9,9,119.0,1,0,1,0,0,0,18,1,0,6,6,6,12.0,0,0,6,6,2,11.0,0,11.1,0.6,2.02,Dropout,Dropout,1,Journalism and Communication,1.0,0,1.0,0.0,1,"(16.999, 19.0]"
4421,1,1,1,9500,1,1,154.0,1,37,37,9,9,149.5,1,0,0,1,0,1,30,0,0,7,8,7,14.9125,0,0,8,9,1,13.5,0,13.9,-0.3,0.79,Dropout,Dropout,1,Nursing,1.0,0,0.875,0.0,0,"(25.0, 70.0]"
4422,1,1,1,9147,1,1,180.0,1,37,37,7,4,153.8,1,0,0,1,0,1,20,0,0,5,5,5,13.8,0,0,5,6,5,12.0,0,9.4,-0.8,-3.12,Graduate,Graduate,0,Management,1.0,0,1.0,0.0,0,"(19.0, 20.0]"
4423,1,10,1,9773,1,1,152.0,22,38,37,5,9,152.0,1,0,0,1,0,0,22,1,0,6,8,6,11.66666667,0,0,6,6,6,13.0,0,12.7,3.7,-1.7,Graduate,Graduate,0,Journalism and Communication,1.0,0,0.75,0.0,0,"(20.0, 25.0]"
