,previous_qualification,previous_qualification_grade,mother_s_qualification,father_s_qualification,admission_grade,curricular_units_first_sem_credited,curricular_units_first_sem_enrolled,curricular_units_first_sem_evaluations,curricular_units_first_sem_approved,curricular_units_first_sem_grade,curricular_units_first_sem_without_evaluations,curricular_units_second_sem_credited,curricular_units_second_sem_enrolled,curricular_units_second_sem_evaluations,curricular_units_second_sem_approved,curricular_units_second_sem_grade,curricular_units_second_sem_without_evaluations,first_sem_approval_ratio,first_sem_unapproved_units,first_sem_approved_per_evaluation,first_sem_without_eval_ratio
0,1,122.0,19,12,127.3,0,0,0,0,0.0,0,0,0,0,0,0.0,0,0.0,0,0.0,0.0
1,1,160.0,1,3,142.5,0,6,6,6,14.0,0,0,6,6,6,13.66666667,0,1.0,0,1.0,0.0
2,1,122.0,37,37,124.8,0,6,0,0,0.0,0,0,6,0,0,0.0,0,0.0,6,0.0,0.0
3,1,122.0,38,37,119.6,0,6,8,6,13.42857143,0,0,6,10,5,12.4,0,1.0,0,0.75,0.0
4,1,100.0,37,38,141.5,0,6,9,5,12.33333333,0,0,6,6,6,13.0,0,0.8333333333333334,1,0.5555555555555556,0.0
5,19,133.1,37,37,114.8,0,5,10,5,11.85714286,0,0,5,17,5,11.5,5,1.0,0,0.5,0.0
6,1,142.0,19,38,128.4,0,7,9,7,13.3,0,0,8,8,8,14.345,0,1.0,0,0.7777777777777778,0.0
7,1,119.0,37,37,113.1,0,5,5,0,0.0,0,0,5,5,0,0.0,0,0.0,5,0.0,0.0
8,1,137.0,1,1,129.3,0,6,8,6,13.875,0,0,6,7,6,14.14285714,0,1.0,0,0.75,0.0
9,1,138.0,1,19,123.0,0,6,9,5,11.4,0,0,6,14,2,13.5,0,0.8333333333333334,1,0.5555555555555556,0.0
10,1,139.0,38,19,130.6,0,6,6,6,12.33333333,0,0,6,7,5,14.2,0,1.0,0,1.0,0.0
11,1,136.0,19,38,119.3,0,8,8,7,13.21428571,0,0,8,8,7,13.21428571,0,0.875,1,0.875,0.0
12,1,133.0,19,37,130.2,0,6,6,0,0.0,0,0,6,0,0,0.0,0,0.0,6,0.0,0.0
13,42,110.0,1,1,111.8,0,6,7,6,10.57142857,0,0,6,8,5,11.0,0,1.0,0,0.8571428571428571,0.0
14,1,149.0,38,37,137.1,0,5,7,4,13.25,0,0,5,5,5,12.0,0,0.8,1,0.5714285714285714,0.0
15,1,127.0,19,37,120.7,0,6,6,5,13.2,0,0,6,7,0,0.0,0,0.8333333333333334,1,0.8333333333333334,0.0
16,1,137.0,19,38,137.4,0,6,10,1,12.0,0,0,6,14,2,11.0,0,0.16666666666666666,5,0.1,0.0
17,1,135.0,19,1,127.3,0,7,8,7,13.30625,0,0,8,8,8,14.545,0,1.0,0,0.875,0.0
18,1,137.0,3,19,136.3,0,5,8,4,12.5,1,0,5,8,4,12.25,2,0.8,1,0.5,0.2
19,1,140.0,19,19,124.6,0,7,7,6,11.66666667,0,0,7,8,6,13.5,0,0.8571428571428571,1,0.8571428571428571,0.0
20,1,122.0,1,1,120.3,0,0,0,0,0.0,0,0,0,0,0,0.0,0,0.0,0,0.0,0.0
21,1,127.0,1,38,121.8,0,7,14,7,11.4375,0,0,8,9,8,11.425,0,1.0,0,0.5,0.0
22,1,142.0,19,19,125.5,0,8,12,7,12.85714286,0,0,8,12,7,12.85714286,0,0.875,1,0.5833333333333334,0.0
23,1,125.0,1,38,114.9,0,6,8,6,13.375,0,0,6,7,6,12.28571429,0,1.0,0,0.75,0.0
24,1,126.0,19,19,123.9,0,7,8,6,13.29666667,0,0,8,9,7,14.11428571,0,0.8571428571428571,1,0.75,0.0
25,1,151.0,19,38,157.0,0,6,8,5,11.6,0,0,6,12,4,11.0,0,0.8333333333333334,1,0.625,0.0
26,1,115.0,19,38,116.4,0,6,9,6,11.375,0,0,6,9,6,13.28571429,0,1.0,0,0.6666666666666666,0.0
27,1,138.0,19,19,131.0,0,5,9,5,12.66666667,2,0,5,7,4,13.0,0,1.0,0,0.5555555555555556,0.4
28,1,135.0,19,1,122.1,0,5,6,5,12.0,0,0,5,6,5,12.33333333,0,1.0,0,0.8333333333333334,0.0
29,1,127.0,3,3,118.8,0,7,9,6,12.93333333,0,0,7,7,6,13.71666667,0,0.8571428571428571,1,0.6666666666666666,0.0
30,39,150.0,4,5,150.0,0,6,15,5,11.85714286,0,0,6,17,5,10.57142857,0,0.8333333333333334,1,0.3333333333333333,0.0
31,1,125.0,42,3,130.0,2,6,7,6,12.83333333,0,0,6,9,4,13.4,0,1.0,0,0.8571428571428571,0.0
32,1,143.0,1,1,138.8,0,5,9,3,11.33333333,0,0,5,8,2,13.5,0,0.6,2,0.3333333333333333,0.0
33,1,138.0,19,1,134.5,0,6,6,6,12.66666667,0,0,6,8,6,14.375,0,1.0,0,1.0,0.0
34,1,130.0,2,37,131.4,0,5,6,5,12.4,0,0,5,9,5,13.42857143,0,1.0,0,0.8333333333333334,0.0
35,1,130.0,38,37,102.5,0,7,7,0,0.0,0,0,7,7,1,10.0,0,0.0,7,0.0,0.0
36,10,133.1,34,37,128.8,0,5,0,0,0.0,0,0,5,0,0,0.0,0,0.0,5,0.0,0.0
37,1,140.0,37,37,122.9,0,5,10,1,10.0,0,0,5,8,2,12.0,2,0.2,4,0.1,0.0
38,1,120.0,19,19,113.9,0,5,8,5,11.0,0,0,5,5,5,11.6,0,1.0,0,0.625,0.0
39,39,120.0,4,4,120.0,2,6,13,3,11.66666667,0,1,6,11,3,12.0,0,0.5,3,0.23076923076923078,0.0
40,1,126.0,3,3,121.1,0,6,6,4,12.75,0,0,5,5,0,0.0,0,0.6666666666666666,2,0.6666666666666666,0.0
41,1,133.0,3,19,120.4,0,5,5,5,14.8,0,0,5,5,5,15.8,0,1.0,0,1.0,0.0
42,1,103.0,1,3,100.6,0,7,9,5,13.928,0,0,8,9,7,14.34285714,0,0.7142857142857143,2,0.5555555555555556,0.0
43,1,120.0,1,38,121.4,0,6,7,4,13.0,0,0,6,7,5,13.8,0,0.6666666666666666,2,0.5714285714285714,0.0
44,1,133.1,37,37,109.7,0,5,0,0,0.0,0,0,5,0,0,0.0,0,0.0,5,0.0,0.0
45,1,154.0,38,38,134.1,0,5,9,2,11.5,0,0,5,11,3,14.33333333,1,0.4,3,0.2222222222222222,0.0
46,1,130.0,19,19,127.6,0,6,6,6,11.66666667,0,0,6,8,5,13.2,0,1.0,0,1.0,0.0
47,1,132.0,37,19,132.4,0,7,8,6,13.51666667,0,0,8,9,7,13.77142857,0,0.8571428571428571,1,0.75,0.0
48,39,130.0,1,19,133.4,3,6,6,6,11.5,0,2,6,7,6,13.28571429,0,1.0,0,1.0,0.0
49,1,139.0,37,38,126.1,0,6,7,5,12.33333333,0,0,6,7,6,12.83333333,0,0.8333333333333334,1,0.7142857142857143,0.0
50,1,130.0,19,38,113.5,0,6,6,6,13.66666667,0,0,6,6,6,14.16666667,0,1.0,0,1.0,0.0
51,1,139.0,37,38,121.3,0,8,10,6,11.83333333,0,0,8,10,6,11.83333333,0,0.75,2,0.6,0.0
52,1,127.0,1,19,121.8,0,6,11,4,14.0,0,0,6,12,3,11.0,0,0.6666666666666666,2,0.36363636363636365,0.0
53,1,167.0,37,37,159.3,0,5,7,5,14.71428571,0,0,5,5,5,15.8,0,1.0,0,0.7142857142857143,0.0
54,1,130.0,38,38,120.0,0,5,12,5,10.6,0,0,5,10,5,11.0,0,1.0,0,0.4166666666666667,0.0
55,1,130.0,1,19,129.1,0,7,9,7,13.04444444,0,0,8,10,8,13.595,0,1.0,0,0.7777777777777778,0.0
56,3,130.0,1,3,130.0,0,6,10,0,0.0,0,0,6,6,0,0.0,0,0.0,6,0.0,0.0
57,40,129.0,3,3,155.3,0,6,9,5,13.0,0,5,11,13,10,12.9,0,0.8333333333333334,1,0.5555555555555556,0.0
58,1,141.0,38,38,139.8,0,8,8,8,14.935,0,0,8,8,8,14.935,0,1.0,0,1.0,0.0
59,1,125.0,38,37,115.2,0,0,0,0,0.0,0,0,0,0,0,0.0,0,0.0,0,0.0,0.0
60,1,125.0,19,19,114.9,0,7,8,6,13.13333333,0,0,8,12,7,12.22142857,0,0.8571428571428571,1,0.75,0.0
61,39,130.0,19,1,131.9,3,6,7,6,12.0,0,2,6,7,6,12.0,0,1.0,0,0.8571428571428571,0.0
62,1,133.0,1,37,126.0,0,0,0,0,0.0,0,0,0,0,0,0.0,0,0.0,0,0.0,0.0
63,1,127.0,1,1,130.2,0,6,6,5,11.4,0,0,6,8,1,10.0,0,0.8333333333333334,1,0.8333333333333334,0.0
64,1,116.0,1,1,120.9,0,6,6,0,0.0,0,0,6,6,0,0.0,0,0.0,6,0.0,0.0
65,19,133.1,1,1,126.0,2,7,10,5,11.9,0,1,8,10,5,11.0,0,0.7142857142857143,2,0.5,0.0
66,1,139.0,19,19,128.2,0,0,0,0,0.0,0,0,0,0,0,0.0,0,0.0,0,0.0,0.0
67,39,130.0,19,37,130.0,0,6,8,6,12.57142857,0,0,6,7,6,12.42857143,0,1.0,0,0.75,0.0
68,1,125.0,1,38,120.1,0,5,8,5,11.2,0,0,5,10,4,10.75,3,1.0,0,0.625,0.0
69,1,160.0,19,37,100.0,0,6,7,6,12.0,0,0,6,8,5,10.8,0,1.0,0,0.8571428571428571,0.0
70,1,148.0,38,37,134.0,0,5,9,0,0.0,0,0,5,5,0,0.0,0,0.0,5,0.0,0.0
71,1,150.0,37,19,130.8,0,7,8,7,11.975,0,0,8,8,8,13.75,0,1.0,0,0.875,0.0
72,1,141.0,19,19,135.8,0,0,0,0,0.0,0,0,0,0,0,0.0,0,0.0,0,0.0,0.0
73,1,118.0,38,37,111.7,0,6,12,3,11.66666667,0,0,6,12,1,12.0,0,0.5,3,0.25,0.0
74,1,142.0,38,38,132.9,0,6,8,6,12.33333333,0,0,6,11,3,12.33333333,0,1.0,0,0.75,0.0
75,1,120.0,19,19,115.5,0,5,8,3,10.33333333,0,0,5,11,3,10.85714286,0,0.6,2,0.375,0.0
76,1,106.0,19,37,106.0,0,6,8,4,10.5,0,0,6,11,1,11.0,0,0.6666666666666666,2,0.5,0.0
77,1,121.0,1,19,120.3,0,6,6,6,13.66666667,0,0,6,6,6,13.33333333,0,1.0,0,1.0,0.0
78,1,150.0,38,37,130.8,0,7,7,7,14.84285714,0,0,8,9,8,15.05555556,0,1.0,0,1.0,0.0
79,1,120.0,37,37,117.0,0,6,8,6,12.0,0,0,6,6,6,11.66666667,0,1.0,0,0.75,0.0
80,1,114.0,19,19,110.2,0,6,8,5,12.2,0,0,6,7,5,12.2,0,0.8333333333333334,1,0.625,0.0
81,2,140.0,3,3,155.7,0,1,1,0,0.0,1,0,5,0,0,0.0,0,0.0,1,0.0,1.0
82,4,160.0,3,3,180.4,6,12,17,6,12.16666667,0,7,12,14,10,13.3,0,0.5,6,0.35294117647058826,0.0
83,1,120.0,19,19,125.5,0,5,6,5,12.0,0,0,5,8,3,11.33333333,0,1.0,0,0.8333333333333334,0.0
84,1,130.0,37,37,110.0,0,6,7,6,11.0,0,0,6,11,5,11.0,0,1.0,0,0.8571428571428571,0.0
85,1,160.0,37,38,161.0,0,8,8,7,13.08,0,0,8,8,7,13.08,0,0.875,1,0.875,0.0
86,1,120.0,1,19,100.0,0,5,7,4,10.5,0,0,5,7,5,11.6,0,0.8,1,0.5714285714285714,0.0
87,1,124.0,19,38,117.6,0,6,9,6,10.66666667,1,0,6,6,5,11.2,0,1.0,0,0.6666666666666666,0.16666666666666666
88,1,143.0,38,37,128.7,0,5,6,4,14.0,0,0,5,5,5,13.8,0,0.8,1,0.6666666666666666,0.0
89,1,115.0,38,19,112.2,0,5,9,2,10.0,0,0,5,9,0,0.0,0,0.4,3,0.2222222222222222,0.0
90,1,133.1,1,1,100.8,0,7,18,0,0.0,0,0,7,7,0,0.0,0,0.0,7,0.0,0.0
91,1,133.1,19,1,105.0,0,6,6,6,14.0,0,0,6,6,6,13.5,0,1.0,0,1.0,0.0
92,1,133.1,1,1,100.0,0,6,7,2,12.0,1,0,6,6,0,0.0,0,0.3333333333333333,4,0.2857142857142857,0.16666666666666666
93,10,133.1,37,34,115.5,0,6,12,3,12.66666667,0,0,6,14,0,0.0,1,0.5,3,0.25,0.0
94,1,133.1,37,19,114.0,2,8,11,8,11.875,0,0,6,7,6,12.33333333,0,1.0,0,0.7272727272727273,0.0
95,1,130.0,38,3,137.0,0,5,9,5,14.0,0,0,5,11,3,13.25,0,1.0,0,0.5555555555555556,0.0
96,1,135.0,37,1,124.9,0,6,6,6,13.66666667,0,0,6,6,6,13.33333333,0,1.0,0,1.0,0.0
97,1,132.0,37,37,120.3,0,7,7,7,13.75,0,0,8,9,8,14.47777778,0,1.0,0,1.0,0.0
98,1,135.0,1,2,134.3,0,5,7,5,14.2,2,0,5,7,5,13.8,0,1.0,0,0.7142857142857143,0.4
99,1,115.0,3,3,111.5,0,7,10,4,11.96,0,0,7,7,0,0.0,0,0.5714285714285714,3,0.4,0.0
100,42,130.0,38,38,128.8,7,10,12,8,12.875,0,4,9,14,5,13.4,0,0.8,2,0.6666666666666666,0.0
101,1,133.1,1,1,110.0,0,0,0,0,0.0,0,0,0,0,0,0.0,0,0.0,0,0.0,0.0
102,1,130.0,37,37,113.5,0,6,0,0,0.0,0,0,6,0,0,0.0,0,0.0,6,0.0,0.0
103,12,133.1,37,37,160.0,13,18,19,18,14.63157895,0,10,13,14,13,14.23076923,1,1.0,0,0.9473684210526315,0.0
104,1,123.0,19,19,117.4,0,6,0,0,0.0,0,0,6,0,0,0.0,0,0.0,6,0.0,0.0
105,1,130.0,3,1,122.2,4,10,12,10,13.0,0,5,11,11,11,12.27272727,0,1.0,0,0.8333333333333334,0.0
106,1,122.0,37,38,118.2,0,6,0,0,0.0,0,0,6,0,0,0.0,0,0.0,6,0.0,0.0
107,1,113.0,1,1,106.7,0,6,15,4,14.2,0,0,6,17,4,13.25,0,0.6666666666666666,2,0.26666666666666666,0.0
108,1,111.0,3,4,108.2,2,7,9,6,13.26666667,0,0,7,10,5,12.3,0,0.8571428571428571,1,0.6666666666666666,0.0
109,1,133.1,19,1,107.0,0,7,12,6,11.66666667,0,0,7,10,3,13.0,0,0.8571428571428571,1,0.5,0.0
110,1,142.0,37,37,136.1,0,6,8,6,13.85714286,0,0,6,6,6,15.0,0,1.0,0,0.75,0.0
111,1,123.0,1,38,115.3,0,5,9,3,13.0,0,0,5,11,3,11.0,0,0.6,2,0.3333333333333333,0.0
112,1,131.0,19,19,139.8,0,5,6,5,13.4,0,0,5,5,5,12.8,0,1.0,0,0.8333333333333334,0.0
113,1,158.0,1,38,157.0,0,6,6,6,12.66666667,0,0,6,7,6,12.57142857,0,1.0,0,1.0,0.0
114,1,122.0,37,37,131.0,0,7,7,6,12.51666667,1,0,7,7,6,12.51666667,1,0.8571428571428571,1,0.8571428571428571,0.14285714285714285
115,1,130.0,38,38,100.0,0,7,11,6,11.61666667,0,0,7,7,7,13.0,0,0.8571428571428571,1,0.5454545454545454,0.0
116,1,154.0,19,37,140.4,0,6,13,2,10.0,0,0,6,12,4,10.75,0,0.3333333333333333,4,0.15384615384615385,0.0
117,1,120.0,19,19,113.4,0,5,11,3,10.33333333,0,0,5,10,3,10.66666667,0,0.6,2,0.2727272727272727,0.0
118,1,140.0,37,38,137.0,0,5,12,5,13.14285714,2,0,5,6,5,11.4,0,1.0,0,0.4166666666666667,0.4
119,1,127.0,2,19,121.8,0,5,5,5,12.6,0,0,5,5,5,14.0,0,1.0,0,1.0,0.0
120,1,133.1,1,1,131.0,0,6,12,3,11.0,0,0,6,12,2,11.0,0,0.5,3,0.25,0.0
121,1,120.0,19,19,118.6,0,5,8,5,10.8,0,0,5,9,4,11.25,2,1.0,0,0.625,0.0
122,1,137.0,3,19,122.3,0,0,0,0,0.0,0,0,0,0,0,0.0,0,0.0,0,0.0,0.0
123,1,131.0,38,38,127.9,0,5,5,5,12.8,0,0,5,5,5,14.2,0,1.0,0,1.0,0.0
124,1,130.0,19,38,121.3,0,6,15,6,14.16666667,0,0,6,13,6,12.2,0,1.0,0,0.4,0.0
125,1,122.0,1,1,117.1,0,7,12,5,12.1,0,0,7,0,0,0.0,0,0.7142857142857143,2,0.4166666666666667,0.0
126,39,160.0,37,37,160.0,1,6,7,6,14.16666667,0,1,6,17,5,13.77777778,0,1.0,0,0.8571428571428571,0.0
127,1,146.0,19,38,145.3,0,6,8,5,12.8,0,0,6,7,5,13.4,0,0.8333333333333334,1,0.625,0.0
128,1,131.0,1,39,122.6,0,6,7,6,13.0,0,0,6,6,6,13.66666667,0,1.0,0,0.8571428571428571,0.0
129,1,132.0,1,37,128.0,0,7,7,7,13.46714286,0,0,8,9,8,15.01111111,0,1.0,0,1.0,0.0
130,1,138.0,19,19,124.9,0,7,9,7,13.2375,0,0,8,9,7,13.74285714,0,1.0,0,0.7777777777777778,0.0
131,1,130.0,37,37,123.7,0,6,6,6,12.33333333,0,0,6,6,6,13.0,0,1.0,0,1.0,0.0
132,1,126.0,1,19,120.1,0,5,7,5,12.4,0,0,5,5,5,14.6,0,1.0,0,0.7142857142857143,0.0
133,1,148.0,1,19,131.7,0,7,8,5,14.0,0,0,7,7,0,0.0,0,0.7142857142857143,2,0.625,0.0
134,1,130.0,38,37,133.2,5,9,15,9,11.66666667,0,2,7,8,7,11.71428571,0,1.0,0,0.6,0.0
135,1,117.0,1,38,109.3,0,6,7,5,12.0,0,0,6,9,4,12.5,0,0.8333333333333334,1,0.7142857142857143,0.0
136,1,120.0,19,19,113.0,0,5,7,4,12.2,0,0,5,5,4,11.5,0,0.8,1,0.5714285714285714,0.0
137,1,153.0,1,1,157.9,0,6,6,6,14.83333333,0,0,6,6,6,14.83333333,0,1.0,0,1.0,0.0
138,1,117.0,19,1,112.1,0,7,9,5,13.188,0,0,8,9,7,12.89285714,0,0.7142857142857143,2,0.5555555555555556,0.0
139,1,178.0,19,1,174.7,0,7,8,7,17.125,0,0,8,8,8,17.5875,0,1.0,0,0.875,0.0
140,1,129.0,37,37,128.8,0,7,7,6,12.66666667,0,0,7,7,6,12.66666667,0,0.8571428571428571,1,0.8571428571428571,0.0
141,1,116.0,19,1,110.1,0,6,8,6,12.66666667,0,0,6,10,5,12.0,0,1.0,0,0.75,0.0
142,1,99.0,3,1,99.7,0,5,8,0,0.0,0,0,5,7,0,0.0,0,0.0,5,0.0,0.0
143,1,135.0,1,12,121.0,0,6,7,6,11.33333333,0,0,6,6,6,11.5,0,1.0,0,0.8571428571428571,0.0
144,1,141.0,19,19,131.7,0,7,10,7,13.605,0,0,8,11,8,12.33125,0,1.0,0,0.7,0.0
145,1,132.0,37,38,119.1,0,6,10,5,12.0,0,0,6,9,5,10.8,0,0.8333333333333334,1,0.5,0.0
146,1,132.0,12,19,124.7,0,5,10,0,0.0,0,0,5,10,0,0.0,0,0.0,5,0.0,0.0
147,1,113.0,1,37,117.2,0,6,8,5,11.2,0,0,6,12,3,11.66666667,0,0.8333333333333334,1,0.625,0.0
148,1,134.0,3,19,128.8,0,5,10,5,13.375,0,0,5,9,5,14.16666667,0,1.0,0,0.5,0.0
149,1,136.0,1,19,131.5,0,7,8,6,13.86333333,0,0,8,9,7,14.17857143,0,0.8571428571428571,1,0.75,0.0
150,1,136.0,3,37,121.7,0,0,0,0,0.0,0,0,0,0,0,0.0,0,0.0,0,0.0,0.0
151,1,129.0,1,38,123.4,0,5,6,5,12.4,0,0,5,6,5,13.4,0,1.0,0,0.8333333333333334,0.0
152,1,138.0,38,38,124.7,0,6,11,3,12.33333333,0,0,6,10,5,10.83333333,0,0.5,3,0.2727272727272727,0.0
153,1,137.0,37,37,132.8,0,6,7,6,13.33333333,0,0,6,8,5,11.8,0,1.0,0,0.8571428571428571,0.0
154,1,115.0,3,37,108.7,0,6,10,3,12.66666667,0,0,6,12,3,10.0,0,0.5,3,0.3,0.0
155,1,129.0,38,37,138.1,0,6,8,6,12.0,0,0,6,10,4,11.5,0,1.0,0,0.75,0.0
156,1,131.0,38,38,126.5,0,5,5,5,10.6,0,0,5,5,5,11.8,0,1.0,0,1.0,0.0
157,1,133.0,1,37,127.4,0,6,8,6,12.25,0,0,6,7,6,11.85714286,0,1.0,0,0.75,0.0
158,1,125.0,19,1,123.6,0,6,10,4,11.0,0,0,6,9,6,11.83333333,0,0.6666666666666666,2,0.4,0.0
159,1,120.0,1,19,122.0,0,6,11,5,11.0,0,0,6,9,5,12.6,0,0.8333333333333334,1,0.45454545454545453,0.0
160,1,128.0,19,1,118.2,0,6,6,6,13.16666667,0,0,6,9,6,13.0,0,1.0,0,1.0,0.0
161,1,127.0,19,37,123.9,0,7,9,7,12.85555556,0,0,8,12,7,12.76111111,0,1.0,0,0.7777777777777778,0.0
162,1,134.0,19,19,125.8,0,7,8,7,14.91875,0,0,8,8,8,15.355,0,1.0,0,0.875,0.0
163,1,132.0,12,12,123.3,0,6,13,4,11.5,0,0,6,10,3,11.0,0,0.6666666666666666,2,0.3076923076923077,0.0
164,1,124.0,1,19,124.4,0,5,5,5,14.2,0,0,5,5,5,14.2,0,1.0,0,1.0,0.0
165,1,133.1,19,37,126.0,0,6,6,6,12.5,0,0,6,7,6,13.0,0,1.0,0,1.0,0.0
166,1,170.0,1,37,170.0,0,1,1,0,0.0,0,0,6,0,0,0.0,0,0.0,1,0.0,0.0
167,1,125.0,19,19,121.5,0,6,10,5,11.66666667,0,0,6,12,4,11.0,0,0.8333333333333334,1,0.5,0.0
168,3,130.0,2,2,130.0,1,8,8,7,14.25714286,0,1,8,8,7,14.25714286,0,0.875,1,0.875,0.0
169,1,125.0,19,19,117.0,0,6,13,3,12.0,0,0,6,12,2,11.33333333,0,0.5,3,0.23076923076923078,0.0
170,1,130.0,37,19,130.0,0,5,13,4,11.25,1,0,5,11,4,10.5,0,0.8,1,0.3076923076923077,0.2
171,1,133.1,37,37,108.0,0,7,8,7,12.45714286,0,0,8,8,8,13.5625,0,1.0,0,0.875,0.0
172,1,131.0,2,38,132.3,0,7,7,6,11.68333333,0,0,7,7,6,11.68333333,0,0.8571428571428571,1,0.8571428571428571,0.0
173,1,150.0,19,2,148.0,0,6,10,3,11.66666667,0,0,6,8,5,12.0,0,0.5,3,0.3,0.0
174,1,125.0,37,37,122.6,0,6,8,4,11.75,0,0,6,6,6,13.16666667,0,0.6666666666666666,2,0.5,0.0
175,1,131.0,37,37,123.0,0,5,6,3,11.66666667,0,0,5,6,4,13.5,0,0.6,2,0.5,0.0
176,1,130.0,37,19,102.5,0,6,9,5,13.2,0,0,6,10,5,12.0,0,0.8333333333333334,1,0.5555555555555556,0.0
177,1,123.0,34,34,113.3,0,7,8,4,11.95,0,0,7,8,4,11.95,0,0.5714285714285714,3,0.5,0.0
178,1,141.0,37,19,133.0,0,6,8,5,12.4,0,0,6,12,5,10.4,0,0.8333333333333334,1,0.625,0.0
179,3,140.0,1,1,140.0,2,7,8,6,14.35,0,3,8,10,6,14.58333333,0,0.8571428571428571,1,0.75,0.0
180,1,140.0,3,1,128.3,19,21,21,21,12.61904762,0,13,19,19,19,12.78947368,0,1.0,0,1.0,0.0
181,39,140.0,37,19,140.0,2,6,7,6,12.66666667,0,2,6,7,6,13.16666667,1,1.0,0,0.8571428571428571,0.0
182,19,133.1,19,19,104.0,0,6,6,5,12.0,0,0,6,6,0,0.0,0,0.8333333333333334,1,0.8333333333333334,0.0
183,1,131.0,1,37,122.3,0,6,6,6,12.16666667,0,0,6,6,0,0.0,0,1.0,0,1.0,0.0
184,1,143.0,1,19,135.0,0,6,0,0,0.0,0,0,6,0,0,0.0,0,0.0,6,0.0,0.0
185,1,132.0,3,3,119.1,0,5,9,3,10.0,0,0,5,9,3,10.57142857,0,0.6,2,0.3333333333333333,0.0
186,1,143.0,1,37,126.6,5,10,18,8,11.5,0,0,6,12,4,10.0,0,0.8,2,0.4444444444444444,0.0
187,1,141.0,38,1,129.0,0,7,7,6,13.05,0,0,7,7,6,13.05,0,0.8571428571428571,1,0.8571428571428571,0.0
188,1,133.1,1,19,162.3,0,6,10,2,11.0,0,0,6,6,0,0.0,0,0.3333333333333333,4,0.2,0.0
189,1,148.0,1,3,163.4,0,6,7,6,11.5,0,0,6,6,6,12.0,0,1.0,0,0.8571428571428571,0.0
190,1,125.0,19,38,121.5,0,6,7,6,12.0,0,0,6,6,6,12.5,0,1.0,0,0.8571428571428571,0.0
191,1,120.0,1,37,122.8,0,6,13,2,10.0,0,0,5,12,1,10.0,0,0.3333333333333333,4,0.15384615384615385,0.0
192,1,140.0,12,3,118.0,0,5,5,0,0.0,0,0,5,5,0,0.0,0,0.0,5,0.0,0.0
193,1,139.0,1,1,134.0,0,6,0,0,0.0,0,0,6,0,0,0.0,0,0.0,6,0.0,0.0
194,1,142.0,38,38,129.8,0,8,8,7,12.24285714,0,0,8,8,7,12.24285714,0,0.875,1,0.875,0.0
195,40,130.0,19,1,152.0,0,5,0,0,0.0,0,0,5,0,0,0.0,0,0.0,5,0.0,0.0
196,1,126.0,37,37,122.8,0,8,8,8,12.93375,0,0,8,8,8,12.93375,0,1.0,0,1.0,0.0
197,3,150.0,3,2,150.0,0,5,0,0,0.0,0,0,5,0,0,0.0,0,0.0,5,0.0,0.0
198,1,130.0,19,19,131.8,0,7,9,7,12.57142857,0,0,7,8,7,14.42857143,0,1.0,0,0.7777777777777778,0.0
199,1,120.0,1,3,105.9,0,3,4,3,11.81666667,0,0,3,3,3,11.33333333,0,1.0,0,0.75,0.0
200,1,138.0,1,1,132.1,0,5,9,4,13.75,0,0,5,13,4,14.33333333,2,0.8,1,0.4444444444444444,0.0
201,1,127.0,19,19,127.4,0,6,8,6,11.16666667,0,0,6,6,6,11.33333333,0,1.0,0,0.75,0.0
202,1,140.0,19,19,129.5,0,8,8,7,12.32428571,0,0,8,8,7,12.32428571,0,0.875,1,0.875,0.0
203,39,130.0,38,38,126.7,3,6,6,6,12.16666667,0,2,6,7,6,11.71428571,0,1.0,0,1.0,0.0
204,1,128.0,19,37,116.5,0,6,11,5,11.14285714,0,0,6,11,4,11.25,0,0.8333333333333334,1,0.45454545454545453,0.0
205,1,132.0,34,34,119.1,0,6,9,4,11.0,0,0,6,9,4,10.75,0,0.6666666666666666,2,0.4444444444444444,0.0
206,1,149.0,19,38,126.5,0,8,8,7,12.91428571,0,0,8,8,7,12.91428571,0,0.875,1,0.875,0.0
207,1,155.0,3,19,149.8,0,6,6,6,13.83333333,0,0,6,6,6,14.16666667,0,1.0,0,1.0,0.0
208,1,120.0,19,1,115.1,0,6,8,6,13.85714286,0,0,6,9,5,13.4,0,1.0,0,0.75,0.0
209,19,133.1,3,19,124.5,0,6,7,6,13.71428571,0,0,6,6,5,12.8,0,1.0,0,0.8571428571428571,0.0
210,1,131.0,38,1,128.3,0,8,8,7,12.64285714,0,0,8,8,7,12.64285714,0,0.875,1,0.875,0.0
211,1,149.0,37,37,136.0,0,7,7,6,12.91666667,0,0,7,7,6,12.91666667,0,0.8571428571428571,1,0.8571428571428571,0.0
212,1,140.0,1,3,140.0,0,6,8,6,15.625,0,0,6,8,6,15.85714286,0,1.0,0,0.75,0.0
213,1,133.1,37,37,126.3,0,5,7,0,0.0,0,0,5,8,0,0.0,0,0.0,5,0.0,0.0
214,1,122.0,1,1,126.9,0,6,8,6,11.71428571,0,0,6,7,6,12.0,0,1.0,0,0.75,0.0
215,40,130.0,1,1,145.0,0,7,10,6,12.125,0,0,8,9,8,13.3125,0,0.8571428571428571,1,0.6,0.0
216,1,121.0,19,3,115.8,0,5,7,5,11.6,0,0,5,5,5,11.6,0,1.0,0,0.7142857142857143,0.0
217,1,120.0,19,37,100.0,0,6,11,1,10.0,0,0,6,6,0,0.0,6,0.16666666666666666,5,0.09090909090909091,0.0
218,1,133.1,1,19,102.5,0,6,16,1,10.0,0,0,6,13,0,0.0,0,0.16666666666666666,5,0.0625,0.0
219,1,121.0,19,37,131.5,0,5,10,0,0.0,1,0,5,9,2,13.5,0,0.0,5,0.0,0.2
220,1,133.0,38,38,147.0,0,5,7,4,13.0,0,0,5,8,3,12.33333333,0,0.8,1,0.5714285714285714,0.0
221,1,134.0,37,37,122.5,0,6,6,6,13.33333333,0,0,6,6,6,14.5,0,1.0,0,1.0,0.0
222,1,115.0,1,1,117.5,0,6,9,4,11.25,0,0,6,13,2,12.5,0,0.6666666666666666,2,0.4444444444444444,0.0
223,1,127.0,19,1,150.0,0,7,9,5,13.85,0,0,8,9,7,12.19285714,0,0.7142857142857143,2,0.5555555555555556,0.0
224,1,135.0,1,38,127.5,0,7,8,6,13.74166667,0,0,8,9,7,14.9125,0,0.8571428571428571,1,0.75,0.0
225,43,140.0,40,5,140.0,2,6,7,6,15.33333333,0,0,5,5,5,15.8,0,1.0,0,0.8571428571428571,0.0
226,3,130.0,1,4,130.0,0,5,6,5,11.0,0,0,5,5,5,13.8,0,1.0,0,0.8333333333333334,0.0
227,1,135.0,1,1,133.3,0,6,6,6,12.0,0,0,6,7,6,12.85714286,0,1.0,0,1.0,0.0
228,1,140.0,34,34,97.0,0,5,5,0,0.0,0,0,5,5,0,0.0,0,0.0,5,0.0,0.0
229,1,120.0,1,1,112.0,0,8,15,7,11.57142857,0,0,8,15,7,11.57142857,0,0.875,1,0.4666666666666667,0.0
230,1,140.0,1,37,123.6,0,6,10,6,12.85714286,0,0,6,6,3,12.66666667,0,1.0,0,0.6,0.0
231,3,133.1,19,19,130.5,0,6,0,0,0.0,0,0,6,0,0,0.0,0,0.0,6,0.0,0.0
232,1,135.0,1,3,133.3,0,5,5,5,13.0,0,0,5,5,5,13.2,0,1.0,0,1.0,0.0
233,1,123.0,1,37,132.1,0,6,9,5,11.0,0,0,6,8,5,12.0,0,0.8333333333333334,1,0.5555555555555556,0.0
234,1,133.1,37,1,100.0,0,5,12,3,12.0,0,0,5,12,1,15.0,3,0.6,2,0.25,0.0
235,1,154.0,38,37,140.4,0,6,6,5,12.6,0,0,6,6,6,13.0,0,0.8333333333333334,1,0.8333333333333334,0.0
236,1,148.0,19,19,141.7,0,6,8,5,13.4,0,0,6,7,6,13.16666667,0,0.8333333333333334,1,0.625,0.0
237,1,133.0,37,37,119.7,0,6,9,6,11.33333333,0,0,6,9,6,11.57142857,0,1.0,0,0.6666666666666666,0.0
238,1,126.0,19,1,122.5,0,5,14,4,13.5,2,0,5,10,4,14.25,0,0.8,1,0.2857142857142857,0.4
239,19,133.1,19,19,140.0,2,6,11,3,11.75,0,1,6,14,3,10.33333333,0,0.5,3,0.2727272727272727,0.0
240,1,125.0,3,1,119.4,0,7,10,6,12.47142857,0,0,7,8,7,11.4625,0,0.8571428571428571,1,0.6,0.0
241,1,145.0,3,3,155.0,11,17,19,11,12.90909091,0,9,13,15,9,13.55555556,0,0.6470588235294118,6,0.5789473684210527,0.0
242,1,118.0,37,19,119.1,0,5,5,5,11.6,0,0,5,5,5,13.6,0,1.0,0,1.0,0.0
243,1,120.0,37,1,122.7,0,5,5,0,0.0,0,0,5,9,0,0.0,0,0.0,5,0.0,0.0
244,1,127.0,38,19,117.9,5,10,13,9,12.9,0,4,10,12,10,12.36363636,0,0.9,1,0.6923076923076923,0.0
245,3,130.0,19,38,130.0,0,8,8,8,13.22,0,0,8,8,8,13.22,0,1.0,0,1.0,0.0
246,1,129.0,19,37,120.0,0,8,8,7,13.15142857,0,0,8,8,7,13.15142857,0,0.875,1,0.875,0.0
247,39,130.0,37,37,130.0,0,6,13,3,12.75,0,0,6,8,3,11.33333333,0,0.5,3,0.23076923076923078,0.0
248,1,121.0,19,37,116.8,0,6,8,6,11.33333333,0,0,6,8,4,12.25,0,1.0,0,0.75,0.0
249,1,136.0,19,1,123.4,0,6,10,6,13.25,0,0,6,13,5,14.14285714,0,1.0,0,0.6,0.0
250,1,125.0,19,38,125.4,0,6,7,5,12.4,0,0,6,6,5,12.4,0,0.8333333333333334,1,0.7142857142857143,0.0
251,1,131.0,38,37,127.2,0,6,6,6,15.0,0,0,6,6,6,12.83333333,0,1.0,0,1.0,0.0
252,1,122.0,9,19,103.4,0,5,6,5,14.4,0,0,5,6,5,13.0,0,1.0,0,0.8333333333333334,0.0
253,1,127.0,37,37,123.2,0,6,12,1,11.0,0,0,6,12,0,0.0,0,0.16666666666666666,5,0.08333333333333333,0.0
254,1,136.0,1,1,124.1,0,5,8,5,12.4,0,0,5,6,5,10.8,0,1.0,0,0.625,0.0
255,19,133.1,38,37,99.5,0,7,13,1,16.0,0,0,7,12,0,0.0,0,0.14285714285714285,6,0.07692307692307693,0.0
256,40,127.0,37,37,124.9,0,5,10,5,13.57142857,0,0,5,14,5,12.33333333,3,1.0,0,0.5,0.0
257,1,116.0,37,37,110.8,0,6,6,6,11.83333333,0,0,6,6,6,12.5,0,1.0,0,1.0,0.0
258,1,121.0,1,1,118.9,0,6,8,5,11.66666667,0,0,6,9,5,12.66666667,0,0.8333333333333334,1,0.625,0.0
259,1,124.0,1,1,118.8,6,10,16,6,11.83333333,0,2,7,8,2,13.0,0,0.6,4,0.375,0.0
260,1,131.0,37,38,137.0,0,6,8,6,11.16666667,0,0,6,10,5,10.6,0,1.0,0,0.75,0.0
261,1,100.0,37,37,100.0,0,6,0,0,0.0,0,0,6,0,0,0.0,0,0.0,6,0.0,0.0
262,1,130.0,37,38,120.0,8,12,17,8,11.75,0,6,12,19,6,12.16666667,2,0.6666666666666666,4,0.47058823529411764,0.0
263,1,135.0,1,1,122.8,0,6,7,6,14.0,0,0,6,7,6,14.0,0,1.0,0,0.8571428571428571,0.0
264,1,130.0,38,19,121.6,0,6,6,6,12.83333333,0,0,6,6,6,12.0,0,1.0,0,1.0,0.0
265,1,146.0,3,1,149.2,0,6,11,4,12.25,0,0,6,10,3,11.66666667,0,0.6666666666666666,2,0.36363636363636365,0.0
266,1,146.0,4,1,140.0,0,8,8,7,14.82857143,0,0,8,8,7,14.82857143,0,0.875,1,0.875,0.0
267,1,154.0,38,38,133.4,0,6,7,5,11.4,0,0,6,8,5,12.8,0,0.8333333333333334,1,0.7142857142857143,0.0
268,1,137.0,37,37,126.2,0,6,6,6,13.0,0,0,6,8,6,12.5,0,1.0,0,1.0,0.0
269,1,151.0,1,1,127.8,0,8,8,7,13.67142857,0,0,8,8,7,13.67142857,0,0.875,1,0.875,0.0
270,39,150.0,37,38,150.0,0,6,9,6,12.66666667,0,0,6,8,5,12.8,0,1.0,0,0.6666666666666666,0.0
271,1,121.0,1,19,113.7,0,5,10,2,10.0,0,0,5,12,1,13.0,0,0.4,3,0.2,0.0
272,1,122.0,12,19,117.8,0,5,10,5,13.5,0,0,5,8,5,12.33333333,0,1.0,0,0.5,0.0
273,1,143.0,5,1,136.7,2,7,8,7,12.67,0,1,8,8,8,13.55,0,1.0,0,0.875,0.0
274,1,152.0,1,38,144.7,0,6,8,6,14.5,0,0,6,7,6,15.42857143,0,1.0,0,0.75,0.0
275,1,145.0,12,1,139.8,0,7,7,7,13.68571429,0,0,8,8,8,15.3875,0,1.0,0,1.0,0.0
276,1,120.0,37,38,113.7,0,6,8,5,11.0,0,0,6,10,3,10.66666667,0,0.8333333333333334,1,0.625,0.0
277,3,140.0,5,4,140.0,7,9,16,7,11.55555556,4,5,7,12,5,13.2,2,0.7777777777777778,2,0.4375,0.4444444444444444
278,1,143.0,19,19,142.3,0,7,7,7,13.79714286,0,0,8,8,8,13.775,0,1.0,0,1.0,0.0
279,1,129.0,19,19,119.6,0,7,8,7,14.00375,0,0,8,11,7,13.81285714,0,1.0,0,0.875,0.0
280,1,139.0,38,37,123.7,0,5,8,4,12.0,0,0,5,8,4,11.4,2,0.8,1,0.5,0.0
281,1,133.1,39,19,143.0,0,6,9,5,14.16666667,0,0,6,7,6,14.16666667,0,0.8333333333333334,1,0.5555555555555556,0.0
282,1,127.0,37,37,100.1,1,5,5,5,14.0,0,0,5,5,5,13.8,0,1.0,0,1.0,0.0
283,1,126.0,19,37,119.4,0,6,7,5,13.8,0,0,6,6,6,12.83333333,0,0.8333333333333334,1,0.7142857142857143,0.0
284,1,128.0,38,38,122.1,0,6,8,5,12.8,0,0,6,10,6,11.85714286,0,0.8333333333333334,1,0.625,0.0
285,12,100.0,1,1,100.0,0,6,6,6,12.16666667,0,0,6,6,6,13.83333333,0,1.0,0,1.0,0.0
286,1,123.0,4,37,113.9,0,6,8,6,12.5,0,0,6,6,6,12.33333333,0,1.0,0,0.75,0.0
287,15,170.0,34,1,101.0,0,6,9,4,12.0,0,0,6,12,4,11.5,0,0.6666666666666666,2,0.4444444444444444,0.0
288,1,117.0,3,1,111.8,0,6,8,6,10.83333333,0,0,6,9,6,11.5,0,1.0,0,0.75,0.0
289,1,140.0,3,3,140.0,0,8,8,8,13.385,0,0,8,8,8,13.385,0,1.0,0,1.0,0.0
290,1,123.0,19,19,124.4,0,6,14,6,15.66666667,0,0,6,9,6,14.5,0,1.0,0,0.42857142857142855,0.0
291,39,150.0,19,37,150.0,0,6,9,6,14.33333333,0,0,6,7,6,13.83333333,0,1.0,0,0.6666666666666666,0.0
292,39,140.0,37,37,140.0,0,6,10,6,11.42857143,0,0,6,12,5,13.0,0,1.0,0,0.6,0.0
293,1,123.0,19,19,116.0,0,6,9,6,11.66666667,0,0,6,8,6,11.66666667,0,1.0,0,0.6666666666666666,0.0
294,1,130.0,38,37,135.6,0,6,9,5,12.0,0,0,6,10,2,11.33333333,0,0.8333333333333334,1,0.5555555555555556,0.0
295,1,137.0,3,38,121.0,0,8,8,7,14.72571429,0,0,8,8,7,14.72571429,0,0.875,1,0.875,0.0
296,1,126.0,19,38,118.7,0,6,6,6,14.16666667,0,0,6,6,6,13.66666667,0,1.0,0,1.0,0.0
297,1,125.0,1,1,125.7,0,6,10,6,11.57142857,0,0,6,8,6,12.33333333,0,1.0,0,0.6,0.0
298,1,112.0,1,1,107.1,0,7,7,7,12.5,0,0,8,8,8,13.1375,0,1.0,0,1.0,0.0
299,1,141.0,19,38,125.5,0,8,10,8,12.86,2,0,8,10,8,12.86,2,1.0,0,0.8,0.25
300,1,135.0,38,38,127.0,0,6,10,6,12.25,0,0,6,9,6,13.71428571,0,1.0,0,0.6,0.0
301,1,117.0,38,37,113.5,0,5,7,4,12.0,0,0,5,5,5,12.2,0,0.8,1,0.5714285714285714,0.0
302,1,160.0,19,19,154.4,0,7,9,7,15.11666667,0,0,8,9,8,16.16888889,0,1.0,0,0.7777777777777778,0.0
303,1,136.0,19,19,122.0,0,5,6,2,12.5,0,0,5,6,4,10.25,0,0.4,3,0.3333333333333333,0.0
304,1,143.0,1,11,128.0,0,6,11,0,0.0,0,0,6,0,0,0.0,0,0.0,6,0.0,0.0
305,1,119.0,1,19,115.5,0,6,8,4,11.0,0,0,6,9,4,11.0,0,0.6666666666666666,2,0.5,0.0
306,1,120.0,1,19,117.2,0,6,8,6,11.875,0,0,6,11,4,14.6,0,1.0,0,0.75,0.0
307,3,150.0,3,1,150.0,1,5,6,1,11.0,0,0,5,5,0,0.0,0,0.2,4,0.16666666666666666,0.0
308,1,142.0,11,11,155.3,0,5,5,5,15.2,0,0,5,6,5,13.2,0,1.0,0,1.0,0.0
309,39,120.0,37,37,120.0,2,6,7,5,11.6,0,1,6,12,2,11.0,0,0.8333333333333334,1,0.7142857142857143,0.0
310,1,160.0,3,19,116.1,0,6,6,6,14.83333333,0,0,6,7,6,15.14285714,0,1.0,0,1.0,0.0
311,1,133.1,34,34,118.9,0,6,12,3,11.33333333,0,0,6,10,3,11.33333333,0,0.5,3,0.25,0.0
312,1,142.0,19,19,127.3,0,5,5,5,11.2,0,0,5,5,5,11.8,0,1.0,0,1.0,0.0
313,1,121.0,38,38,113.7,0,6,8,5,13.4,0,0,6,9,5,13.66666667,0,0.8333333333333334,1,0.625,0.0
314,1,135.0,1,1,118.5,0,5,12,2,10.5,0,0,5,5,0,0.0,0,0.4,3,0.16666666666666666,0.0
315,1,153.0,1,38,146.7,0,5,5,5,16.2,0,0,5,5,5,16.4,0,1.0,0,1.0,0.0
316,1,140.0,19,19,124.3,0,7,7,7,14.54285714,0,0,8,11,8,14.88181818,0,1.0,0,1.0,0.0
317,1,152.0,41,19,137.8,0,7,7,7,13.69428571,0,0,8,9,8,14.35555556,0,1.0,0,1.0,0.0
318,1,120.0,19,38,130.2,0,6,8,6,11.28571429,0,0,6,10,6,11.85714286,0,1.0,0,0.75,0.0
319,1,160.0,38,38,147.8,0,7,11,6,11.75714286,0,0,8,12,6,13.08333333,0,0.8571428571428571,1,0.5454545454545454,0.0
320,40,150.0,19,19,150.0,0,3,3,0,0.0,0,0,6,0,0,0.0,0,0.0,3,0.0,0.0
321,1,100.0,37,37,100.0,0,8,8,7,13.05857143,0,0,8,8,7,13.05857143,0,0.875,1,0.875,0.0
322,1,150.0,1,1,155.6,0,7,7,7,14.3,0,0,8,9,8,14.05555556,0,1.0,0,1.0,0.0
323,1,124.0,37,37,117.4,3,10,15,5,11.8,0,4,10,14,8,12.0,0,0.5,5,0.3333333333333333,0.0
324,1,141.0,1,19,128.8,0,5,9,3,10.33333333,1,0,5,8,3,13.0,0,0.6,2,0.3333333333333333,0.2
325,1,121.0,19,19,117.5,0,6,7,6,10.57142857,0,0,6,11,3,11.66666667,0,1.0,0,0.8571428571428571,0.0
326,6,134.0,1,37,120.4,0,7,7,6,13.33333333,0,0,7,7,6,13.33333333,0,0.8571428571428571,1,0.8571428571428571,0.0
327,1,134.0,1,1,130.9,0,6,10,6,11.85714286,0,0,6,9,5,11.0,0,1.0,0,0.6,0.0
328,1,132.0,2,19,125.0,0,6,9,5,12.6,0,0,6,8,5,11.4,0,0.8333333333333334,1,0.5555555555555556,0.0
329,1,135.0,19,38,136.8,0,5,11,5,14.0,3,0,5,7,5,11.6,0,1.0,0,0.45454545454545453,0.6
330,1,123.0,1,38,121.6,0,7,12,5,12.0,0,0,7,9,6,12.66666667,0,0.7142857142857143,2,0.4166666666666667,0.0
331,39,151.0,19,37,151.0,0,5,6,0,0.0,0,0,5,5,0,0.0,0,0.0,5,0.0,0.0
332,1,107.0,38,38,103.5,0,6,7,6,12.0,0,0,6,7,6,13.0,0,1.0,0,0.8571428571428571,0.0
333,1,126.0,37,38,119.4,0,6,6,6,12.66666667,0,0,6,6,6,11.66666667,0,1.0,0,1.0,0.0
334,1,133.0,34,37,134.4,0,6,6,6,12.16666667,0,0,6,9,6,13.66666667,0,1.0,0,1.0,0.0
335,39,140.0,38,37,143.0,3,6,6,6,13.33333333,0,2,6,6,6,14.66666667,0,1.0,0,1.0,0.0
336,40,110.0,41,3,110.0,0,7,8,7,15.0,0,0,7,7,7,14.57142857,0,1.0,0,0.875,0.0
337,1,141.0,38,38,132.5,0,8,8,8,13.39125,0,0,8,8,8,13.39125,0,1.0,0,1.0,0.0
338,1,122.0,3,1,114.7,0,6,9,5,12.16666667,0,0,6,8,6,12.42857143,0,0.8333333333333334,1,0.5555555555555556,0.0
339,1,156.0,2,9,166.9,0,5,9,4,11.25,0,0,5,6,4,12.5,0,0.8,1,0.4444444444444444,0.0
340,1,129.0,1,2,125.9,0,5,13,4,12.0,2,0,5,8,3,12.0,0,0.8,1,0.3076923076923077,0.4
341,1,188.0,3,3,178.3,0,0,0,0,0.0,0,0,0,0,0,0.0,0,0.0,0,0.0,0.0
342,1,120.0,37,37,117.0,0,6,7,6,12.83333333,0,0,6,8,6,12.85714286,0,1.0,0,0.8571428571428571,0.0
343,3,130.0,3,3,150.0,0,6,10,6,14.0,0,0,6,11,6,13.1,0,1.0,0,0.6,0.0
344,1,130.0,37,38,130.0,3,5,5,4,13.0,0,1,5,7,2,12.0,0,0.8,1,0.8,0.0
345,1,140.0,19,19,135.1,0,6,7,6,13.5,0,0,6,8,6,12.5,0,1.0,0,0.8571428571428571,0.0
346,1,110.0,37,37,110.0,10,16,24,13,10.69230769,1,9,13,19,9,12.30769231,0,0.8125,3,0.5416666666666666,0.0625
347,1,133.1,37,37,136.2,0,5,6,5,11.0,0,0,5,9,5,11.66666667,0,1.0,0,0.8333333333333334,0.0
348,1,120.0,37,37,116.0,0,6,8,6,13.0,0,0,6,6,6,13.83333333,0,1.0,0,0.75,0.0
349,1,96.0,3,1,100.0,0,6,10,5,12.0,0,0,6,9,4,11.25,0,0.8333333333333334,1,0.5,0.0
350,1,117.0,19,19,116.3,0,6,9,4,12.6,0,0,6,6,4,11.5,0,0.6666666666666666,2,0.4444444444444444,0.0
351,1,123.0,19,19,134.0,0,6,6,6,13.66666667,0,0,6,6,6,13.33333333,0,1.0,0,1.0,0.0
352,1,127.0,1,1,124.2,0,0,0,0,0.0,0,0,0,0,0,0.0,0,0.0,0,0.0,0.0
353,1,151.0,37,38,134.5,0,7,7,6,14.2,0,0,7,7,6,14.2,0,0.8571428571428571,1,0.8571428571428571,0.0
354,1,127.0,19,19,120.7,0,6,10,5,11.0,0,0,6,12,0,0.0,0,0.8333333333333334,1,0.5,0.0
355,1,133.0,19,1,127.1,0,6,7,6,15.0,0,0,6,7,6,16.42857143,0,1.0,0,0.8571428571428571,0.0
356,19,133.1,38,37,133.0,0,7,9,6,12.58571429,0,0,8,9,7,13.44285714,0,0.8571428571428571,1,0.6666666666666666,0.0
357,1,133.1,37,37,128.2,0,5,0,0,0.0,0,0,5,0,0,0.0,0,0.0,5,0.0,0.0
358,1,133.1,37,37,130.0,0,6,6,0,0.0,0,0,6,6,0,0.0,0,0.0,6,0.0,0.0
359,43,160.0,3,39,172.0,0,6,0,0,0.0,0,0,6,0,0,0.0,0,0.0,6,0.0,0.0
360,1,140.0,19,38,128.5,0,6,7,6,11.66666667,0,0,6,10,6,11.83333333,0,1.0,0,0.8571428571428571,0.0
361,1,146.0,37,38,128.5,0,6,13,3,12.66666667,0,0,6,12,2,10.0,0,0.5,3,0.23076923076923078,0.0
362,1,112.0,19,38,112.0,0,5,10,3,10.33333333,0,0,5,9,4,11.0,2,0.6,2,0.3,0.0
363,42,140.0,19,37,142.5,7,11,18,8,13.5,0,4,9,16,7,13.71428571,0,0.7272727272727273,3,0.4444444444444444,0.0
364,1,136.0,1,1,133.0,0,7,8,5,13.98,0,0,7,8,5,13.98,0,0.7142857142857143,2,0.625,0.0
365,1,133.1,37,38,106.0,0,6,13,6,16.15384615,0,0,6,10,6,15.75,0,1.0,0,0.46153846153846156,0.0
366,1,136.0,19,38,125.5,0,7,7,6,14.03333333,0,0,7,7,6,14.03333333,0,0.8571428571428571,1,0.8571428571428571,0.0
367,1,134.0,19,37,131.2,0,5,8,1,11.0,0,0,5,6,5,11.2,0,0.2,4,0.125,0.0
368,1,122.0,38,37,112.9,0,7,8,7,13.85714286,0,0,7,8,6,13.66666667,0,1.0,0,0.875,0.0
369,1,138.0,19,19,124.8,0,8,8,7,13.41428571,0,0,8,8,7,13.41428571,0,0.875,1,0.875,0.0
370,1,160.0,37,39,140.9,7,11,11,11,13.54545455,0,3,7,7,7,13.57142857,0,1.0,0,1.0,0.0
371,1,130.0,38,19,148.0,0,5,11,4,11.25,0,0,5,10,4,10.83333333,0,0.8,1,0.36363636363636365,0.0
372,1,161.0,1,19,148.4,0,6,6,6,13.83333333,0,0,6,7,6,14.42857143,0,1.0,0,1.0,0.0
373,1,140.0,1,37,129.7,0,5,8,5,12.0,0,0,5,9,5,12.85714286,0,1.0,0,0.625,0.0
374,19,133.1,38,38,128.2,0,6,0,0,0.0,0,0,6,0,0,0.0,0,0.0,6,0.0,0.0
375,19,133.1,37,37,104.0,5,11,14,10,11.9,0,5,11,14,10,12.8,0,0.9090909090909091,1,0.7142857142857143,0.0
376,1,130.0,37,37,119.9,0,5,5,0,0.0,0,0,5,0,0,0.0,0,0.0,5,0.0,0.0
377,1,152.0,1,1,141.0,0,7,7,7,15.13571429,0,0,8,8,8,15.2875,0,1.0,0,1.0,0.0
378,1,125.0,3,3,116.6,0,7,7,7,12.28571429,0,0,7,8,6,13.33333333,0,1.0,0,1.0,0.0
379,39,140.0,37,38,140.0,2,6,16,5,12.66666667,0,1,6,15,2,13.5,0,0.8333333333333334,1,0.3125,0.0
380,19,133.1,38,19,140.0,0,7,13,5,12.74,0,0,8,12,6,10.97857143,0,0.7142857142857143,2,0.38461538461538464,0.0
381,1,170.0,19,37,100.0,0,7,8,6,13.25,0,0,8,8,8,13.75,0,0.8571428571428571,1,0.75,0.0
382,1,135.0,38,38,121.0,0,6,13,3,10.33333333,0,0,6,12,3,10.33333333,0,0.5,3,0.23076923076923078,0.0
383,1,125.0,19,19,117.0,0,6,7,6,13.42857143,0,0,6,6,6,13.16666667,0,1.0,0,0.8571428571428571,0.0
384,42,140.0,3,4,140.2,6,11,19,9,12.55555556,0,3,9,14,8,11.11111111,0,0.8181818181818182,2,0.47368421052631576,0.0
385,1,124.0,34,34,129.3,0,6,8,6,11.5,0,0,6,7,6,11.16666667,0,1.0,0,0.75,0.0
386,1,140.0,37,37,145.3,0,6,6,6,13.66666667,0,0,6,9,6,12.33333333,0,1.0,0,1.0,0.0
387,3,130.0,37,37,146.2,10,14,16,11,11.27272727,0,6,11,16,10,12.0,0,0.7857142857142857,3,0.6875,0.0
388,1,134.0,1,19,122.5,0,6,10,5,13.16666667,0,0,6,8,5,12.4,0,0.8333333333333334,1,0.5,0.0
389,39,160.0,37,37,156.1,3,6,6,6,14.66666667,0,2,6,6,6,14.16666667,0,1.0,0,1.0,0.0
390,39,140.0,4,38,140.0,0,6,11,4,12.75,0,0,6,19,1,11.0,0,0.6666666666666666,2,0.36363636363636365,0.0
391,1,150.0,1,19,140.0,0,7,11,5,11.2,0,0,8,13,5,12.14,0,0.7142857142857143,2,0.45454545454545453,0.0
392,1,141.0,30,37,128.4,0,6,8,5,13.0,0,0,6,8,5,11.4,0,0.8333333333333334,1,0.625,0.0
393,1,120.0,1,1,115.0,0,5,8,2,10.5,0,0,5,8,2,12.33333333,0,0.4,3,0.25,0.0
394,1,166.0,1,19,158.7,0,6,7,6,14.85714286,0,0,6,7,6,14.0,0,1.0,0,0.8571428571428571,0.0
395,1,147.0,1,1,124.5,0,8,11,7,12.86,0,0,8,11,7,12.86,0,0.875,1,0.6363636363636364,0.0
396,1,121.0,3,19,111.9,5,11,12,11,11.72727273,0,5,11,14,11,12.0,0,1.0,0,0.9166666666666666,0.0
397,39,150.0,38,37,150.0,3,6,11,6,13.14285714,0,2,6,10,3,12.0,0,1.0,0,0.5454545454545454,0.0
398,1,124.0,37,19,114.2,0,6,6,5,11.8,0,0,6,9,4,13.71428571,0,0.8333333333333334,1,0.8333333333333334,0.0
399,1,96.0,38,37,96.0,0,5,10,3,10.66666667,0,0,5,9,0,0.0,3,0.6,2,0.3,0.0
400,1,125.0,1,3,128.9,0,6,9,5,11.6,0,0,6,8,4,11.2,0,0.8333333333333334,1,0.5555555555555556,0.0
401,1,136.0,37,37,121.7,0,6,13,3,10.33333333,0,0,6,12,3,10.33333333,0,0.5,3,0.23076923076923078,0.0
402,1,120.0,38,37,114.8,0,6,11,4,12.25,0,0,6,11,3,11.0,0,0.6666666666666666,2,0.36363636363636365,0.0
403,1,128.0,19,38,127.0,0,6,6,6,12.0,0,0,6,7,4,12.75,0,1.0,0,1.0,0.0
404,1,142.0,37,37,131.3,0,8,8,7,14.73142857,0,0,8,8,7,14.73142857,0,0.875,1,0.875,0.0
405,1,135.0,1,19,137.1,0,0,0,0,0.0,0,0,0,0,0,0.0,0,0.0,0,0.0,0.0
406,40,120.0,1,19,120.0,9,13,14,13,13.61538462,1,6,12,12,12,14.25,0,1.0,0,0.9285714285714286,0.07692307692307693
407,40,140.0,1,19,139.0,0,5,5,5,15.8,0,0,5,5,5,14.8,0,1.0,0,1.0,0.0
408,1,135.0,1,19,129.1,0,6,6,6,14.66666667,0,0,6,7,6,14.57142857,0,1.0,0,1.0,0.0
409,1,133.1,34,34,128.2,0,5,5,0,0.0,0,0,5,5,0,0.0,0,0.0,5,0.0,0.0
410,1,137.0,19,19,120.8,0,8,8,7,14.65428571,0,0,8,8,7,14.65428571,0,0.875,1,0.875,0.0
411,3,122.0,19,1,135.8,0,8,8,7,12.40142857,0,0,8,8,7,12.40142857,0,0.875,1,0.875,0.0
412,1,128.0,1,1,118.9,0,7,8,7,11.5875,0,0,8,9,7,14.07142857,0,1.0,0,0.875,0.0
413,40,140.0,37,37,140.0,3,5,5,5,14.0,0,1,5,5,5,15.6,0,1.0,0,1.0,0.0
414,1,132.0,1,38,127.1,0,6,9,6,12.33333333,0,0,6,6,6,11.83333333,0,1.0,0,0.6666666666666666,0.0
415,1,131.0,37,37,137.0,0,5,5,5,14.0,0,0,5,6,5,15.4,0,1.0,0,1.0,0.0
416,1,126.0,1,1,127.4,0,6,13,6,15.23076923,0,0,6,10,6,12.375,0,1.0,0,0.46153846153846156,0.0
417,1,133.1,19,19,97.0,0,6,9,5,11.6,0,0,6,9,3,11.0,0,0.8333333333333334,1,0.5555555555555556,0.0
418,1,136.0,37,37,126.3,0,7,7,6,11.6,0,0,7,7,6,11.6,0,0.8571428571428571,1,0.8571428571428571,0.0
419,1,140.0,1,19,127.5,0,7,0,0,0.0,0,0,8,0,0,0.0,0,0.0,7,0.0,0.0
420,1,135.0,2,1,126.6,0,7,7,7,12.90142857,0,0,8,9,8,13.09444444,0,1.0,0,1.0,0.0
421,1,160.0,1,2,120.0,4,7,9,7,14.14285714,0,1,5,5,5,14.8,0,1.0,0,0.7777777777777778,0.0
422,39,140.0,1,2,140.0,0,6,0,0,0.0,0,0,6,0,0,0.0,0,0.0,6,0.0,0.0
423,1,140.0,3,1,131.5,0,8,8,8,13.25375,0,0,8,8,8,13.25375,0,1.0,0,1.0,0.0
424,1,115.0,19,2,112.2,0,7,7,7,13.78571429,0,0,8,8,8,14.1,0,1.0,0,1.0,0.0
425,1,144.0,37,37,150.5,0,7,7,6,13.91666667,0,0,7,7,6,13.91666667,0,0.8571428571428571,1,0.8571428571428571,0.0
426,1,128.0,38,38,121.0,0,6,8,6,13.5,0,0,6,9,6,13.57142857,0,1.0,0,0.75,0.0
427,1,116.0,38,2,112.2,0,5,8,3,11.33333333,0,0,5,12,2,10.66666667,0,0.6,2,0.375,0.0
428,1,135.0,19,1,129.4,0,5,8,0,0.0,4,0,5,12,0,0.0,4,0.0,5,0.0,0.8
429,1,121.0,19,38,114.4,0,6,10,5,11.5,0,0,6,9,4,14.6,0,0.8333333333333334,1,0.5,0.0
430,1,134.0,37,38,120.3,0,8,8,7,12.08285714,0,0,8,8,7,12.08285714,0,0.875,1,0.875,0.0
431,1,120.0,37,37,120.0,0,6,8,6,11.83333333,0,0,6,10,5,12.8,0,1.0,0,0.75,0.0
432,1,125.0,38,38,114.5,0,5,6,5,13.4,0,0,5,5,5,12.4,0,1.0,0,0.8333333333333334,0.0
433,1,141.0,1,1,127.8,0,7,7,0,0.0,2,0,7,7,0,0.0,2,0.0,7,0.0,0.2857142857142857
434,1,140.0,1,19,124.6,0,6,7,5,14.2,0,0,6,7,6,14.57142857,0,0.8333333333333334,1,0.7142857142857143,0.0
435,1,144.0,19,19,130.3,0,8,8,7,13.81428571,0,0,8,8,7,13.81428571,0,0.875,1,0.875,0.0
436,1,122.0,19,19,118.2,0,6,10,4,11.25,0,0,6,6,6,10.5,0,0.6666666666666666,2,0.4,0.0
437,1,130.0,19,37,118.8,0,6,6,6,14.5,0,0,6,8,6,13.66666667,0,1.0,0,1.0,0.0
438,1,133.1,9,1,133.0,0,6,0,0,0.0,0,0,6,0,0,0.0,0,0.0,6,0.0,0.0
439,19,133.1,37,37,129.0,0,7,7,6,11.3,0,0,7,7,6,11.3,0,0.8571428571428571,1,0.8571428571428571,0.0
440,1,147.0,3,4,100.0,0,2,2,0,0.0,0,0,4,4,1,16.0,0,0.0,2,0.0,0.0
441,1,127.0,19,38,120.7,0,5,11,1,12.0,0,0,5,9,3,12.0,0,0.2,4,0.09090909090909091,0.0
442,1,136.0,19,38,132.5,0,8,9,7,12.3,0,0,8,9,7,12.3,0,0.875,1,0.7777777777777778,0.0
443,1,127.0,19,19,120.3,0,8,8,7,12.69428571,0,0,8,8,7,12.69428571,0,0.875,1,0.875,0.0
444,1,123.0,19,19,114.6,0,5,5,4,11.0,0,0,5,5,4,11.0,0,0.8,1,0.8,0.0
445,1,128.0,37,19,116.5,0,6,6,6,13.0,0,0,6,6,6,14.16666667,0,1.0,0,1.0,0.0
446,1,128.0,3,1,127.8,0,7,8,7,14.4125,0,0,8,8,8,16.05,0,1.0,0,0.875,0.0
447,1,140.0,1,19,129.9,0,7,8,7,12.92875,0,0,8,8,8,14.0625,0,1.0,0,0.875,0.0
448,1,121.0,1,19,118.9,0,6,6,6,13.33333333,0,0,6,10,5,12.8,0,1.0,0,1.0,0.0
449,1,122.0,19,38,114.3,0,6,8,5,12.8,0,0,6,9,5,12.8,0,0.8333333333333334,1,0.625,0.0
450,1,126.0,38,37,114.8,0,8,8,7,14.40285714,0,0,8,8,7,14.40285714,0,0.875,1,0.875,0.0
451,1,135.0,37,37,123.0,0,8,8,7,13.38142857,0,0,8,8,7,13.38142857,0,0.875,1,0.875,0.0
452,1,131.0,19,19,122.1,0,7,8,7,14.13125,0,0,8,8,8,13.98375,0,1.0,0,0.875,0.0
453,1,140.0,19,37,123.7,0,5,11,5,11.71428571,2,0,5,6,5,12.6,0,1.0,0,0.45454545454545453,0.4
454,1,131.0,19,38,132.4,0,5,5,5,11.8,0,0,5,8,4,11.25,0,1.0,0,1.0,0.0
455,1,130.0,34,34,114.8,0,6,9,6,11.16666667,0,1,6,15,2,11.0,1,1.0,0,0.6666666666666666,0.0
456,3,130.0,38,37,130.0,0,6,7,0,0.0,0,0,6,6,0,0.0,0,0.0,6,0.0,0.0
457,1,140.0,37,19,122.3,0,6,9,5,13.6,0,0,6,8,5,12.0,0,0.8333333333333334,1,0.5555555555555556,0.0
458,1,130.0,1,19,152.4,4,12,14,12,13.84615385,0,5,12,18,11,14.09090909,0,1.0,0,0.8571428571428571,0.0
459,1,125.0,37,37,120.1,0,6,7,6,12.5,0,0,6,8,6,13.33333333,0,1.0,0,0.8571428571428571,0.0
460,1,160.0,3,3,155.1,0,5,5,5,16.4,0,0,5,5,5,14.6,0,1.0,0,1.0,0.0
461,1,130.0,19,19,124.5,5,11,11,11,13.81818182,0,5,11,11,11,13.45454545,0,1.0,0,1.0,0.0
462,1,144.0,3,1,126.9,0,6,8,5,10.6,0,0,6,11,4,10.5,0,0.8333333333333334,1,0.625,0.0
463,19,133.1,3,1,153.2,0,5,8,5,10.2,0,0,5,6,5,12.2,0,1.0,0,0.625,0.0
464,1,148.0,1,1,129.8,0,6,11,5,10.6,0,0,6,11,4,10.4,0,0.8333333333333334,1,0.45454545454545453,0.0
465,1,133.1,3,3,135.0,7,10,10,9,11.44444444,0,4,11,11,5,10.8,0,0.9,1,0.9,0.0
466,1,133.0,1,38,131.3,0,6,9,5,14.33333333,0,4,8,8,8,12.625,0,0.8333333333333334,1,0.5555555555555556,0.0
467,1,129.0,34,34,125.2,15,16,18,16,13.0,0,11,13,15,13,13.26666667,0,1.0,0,0.8888888888888888,0.0
468,1,144.0,19,38,141.3,0,8,9,8,13.31,1,0,8,9,8,13.31,1,1.0,0,0.8888888888888888,0.125
469,1,120.0,37,37,117.1,0,6,10,5,10.57142857,1,0,6,9,5,12.2,0,0.8333333333333334,1,0.5,0.16666666666666666
470,1,144.0,1,37,126.5,0,8,8,7,13.48714286,0,0,8,8,7,13.48714286,0,0.875,1,0.875,0.0
471,1,132.0,19,38,120.1,0,6,6,6,12.33333333,0,0,6,7,6,11.83333333,0,1.0,0,1.0,0.0
472,1,142.0,38,19,128.4,0,6,11,6,11.875,0,0,6,9,5,12.83333333,0,1.0,0,0.5454545454545454,0.0
473,1,136.0,19,19,140.0,0,7,7,6,13.96666667,0,0,7,7,6,13.96666667,0,0.8571428571428571,1,0.8571428571428571,0.0
474,9,133.1,34,34,110.0,0,5,10,0,0.0,0,0,5,10,0,0.0,0,0.0,5,0.0,0.0
475,1,122.0,1,19,116.8,0,5,8,4,11.5,0,0,5,5,5,12.8,0,0.8,1,0.5,0.0
476,1,133.1,19,19,104.5,0,2,2,2,12.5,0,0,7,0,0,0.0,0,1.0,0,1.0,0.0
477,3,140.0,34,34,140.0,0,7,0,0,0.0,0,0,8,0,0,0.0,0,0.0,7,0.0,0.0
478,1,117.0,3,1,113.2,0,7,10,6,11.98,0,0,8,11,7,13.225,0,0.8571428571428571,1,0.6,0.0
479,1,128.0,38,19,118.6,0,6,8,5,13.2,0,0,6,7,5,11.8,0,0.8333333333333334,1,0.625,0.0
480,1,136.0,1,1,123.8,0,7,10,6,11.61428571,0,0,8,8,8,14.0375,0,0.8571428571428571,1,0.6,0.0
481,1,141.0,1,19,126.7,0,8,8,7,14.31428571,0,0,8,8,7,14.31428571,0,0.875,1,0.875,0.0
482,1,130.0,3,1,133.8,0,7,0,0,0.0,0,0,8,0,0,0.0,0,0.0,7,0.0,0.0
483,39,140.0,38,38,140.0,2,6,9,6,12.66666667,0,1,6,12,2,13.0,0,1.0,0,0.6666666666666666,0.0
484,1,102.0,1,19,100.6,0,7,9,6,12.76666667,0,0,8,10,7,12.12857143,0,0.8571428571428571,1,0.6666666666666666,0.0
485,1,126.0,1,37,132.7,0,6,7,6,12.66666667,0,0,6,7,5,12.2,0,1.0,0,0.8571428571428571,0.0
486,1,125.0,38,19,106.6,4,6,7,6,11.5,0,0,6,10,4,10.57142857,0,1.0,0,0.8571428571428571,0.0
487,1,120.0,1,19,140.4,2,6,13,5,11.4,0,0,6,14,4,11.75,0,0.8333333333333334,1,0.38461538461538464,0.0
488,1,132.0,37,37,128.3,0,7,8,7,14.70625,0,0,8,8,8,14.4775,0,1.0,0,0.875,0.0
489,1,128.0,38,38,118.6,0,7,9,6,11.81428571,0,0,8,8,7,13.54285714,0,0.8571428571428571,1,0.6666666666666666,0.0
490,1,115.0,19,1,123.4,1,6,8,6,13.0,1,0,6,8,6,11.875,0,1.0,0,0.75,0.16666666666666666
491,1,125.0,37,37,124.0,0,6,7,6,14.85714286,0,0,6,6,6,13.33333333,0,1.0,0,0.8571428571428571,0.0
492,1,137.0,1,3,121.3,0,7,7,6,12.6,0,0,7,7,6,12.6,0,0.8571428571428571,1,0.8571428571428571,0.0
493,1,101.0,37,37,101.0,0,6,9,5,13.33333333,0,0,6,17,4,11.4,0,0.8333333333333334,1,0.5555555555555556,0.0
494,1,126.0,3,1,116.9,0,7,10,6,10.66666667,0,0,7,12,6,12.83333333,0,0.8571428571428571,1,0.6,0.0
495,3,130.0,19,37,130.0,1,5,6,2,11.5,0,0,5,5,1,11.0,0,0.4,3,0.3333333333333333,0.0
496,19,100.0,37,38,120.0,0,7,9,1,10.0,0,0,7,0,0,0.0,0,0.14285714285714285,6,0.1111111111111111,0.0
497,1,122.0,1,19,130.4,0,6,10,5,11.8,0,0,6,10,5,12.2,0,0.8333333333333334,1,0.5,0.0
498,1,126.0,19,38,118.7,0,6,7,5,11.8,0,0,6,6,6,12.66666667,0,0.8333333333333334,1,0.7142857142857143,0.0
499,1,128.0,38,38,131.5,0,8,8,8,12.77125,0,0,8,8,8,12.77125,0,1.0,0,1.0,0.0
500,1,134.0,37,38,120.4,0,5,13,3,11.33333333,2,0,5,8,5,12.6,0,0.6,2,0.23076923076923078,0.4
501,1,128.0,38,38,129.1,0,6,6,6,12.66666667,0,0,6,7,5,14.6,0,1.0,0,1.0,0.0
502,1,125.0,1,1,132.0,1,6,10,5,12.2,1,0,6,11,4,10.83333333,0,0.8333333333333334,1,0.5,0.16666666666666666
503,3,130.0,3,3,130.0,0,5,9,1,12.0,1,0,4,10,0,0.0,4,0.2,4,0.1111111111111111,0.2
504,1,135.0,37,1,132.8,0,8,12,7,11.72142857,0,0,8,12,7,11.72142857,0,0.875,1,0.5833333333333334,0.0
505,19,133.1,37,38,143.7,0,7,12,4,14.0,0,0,7,14,3,12.525,0,0.5714285714285714,3,0.3333333333333333,0.0
506,1,140.0,3,1,152.8,0,7,9,7,14.75,0,0,7,12,5,13.8,3,1.0,0,0.7777777777777778,0.0
507,1,138.0,19,1,133.5,0,6,6,6,12.66666667,0,0,6,6,6,13.66666667,0,1.0,0,1.0,0.0
508,1,150.0,5,5,146.2,0,5,12,4,13.0,2,0,5,6,5,14.0,0,0.8,1,0.3333333333333333,0.4
509,1,125.0,1,19,115.2,0,5,6,0,0.0,0,0,5,5,0,0.0,0,0.0,5,0.0,0.0
510,1,121.0,4,1,120.7,0,6,8,4,10.75,0,0,6,9,0,0.0,0,0.6666666666666666,2,0.5,0.0
511,1,120.0,34,34,101.8,0,5,5,0,0.0,0,0,5,10,0,0.0,0,0.0,5,0.0,0.0
512,1,140.0,34,34,100.0,0,5,6,4,12.5,0,0,5,7,4,11.75,0,0.8,1,0.6666666666666666,0.0
513,1,100.0,37,19,121.9,0,4,4,0,0.0,0,0,5,0,0,0.0,0,0.0,4,0.0,0.0
514,1,140.0,37,37,120.4,0,5,5,0,0.0,0,0,4,4,0,0.0,0,0.0,5,0.0,0.0
515,1,140.0,37,37,120.4,0,6,0,0,0.0,0,0,6,0,0,0.0,0,0.0,6,0.0,0.0
516,1,120.0,37,19,148.8,0,6,7,6,12.5,0,0,6,15,5,12.4,0,1.0,0,0.8571428571428571,0.0
517,1,138.0,1,1,123.0,0,6,10,5,12.8,0,0,6,9,3,11.66666667,0,0.8333333333333334,1,0.5,0.0
518,19,133.1,34,34,100.0,0,6,11,1,10.0,0,0,6,11,1,11.0,0,0.16666666666666666,5,0.09090909090909091,0.0
519,1,118.0,37,37,112.1,0,6,11,4,11.25,0,0,6,10,5,10.2,0,0.6666666666666666,2,0.36363636363636365,0.0
520,1,135.0,37,1,126.8,0,8,8,7,12.61,0,0,8,8,7,12.61,0,0.875,1,0.875,0.0
521,1,130.0,3,19,115.9,0,5,14,2,12.0,2,0,5,6,5,12.6,0,0.4,3,0.14285714285714285,0.4
522,1,150.0,3,37,132.5,0,6,9,5,13.0,0,0,6,7,6,13.5,0,0.8333333333333334,1,0.5555555555555556,0.0
523,1,149.0,1,1,132.2,0,5,9,4,12.0,0,0,5,8,5,13.0,0,0.8,1,0.4444444444444444,0.0
524,1,180.0,5,3,183.5,0,7,8,4,12.0,0,0,8,8,0,0.0,0,0.5714285714285714,3,0.5,0.0
525,1,133.1,1,1,136.0,0,5,12,1,12.0,0,0,5,9,1,11.0,4,0.2,4,0.08333333333333333,0.0
526,19,133.1,19,19,100.9,0,5,9,1,12.0,0,0,5,6,3,10.5,0,0.2,4,0.1111111111111111,0.0
527,1,145.0,3,1,114.5,0,0,0,0,0.0,0,0,0,0,0,0.0,0,0.0,0,0.0,0.0
528,1,110.0,37,37,110.3,0,5,5,0,0.0,0,0,5,9,0,0.0,0,0.0,5,0.0,0.0
529,1,154.0,3,3,137.2,0,6,11,5,13.625,0,0,6,9,4,11.75,0,0.8333333333333334,1,0.45454545454545453,0.0
530,1,126.0,37,37,116.9,0,5,12,3,11.66666667,0,0,5,10,3,11.66666667,0,0.6,2,0.25,0.0
531,1,133.0,19,37,121.8,0,6,0,0,0.0,0,0,6,0,0,0.0,0,0.0,6,0.0,0.0
532,1,145.0,4,2,127.3,0,8,8,7,11.69,0,0,8,8,7,11.69,0,0.875,1,0.875,0.0
533,39,120.0,1,19,120.0,0,6,11,0,0.0,6,0,6,12,0,0.0,12,0.0,6,0.0,1.0
534,39,150.0,4,4,150.0,0,0,0,0,0.0,0,0,0,0,0,0.0,0,0.0,0,0.0,0.0
535,1,150.0,3,3,100.0,0,5,10,4,11.5,0,0,5,11,5,11.28571429,0,0.8,1,0.4,0.0
536,1,150.0,3,3,150.0,0,5,10,1,14.0,0,0,5,0,0,0.0,0,0.2,4,0.1,0.0
537,1,127.0,3,19,116.9,0,6,7,5,11.0,0,0,6,7,5,12.4,0,0.8333333333333334,1,0.7142857142857143,0.0
538,39,140.0,19,38,140.0,0,6,7,6,12.85714286,0,0,6,6,6,13.16666667,0,1.0,0,0.8571428571428571,0.0
539,1,128.0,19,1,122.1,0,6,9,4,12.5,0,0,6,6,6,11.33333333,0,0.6666666666666666,2,0.4444444444444444,0.0
540,1,127.0,19,19,160.0,0,7,7,7,14.52857143,0,0,8,11,8,15.01818182,0,1.0,0,1.0,0.0
541,1,117.0,19,19,118.4,0,5,8,5,10.0,0,0,5,10,2,12.0,0,1.0,0,0.625,0.0
542,39,150.0,1,19,150.0,0,6,8,6,13.0,0,0,6,10,6,12.625,0,1.0,0,0.75,0.0
543,1,154.0,1,1,144.9,0,7,7,7,15.95714286,0,0,8,9,8,15.18888889,0,1.0,0,1.0,0.0
544,1,127.0,19,1,121.1,0,5,6,5,13.2,0,0,5,8,5,12.6,0,1.0,0,0.8333333333333334,0.0
545,1,133.0,19,1,121.8,0,5,9,4,10.2,0,0,5,6,3,11.0,0,0.8,1,0.4444444444444444,0.0
546,40,120.0,1,1,146.8,2,5,6,5,14.2,0,1,5,5,2,13.5,0,1.0,0,0.8333333333333334,0.0
547,1,133.1,38,19,138.0,0,6,8,6,12.625,0,0,6,11,2,14.5,0,1.0,0,0.75,0.0
548,1,149.0,37,37,138.0,0,8,11,6,13.49666667,1,0,8,11,6,13.49666667,1,0.75,2,0.5454545454545454,0.125
549,1,125.0,19,38,116.3,0,5,8,5,13.25,0,0,5,8,5,11.0,0,1.0,0,0.625,0.0
550,1,126.0,12,19,122.5,0,5,12,3,12.0,0,0,5,10,3,12.0,0,0.6,2,0.25,0.0
551,19,133.1,19,1,115.0,0,6,10,4,13.0,0,0,6,9,4,13.75,0,0.6666666666666666,2,0.4,0.0
552,1,115.0,12,12,115.0,5,11,12,9,11.77777778,0,3,8,11,3,13.66666667,0,0.8181818181818182,2,0.75,0.0
553,1,117.0,1,2,119.8,0,5,10,2,11.0,0,0,6,10,0,0.0,0,0.4,3,0.2,0.0
554,1,133.1,1,1,95.0,0,5,14,0,0.0,0,0,5,5,0,0.0,0,0.0,5,0.0,0.0
555,39,150.0,3,2,150.0,9,14,16,14,12.42857143,0,3,9,13,6,10.85714286,0,1.0,0,0.875,0.0
556,1,130.0,19,1,117.8,0,5,8,3,11.0,0,0,5,11,3,12.0,0,0.6,2,0.375,0.0
557,1,161.0,37,37,144.2,0,0,0,0,0.0,0,0,0,0,0,0.0,0,0.0,0,0.0,0.0
558,39,130.0,39,39,130.0,0,6,12,3,11.5,0,0,6,12,3,10.66666667,0,0.5,3,0.25,0.0
559,1,111.0,1,3,128.2,0,8,8,8,12.5075,0,0,8,8,8,12.5075,0,1.0,0,1.0,0.0
560,42,140.0,3,38,135.3,7,12,18,11,12.09090909,0,5,12,14,11,12.0,0,0.9166666666666666,1,0.6111111111111112,0.0
561,1,132.0,1,1,143.9,0,5,14,2,11.0,3,0,5,9,3,12.66666667,0,0.4,3,0.14285714285714285,0.6
562,1,139.0,1,1,140.7,0,5,13,1,10.0,0,0,5,8,2,11.33333333,0,0.2,4,0.07692307692307693,0.0
563,1,132.0,19,38,130.4,0,6,6,6,13.5,0,0,6,9,5,13.2,0,1.0,0,1.0,0.0
564,6,119.0,1,1,123.2,0,6,6,6,14.16666667,0,0,6,8,6,13.625,0,1.0,0,1.0,0.0
565,1,133.1,19,19,118.0,0,6,7,6,14.0,0,0,6,7,6,14.71428571,0,1.0,0,0.8571428571428571,0.0
566,19,133.1,4,1,120.0,0,3,4,0,0.0,0,0,3,5,0,0.0,0,0.0,3,0.0,0.0
567,1,129.0,34,36,118.9,0,5,9,3,11.66666667,0,0,5,10,3,11.33333333,4,0.6,2,0.3333333333333333,0.0
568,1,128.0,38,19,117.2,0,5,7,5,14.6,1,0,5,5,5,14.2,0,1.0,0,0.7142857142857143,0.2
569,1,120.0,3,4,120.0,0,6,10,5,13.0,0,0,6,13,5,11.5,0,0.8333333333333334,1,0.5,0.0
570,1,130.0,1,1,118.1,0,6,7,6,12.16666667,0,0,6,9,6,12.0,0,1.0,0,0.8571428571428571,0.0
571,1,130.0,38,37,124.8,0,5,9,0,0.0,0,0,5,5,1,12.0,0,0.0,5,0.0,0.0
572,1,111.0,19,3,106.5,0,5,10,3,10.5,0,0,5,11,3,10.8,0,0.6,2,0.3,0.0
573,1,121.0,3,19,116.8,0,5,14,3,12.4,0,0,5,8,5,10.83333333,0,0.6,2,0.21428571428571427,0.0
574,1,117.0,19,12,109.3,0,0,0,0,0.0,0,0,0,0,0,0.0,0,0.0,0,0.0,0.0
575,9,133.1,1,1,120.0,0,5,12,0,0.0,4,0,5,8,0,0.0,1,0.0,5,0.0,0.8
576,1,149.0,3,1,137.5,0,8,8,7,13.82857143,0,0,8,8,7,13.82857143,0,0.875,1,0.875,0.0
577,1,172.0,19,37,150.0,0,5,7,5,10.6,0,0,5,6,5,10.2,0,1.0,0,0.7142857142857143,0.0
578,1,134.0,37,37,120.4,0,6,7,6,11.5,0,0,6,6,6,11.66666667,0,1.0,0,0.8571428571428571,0.0
579,1,136.0,37,37,136.7,0,6,6,4,13.5,0,0,6,8,6,13.625,0,0.6666666666666666,2,0.6666666666666666,0.0
580,1,133.1,34,5,118.5,0,6,12,0,0.0,0,0,6,0,0,0.0,0,0.0,6,0.0,0.0
581,1,141.0,12,1,133.0,0,7,8,7,12.5375,0,0,8,9,7,12.61428571,0,1.0,0,0.875,0.0
582,1,141.0,1,19,128.8,0,6,6,6,14.83333333,0,0,6,8,6,13.28571429,0,1.0,0,1.0,0.0
583,1,148.0,37,38,133.0,0,5,10,4,12.0,0,0,5,9,4,12.8,0,0.8,1,0.4,0.0
584,1,102.0,37,37,102.0,0,6,8,5,11.8,0,0,6,8,5,11.6,0,0.8333333333333334,1,0.625,0.0
585,1,143.0,1,19,133.9,0,5,5,5,15.0,0,0,5,5,5,15.2,0,1.0,0,1.0,0.0
586,1,120.0,38,19,127.0,0,5,7,3,12.0,0,0,5,7,5,13.2,0,0.6,2,0.42857142857142855,0.0
587,1,121.0,38,38,120.4,0,6,6,6,12.83333333,0,0,6,7,6,12.28571429,0,1.0,0,1.0,0.0
588,1,122.0,37,37,124.5,0,6,12,6,11.66666667,0,0,6,14,3,12.0,0,1.0,0,0.5,0.0
589,1,122.0,37,1,123.9,0,7,9,7,12.1625,0,0,8,8,8,13.825,0,1.0,0,0.7777777777777778,0.0
590,1,123.0,19,1,117.8,0,6,6,6,13.83333333,0,0,6,11,6,14.55555556,0,1.0,0,1.0,0.0
591,1,133.0,3,19,126.7,0,7,12,4,12.45,0,0,7,11,5,11.7,0,0.5714285714285714,3,0.3333333333333333,0.0
592,39,110.0,37,1,110.0,2,6,9,6,12.125,0,2,6,7,6,13.57142857,0,1.0,0,0.6666666666666666,0.0
593,1,155.0,1,19,134.7,0,6,8,5,13.4,0,0,6,10,4,13.0,0,0.8333333333333334,1,0.625,0.0
594,1,119.0,37,37,113.2,0,6,8,6,13.33333333,0,0,6,8,5,14.0,0,1.0,0,0.75,0.0
595,3,120.0,37,37,141.0,10,15,15,11,11.45454545,0,9,13,16,11,11.54545455,0,0.7333333333333333,4,0.7333333333333333,0.0
596,1,133.1,38,12,111.5,0,6,10,4,12.0,0,0,6,14,3,10.0,0,0.6666666666666666,2,0.4,0.0
597,1,143.0,37,1,140.0,0,7,8,6,12.66666667,0,0,7,9,5,12.6,0,0.8571428571428571,1,0.75,0.0
598,1,149.0,19,37,134.3,0,6,7,6,12.66666667,0,0,6,9,6,13.77777778,0,1.0,0,0.8571428571428571,0.0
599,1,133.0,38,37,125.3,12,18,22,18,11.88888889,1,11,13,13,13,11.46153846,0,1.0,0,0.8181818181818182,0.05555555555555555
600,3,140.0,19,38,140.0,0,6,0,0,0.0,0,0,6,0,0,0.0,0,0.0,6,0.0,0.0
601,1,122.0,19,38,119.6,0,6,6,4,13.0,0,0,6,8,4,11.6,0,0.6666666666666666,2,0.6666666666666666,0.0
602,40,170.0,1,1,170.0,4,7,7,7,16.88571429,0,3,8,9,8,15.74444444,0,1.0,0,1.0,0.0
603,1,120.0,1,1,150.5,0,6,6,6,12.5,0,1,6,6,6,12.33333333,0,1.0,0,1.0,0.0
604,1,143.0,1,37,128.0,0,7,9,7,13.05555556,0,0,8,8,8,15.8125,0,1.0,0,0.7777777777777778,0.0
605,1,115.0,9,1,108.7,0,0,0,0,0.0,0,0,0,0,0,0.0,0,0.0,0,0.0,0.0
606,1,123.0,19,3,121.6,0,5,7,0,0.0,0,0,5,5,0,0.0,0,0.0,5,0.0,0.0
607,1,131.0,38,19,125.3,0,8,8,7,12.35571429,0,0,8,8,7,12.35571429,0,0.875,1,0.875,0.0
608,1,127.0,19,38,117.6,0,6,0,0,0.0,0,0,6,0,0,0.0,0,0.0,6,0.0,0.0
609,1,126.0,38,37,124.3,0,7,8,5,11.98,0,0,7,8,5,11.98,0,0.7142857142857143,2,0.625,0.0
610,1,112.0,37,37,106.1,0,7,7,7,13.85714286,0,0,7,8,7,12.57142857,0,1.0,0,1.0,0.0
611,1,150.0,1,37,139.9,0,6,9,5,13.0,0,0,6,6,6,14.16666667,0,0.8333333333333334,1,0.5555555555555556,0.0
612,1,116.0,1,1,110.8,0,6,6,6,12.83333333,0,0,6,10,6,11.16666667,0,1.0,0,1.0,0.0
613,1,118.0,1,19,118.0,0,5,11,4,11.0,0,0,5,7,5,13.2,0,0.8,1,0.36363636363636365,0.0
614,1,130.0,19,37,117.8,0,8,8,7,12.35714286,0,0,8,8,7,12.35714286,0,0.875,1,0.875,0.0
615,1,144.0,1,37,127.5,0,8,8,7,13.85714286,0,0,8,8,7,13.85714286,0,0.875,1,0.875,0.0
616,3,105.0,37,37,129.7,0,6,6,6,12.33333333,0,0,6,6,6,10.66666667,0,1.0,0,1.0,0.0
617,1,143.0,37,37,130.6,0,7,8,7,12.84714286,0,0,8,10,8,13.78888889,0,1.0,0,0.875,0.0
618,1,137.0,19,37,126.3,0,7,9,6,12.34,0,0,8,9,8,13.01875,0,0.8571428571428571,1,0.6666666666666666,0.0
619,39,140.0,3,1,140.0,0,6,10,5,12.66666667,0,0,6,19,4,11.75,0,0.8333333333333334,1,0.5,0.0
620,1,133.1,3,19,105.0,0,6,6,6,13.83333333,0,0,6,6,6,12.5,0,1.0,0,1.0,0.0
621,1,116.0,1,38,114.6,0,5,15,2,10.75,0,0,5,11,2,10.0,0,0.4,3,0.13333333333333333,0.0
622,1,117.0,38,38,114.6,0,6,11,4,13.25,0,0,6,10,4,10.25,0,0.6666666666666666,2,0.36363636363636365,0.0
623,1,137.0,38,37,131.0,0,8,8,8,13.73125,0,0,8,8,8,13.73125,0,1.0,0,1.0,0.0
624,1,116.0,38,37,109.0,0,6,6,6,13.33333333,0,0,6,8,3,12.66666667,0,1.0,0,1.0,0.0
625,1,133.1,19,19,132.0,0,6,8,5,12.0,0,0,6,9,5,10.8,0,0.8333333333333334,1,0.625,0.0
626,39,130.0,37,38,130.0,5,9,10,9,10.88888889,0,3,8,10,6,11.33333333,0,1.0,0,0.9,0.0
627,1,106.0,19,37,109.5,0,7,8,7,13.025,0,0,8,9,8,13.81111111,0,1.0,0,0.875,0.0
628,1,125.0,1,38,115.9,0,6,6,6,13.0,0,0,6,6,6,14.16666667,0,1.0,0,1.0,0.0
629,1,134.0,19,37,131.6,0,6,10,5,11.8,0,0,6,10,5,12.0,0,0.8333333333333334,1,0.5,0.0
630,1,133.1,19,37,120.0,0,8,8,7,12.04285714,0,0,8,8,7,12.04285714,0,0.875,1,0.875,0.0
631,1,117.0,1,38,109.7,0,6,9,5,12.2,0,0,6,10,4,13.0,0,0.8333333333333334,1,0.5555555555555556,0.0
632,1,136.0,1,19,136.4,0,7,8,7,12.8375,0,0,8,8,8,15.5,0,1.0,0,0.875,0.0
633,1,120.0,38,38,120.0,0,7,13,7,11.0,0,0,8,13,7,11.7,0,1.0,0,0.5384615384615384,0.0
634,1,135.0,37,37,132.6,0,6,7,6,13.5,0,0,6,9,5,14.0,0,1.0,0,0.8571428571428571,0.0
635,1,122.0,37,37,112.9,0,6,8,6,12.125,0,0,6,7,6,12.71428571,0,1.0,0,0.75,0.0
636,1,147.0,37,37,134.3,0,8,12,7,12.62857143,0,0,8,12,7,12.62857143,0,0.875,1,0.5833333333333334,0.0
637,1,120.0,38,1,123.2,0,5,9,3,10.66666667,0,0,5,7,4,11.4,0,0.6,2,0.3333333333333333,0.0
638,1,121.0,1,1,117.2,0,6,11,5,11.2,0,0,6,13,5,11.6,0,0.8333333333333334,1,0.45454545454545453,0.0
639,1,135.0,1,1,129.8,0,6,6,6,12.66666667,0,0,6,6,6,11.83333333,0,1.0,0,1.0,0.0
640,1,130.0,37,37,158.0,0,6,7,4,13.5,0,0,6,6,0,0.0,6,0.6666666666666666,2,0.5714285714285714,0.0
641,1,128.0,37,37,116.5,0,5,9,3,11.66666667,0,0,5,15,2,11.0,0,0.6,2,0.3333333333333333,0.0
642,1,129.0,37,38,121.0,0,5,8,2,10.5,0,0,5,7,3,12.33333333,0,0.4,3,0.25,0.0
643,1,143.0,37,38,133.8,0,8,8,8,14.26875,0,0,8,8,8,14.26875,0,1.0,0,1.0,0.0
644,1,108.0,38,38,115.0,0,6,0,0,0.0,0,0,6,0,0,0.0,0,0.0,6,0.0,0.0
645,1,130.0,19,37,131.8,0,5,8,2,10.5,0,0,5,11,3,13.33333333,0,0.4,3,0.25,0.0
646,1,135.0,37,1,121.0,0,6,11,5,11.2,0,0,6,15,1,10.0,0,0.8333333333333334,1,0.45454545454545453,0.0
647,3,140.0,19,19,152.4,0,5,5,5,12.0,0,0,5,6,5,14.83333333,0,1.0,0,1.0,0.0
648,1,120.0,1,19,110.2,0,7,9,7,12.22857143,0,1,8,10,8,13.2125,0,1.0,0,0.7777777777777778,0.0
649,1,117.0,1,38,113.5,0,5,6,4,11.5,0,0,5,5,4,10.75,0,0.8,1,0.6666666666666666,0.0
650,1,151.0,19,1,144.4,0,6,8,6,15.375,0,0,6,7,6,16.42857143,0,1.0,0,0.75,0.0
651,42,140.0,1,1,143.3,7,12,19,9,13.66666667,0,4,9,15,6,13.5,0,0.75,3,0.47368421052631576,0.0
652,19,133.1,1,5,100.0,0,8,11,7,12.61428571,0,0,8,11,7,12.61428571,0,0.875,1,0.6363636363636364,0.0
653,39,130.0,38,38,126.3,3,6,7,5,12.2,0,2,6,6,6,11.5,0,0.8333333333333334,1,0.7142857142857143,0.0
654,1,125.0,19,38,115.9,0,6,13,4,11.75,0,0,6,10,4,11.0,0,0.6666666666666666,2,0.3076923076923077,0.0
655,1,125.0,19,38,114.9,0,6,9,5,11.4,0,0,6,9,3,10.0,0,0.8333333333333334,1,0.5555555555555556,0.0
656,1,135.0,37,19,121.0,0,6,10,5,10.6,0,0,6,14,2,10.0,0,0.8333333333333334,1,0.5,0.0
657,1,121.0,1,38,112.3,14,16,16,13,10.92307692,0,13,13,13,11,11.45454545,0,0.8125,3,0.8125,0.0
658,1,141.0,1,19,127.0,0,6,6,5,12.4,0,0,6,9,5,12.4,0,0.8333333333333334,1,0.8333333333333334,0.0
659,1,130.0,19,19,120.0,0,6,6,0,0.0,0,0,6,6,0,0.0,0,0.0,6,0.0,0.0
660,39,180.0,1,3,180.0,0,6,6,6,15.83333333,0,0,6,8,6,15.5,0,1.0,0,1.0,0.0
661,1,117.0,19,19,117.4,0,7,12,5,11.8,0,0,7,9,6,11.70833333,0,0.7142857142857143,2,0.4166666666666667,0.0
662,1,127.0,1,19,115.8,0,6,7,6,12.57142857,0,0,6,6,6,13.66666667,0,1.0,0,0.8571428571428571,0.0
663,1,126.0,37,37,136.5,0,5,7,3,12.0,0,0,5,7,4,13.25,1,0.6,2,0.42857142857142855,0.0
664,1,143.0,3,3,129.0,0,7,8,7,13.3625,0,0,8,9,8,14.44444444,0,1.0,0,0.875,0.0
665,1,144.0,3,3,137.6,0,5,6,5,15.4,0,0,5,5,5,16.0,0,1.0,0,0.8333333333333334,0.0
666,1,126.0,37,38,129.5,0,6,9,5,12.2,0,0,6,9,4,11.75,0,0.8333333333333334,1,0.5555555555555556,0.0
667,39,140.0,38,38,129.1,6,11,11,11,12.81818182,0,6,11,11,11,13.54545455,0,1.0,0,1.0,0.0
668,1,148.0,1,19,130.2,0,7,0,0,0.0,0,0,8,0,0,0.0,0,0.0,7,0.0,0.0
669,1,100.0,19,37,134.3,12,17,21,17,13.39473684,0,11,17,19,17,13.55473684,0,1.0,0,0.8095238095238095,0.0
670,1,151.0,37,1,138.4,0,6,8,6,14.25,0,0,6,8,6,11.0,0,1.0,0,0.75,0.0
671,1,120.0,37,38,120.0,9,11,19,9,13.44444444,1,5,7,7,7,14.71428571,0,0.8181818181818182,2,0.47368421052631576,0.09090909090909091
672,1,135.0,1,19,123.5,0,7,8,7,12.28571429,0,0,8,10,8,11.7375,0,1.0,0,0.875,0.0
673,1,121.0,19,19,116.1,0,6,7,6,11.66666667,0,0,6,7,5,13.2,0,1.0,0,0.8571428571428571,0.0
674,1,116.0,38,38,110.8,0,6,8,6,12.16666667,0,0,6,6,6,13.5,0,1.0,0,0.75,0.0
675,1,147.0,37,37,142.8,0,6,11,2,10.0,0,0,6,15,2,11.0,0,0.3333333333333333,4,0.18181818181818182,0.0
676,1,160.0,1,19,155.5,0,6,6,6,14.0,0,0,6,6,6,15.0,0,1.0,0,1.0,0.0
677,1,133.0,37,19,126.7,0,6,9,5,11.83333333,0,0,6,6,4,12.0,0,0.8333333333333334,1,0.5555555555555556,0.0
678,19,100.0,37,37,163.5,0,6,7,1,15.0,0,0,5,12,0,0.0,0,0.16666666666666666,5,0.14285714285714285,0.0
679,1,151.0,3,3,161.9,0,0,0,0,0.0,0,0,0,0,0,0.0,0,0.0,0,0.0,0.0
680,1,124.0,19,38,123.3,0,6,7,6,10.83333333,0,0,6,6,6,10.66666667,0,1.0,0,0.8571428571428571,0.0
681,39,140.0,1,1,137.5,3,6,7,6,13.14285714,0,2,6,6,6,14.0,0,1.0,0,0.8571428571428571,0.0
682,1,170.0,1,1,166.6,2,5,8,5,14.4,1,0,5,6,5,14.0,0,1.0,0,0.625,0.2
683,19,133.1,37,37,103.5,0,6,0,0,0.0,0,0,6,0,0,0.0,0,0.0,6,0.0,0.0
684,19,133.1,37,37,110.0,6,12,17,7,12.0,0,3,12,19,9,11.22222222,0,0.5833333333333334,5,0.4117647058823529,0.0
685,1,100.0,37,37,128.2,6,10,13,9,12.2,0,4,10,12,10,12.8,0,0.9,1,0.6923076923076923,0.0
686,39,120.0,37,37,137.7,3,3,3,3,12.33333333,0,2,2,2,2,11.0,0,1.0,0,1.0,0.0
687,1,133.0,38,19,128.8,0,7,8,7,11.8375,0,0,8,9,8,12.48125,0,1.0,0,0.875,0.0
688,1,120.0,37,1,170.0,0,5,5,5,11.8,0,0,5,6,5,14.0,0,1.0,0,1.0,0.0
689,19,133.1,37,37,116.4,0,5,5,0,0.0,0,0,5,9,0,0.0,0,0.0,5,0.0,0.0
690,19,133.1,37,38,100.9,0,6,0,0,0.0,0,0,6,0,0,0.0,0,0.0,6,0.0,0.0
691,1,133.1,37,37,136.0,18,19,19,19,12.68421053,0,12,13,13,13,12.38461538,0,1.0,0,1.0,0.0
692,1,140.0,19,19,130.0,0,6,8,6,12.57142857,0,0,6,10,4,13.0,0,1.0,0,0.75,0.0
693,1,100.0,38,37,100.0,0,7,18,3,11.25,0,0,7,7,0,0.0,0,0.42857142857142855,4,0.16666666666666666,0.0
694,19,133.1,2,1,157.0,1,5,13,4,14.0,3,1,5,9,4,15.5,2,0.8,1,0.3076923076923077,0.6
695,1,143.0,3,1,152.1,0,5,15,4,13.33333333,0,0,5,6,2,13.5,0,0.8,1,0.26666666666666666,0.0
696,1,165.0,37,37,162.9,0,6,7,6,13.66666667,0,0,6,6,6,13.66666667,0,1.0,0,0.8571428571428571,0.0
697,1,154.0,3,1,137.2,0,6,12,3,10.0,0,0,6,9,5,10.8,0,0.5,3,0.25,0.0
698,39,140.0,1,38,140.0,0,6,12,5,12.6,0,0,6,11,6,11.71428571,0,0.8333333333333334,1,0.4166666666666667,0.0
699,1,140.0,37,38,146.5,0,5,10,3,17.33333333,0,0,5,11,1,17.0,0,0.6,2,0.3,0.0
700,39,130.0,2,2,130.0,2,6,10,5,13.2,0,1,6,21,3,12.0,0,0.8333333333333334,1,0.5,0.0
701,19,133.1,37,19,128.0,0,5,9,3,14.0,0,0,5,8,3,13.66666667,0,0.6,2,0.3333333333333333,0.0
702,4,190.0,5,5,190.0,4,4,4,4,13.875,0,1,1,1,1,12.5,0,1.0,0,1.0,0.0
703,1,120.0,37,37,133.2,0,5,5,0,0.0,0,0,5,5,0,0.0,0,0.0,5,0.0,0.0
704,12,100.0,37,37,124.3,3,9,9,9,13.11111111,0,3,7,7,7,14.85714286,0,1.0,0,1.0,0.0
705,1,120.0,37,37,138.1,0,5,8,5,13.0,0,0,5,11,4,13.33333333,2,1.0,0,0.625,0.0
706,1,133.1,19,1,144.3,6,10,10,10,12.5,0,3,7,7,7,12.14285714,0,1.0,0,1.0,0.0
707,1,150.0,37,37,140.0,17,18,18,18,14.11111111,0,11,13,13,13,14.23076923,0,1.0,0,1.0,0.0
708,1,120.0,1,19,148.3,6,11,11,11,14.72727273,0,6,9,9,9,15.77777778,0,1.0,0,1.0,0.0
709,1,133.1,37,11,96.0,0,6,6,0,0.0,0,0,5,6,0,0.0,0,0.0,6,0.0,0.0
710,19,133.1,38,38,121.7,0,5,5,0,0.0,0,0,5,5,0,0.0,0,0.0,5,0.0,0.0
711,1,100.0,37,37,160.0,0,5,5,0,0.0,0,0,5,5,0,0.0,0,0.0,5,0.0,0.0
712,1,133.1,37,37,110.3,0,5,7,4,13.5,0,0,5,6,5,11.6,0,0.8,1,0.5714285714285714,0.0
713,1,143.0,3,3,129.0,0,8,8,7,13.10571429,0,0,8,8,7,13.10571429,0,0.875,1,0.875,0.0
714,1,120.0,37,37,150.0,0,5,8,5,13.5,2,0,5,5,5,14.4,0,1.0,0,0.625,0.4
715,1,161.0,19,37,100.0,9,13,18,13,11.84615385,0,9,11,11,11,12.0,0,1.0,0,0.7222222222222222,0.0
716,9,133.1,34,36,107.5,0,5,5,0,0.0,0,0,5,5,0,0.0,0,0.0,5,0.0,0.0
717,1,140.0,2,1,170.0,0,6,11,3,14.33333333,0,0,6,6,0,0.0,0,0.5,3,0.2727272727272727,0.0
718,6,123.0,37,37,123.0,0,5,10,5,15.8,0,0,5,5,5,17.6,0,1.0,0,0.5,0.0
719,1,142.0,38,1,138.5,0,6,16,5,13.8,0,0,6,7,5,12.4,0,0.8333333333333334,1,0.3125,0.0
720,19,133.1,38,38,140.0,3,10,18,6,12.66666667,0,1,9,11,3,12.0,2,0.6,4,0.3333333333333333,0.0
721,1,115.0,19,1,113.6,0,6,10,6,13.0,0,0,6,9,6,12.0,0,1.0,0,0.6,0.0
722,1,156.0,19,38,170.0,0,0,0,0,0.0,0,0,0,0,0,0.0,0,0.0,0,0.0,0.0
723,1,140.0,37,37,115.5,0,6,6,1,11.0,0,0,6,0,0,0.0,0,0.16666666666666666,5,0.16666666666666666,0.0
724,3,130.0,37,26,130.0,0,5,9,0,0.0,4,0,5,9,0,0.0,3,0.0,5,0.0,0.8
725,3,140.0,37,38,140.0,4,7,7,7,15.2,0,6,8,8,8,16.575,0,1.0,0,1.0,0.0
726,1,140.0,12,5,126.6,2,6,7,6,14.42857143,0,1,7,8,7,14.375,0,1.0,0,0.8571428571428571,0.0
727,1,133.1,37,37,143.2,0,5,5,0,0.0,0,0,5,5,0,0.0,0,0.0,5,0.0,0.0
728,1,131.0,19,1,131.4,0,0,0,0,0.0,0,0,0,0,0,0.0,0,0.0,0,0.0,0.0
729,1,141.0,3,2,133.3,0,6,13,4,13.75,0,0,6,8,5,11.2,0,0.6666666666666666,2,0.3076923076923077,0.0
730,1,120.0,19,37,118.3,0,6,11,5,12.16666667,0,0,6,15,3,12.0,0,0.8333333333333334,1,0.45454545454545453,0.0
731,39,140.0,2,1,140.0,0,6,12,5,12.14285714,0,0,6,11,5,11.66666667,0,0.8333333333333334,1,0.4166666666666667,0.0
732,1,132.0,1,19,124.7,0,6,9,6,12.0,0,0,6,8,5,11.6,0,1.0,0,0.6666666666666666,0.0
733,1,130.0,19,37,140.0,0,5,10,3,11.66666667,1,0,5,7,4,12.75,0,0.6,2,0.3,0.2
734,1,140.0,37,37,150.0,0,6,9,0,0.0,0,0,6,6,0,0.0,0,0.0,6,0.0,0.0
735,1,110.0,3,3,115.6,0,6,10,6,11.875,0,0,6,8,5,12.0,0,1.0,0,0.6,0.0
736,1,140.0,3,37,116.9,6,11,15,7,11.28571429,0,5,7,10,6,12.33333333,0,0.6363636363636364,4,0.4666666666666667,0.0
737,1,130.0,37,37,123.4,0,6,17,2,10.0,0,0,6,15,3,11.33333333,0,0.3333333333333333,4,0.11764705882352941,0.0
738,1,137.0,1,3,146.5,6,12,13,11,12.0,0,4,11,15,10,11.18181818,0,0.9166666666666666,1,0.8461538461538461,0.0
739,1,158.0,1,19,117.1,1,7,7,6,13.83333333,0,1,6,7,5,13.0,0,0.8571428571428571,1,0.8571428571428571,0.0
740,1,124.0,19,19,113.9,0,6,0,0,0.0,0,0,6,0,0,0.0,0,0.0,6,0.0,0.0
741,1,136.0,3,3,128.7,0,6,7,6,14.42857143,0,0,6,6,6,12.5,0,1.0,0,0.8571428571428571,0.0
742,1,142.0,3,3,132.9,0,7,8,5,14.2,0,0,7,9,6,12.4,0,0.7142857142857143,2,0.625,0.0
743,1,150.0,1,19,123.0,0,5,8,4,11.5,0,0,5,9,3,10.33333333,0,0.8,1,0.5,0.0
744,12,120.0,1,1,129.8,0,6,7,5,13.0,0,0,6,6,6,15.0,0,0.8333333333333334,1,0.7142857142857143,0.0
745,1,149.0,1,1,156.1,0,6,6,0,0.0,0,0,6,8,0,0.0,0,0.0,6,0.0,0.0
746,39,130.0,1,19,120.0,0,6,12,3,11.33333333,0,0,6,13,2,11.0,0,0.5,3,0.25,0.0
747,1,110.0,38,38,117.2,13,18,45,18,12.5,12,10,13,26,12,11.42857143,6,1.0,0,0.4,0.6666666666666666
748,6,133.1,1,1,107.0,0,5,5,0,0.0,0,0,5,5,0,0.0,0,0.0,5,0.0,0.0
749,1,134.0,1,1,128.4,0,7,7,7,13.47142857,0,0,8,9,8,13.94444444,0,1.0,0,1.0,0.0
750,1,130.0,38,37,123.4,0,5,5,4,11.75,0,0,5,5,3,13.33333333,0,0.8,1,0.8,0.0
751,1,141.0,37,37,126.7,0,6,9,6,13.33333333,0,0,6,10,6,14.66666667,0,1.0,0,0.6666666666666666,0.0
752,1,123.0,37,37,123.0,0,8,8,8,13.105,0,0,8,8,8,13.105,0,1.0,0,1.0,0.0
753,19,133.1,19,37,137.2,0,5,5,0,0.0,0,0,5,6,0,0.0,0,0.0,5,0.0,0.0
754,1,122.0,37,37,125.9,0,6,6,6,15.5,0,0,6,7,6,12.16666667,0,1.0,0,1.0,0.0
755,1,132.0,1,19,138.0,0,0,0,0,0.0,0,0,0,0,0,0.0,0,0.0,0,0.0,0.0
756,1,133.1,1,1,128.2,0,6,6,4,11.25,0,0,6,7,3,12.33333333,0,0.6666666666666666,2,0.6666666666666666,0.0
757,1,130.0,37,2,126.5,10,15,24,12,11.0,0,10,14,21,11,11.36363636,1,0.8,3,0.5,0.0
758,1,111.0,1,1,112.4,0,6,10,6,12.33333333,0,0,6,9,4,13.0,0,1.0,0,0.6,0.0
759,1,133.1,37,37,109.0,4,9,18,8,11.375,2,0,5,11,5,11.8,0,0.8888888888888888,1,0.4444444444444444,0.2222222222222222
760,1,125.0,3,3,100.0,16,18,19,18,12.22222222,0,9,12,15,12,12.38461538,0,1.0,0,0.9473684210526315,0.0
761,1,137.0,3,19,144.7,0,0,0,0,0.0,0,0,0,0,0,0.0,0,0.0,0,0.0,0.0
762,19,100.0,37,37,120.0,5,9,11,9,12.0,0,3,7,8,6,12.0,0,1.0,0,0.8181818181818182,0.0
763,1,133.1,1,3,100.0,0,5,10,1,11.0,0,0,5,10,1,10.0,0,0.2,4,0.1,0.0
764,39,150.0,1,1,154.0,12,16,17,16,14.125,0,6,11,14,10,13.0,0,1.0,0,0.9411764705882353,0.0
765,1,120.0,38,38,111.3,0,5,8,5,10.2,0,0,5,7,5,11.2,0,1.0,0,0.625,0.0
766,39,150.0,1,1,150.0,0,5,7,4,12.0,1,0,5,6,4,12.4,0,0.8,1,0.5714285714285714,0.2
767,40,133.1,1,37,100.0,8,9,11,9,12.33333333,0,4,7,7,7,12.57142857,0,1.0,0,0.8181818181818182,0.0
768,1,133.1,37,37,162.5,4,9,9,9,14.33333333,0,2,7,7,7,13.85714286,0,1.0,0,1.0,0.0
769,1,132.0,19,19,134.1,0,6,6,6,15.16666667,0,0,6,9,6,14.0,0,1.0,0,1.0,0.0
770,1,134.0,1,1,133.0,0,6,8,6,15.14285714,0,0,6,8,6,15.14285714,0,1.0,0,0.75,0.0
771,1,126.0,1,19,119.0,0,6,0,0,0.0,0,0,6,0,0,0.0,0,0.0,6,0.0,0.0
772,1,136.0,1,19,131.1,0,7,9,6,13.41142857,0,0,8,12,7,13.29444444,0,0.8571428571428571,1,0.6666666666666666,0.0
773,1,129.0,38,1,129.4,0,6,7,6,12.33333333,0,0,6,7,6,12.16666667,0,1.0,0,0.8571428571428571,0.0
774,1,126.0,3,1,123.9,0,6,13,4,11.8,0,0,6,18,4,12.2,0,0.6666666666666666,2,0.3076923076923077,0.0
775,39,140.0,1,1,140.0,2,6,9,6,12.0,0,1,6,12,3,12.0,0,1.0,0,0.6666666666666666,0.0
776,1,162.0,2,1,162.0,0,6,7,6,15.0,0,0,6,8,6,15.625,0,1.0,0,0.8571428571428571,0.0
777,1,148.0,3,2,131.6,6,12,12,8,13.875,0,4,11,13,9,12.7,1,0.6666666666666666,4,0.6666666666666666,0.0
778,1,119.0,3,3,110.6,0,7,9,6,11.83333333,0,0,7,7,6,14.33333333,0,0.8571428571428571,1,0.6666666666666666,0.0
779,1,123.0,1,19,117.4,0,6,6,6,12.5,0,0,6,6,6,13.83333333,0,1.0,0,1.0,0.0
780,1,150.0,38,38,137.8,0,6,6,6,15.0,0,0,6,6,6,15.5,0,1.0,0,1.0,0.0
781,1,113.0,1,1,106.7,0,6,10,2,11.66666667,0,0,6,10,4,10.5,0,0.3333333333333333,4,0.2,0.0
782,1,152.0,19,37,156.9,0,7,10,7,14.668,0,0,8,8,8,14.63375,0,1.0,0,0.7,0.0
783,1,154.0,3,3,129.0,0,8,9,6,13.345,2,0,8,9,6,13.345,2,0.75,2,0.6666666666666666,0.25
784,1,130.0,1,34,124.8,0,6,7,5,12.8,0,0,6,6,6,12.33333333,0,0.8333333333333334,1,0.7142857142857143,0.0
785,1,121.0,1,1,115.1,0,6,10,6,10.83333333,0,0,6,7,6,12.14285714,0,1.0,0,0.6,0.0
786,1,153.0,3,3,146.7,0,6,6,6,13.66666667,0,0,6,6,5,14.0,0,1.0,0,1.0,0.0
787,1,148.0,3,1,132.8,0,8,8,7,14.53714286,0,0,8,8,7,14.53714286,0,0.875,1,0.875,0.0
788,1,143.0,37,37,159.1,0,5,5,5,14.4,0,0,5,5,5,14.0,0,1.0,0,1.0,0.0
789,1,147.0,19,1,137.6,0,0,0,0,0.0,0,0,0,0,0,0.0,0,0.0,0,0.0,0.0
790,1,138.0,1,19,124.0,0,6,6,6,13.16666667,0,0,6,6,6,13.83333333,0,1.0,0,1.0,0.0
791,1,120.0,3,3,149.0,0,6,15,2,11.5,0,0,7,9,0,0.0,0,0.3333333333333333,4,0.13333333333333333,0.0
792,1,145.0,1,40,129.6,0,6,7,6,11.33333333,0,0,6,7,6,12.42857143,0,1.0,0,0.8571428571428571,0.0
793,1,118.0,3,1,110.0,0,6,6,6,12.0,0,0,6,6,5,13.6,0,1.0,0,1.0,0.0
794,1,121.0,19,19,116.1,0,6,6,6,13.16666667,0,0,6,6,6,12.16666667,0,1.0,0,1.0,0.0
795,1,135.0,38,38,133.3,0,6,6,6,14.83333333,0,0,6,6,6,14.16666667,0,1.0,0,1.0,0.0
796,1,140.0,1,1,144.3,2,7,7,7,13.0,0,5,9,9,9,13.22222222,0,1.0,0,1.0,0.0
797,1,145.0,1,1,133.6,0,7,8,7,13.08714286,0,0,8,8,8,12.95,0,1.0,0,0.875,0.0
798,1,133.0,1,37,123.2,0,6,8,6,13.33333333,0,0,6,7,6,13.66666667,0,1.0,0,0.75,0.0
799,1,127.0,3,1,137.2,0,6,7,6,12.16666667,0,0,6,10,4,12.75,0,1.0,0,0.8571428571428571,0.0
800,42,130.0,40,19,130.0,0,6,8,6,11.0,0,0,6,10,4,12.0,0,1.0,0,0.75,0.0
801,1,117.0,19,1,110.0,0,6,0,0,0.0,0,0,6,0,0,0.0,0,0.0,6,0.0,0.0
802,1,125.0,19,19,118.0,0,5,7,5,13.6,0,0,5,6,5,12.2,0,1.0,0,0.7142857142857143,0.0
803,1,141.0,38,38,128.4,0,6,6,6,15.5,0,0,6,6,6,14.0,0,1.0,0,1.0,0.0
804,1,122.0,1,3,113.6,0,7,7,7,13.85714286,0,0,7,7,7,14.28571429,0,1.0,0,1.0,0.0
805,1,118.0,19,1,113.5,0,5,10,2,11.5,0,0,5,8,3,10.0,0,0.4,3,0.2,0.0
806,1,142.0,1,38,146.9,0,6,6,6,13.0,0,0,6,6,6,12.16666667,0,1.0,0,1.0,0.0
807,1,143.0,3,3,141.3,0,6,10,6,14.0,0,0,6,11,4,13.0,0,1.0,0,0.6,0.0
808,1,143.0,1,3,129.7,0,4,4,0,0.0,0,0,6,0,0,0.0,0,0.0,4,0.0,0.0
809,1,123.0,3,1,121.3,0,6,6,6,11.16666667,0,0,6,9,6,11.5,0,1.0,0,1.0,0.0
810,1,115.0,1,1,109.1,0,6,0,0,0.0,0,0,6,0,0,0.0,0,0.0,6,0.0,0.0
811,1,112.0,19,38,107.1,0,7,8,7,12.14285714,0,0,7,9,6,13.66666667,0,1.0,0,0.875,0.0
812,1,135.0,19,38,129.2,0,7,7,7,14.14571429,0,0,8,9,8,13.62777778,0,1.0,0,1.0,0.0
813,1,162.0,3,4,154.1,0,7,7,7,14.45,0,0,8,9,8,14.14444444,0,1.0,0,1.0,0.0
814,1,143.0,19,3,147.2,0,7,7,7,15.71428571,0,0,7,7,7,15.0,0,1.0,0,1.0,0.0
815,1,130.0,1,1,120.0,0,5,9,5,12.8,0,0,5,11,3,12.66666667,0,1.0,0,0.5555555555555556,0.0
816,1,136.0,1,37,130.8,0,6,6,6,12.5,0,0,6,8,6,11.5,0,1.0,0,1.0,0.0
817,1,125.0,1,1,120.8,0,6,6,6,14.5,0,0,6,6,6,12.83333333,0,1.0,0,1.0,0.0
818,1,132.0,19,37,125.4,0,7,7,7,13.46285714,0,0,8,10,7,13.16428571,0,1.0,0,1.0,0.0
819,1,123.0,34,37,121.3,0,6,6,6,12.83333333,0,0,6,6,6,12.83333333,0,1.0,0,1.0,0.0
820,1,142.0,19,19,127.0,0,5,10,5,12.0,0,0,5,8,4,11.6,0,1.0,0,0.5,0.0
821,1,147.0,12,19,151.6,0,0,0,0,0.0,0,0,0,0,0,0.0,0,0.0,0,0.0,0.0
822,1,140.0,1,19,131.6,0,7,9,6,14.71428571,0,1,7,16,6,13.2,0,0.8571428571428571,1,0.6666666666666666,0.0
823,1,133.1,19,19,106.0,0,6,7,6,12.57142857,0,0,6,7,6,13.28571429,0,1.0,0,0.8571428571428571,0.0
824,1,114.0,1,1,111.6,0,6,6,6,12.5,0,0,6,6,6,11.5,0,1.0,0,1.0,0.0
825,1,125.0,1,3,117.3,0,6,8,6,14.0,0,0,6,9,5,14.0,0,1.0,0,0.75,0.0
826,1,127.0,1,1,121.4,0,7,8,7,11.57142857,0,0,7,9,6,13.16666667,0,1.0,0,0.875,0.0
827,1,132.0,1,3,126.1,0,6,6,6,15.83333333,0,0,6,6,6,15.33333333,0,1.0,0,1.0,0.0
828,1,148.0,19,19,137.0,0,8,8,8,14.25,0,0,8,8,8,14.25,0,1.0,0,1.0,0.0
829,1,139.0,3,19,120.8,0,6,0,0,0.0,0,0,6,0,0,0.0,0,0.0,6,0.0,0.0
830,1,136.0,39,3,128.7,0,6,8,6,11.66666667,0,0,6,10,6,11.0,0,1.0,0,0.75,0.0
831,9,133.1,34,34,118.0,0,6,12,0,0.0,0,0,5,10,0,0.0,0,0.0,6,0.0,0.0
832,1,120.0,1,3,120.0,2,5,9,5,13.2,2,0,5,7,2,12.5,2,1.0,0,0.5555555555555556,0.4
833,1,130.0,37,37,160.0,1,6,11,2,12.0,1,1,6,12,1,10.0,1,0.3333333333333333,4,0.18181818181818182,0.16666666666666666
834,1,110.0,37,37,150.0,0,5,6,0,0.0,0,0,5,5,0,0.0,0,0.0,5,0.0,0.0
835,1,133.0,3,1,121.8,0,5,9,4,12.0,0,0,5,10,2,11.0,0,0.8,1,0.4444444444444444,0.0
836,1,138.0,3,3,125.4,0,5,10,3,13.33333333,0,0,5,9,4,10.75,0,0.6,2,0.3,0.0
837,1,131.0,1,37,126.6,0,7,11,5,12.41428571,0,0,7,13,2,13.5,0,0.7142857142857143,2,0.45454545454545453,0.0
838,39,150.0,3,1,150.0,0,5,5,0,0.0,0,0,5,5,0,0.0,0,0.0,5,0.0,0.0
839,1,125.0,38,1,114.5,0,5,5,5,13.8,0,0,5,7,5,12.4,0,1.0,0,1.0,0.0
840,1,108.0,3,3,107.0,0,5,14,0,0.0,0,0,5,5,0,0.0,0,0.0,5,0.0,0.0
841,1,116.0,3,1,115.7,0,5,10,4,11.5,0,0,5,11,4,14.0,0,0.8,1,0.4,0.0
842,1,133.1,3,34,120.0,0,5,11,0,0.0,4,0,5,6,0,0.0,1,0.0,5,0.0,0.8
843,1,147.0,37,38,134.8,0,7,7,6,14.01666667,0,0,7,7,6,14.01666667,0,0.8571428571428571,1,0.8571428571428571,0.0
844,1,143.0,38,34,133.6,0,6,9,5,11.4,0,0,6,8,5,10.8,0,0.8333333333333334,1,0.5555555555555556,0.0
845,1,115.0,37,37,129.0,0,0,0,0,0.0,0,0,0,0,0,0.0,0,0.0,0,0.0,0.0
846,1,160.0,1,1,128.4,0,5,12,5,10.4,0,0,5,11,5,12.0,0,1.0,0,0.4166666666666667,0.0
847,1,118.0,19,19,122.2,0,5,11,3,10.66666667,0,0,5,9,4,10.25,0,0.6,2,0.2727272727272727,0.0
848,1,122.0,1,1,113.3,0,5,9,4,14.25,0,0,5,8,5,12.71428571,0,0.8,1,0.4444444444444444,0.0
849,1,143.0,1,19,129.9,3,7,7,7,13.91428571,0,5,8,8,8,14.10625,0,1.0,0,1.0,0.0
850,1,133.0,3,3,126.2,0,7,9,7,13.76111111,0,0,8,11,7,12.82375,0,1.0,0,0.7777777777777778,0.0
851,1,122.0,19,19,112.6,0,6,10,5,12.6,0,0,6,9,4,11.25,0,0.8333333333333334,1,0.5,0.0
852,1,164.0,19,19,149.0,0,6,7,6,13.85714286,0,0,6,6,6,14.16666667,0,1.0,0,0.8571428571428571,0.0
853,1,133.1,1,19,120.0,0,8,8,7,13.84285714,0,0,8,8,7,13.84285714,0,0.875,1,0.875,0.0
854,1,127.0,19,19,120.4,0,5,12,0,0.0,0,0,5,8,0,0.0,0,0.0,5,0.0,0.0
855,1,140.0,1,39,128.1,0,6,6,5,11.8,0,0,6,9,0,0.0,0,0.8333333333333334,1,0.8333333333333334,0.0
856,1,127.0,1,19,141.7,0,6,6,6,12.66666667,0,0,6,6,6,13.83333333,0,1.0,0,1.0,0.0
857,12,133.1,37,1,130.0,0,6,6,0,0.0,0,0,6,6,0,0.0,0,0.0,6,0.0,0.0
858,1,115.0,19,37,113.3,0,5,7,0,0.0,0,0,5,5,0,0.0,0,0.0,5,0.0,0.0
859,1,108.0,34,38,105.9,0,6,11,4,10.75,0,0,6,13,2,10.0,0,0.6666666666666666,2,0.36363636363636365,0.0
860,1,136.0,1,2,122.7,0,5,7,5,12.6,0,0,5,9,3,13.25,0,1.0,0,0.7142857142857143,0.0
861,12,133.1,19,38,120.0,0,5,5,0,0.0,0,0,5,5,0,0.0,0,0.0,5,0.0,0.0
862,39,120.0,1,19,119.8,2,7,7,2,12.0,0,5,9,10,7,12.14285714,0,0.2857142857142857,5,0.2857142857142857,0.0
863,1,133.1,38,19,122.9,0,6,7,3,14.0,0,0,6,9,2,14.5,0,0.5,3,0.42857142857142855,0.0
864,39,160.0,1,1,160.0,2,6,6,6,14.0,0,1,6,11,6,13.5,0,1.0,0,1.0,0.0
865,1,128.0,1,1,125.2,0,7,7,7,14.68285714,0,0,8,9,8,15.05555556,0,1.0,0,1.0,0.0
866,3,130.0,1,38,143.4,0,3,3,0,0.0,3,0,5,0,0,0.0,0,0.0,3,0.0,1.0
867,19,133.1,37,38,96.7,0,5,6,0,0.0,0,0,5,7,0,0.0,0,0.0,5,0.0,0.0
868,1,137.0,19,19,126.9,0,6,7,6,13.85714286,0,0,6,7,5,12.8,0,1.0,0,0.8571428571428571,0.0
869,1,163.0,19,1,143.1,0,0,0,0,0.0,0,0,0,0,0,0.0,0,0.0,0,0.0,0.0
870,1,125.0,1,1,114.5,0,6,8,6,13.14285714,0,0,6,7,6,12.5,0,1.0,0,0.75,0.0
871,1,120.0,34,34,140.0,0,5,14,1,18.0,0,0,5,9,2,13.0,0,0.2,4,0.07142857142857142,0.0
872,1,150.0,19,19,113.7,11,15,15,13,11.46153846,0,6,11,15,10,11.58333333,1,0.8666666666666667,2,0.8666666666666667,0.0
873,1,135.0,1,1,131.5,0,7,14,5,11.2,0,0,8,11,6,11.58333333,0,0.7142857142857143,2,0.35714285714285715,0.0
874,1,148.0,1,19,143.5,0,6,6,5,15.0,0,0,6,8,4,14.5,0,0.8333333333333334,1,0.8333333333333334,0.0
875,1,138.0,38,38,126.8,0,7,9,7,14.24444444,0,0,8,12,8,12.23333333,0,1.0,0,0.7777777777777778,0.0
876,1,119.0,38,19,115.2,0,6,8,4,11.5,0,0,6,7,5,11.0,0,0.6666666666666666,2,0.5,0.0
877,1,130.0,19,19,100.0,0,7,7,2,10.0,0,0,7,7,0,0.0,0,0.2857142857142857,5,0.2857142857142857,0.0
878,1,135.0,19,19,121.4,0,5,7,3,12.33333333,0,0,5,5,5,11.6,0,0.6,2,0.42857142857142855,0.0
879,39,120.0,19,1,120.0,2,7,8,5,12.2,0,5,9,10,7,12.14285714,1,0.7142857142857143,2,0.625,0.0
880,1,126.0,38,38,129.9,0,6,6,6,13.66666667,0,0,6,7,5,13.2,0,1.0,0,1.0,0.0
881,1,149.0,3,2,151.1,0,0,0,0,0.0,0,0,0,0,0,0.0,0,0.0,0,0.0,0.0
882,1,110.0,19,37,120.0,0,6,15,1,11.0,0,0,6,10,0,0.0,0,0.16666666666666666,5,0.06666666666666667,0.0
883,1,133.1,37,37,130.0,0,6,8,3,13.0,0,4,10,14,6,11.42857143,0,0.5,3,0.375,0.0
884,1,127.0,2,38,119.0,0,8,12,7,12.6,0,0,8,12,7,12.6,0,0.875,1,0.5833333333333334,0.0
885,6,120.0,34,34,122.0,8,10,11,10,12.2,0,5,10,12,9,12.33333333,0,1.0,0,0.9090909090909091,0.0
886,1,136.0,38,14,129.7,0,6,6,6,13.16666667,0,0,6,6,6,13.0,0,1.0,0,1.0,0.0
887,1,110.0,37,37,112.5,4,7,16,6,11.0,0,2,7,9,7,11.0,0,0.8571428571428571,1,0.375,0.0
888,1,136.0,19,19,136.0,0,7,7,7,14.01428571,0,0,8,8,8,15.35,0,1.0,0,1.0,0.0
889,1,145.0,38,38,133.1,0,6,9,4,13.0,0,0,6,13,4,11.25,0,0.6666666666666666,2,0.4444444444444444,0.0
890,1,159.0,1,19,151.3,0,6,6,6,14.0,0,0,6,6,6,14.66666667,0,1.0,0,1.0,0.0
891,1,147.0,37,38,133.3,0,0,0,0,0.0,0,0,0,0,0,0.0,0,0.0,0,0.0,0.0
892,1,150.0,37,37,130.8,0,8,8,7,14.42857143,0,0,8,8,7,14.42857143,0,0.875,1,0.875,0.0
893,3,140.0,37,12,140.0,0,5,9,0,0.0,0,0,5,10,0,0.0,0,0.0,5,0.0,0.0
894,39,150.0,1,1,150.0,11,18,45,18,11.83333333,10,9,13,27,13,12.46153846,5,1.0,0,0.4,0.5555555555555556
895,39,130.0,1,37,130.0,0,5,12,3,11.33333333,0,0,5,10,1,13.0,0,0.6,2,0.25,0.0
896,1,120.0,37,37,125.3,0,6,9,6,12.5,0,0,6,9,6,13.0,0,1.0,0,0.6666666666666666,0.0
897,39,130.0,19,37,124.0,4,12,12,12,13.33333333,0,5,12,12,11,12.54545455,0,1.0,0,1.0,0.0
898,1,112.0,38,19,113.8,0,6,10,6,10.83333333,0,0,6,10,4,11.0,0,1.0,0,0.6,0.0
899,1,128.0,19,19,124.4,0,6,6,6,13.0,0,0,6,6,6,14.0,0,1.0,0,1.0,0.0
900,1,114.0,19,19,107.7,0,5,7,2,10.0,0,0,5,11,2,14.0,0,0.4,3,0.2857142857142857,0.0
901,1,118.0,38,38,110.0,0,6,8,6,11.42857143,0,0,6,11,5,11.2,0,1.0,0,0.75,0.0
902,3,130.0,37,38,130.0,0,8,8,8,12.8875,0,0,8,8,8,12.8875,0,1.0,0,1.0,0.0
903,1,145.0,37,1,138.8,0,7,7,6,12.95,0,0,7,7,6,12.95,0,0.8571428571428571,1,0.8571428571428571,0.0
904,1,121.0,19,19,126.3,0,5,12,1,10.0,2,0,5,5,0,0.0,0,0.2,4,0.08333333333333333,0.4
905,1,114.0,1,1,114.5,0,7,7,7,13.09428571,0,0,8,8,8,12.55,0,1.0,0,1.0,0.0
906,1,127.0,1,1,116.5,0,6,7,0,0.0,0,0,6,6,0,0.0,0,0.0,6,0.0,0.0
907,1,145.0,19,38,128.6,0,6,12,5,11.71428571,0,0,6,11,6,11.0,0,0.8333333333333334,1,0.4166666666666667,0.0
908,1,130.0,19,1,130.0,0,6,8,4,11.25,0,0,6,15,3,10.0,0,0.6666666666666666,2,0.5,0.0
909,1,150.0,38,19,134.6,0,0,0,0,0.0,0,0,0,0,0,0.0,0,0.0,0,0.0,0.0
910,1,145.0,37,37,146.8,0,6,6,6,13.16666667,0,0,6,6,6,13.33333333,0,1.0,0,1.0,0.0
911,1,128.0,19,1,135.7,0,5,7,4,12.75,0,0,5,5,5,13.4,0,0.8,1,0.5714285714285714,0.0
912,1,140.0,37,37,120.0,0,5,6,5,10.6,0,0,5,9,2,11.0,0,1.0,0,0.8333333333333334,0.0
913,1,130.0,37,37,138.0,0,6,8,5,11.2,0,0,6,6,6,12.0,0,0.8333333333333334,1,0.625,0.0
914,1,140.0,37,37,135.5,0,7,0,0,0.0,0,0,8,0,0,0.0,0,0.0,7,0.0,0.0
915,1,120.0,19,19,120.0,0,6,6,6,13.0,0,0,6,6,6,13.66666667,0,1.0,0,1.0,0.0
916,1,147.0,34,34,111.7,0,5,10,0,0.0,0,0,5,5,0,0.0,0,0.0,5,0.0,0.0
917,9,133.1,37,37,100.0,0,6,0,0,0.0,0,0,6,0,0,0.0,0,0.0,6,0.0,0.0
918,39,160.0,37,38,160.0,0,6,8,6,14.16666667,0,0,6,9,6,15.0,0,1.0,0,0.75,0.0
919,1,133.1,37,1,114.8,0,6,10,5,12.83333333,0,0,6,6,6,12.33333333,0,0.8333333333333334,1,0.5,0.0
920,19,140.0,37,37,131.0,0,6,11,4,11.75,0,0,6,9,5,10.4,0,0.6666666666666666,2,0.36363636363636365,0.0
921,1,133.1,37,37,97.0,0,6,8,6,10.83333333,0,0,6,7,6,11.5,0,1.0,0,0.75,0.0
922,1,131.0,1,3,131.7,0,6,8,4,11.75,0,0,6,8,4,12.25,0,0.6666666666666666,2,0.5,0.0
923,19,133.1,37,37,120.0,0,7,14,3,11.5,0,0,7,9,2,10.5,0,0.42857142857142855,4,0.21428571428571427,0.0
924,1,120.0,37,37,110.0,0,5,14,2,10.0,0,0,5,7,3,11.33333333,0,0.4,3,0.14285714285714285,0.0
925,1,130.0,37,37,133.0,0,7,7,6,13.7,0,0,7,7,6,13.7,0,0.8571428571428571,1,0.8571428571428571,0.0
926,3,140.0,19,20,140.0,0,5,8,1,14.0,2,0,5,12,0,0.0,4,0.2,4,0.125,0.4
927,1,133.1,37,37,100.0,3,8,12,7,11.375,0,2,7,10,6,12.16666667,0,0.875,1,0.5833333333333334,0.0
928,1,140.0,37,19,129.3,0,6,17,0,0.0,0,0,6,6,0,0.0,0,0.0,6,0.0,0.0
929,1,133.1,19,37,137.0,0,6,10,0,0.0,4,0,6,0,0,0.0,0,0.0,6,0.0,0.6666666666666666
930,1,125.0,37,38,122.2,0,5,9,1,11.0,0,0,5,9,2,12.5,0,0.2,4,0.1111111111111111,0.0
931,1,115.0,19,38,108.0,0,7,10,6,13.0,0,0,7,7,7,13.28571429,0,0.8571428571428571,1,0.6,0.0
932,3,110.0,37,37,110.0,4,11,15,8,13.6,0,2,8,10,8,15.11111111,0,0.7272727272727273,3,0.5333333333333333,0.0
933,1,140.0,37,37,127.7,0,5,8,3,11.0,0,0,5,9,2,11.5,0,0.6,2,0.375,0.0
934,1,100.0,3,1,121.3,0,8,11,7,11.70571429,0,0,8,11,7,11.70571429,0,0.875,1,0.6363636363636364,0.0
935,1,145.0,1,1,140.1,6,12,12,12,13.25,0,4,11,14,11,14.33333333,0,1.0,0,1.0,0.0
936,19,133.1,38,38,114.8,0,7,15,1,10.75,0,0,7,10,1,10.0,0,0.14285714285714285,6,0.06666666666666667,0.0
937,39,150.0,37,37,150.0,2,6,8,6,12.0,0,2,7,8,7,13.42857143,0,1.0,0,0.75,0.0
938,1,145.0,19,38,131.7,0,6,7,6,12.66666667,0,0,6,8,4,12.25,0,1.0,0,0.8571428571428571,0.0
939,19,133.1,37,37,110.0,0,6,8,5,11.4,0,0,6,9,3,11.0,0,0.8333333333333334,1,0.625,0.0
940,1,110.0,19,19,105.5,0,6,6,6,13.0,0,0,6,8,5,12.4,0,1.0,0,1.0,0.0
941,1,128.0,37,19,127.3,0,6,8,6,14.0,0,0,6,8,6,12.28571429,0,1.0,0,0.75,0.0
942,19,133.1,37,37,130.0,0,6,11,0,0.0,0,0,5,10,0,0.0,0,0.0,6,0.0,0.0
943,3,130.0,1,19,130.0,0,6,0,0,0.0,0,0,6,0,0,0.0,0,0.0,6,0.0,0.0
944,1,137.0,37,37,122.7,0,7,7,7,15.28571429,0,0,8,8,8,16.075,0,1.0,0,1.0,0.0
945,1,123.0,37,37,113.9,0,6,6,6,13.16666667,0,0,6,6,6,12.66666667,0,1.0,0,1.0,0.0
946,1,156.0,3,19,151.1,0,5,7,5,13.6,0,0,5,11,5,12.83333333,5,1.0,0,0.7142857142857143,0.0
947,1,133.1,3,5,125.8,0,4,8,0,0.0,0,0,4,8,0,0.0,0,0.0,4,0.0,0.0
948,1,100.0,34,34,128.2,6,10,12,10,11.4,0,4,9,9,4,11.5,0,1.0,0,0.8333333333333334,0.0
949,1,140.0,37,3,135.1,0,5,0,0,0.0,0,0,5,0,0,0.0,0,0.0,5,0.0,0.0
950,1,130.0,37,37,120.2,0,5,7,5,11.0,0,0,5,5,5,11.6,0,1.0,0,0.7142857142857143,0.0
951,1,133.1,37,37,132.8,0,5,9,0,0.0,0,0,5,11,0,0.0,0,0.0,5,0.0,0.0
952,39,140.0,1,19,140.0,0,6,7,6,13.57142857,0,0,6,6,6,12.66666667,0,1.0,0,0.8571428571428571,0.0
953,1,137.0,19,1,129.3,0,7,0,0,0.0,0,0,8,0,0,0.0,0,0.0,7,0.0,0.0
954,1,120.0,3,1,108.2,4,10,14,4,11.25,0,4,11,11,4,12.0,0,0.4,6,0.2857142857142857,0.0
955,1,125.0,1,1,125.4,0,5,6,3,13.33333333,0,0,5,5,1,11.0,0,0.6,2,0.5,0.0
956,1,130.0,19,37,140.2,0,6,6,6,12.0,0,0,6,7,6,11.66666667,0,1.0,0,1.0,0.0
957,1,115.0,38,1,116.1,0,6,6,6,12.5,0,0,6,7,5,13.0,0,1.0,0,1.0,0.0
958,1,150.0,1,19,137.8,0,5,6,5,13.2,0,0,5,6,5,12.66666667,0,1.0,0,0.8333333333333334,0.0
959,1,134.0,14,11,128.4,0,5,5,0,0.0,0,0,4,4,0,0.0,0,0.0,5,0.0,0.0
960,1,120.0,34,34,106.0,0,5,7,3,11.66666667,0,0,5,8,2,11.5,1,0.6,2,0.42857142857142855,0.0
961,1,141.0,37,37,130.2,10,15,16,15,13.46666667,1,10,14,14,14,13.64285714,0,1.0,0,0.9375,0.06666666666666667
962,1,133.0,3,1,126.0,0,5,7,3,13.66666667,0,0,5,5,5,13.2,0,0.6,2,0.42857142857142855,0.0
963,1,149.0,38,38,141.0,0,5,9,2,11.66666667,0,0,5,9,2,12.5,2,0.4,3,0.2222222222222222,0.0
964,1,121.0,1,3,113.0,0,6,7,6,11.66666667,0,0,6,12,5,10.2,0,1.0,0,0.8571428571428571,0.0
965,39,120.0,4,1,120.0,0,6,9,5,13.4,0,0,6,9,5,12.4,0,0.8333333333333334,1,0.5555555555555556,0.0
966,1,148.0,19,37,130.9,0,5,5,0,0.0,0,0,5,6,0,0.0,0,0.0,5,0.0,0.0
967,12,133.1,37,19,120.0,0,6,9,0,0.0,0,0,6,6,0,0.0,0,0.0,6,0.0,0.0
968,1,135.0,34,34,134.1,0,5,5,0,0.0,0,0,5,5,0,0.0,0,0.0,5,0.0,0.0
969,1,150.0,1,38,120.0,0,5,6,3,10.66666667,0,0,5,9,2,10.5,0,0.6,2,0.5,0.0
970,1,130.0,34,34,114.8,0,5,5,4,13.75,0,0,5,5,4,14.75,0,0.8,1,0.8,0.0
971,1,133.1,37,38,123.0,0,5,5,1,10.0,0,0,5,5,0,0.0,0,0.2,4,0.2,0.0
972,19,133.1,37,37,118.0,0,5,11,0,0.0,0,0,5,5,0,0.0,0,0.0,5,0.0,0.0
973,1,110.0,37,37,100.0,0,2,4,1,16.0,0,0,4,5,4,15.5,0,0.5,1,0.25,0.0
974,1,170.0,37,19,151.1,0,5,9,5,12.28571429,0,0,5,8,5,11.125,0,1.0,0,0.5555555555555556,0.0
975,1,120.0,1,19,116.9,0,5,10,3,12.0,0,0,5,8,3,10.33333333,0,0.6,2,0.3,0.0
976,19,133.1,38,38,106.0,0,7,7,6,12.66666667,1,0,7,7,6,12.66666667,1,0.8571428571428571,1,0.8571428571428571,0.14285714285714285
977,1,139.0,19,19,127.1,0,5,6,5,11.8,0,0,5,7,4,13.25,1,1.0,0,0.8333333333333334,0.0
978,19,133.1,19,37,155.5,0,5,6,5,10.6,0,0,5,7,5,14.66666667,0,1.0,0,0.8333333333333334,0.0
979,1,133.1,1,38,101.0,5,11,16,9,11.9,0,3,9,14,8,12.25,0,0.8181818181818182,2,0.5625,0.0
980,6,120.0,35,35,128.2,4,6,8,4,11.25,0,1,5,8,2,10.5,0,0.6666666666666666,2,0.5,0.0
981,1,100.0,19,19,113.0,0,5,9,4,11.0,0,0,5,6,5,11.4,0,0.8,1,0.4444444444444444,0.0
982,1,134.0,1,38,122.8,0,6,6,6,12.0,0,0,6,6,6,12.5,0,1.0,0,1.0,0.0
983,1,130.0,38,38,145.6,0,5,10,4,11.75,0,0,5,10,4,10.83333333,0,0.8,1,0.4,0.0
984,1,128.0,1,1,116.5,0,5,8,2,10.0,0,0,5,8,1,16.0,0,0.4,3,0.25,0.0
985,1,154.0,19,19,142.0,0,8,8,7,13.71428571,0,0,8,8,7,13.71428571,0,0.875,1,0.875,0.0
986,4,150.0,1,1,150.0,0,6,14,6,14.875,0,0,6,12,6,15.8,0,1.0,0,0.42857142857142855,0.0
987,1,134.0,1,1,133.3,0,6,7,5,10.8,1,0,6,6,0,0.0,0,0.8333333333333334,1,0.7142857142857143,0.16666666666666666
988,1,127.0,2,2,115.8,0,6,11,3,12.0,0,0,6,12,2,10.0,0,0.5,3,0.2727272727272727,0.0
989,1,133.1,19,38,100.0,0,6,10,5,12.5,0,0,6,19,2,13.5,0,0.8333333333333334,1,0.5,0.0
990,1,130.0,1,3,128.6,0,7,7,7,14.72857143,0,0,8,11,8,16.32727273,0,1.0,0,1.0,0.0
991,1,135.0,3,3,137.1,0,6,8,6,12.0,0,0,6,8,5,14.8,0,1.0,0,0.75,0.0
992,1,143.0,1,3,149.0,0,6,8,6,11.42857143,0,0,6,7,6,11.0,0,1.0,0,0.75,0.0
993,39,150.0,3,19,147.0,3,6,6,6,14.16666667,0,2,6,6,6,13.5,0,1.0,0,1.0,0.0
994,3,150.0,37,37,150.0,1,6,12,5,12.5,0,0,6,10,5,14.6,0,0.8333333333333334,1,0.4166666666666667,0.0
995,1,130.0,37,37,103.5,0,6,6,6,14.16666667,0,0,6,6,6,14.33333333,0,1.0,0,1.0,0.0
996,1,113.0,3,1,107.8,0,7,10,5,14.46,0,0,7,8,6,13.55,0,0.7142857142857143,2,0.5,0.0
997,39,130.0,19,1,130.0,0,6,12,5,12.8,0,0,6,19,2,11.5,0,0.8333333333333334,1,0.4166666666666667,0.0
998,1,115.0,1,19,109.4,0,6,8,6,12.66666667,0,0,6,8,5,13.4,0,1.0,0,0.75,0.0
999,1,146.0,34,34,143.6,0,6,6,6,12.5,0,0,6,6,6,13.0,0,1.0,0,1.0,0.0
1000,1,132.0,38,1,124.3,0,6,0,0,0.0,0,0,6,0,0,0.0,0,0.0,6,0.0,0.0
1001,1,116.0,19,38,119.5,0,6,0,0,0.0,0,0,6,0,0,0.0,0,0.0,6,0.0,0.0
1002,1,163.0,3,4,175.6,0,0,0,0,0.0,0,0,0,0,0,0.0,0,0.0,0,0.0,0.0
1003,1,122.0,19,19,116.1,0,5,8,5,11.2,0,0,5,5,3,11.0,0,1.0,0,0.625,0.0
1004,1,136.0,1,3,126.6,0,6,6,6,16.5,0,0,6,7,6,17.42857143,0,1.0,0,1.0,0.0
1005,1,142.0,3,19,130.8,0,5,9,3,13.66666667,1,0,5,5,5,12.0,0,0.6,2,0.3333333333333333,0.2
1006,1,139.0,37,37,133.5,0,8,8,7,15.22857143,0,0,8,8,7,15.22857143,0,0.875,1,0.875,0.0
1007,42,140.0,37,37,136.9,5,9,10,9,12.77777778,0,4,9,9,9,13.22222222,0,1.0,0,0.9,0.0
1008,1,165.0,19,37,142.3,0,8,8,7,14.42857143,0,0,8,8,7,14.42857143,0,0.875,1,0.875,0.0
1009,1,122.0,1,38,114.3,0,6,8,6,13.875,0,0,6,7,6,13.71428571,0,1.0,0,0.75,0.0
1010,1,135.0,19,19,122.9,0,7,10,7,13.128,0,0,8,13,6,13.19333333,0,1.0,0,0.7,0.0
1011,1,128.0,19,1,117.2,0,7,9,6,11.605,0,0,8,10,7,12.4125,0,0.8571428571428571,1,0.6666666666666666,0.0
1012,1,139.0,1,38,152.0,0,5,5,5,14.6,0,0,5,8,5,12.0,0,1.0,0,1.0,0.0
1013,1,125.0,19,1,122.2,0,6,0,0,0.0,0,0,6,0,0,0.0,0,0.0,6,0.0,0.0
1014,1,102.0,37,38,101.7,0,5,6,5,11.8,0,0,5,6,5,11.6,0,1.0,0,0.8333333333333334,0.0
1015,1,116.0,19,19,119.9,0,6,6,6,12.33333333,0,0,6,6,6,12.33333333,0,1.0,0,1.0,0.0
1016,1,138.0,37,1,123.7,0,5,5,4,11.0,0,0,5,5,0,0.0,0,0.8,1,0.8,0.0
1017,1,135.0,3,1,121.8,5,11,11,11,13.18181818,0,5,11,11,11,12.90909091,0,1.0,0,1.0,0.0
1018,1,110.0,19,37,106.1,0,6,6,1,11.0,0,0,6,0,0,0.0,0,0.16666666666666666,5,0.16666666666666666,0.0
1019,1,132.0,1,1,124.3,0,6,6,6,11.83333333,0,0,6,7,6,12.28571429,0,1.0,0,1.0,0.0
1020,1,126.0,1,38,124.3,0,8,8,8,12.98125,0,0,8,8,8,12.98125,0,1.0,0,1.0,0.0
1021,39,117.4,19,1,117.4,4,7,10,6,11.33333333,0,1,5,6,5,11.2,0,0.8571428571428571,1,0.6,0.0
1022,1,120.0,41,3,112.7,0,8,12,6,11.68,0,0,8,12,6,11.68,0,0.75,2,0.5,0.0
1023,1,116.0,38,38,123.7,0,6,6,6,14.5,0,0,6,7,6,13.5,0,1.0,0,1.0,0.0
1024,1,111.0,38,38,105.8,0,7,7,7,13.14285714,0,0,7,8,7,12.85714286,0,1.0,0,1.0,0.0
1025,1,128.0,1,19,124.2,0,5,8,2,11.5,0,0,5,7,2,10.5,0,0.4,3,0.25,0.0
1026,1,123.0,30,19,122.3,0,5,6,5,14.2,0,0,5,7,5,11.8,0,1.0,0,0.8333333333333334,0.0
1027,1,131.0,19,37,123.7,0,6,8,5,11.66666667,0,0,6,7,5,12.2,0,0.8333333333333334,1,0.625,0.0
1028,1,135.0,19,19,129.8,0,7,8,7,13.175,0,0,8,8,8,14.875,0,1.0,0,0.875,0.0
1029,1,136.0,1,1,123.8,0,8,8,7,13.31428571,0,0,8,8,7,13.31428571,0,0.875,1,0.875,0.0
1030,1,132.0,1,19,126.4,0,5,13,3,10.6,0,0,5,12,3,10.5,0,0.6,2,0.23076923076923078,0.0
1031,1,120.0,19,37,115.1,0,6,11,4,12.0,0,0,6,8,4,10.75,0,0.6666666666666666,2,0.36363636363636365,0.0
1032,1,144.0,37,37,138.4,0,6,7,6,13.42857143,0,0,6,7,6,14.14285714,0,1.0,0,0.8571428571428571,0.0
1033,1,129.0,1,37,118.2,0,5,7,4,13.25,0,0,5,8,5,15.57142857,0,0.8,1,0.5714285714285714,0.0
1034,1,136.0,38,19,121.7,0,6,6,2,13.0,0,0,6,6,0,0.0,0,0.3333333333333333,4,0.3333333333333333,0.0
1035,1,125.0,1,38,118.0,0,6,6,6,14.33333333,0,0,6,7,6,14.0,0,1.0,0,1.0,0.0
1036,1,125.0,1,38,119.8,0,6,0,0,0.0,0,0,6,0,0,0.0,0,0.0,6,0.0,0.0
1037,1,154.0,1,3,164.9,0,6,6,6,14.0,0,0,6,6,6,13.16666667,0,1.0,0,1.0,0.0
1038,1,100.0,1,38,100.0,1,2,2,2,12.0,0,1,6,11,6,12.83333333,0,1.0,0,1.0,0.0
1039,1,124.0,3,1,121.6,0,6,9,5,12.33333333,0,0,6,10,5,10.6,0,0.8333333333333334,1,0.5555555555555556,0.0
1040,1,126.0,1,19,120.4,0,6,8,5,11.8,0,0,6,7,5,10.4,1,0.8333333333333334,1,0.625,0.0
1041,1,124.0,37,37,117.8,0,8,8,7,12.79142857,1,0,8,8,7,12.79142857,1,0.875,1,0.875,0.125
1042,1,150.0,37,37,110.0,4,8,8,8,11.625,0,3,7,12,5,11.2,0,1.0,0,1.0,0.0
1043,1,133.0,38,38,128.8,0,7,11,6,11.99444444,0,0,8,11,7,12.43142857,0,0.8571428571428571,1,0.5454545454545454,0.0
1044,1,126.0,19,19,116.6,0,6,9,5,11.6,0,0,6,12,5,12.2,0,0.8333333333333334,1,0.5555555555555556,0.0
1045,40,120.0,1,19,120.0,0,5,5,0,0.0,0,0,5,6,0,0.0,0,0.0,5,0.0,0.0
1046,1,175.0,3,38,157.5,0,6,8,6,13.16666667,0,0,6,7,6,13.16666667,0,1.0,0,0.75,0.0
1047,1,141.0,2,1,136.3,0,8,8,7,14.1,0,0,8,8,7,14.1,0,0.875,1,0.875,0.0
1048,1,133.0,1,19,121.5,0,7,8,6,12.39666667,0,0,8,9,7,12.94285714,0,0.8571428571428571,1,0.75,0.0
1049,1,143.0,38,38,133.9,0,7,7,7,15.01428571,0,0,8,8,8,16.0875,0,1.0,0,1.0,0.0
1050,1,141.0,1,38,136.8,0,0,0,0,0.0,0,0,0,0,0,0.0,0,0.0,0,0.0,0.0
1051,1,134.0,19,37,133.5,0,7,8,7,14.05,0,0,8,8,8,15.1,0,1.0,0,0.875,0.0
1052,1,138.0,3,3,130.0,0,7,8,7,14.85,0,0,8,8,8,15.2,0,1.0,0,0.875,0.0
1053,39,140.0,3,3,140.0,0,6,10,6,13.0,0,0,6,19,5,13.0,0,1.0,0,0.6,0.0
1054,1,142.0,37,37,132.7,0,7,8,7,14.7875,0,0,8,8,8,15.8625,0,1.0,0,0.875,0.0
1055,1,118.0,19,19,117.8,0,7,7,7,13.7,0,0,8,9,7,14.67142857,0,1.0,0,1.0,0.0
1056,1,131.0,1,37,126.1,0,7,7,7,12.49571429,0,0,8,9,7,12.24285714,0,1.0,0,1.0,0.0
1057,1,130.0,1,38,120.0,0,7,7,6,14.56666667,0,0,7,7,6,14.56666667,0,0.8571428571428571,1,0.8571428571428571,0.0
1058,12,133.1,1,19,100.0,0,5,5,5,11.2,0,0,5,5,4,11.25,0,1.0,0,1.0,0.0
1059,1,130.0,19,19,116.8,0,8,8,7,12.68571429,0,0,8,8,7,12.68571429,0,0.875,1,0.875,0.0
1060,42,130.0,1,19,128.3,5,9,12,7,13.57142857,0,4,9,14,4,13.25,0,0.7777777777777778,2,0.5833333333333334,0.0
1061,1,133.1,19,19,117.0,0,6,0,0,0.0,0,0,6,0,0,0.0,0,0.0,6,0.0,0.0
1062,1,130.0,37,11,131.5,0,6,8,5,11.0,0,0,6,7,6,11.16666667,0,0.8333333333333334,1,0.625,0.0
1063,1,149.0,19,1,134.8,0,8,8,8,14.445,0,0,8,8,8,14.445,0,1.0,0,1.0,0.0
1064,1,163.0,19,1,146.6,0,6,9,5,13.6,0,0,6,10,4,11.75,0,0.8333333333333334,1,0.5555555555555556,0.0
1065,40,130.0,19,1,130.0,7,12,12,11,14.0,0,4,10,11,8,14.625,0,0.9166666666666666,1,0.9166666666666666,0.0
1066,1,145.0,38,37,127.5,0,7,7,6,13.41666667,0,0,7,7,6,13.41666667,0,0.8571428571428571,1,0.8571428571428571,0.0
1067,1,130.0,37,38,123.0,0,5,8,5,12.33333333,2,0,5,7,5,11.4,0,1.0,0,0.625,0.4
1068,1,128.0,1,19,100.0,0,7,8,7,13.1,0,0,8,8,8,14.8125,0,1.0,0,0.875,0.0
1069,1,111.0,19,19,114.2,0,6,9,4,13.2,0,0,6,10,5,12.8,0,0.6666666666666666,2,0.4444444444444444,0.0
1070,1,140.0,1,1,123.5,0,8,8,8,14.75,0,0,8,8,8,14.75,0,1.0,0,1.0,0.0
1071,39,140.0,19,19,144.3,3,6,7,6,13.14285714,0,2,6,6,6,14.33333333,0,1.0,0,0.8571428571428571,0.0
1072,1,145.0,38,37,142.2,0,6,9,4,12.5,0,0,6,9,5,12.5,0,0.6666666666666666,2,0.4444444444444444,0.0
1073,1,151.0,3,3,161.9,0,5,6,4,13.75,0,0,5,8,5,14.85714286,0,0.8,1,0.6666666666666666,0.0
1074,1,132.0,37,37,135.9,0,6,11,5,12.4,0,0,6,7,6,13.0,0,0.8333333333333334,1,0.45454545454545453,0.0
1075,1,116.0,19,19,110.1,0,6,6,6,13.33333333,0,0,6,6,6,12.0,0,1.0,0,1.0,0.0
1076,1,120.0,19,38,122.5,11,11,11,11,11.72727273,0,8,8,8,8,12.0,0,1.0,0,1.0,0.0
1077,1,158.0,37,37,138.1,0,6,8,4,12.5,0,0,6,11,1,14.0,0,0.6666666666666666,2,0.5,0.0
1078,1,116.0,3,1,117.3,0,0,0,0,0.0,0,0,0,0,0,0.0,0,0.0,0,0.0,0.0
1079,1,112.0,1,37,106.8,0,7,8,6,13.53333333,0,0,8,9,7,13.61428571,0,0.8571428571428571,1,0.75,0.0
1080,1,126.0,1,19,120.1,0,6,6,6,13.16666667,0,0,6,6,6,12.66666667,0,1.0,0,1.0,0.0
1081,1,120.0,19,19,116.5,0,6,9,5,13.2,0,0,6,8,5,11.0,0,0.8333333333333334,1,0.5555555555555556,0.0
1082,1,117.0,5,1,120.0,0,6,7,5,12.2,0,0,6,7,4,12.6,0,0.8333333333333334,1,0.7142857142857143,0.0
1083,1,153.0,1,19,139.7,0,7,7,7,13.42857143,0,0,7,7,7,14.85714286,0,1.0,0,1.0,0.0
1084,1,124.0,19,1,123.7,1,6,8,6,12.71428571,1,0,6,8,6,12.625,0,1.0,0,0.75,0.16666666666666666
1085,1,127.0,3,1,116.5,0,6,0,0,0.0,0,0,6,0,0,0.0,0,0.0,6,0.0,0.0
1086,1,126.0,12,38,122.2,0,6,6,6,13.66666667,0,0,6,9,6,13.66666667,0,1.0,0,1.0,0.0
1087,1,133.1,38,19,146.0,0,6,6,5,11.0,0,0,6,6,6,13.16666667,0,0.8333333333333334,1,0.8333333333333334,0.0
1088,1,114.0,1,1,108.8,0,7,11,5,11.4,0,0,7,9,6,13.33333333,0,0.7142857142857143,2,0.45454545454545453,0.0
1089,1,133.0,19,19,133.0,0,0,0,0,0.0,0,0,0,0,0,0.0,0,0.0,0,0.0,0.0
1090,1,130.0,1,1,123.8,0,5,7,4,12.0,0,0,5,6,5,12.0,0,0.8,1,0.5714285714285714,0.0
1091,1,127.0,19,19,120.0,0,6,6,0,0.0,0,0,6,0,0,0.0,0,0.0,6,0.0,0.0
1092,1,143.0,37,38,126.9,0,6,14,5,11.0,0,0,6,6,6,11.66666667,0,0.8333333333333334,1,0.35714285714285715,0.0
1093,1,130.0,19,19,121.3,0,6,12,5,12.0,0,0,6,8,6,11.57142857,0,0.8333333333333334,1,0.4166666666666667,0.0
1094,1,136.0,19,1,129.0,0,7,7,7,13.30857143,0,0,8,10,8,12.55,0,1.0,0,1.0,0.0
1095,1,125.0,37,37,114.9,0,6,8,3,13.66666667,0,0,6,7,3,10.66666667,0,0.5,3,0.375,0.0
1096,3,110.0,12,3,106.5,0,6,6,0,0.0,0,0,6,9,0,0.0,0,0.0,6,0.0,0.0
1097,1,130.0,37,38,133.9,0,6,10,5,12.2,0,0,6,8,4,11.25,0,0.8333333333333334,1,0.5,0.0
1098,1,135.0,1,4,124.9,0,6,7,6,12.66666667,0,0,6,6,6,12.83333333,0,1.0,0,0.8571428571428571,0.0
1099,1,133.0,19,37,128.5,0,8,8,8,14.07125,0,0,8,8,8,14.07125,0,1.0,0,1.0,0.0
1100,6,122.0,19,19,126.2,0,5,14,4,14.25,3,0,5,9,5,13.2,4,0.8,1,0.2857142857142857,0.6
1101,1,122.0,19,19,121.7,0,6,0,0,0.0,0,0,2,2,0,0.0,2,0.0,6,0.0,0.0
1102,1,121.0,38,38,120.0,0,6,10,3,12.0,0,0,6,8,4,10.25,0,0.5,3,0.3,0.0
1103,1,123.0,3,19,113.2,3,10,18,6,11.16666667,2,4,10,16,7,10.57142857,0,0.6,4,0.3333333333333333,0.2
1104,1,128.0,19,19,120.3,0,6,12,2,13.0,0,0,6,8,5,11.6,0,0.3333333333333333,4,0.16666666666666666,0.0
1105,1,139.0,37,38,127.8,0,0,0,0,0.0,0,0,0,0,0,0.0,0,0.0,0,0.0,0.0
1106,1,124.0,34,34,123.3,0,8,8,7,14.90142857,1,0,8,8,7,14.90142857,1,0.875,1,0.875,0.125
1107,1,135.0,38,19,126.3,0,7,8,7,12.65,0,0,8,9,8,12.44555556,0,1.0,0,0.875,0.0
1108,42,110.0,19,37,128.2,7,12,12,7,11.0,0,5,5,5,5,10.6,0,0.5833333333333334,5,0.5833333333333334,0.0
1109,1,138.0,19,36,134.9,0,5,7,4,12.4,0,0,5,9,5,12.66666667,0,0.8,1,0.5714285714285714,0.0
1110,39,140.0,38,38,140.0,0,6,7,6,12.0,0,0,6,7,6,12.66666667,0,1.0,0,0.8571428571428571,0.0
1111,1,126.0,1,19,115.5,0,7,8,7,12.13571429,0,0,8,10,7,13.32857143,0,1.0,0,0.875,0.0
1112,1,113.0,38,19,106.7,0,7,10,5,12.62,0,0,7,8,6,12.5,0,0.7142857142857143,2,0.5,0.0
1113,1,120.0,38,38,140.0,0,5,11,3,10.66666667,0,0,5,11,3,11.33333333,0,0.6,2,0.2727272727272727,0.0
1114,1,145.0,19,19,136.6,0,7,12,6,13.76666667,0,0,8,10,7,14.05142857,0,0.8571428571428571,1,0.5,0.0
1115,1,124.0,38,37,119.3,0,8,8,8,13.11625,0,0,8,8,8,13.11625,0,1.0,0,1.0,0.0
1116,1,160.0,3,38,152.0,0,5,5,0,0.0,0,0,6,0,0,0.0,0,0.0,5,0.0,0.0
1117,1,138.0,38,19,144.3,0,7,9,6,12.7,0,0,8,8,7,13.57142857,0,0.8571428571428571,1,0.6666666666666666,0.0
1118,1,130.0,37,37,159.0,0,7,11,7,11.85714286,0,0,8,21,5,11.7,0,1.0,0,0.6363636363636364,0.0
1119,1,127.0,19,38,129.5,0,7,7,6,12.33333333,0,0,7,7,6,12.33333333,0,0.8571428571428571,1,0.8571428571428571,0.0
1120,1,170.0,38,19,140.0,0,6,9,4,15.75,0,0,6,10,5,16.4,0,0.6666666666666666,2,0.4444444444444444,0.0
1121,1,111.0,1,1,105.4,0,5,6,5,13.33333333,0,0,5,6,5,13.2,0,1.0,0,0.8333333333333334,0.0
1122,1,100.0,1,19,136.0,4,7,9,7,14.35555556,0,5,8,8,8,13.49375,0,1.0,0,0.7777777777777778,0.0
1123,39,160.0,37,38,160.0,0,6,8,6,13.0,0,0,6,11,5,13.0,0,1.0,0,0.75,0.0
1124,1,152.0,38,37,139.1,0,6,6,6,12.83333333,0,0,6,6,6,13.5,0,1.0,0,1.0,0.0
1125,1,144.0,37,38,126.9,0,5,5,5,13.2,0,0,5,5,4,13.0,0,1.0,0,1.0,0.0
1126,3,133.8,3,37,184.0,0,7,9,7,17.00555556,0,1,8,9,8,16.58222222,0,1.0,0,0.7777777777777778,0.0
1127,1,125.0,37,38,125.0,0,6,8,5,10.6,0,0,6,8,5,11.0,0,0.8333333333333334,1,0.625,0.0
1128,1,150.0,37,37,138.5,0,5,5,5,14.0,0,0,5,6,5,13.6,0,1.0,0,1.0,0.0
1129,1,143.0,37,38,133.5,0,8,8,7,12.11428571,0,0,8,8,7,12.11428571,0,0.875,1,0.875,0.0
1130,1,145.0,19,37,141.5,0,8,8,8,13.05875,0,0,8,8,8,13.05875,0,1.0,0,1.0,0.0
1131,1,120.0,1,2,130.0,4,8,8,7,13.28571429,0,4,8,8,7,13.28571429,0,0.875,1,0.875,0.0
1132,1,138.0,37,37,131.0,0,5,9,4,11.0,0,0,5,8,3,10.66666667,0,0.8,1,0.4444444444444444,0.0
1133,1,145.0,19,1,145.0,0,7,7,7,14.07142857,0,0,8,8,8,15.1625,0,1.0,0,1.0,0.0
1134,1,122.0,37,37,114.3,0,6,0,0,0.0,0,0,6,0,0,0.0,0,0.0,6,0.0,0.0
1135,39,110.0,37,37,108.3,4,9,9,4,11.25,0,3,10,12,3,11.0,0,0.4444444444444444,5,0.4444444444444444,0.0
1136,1,136.0,37,38,125.2,0,6,6,6,14.0,0,0,6,8,6,13.625,0,1.0,0,1.0,0.0
1137,1,145.0,1,38,131.7,0,6,8,6,12.16666667,0,0,6,11,3,11.66666667,0,1.0,0,0.75,0.0
1138,1,141.0,38,37,126.3,0,8,8,7,13.29714286,0,0,8,8,7,13.29714286,0,0.875,1,0.875,0.0
1139,1,149.0,19,19,147.6,0,6,14,6,13.92307692,0,0,6,9,6,14.25,0,1.0,0,0.42857142857142855,0.0
1140,1,130.0,38,19,125.1,0,7,11,7,13.37,0,0,8,13,7,12.83333333,0,1.0,0,0.6363636363636364,0.0
1141,1,121.0,19,38,123.8,0,5,5,5,12.4,0,0,5,8,3,11.0,0,1.0,0,1.0,0.0
1142,1,128.0,1,1,130.8,0,5,5,4,15.0,0,0,5,5,4,13.75,0,0.8,1,0.8,0.0
1143,1,152.0,19,19,154.1,0,6,6,6,13.33333333,0,0,6,7,6,12.57142857,0,1.0,0,1.0,0.0
1144,1,132.0,37,37,122.6,0,5,8,3,12.0,0,0,5,9,4,12.625,0,0.6,2,0.375,0.0
1145,1,107.0,19,11,103.5,0,6,7,5,13.4,0,0,6,9,5,12.2,0,0.8333333333333334,1,0.7142857142857143,0.0
1146,1,131.0,19,38,132.8,0,0,0,0,0.0,0,0,0,0,0,0.0,0,0.0,0,0.0,0.0
1147,1,141.0,19,38,100.0,1,5,9,4,11.5,0,1,5,5,5,11.4,0,0.8,1,0.4444444444444444,0.0
1148,1,120.0,1,1,115.8,0,7,12,6,12.0,0,0,7,11,6,12.16666667,0,0.8571428571428571,1,0.5,0.0
1149,1,148.0,19,19,133.8,0,8,8,7,13.48571429,0,0,8,8,7,13.48571429,0,0.875,1,0.875,0.0
1150,1,130.0,12,19,118.5,0,6,6,6,12.0,0,0,6,8,6,11.28571429,0,1.0,0,1.0,0.0
1151,1,145.0,37,37,150.3,0,0,0,0,0.0,0,0,0,0,0,0.0,0,0.0,0,0.0,0.0
1152,1,112.0,1,19,107.8,0,5,7,3,10.33333333,0,0,5,11,3,14.42857143,0,0.6,2,0.42857142857142855,0.0
1153,1,138.0,38,1,127.5,0,7,10,5,12.94,0,0,7,7,5,13.76,0,0.7142857142857143,2,0.5,0.0
1154,1,135.0,1,37,120.5,0,8,11,7,13.25857143,0,0,8,11,7,13.25857143,0,0.875,1,0.6363636363636364,0.0
1155,1,118.0,1,2,117.3,0,5,9,4,12.25,0,0,5,10,4,12.0,0,0.8,1,0.4444444444444444,0.0
1156,1,123.0,38,37,120.6,0,6,9,3,11.66666667,0,0,6,15,1,10.0,0,0.5,3,0.3333333333333333,0.0
1157,1,126.0,38,37,118.7,0,6,7,6,13.57142857,0,0,6,6,6,12.5,0,1.0,0,0.8571428571428571,0.0
1158,1,150.0,1,37,130.8,0,6,9,5,11.8,0,0,6,9,5,11.83333333,0,0.8333333333333334,1,0.5555555555555556,0.0
1159,1,121.0,19,19,112.6,0,5,7,5,14.2,0,0,5,7,5,13.28571429,0,1.0,0,0.7142857142857143,0.0
1160,19,133.1,37,37,117.2,0,5,8,5,11.0,0,0,5,6,5,11.8,1,1.0,0,0.625,0.0
1161,40,130.0,37,37,130.0,0,7,16,4,13.625,0,0,7,8,7,12.6375,0,0.5714285714285714,3,0.25,0.0
1162,1,139.0,38,1,131.8,0,8,8,7,14.65285714,0,0,8,8,7,14.65285714,0,0.875,1,0.875,0.0
1163,1,160.0,37,37,97.0,0,6,9,6,11.33333333,0,0,6,6,6,11.33333333,0,1.0,0,0.6666666666666666,0.0
1164,1,110.0,37,37,130.0,0,7,12,4,13.7,0,0,7,7,0,0.0,0,0.5714285714285714,3,0.3333333333333333,0.0
1165,40,140.0,19,37,148.0,7,11,11,11,13.72727273,0,4,8,8,8,14.75,0,1.0,0,1.0,0.0
1166,3,130.0,3,37,103.4,4,7,9,7,11.75,0,3,8,12,7,11.14285714,0,1.0,0,0.7777777777777778,0.0
1167,1,132.0,19,19,127.1,0,6,9,6,12.33333333,0,0,6,11,5,13.0,0,1.0,0,0.6666666666666666,0.0
1168,1,139.0,3,1,124.0,0,6,6,6,14.0,0,0,6,7,6,13.85714286,0,1.0,0,1.0,0.0
1169,1,135.0,19,37,121.4,0,5,7,4,11.5,0,0,5,6,4,11.75,0,0.8,1,0.5714285714285714,0.0
1170,1,117.0,38,19,118.1,0,5,6,5,11.2,0,0,5,5,5,13.2,0,1.0,0,0.8333333333333334,0.0
1171,1,137.0,1,19,121.3,0,8,8,7,15.07,0,0,8,8,7,15.07,0,0.875,1,0.875,0.0
1172,1,144.0,34,34,119.5,0,5,6,1,10.0,0,0,5,7,1,12.0,0,0.2,4,0.16666666666666666,0.0
1173,1,130.0,1,1,115.2,0,5,5,4,12.0,0,0,5,6,5,12.66666667,0,0.8,1,0.8,0.0
1174,1,140.0,1,37,130.2,0,6,11,4,13.0,0,0,6,11,4,12.6,0,0.6666666666666666,2,0.36363636363636365,0.0
1175,1,130.0,19,1,130.0,0,6,7,4,11.0,0,0,6,7,3,11.25,0,0.6666666666666666,2,0.5714285714285714,0.0
1176,1,130.0,37,37,126.9,0,6,8,6,13.57142857,0,0,6,11,5,12.16666667,0,1.0,0,0.75,0.0
1177,1,152.0,2,1,168.5,0,6,7,5,14.6,0,0,6,6,5,14.2,0,0.8333333333333334,1,0.7142857142857143,0.0
1178,1,133.1,37,37,130.0,0,7,13,3,11.83333333,0,0,7,14,2,10.0,0,0.42857142857142855,4,0.23076923076923078,0.0
1179,1,140.0,38,37,122.8,0,7,11,7,12.625,0,0,8,11,8,12.5125,0,1.0,0,0.6363636363636364,0.0
1180,1,133.1,37,37,110.0,0,7,12,4,11.5,0,0,7,14,3,12.33333333,0,0.5714285714285714,3,0.3333333333333333,0.0
1181,1,140.0,1,1,127.1,0,5,8,4,13.25,1,0,5,10,4,10.5,0,0.8,1,0.5,0.2
1182,1,133.1,19,19,108.5,0,7,9,7,12.60625,0,0,8,12,6,11.9,0,1.0,0,0.7777777777777778,0.0
1183,42,140.0,19,38,138.2,7,10,15,8,13.75,0,4,9,17,5,13.2,0,0.8,2,0.5333333333333333,0.0
1184,1,133.1,19,38,96.0,0,7,10,6,13.59833333,0,0,8,11,6,11.93333333,0,0.8571428571428571,1,0.6,0.0
1185,1,135.0,19,19,124.5,0,6,11,5,11.14285714,0,0,6,8,6,12.28571429,0,0.8333333333333334,1,0.45454545454545453,0.0
1186,3,120.0,37,19,120.0,7,11,11,11,12.7,0,6,10,12,10,12.96818182,0,1.0,0,1.0,0.0
1187,1,140.0,37,37,132.3,0,5,9,1,10.0,0,0,5,10,1,11.0,0,0.2,4,0.1111111111111111,0.0
1188,1,128.0,19,1,120.7,0,6,8,6,11.66666667,0,0,6,10,4,11.5,0,1.0,0,0.75,0.0
1189,1,141.0,1,19,132.6,0,6,8,6,14.0,0,0,6,7,6,13.14285714,0,1.0,0,0.75,0.0
1190,3,140.0,34,34,140.0,0,5,9,0,0.0,4,0,5,9,0,0.0,3,0.0,5,0.0,0.8
1191,1,139.0,1,1,124.5,0,8,9,7,12.04142857,0,0,8,9,7,12.04142857,0,0.875,1,0.7777777777777778,0.0
1192,1,142.0,19,19,142.0,0,0,0,0,0.0,0,0,0,0,0,0.0,0,0.0,0,0.0,0.0
1193,40,130.0,1,1,130.0,12,13,14,13,13.76923077,0,9,12,16,12,14.58333333,0,1.0,0,0.9285714285714286,0.0
1194,1,130.0,38,37,144.0,13,18,20,18,15.44444444,0,11,13,13,13,15.30769231,0,1.0,0,0.9,0.0
1195,1,125.0,19,19,128.5,0,7,9,6,11.5,0,0,7,8,7,12.71428571,0,0.8571428571428571,1,0.6666666666666666,0.0
1196,3,140.0,37,2,140.0,0,3,3,2,10.0,0,0,6,0,0,0.0,0,0.6666666666666666,1,0.6666666666666666,0.0
1197,1,120.0,1,37,113.9,0,6,8,4,12.25,0,0,6,13,3,10.33333333,0,0.6666666666666666,2,0.5,0.0
1198,1,147.0,1,19,137.2,0,6,6,6,14.5,0,0,6,6,6,15.16666667,0,1.0,0,1.0,0.0
1199,40,140.0,1,19,140.0,0,6,7,6,15.57142857,0,0,6,8,6,16.375,0,1.0,0,0.8571428571428571,0.0
1200,1,161.0,1,19,152.3,0,6,7,6,15.57142857,0,0,6,7,6,14.71428571,0,1.0,0,0.8571428571428571,0.0
1201,19,133.1,37,37,112.5,0,6,8,5,13.8,0,0,6,7,6,12.16666667,0,0.8333333333333334,1,0.625,0.0
1202,1,150.0,19,37,101.0,0,5,8,3,10.66666667,0,0,5,14,2,14.8,0,0.6,2,0.375,0.0
1203,1,113.0,1,38,112.3,0,6,8,5,11.6,0,0,6,8,4,11.75,0,0.8333333333333334,1,0.625,0.0
1204,1,140.0,34,34,114.0,0,6,11,1,13.0,0,0,6,12,0,0.0,0,0.16666666666666666,5,0.09090909090909091,0.0
1205,3,130.0,38,38,130.0,0,5,9,3,12.0,0,0,5,11,4,13.625,0,0.6,2,0.3333333333333333,0.0
1206,1,120.0,37,34,121.5,11,14,14,12,12.33333333,2,11,14,14,12,12.33333333,2,0.8571428571428571,2,0.8571428571428571,0.14285714285714285
1207,19,133.1,19,37,120.0,0,6,10,6,12.875,0,0,6,12,6,12.9,0,1.0,0,0.6,0.0
1208,3,130.0,37,38,130.0,0,6,12,1,11.0,0,0,6,0,0,0.0,0,0.16666666666666666,5,0.08333333333333333,0.0
1209,1,120.0,37,37,125.7,0,6,10,4,12.25,0,0,6,13,4,10.5,0,0.6666666666666666,2,0.4,0.0
1210,1,140.0,37,37,128.0,0,7,7,0,0.0,7,0,8,8,0,0.0,7,0.0,7,0.0,1.0
1211,1,123.0,1,1,113.2,0,6,11,4,10.75,0,0,6,13,5,11.5,0,0.6666666666666666,2,0.36363636363636365,0.0
1212,19,133.1,38,1,120.0,0,8,9,8,13.63,1,0,8,9,8,13.63,1,1.0,0,0.8888888888888888,0.125
1213,1,130.0,37,37,117.8,0,5,8,3,13.0,0,0,5,7,4,11.5,1,0.6,2,0.375,0.0
1214,1,126.0,19,19,121.3,0,7,9,6,13.53333333,0,0,7,7,7,12.22857143,0,0.8571428571428571,1,0.6666666666666666,0.0
1215,1,176.0,3,38,169.7,0,7,7,7,16.9,0,0,8,9,8,16.37777778,0,1.0,0,1.0,0.0
1216,1,124.0,19,19,117.7,0,6,10,5,12.0,0,0,6,11,4,12.0,0,0.8333333333333334,1,0.5,0.0
1217,39,120.0,19,37,121.8,3,6,6,6,12.5,0,2,6,7,6,13.28571429,0,1.0,0,1.0,0.0
1218,1,140.0,1,1,128.3,0,8,8,7,12.76428571,0,0,8,8,7,12.76428571,0,0.875,1,0.875,0.0
1219,1,143.0,19,38,132.2,0,5,8,5,13.75,0,0,5,6,5,12.16666667,0,1.0,0,0.625,0.0
1220,1,136.0,39,1,134.3,0,0,0,0,0.0,0,0,0,0,0,0.0,0,0.0,0,0.0,0.0
1221,1,132.0,19,1,123.4,0,7,7,7,14.60428571,0,0,8,9,8,15.68333333,0,1.0,0,1.0,0.0
1222,19,133.1,19,39,121.7,0,5,7,0,0.0,0,0,5,7,0,0.0,0,0.0,5,0.0,0.0
1223,19,100.0,1,19,130.0,0,6,9,5,13.83333333,0,0,6,7,6,12.5,0,0.8333333333333334,1,0.5555555555555556,0.0
1224,1,137.0,19,38,126.5,0,8,8,8,13.57625,0,0,8,8,8,13.57625,0,1.0,0,1.0,0.0
1225,1,153.0,38,38,159.7,0,6,7,6,15.14285714,0,0,6,6,6,15.83333333,0,1.0,0,0.8571428571428571,0.0
1226,1,160.0,9,19,151.3,0,5,8,3,10.66666667,0,0,5,8,5,11.6,0,0.6,2,0.375,0.0
1227,1,145.0,38,38,138.0,0,6,11,5,11.2,0,0,6,6,6,12.0,0,0.8333333333333334,1,0.45454545454545453,0.0
1228,1,137.0,38,38,126.5,0,8,8,8,13.76375,0,0,8,8,8,13.76375,0,1.0,0,1.0,0.0
1229,42,140.0,1,1,140.0,7,9,10,8,13.25,0,4,9,14,5,12.2,0,0.8888888888888888,1,0.8,0.0
1230,1,120.0,19,38,112.3,0,6,10,5,10.71428571,0,0,6,10,5,12.2,0,0.8333333333333334,1,0.5,0.0
1231,1,122.0,1,19,127.3,0,6,6,6,12.16666667,0,0,6,7,6,11.66666667,0,1.0,0,1.0,0.0
1232,3,130.0,19,38,130.0,1,7,8,6,14.35714286,0,1,7,8,6,14.35714286,0,0.8571428571428571,1,0.75,0.0
1233,1,133.1,3,1,115.0,0,6,6,6,12.83333333,0,0,6,6,6,12.66666667,0,1.0,0,1.0,0.0
1234,1,150.0,1,37,131.5,0,8,8,7,13.92571429,0,0,8,8,7,13.92571429,0,0.875,1,0.875,0.0
1235,1,133.1,19,38,125.7,0,5,9,2,12.0,0,0,5,9,3,11.0,0,0.4,3,0.2222222222222222,0.0
1236,1,141.0,1,37,126.8,0,7,7,7,13.44285714,0,0,8,9,8,13.74444444,0,1.0,0,1.0,0.0
1237,1,146.0,1,37,132.4,0,5,5,1,16.0,0,0,5,5,0,0.0,0,0.2,4,0.2,0.0
1238,39,150.0,38,37,150.0,0,6,8,6,13.125,0,0,6,10,6,13.2,0,1.0,0,0.75,0.0
1239,1,133.1,3,1,95.0,0,6,7,0,0.0,0,0,6,6,0,0.0,0,0.0,6,0.0,0.0
1240,1,120.0,37,37,128.2,5,9,9,5,11.4,0,4,4,4,4,11.0,0,0.5555555555555556,4,0.5555555555555556,0.0
1241,1,150.0,19,19,130.0,0,4,12,2,11.0,2,0,5,9,3,11.66666667,0,0.5,2,0.16666666666666666,0.5
1242,19,133.1,1,19,100.0,0,5,13,1,11.0,0,0,5,11,1,10.0,0,0.2,4,0.07692307692307693,0.0
1243,39,140.0,19,3,159.9,2,6,14,5,13.66666667,0,2,6,10,5,13.0,0,0.8333333333333334,1,0.35714285714285715,0.0
1244,1,140.0,37,37,100.0,2,6,10,4,11.75,0,0,5,6,1,10.0,0,0.6666666666666666,2,0.4,0.0
1245,1,133.1,37,37,116.5,0,7,11,1,10.0,0,0,7,7,1,13.0,0,0.14285714285714285,6,0.09090909090909091,0.0
1246,1,128.0,19,19,120.0,0,6,8,6,13.5,0,0,6,9,6,12.83333333,0,1.0,0,0.75,0.0
1247,1,117.0,19,19,117.0,0,6,0,0,0.0,0,0,6,0,0,0.0,0,0.0,6,0.0,0.0
1248,42,140.0,19,37,140.0,0,6,12,1,12.0,0,0,6,11,1,11.0,0,0.16666666666666666,5,0.08333333333333333,0.0
1249,1,124.0,38,37,118.1,0,6,11,3,13.0,0,0,6,10,5,11.8,0,0.5,3,0.2727272727272727,0.0
1250,1,158.0,19,39,153.5,0,6,7,6,14.83333333,0,0,6,6,6,16.0,0,1.0,0,0.8571428571428571,0.0
1251,1,137.0,38,37,127.9,0,6,6,6,11.83333333,0,0,6,7,6,12.85714286,0,1.0,0,1.0,0.0
1252,1,123.0,38,38,118.8,0,6,10,5,12.0,0,0,6,11,5,12.33333333,0,0.8333333333333334,1,0.5,0.0
1253,1,126.0,38,38,126.7,0,6,11,4,12.75,0,0,6,7,6,11.33333333,0,0.6666666666666666,2,0.36363636363636365,0.0
1254,1,170.0,19,19,170.0,0,5,5,0,0.0,5,0,5,7,4,14.75,1,0.0,5,0.0,1.0
1255,1,133.1,3,1,110.0,0,6,7,0,0.0,0,0,6,16,1,10.0,0,0.0,6,0.0,0.0
1256,1,115.0,19,38,115.0,0,6,6,6,12.0,0,0,6,7,6,12.85714286,0,1.0,0,1.0,0.0
1257,1,132.0,38,37,119.0,0,7,9,7,11.67777778,0,0,8,8,8,13.8,0,1.0,0,0.7777777777777778,0.0
1258,1,132.0,1,37,121.8,0,8,8,7,13.6,0,0,8,8,7,13.6,0,0.875,1,0.875,0.0
1259,1,143.0,19,38,133.4,0,6,7,6,16.0,0,0,6,8,6,15.875,0,1.0,0,0.8571428571428571,0.0
1260,1,137.0,1,1,131.4,0,6,9,5,11.8,0,0,6,7,6,11.5,0,0.8333333333333334,1,0.5555555555555556,0.0
1261,1,130.0,19,37,135.0,0,5,5,0,0.0,0,2,6,7,2,14.0,0,0.0,5,0.0,0.0
1262,1,121.0,19,19,122.8,0,6,0,0,0.0,0,0,6,0,0,0.0,0,0.0,6,0.0,0.0
1263,1,130.0,37,19,140.0,0,6,7,6,16.14285714,0,0,6,10,6,16.2,0,1.0,0,0.8571428571428571,0.0
1264,1,135.0,38,37,125.3,0,8,8,7,11.78571429,0,0,8,8,7,11.78571429,0,0.875,1,0.875,0.0
1265,1,137.0,1,1,126.3,0,8,8,8,13.42375,0,0,8,8,8,13.42375,0,1.0,0,1.0,0.0
1266,1,100.0,38,38,100.0,0,6,8,6,12.5,0,0,6,10,5,14.16666667,0,1.0,0,0.75,0.0
1267,1,127.0,19,37,121.3,0,8,8,7,12.46428571,0,0,8,8,7,12.46428571,0,0.875,1,0.875,0.0
1268,1,140.0,38,38,135.0,6,11,18,8,12.375,0,3,9,15,5,12.6,0,0.7272727272727273,3,0.4444444444444444,0.0
1269,1,140.0,37,37,120.0,0,6,8,1,10.0,0,0,6,9,0,0.0,0,0.16666666666666666,5,0.125,0.0
1270,1,121.0,37,19,113.7,0,6,8,5,12.6,0,0,6,10,6,12.42857143,0,0.8333333333333334,1,0.625,0.0
1271,1,131.0,19,38,129.7,0,5,5,5,12.6,0,0,5,6,4,12.4,0,1.0,0,1.0,0.0
1272,1,151.0,38,37,132.1,0,5,7,2,10.0,0,0,5,6,4,12.0,0,0.4,3,0.2857142857142857,0.0
1273,1,130.0,37,37,120.3,0,7,7,0,0.0,0,0,6,0,0,0.0,0,0.0,7,0.0,0.0
1274,40,120.0,37,37,120.0,0,5,7,5,11.6,0,0,5,8,5,12.33333333,0,1.0,0,0.7142857142857143,0.0
1275,1,136.0,19,19,123.1,0,6,8,6,12.16666667,0,0,6,6,6,13.5,0,1.0,0,0.75,0.0
1276,1,125.0,1,19,119.4,0,6,10,4,13.6,0,0,6,7,5,12.66666667,0,0.6666666666666666,2,0.4,0.0
1277,1,133.1,37,37,140.0,0,5,8,4,12.5,1,0,5,8,5,11.8,0,0.8,1,0.5,0.2
1278,1,133.1,1,12,116.5,0,6,6,4,12.25,0,0,6,10,4,11.5,0,0.6666666666666666,2,0.6666666666666666,0.0
1279,1,120.0,19,37,113.0,0,6,7,6,11.71428571,0,0,6,8,6,12.625,0,1.0,0,0.8571428571428571,0.0
1280,1,143.0,19,19,133.9,0,6,7,6,13.5,0,0,6,7,6,13.0,0,1.0,0,0.8571428571428571,0.0
1281,1,133.1,38,19,115.5,0,8,8,7,13.02428571,0,0,8,8,7,13.02428571,0,0.875,1,0.875,0.0
1282,1,121.0,1,19,116.5,0,6,12,0,0.0,0,0,6,0,0,0.0,0,0.0,6,0.0,0.0
1283,1,168.0,19,19,171.2,0,5,6,5,17.33333333,0,0,5,8,5,18.57142857,0,1.0,0,0.8333333333333334,0.0
1284,1,124.0,19,37,119.1,0,5,7,4,11.0,0,0,5,7,4,11.5,0,0.8,1,0.5714285714285714,0.0
1285,1,127.0,19,38,121.1,0,7,10,6,13.66666667,0,0,7,9,6,12.5,0,0.8571428571428571,1,0.6,0.0
1286,1,129.0,1,1,132.9,0,6,9,6,11.375,0,0,6,6,5,13.8,0,1.0,0,0.6666666666666666,0.0
1287,1,137.0,19,1,132.8,0,6,6,6,12.83333333,0,0,6,8,6,11.83333333,0,1.0,0,1.0,0.0
1288,1,120.0,36,37,126.7,0,6,9,5,12.6,0,0,6,11,4,11.5,0,0.8333333333333334,1,0.5555555555555556,0.0
1289,1,110.0,19,19,105.8,0,7,8,6,14.33333333,0,0,8,9,7,13.77142857,0,0.8571428571428571,1,0.75,0.0
1290,1,120.0,1,19,117.2,0,5,8,4,13.5,0,0,6,10,6,13.625,0,0.8,1,0.5,0.0
1291,1,143.0,38,38,140.0,0,8,8,7,14.28571429,0,0,8,8,7,14.28571429,0,0.875,1,0.875,0.0
1292,39,120.0,1,19,120.0,2,6,15,3,11.75,0,0,6,12,2,10.0,0,0.5,3,0.2,0.0
1293,1,124.0,4,12,119.5,0,5,5,5,14.8,0,0,5,5,5,17.6,0,1.0,0,1.0,0.0
1294,1,168.0,1,41,153.9,0,6,7,0,0.0,0,0,6,0,0,0.0,0,0.0,6,0.0,0.0
1295,19,133.1,1,1,130.0,0,6,14,1,10.0,0,0,5,5,0,0.0,0,0.16666666666666666,5,0.07142857142857142,0.0
1296,1,150.0,34,34,107.0,0,5,5,0,0.0,0,0,5,5,0,0.0,0,0.0,5,0.0,0.0
1297,1,140.0,37,37,132.8,0,7,10,4,12.6,0,0,7,9,5,12.38,0,0.5714285714285714,3,0.4,0.0
1298,1,145.0,2,37,127.5,0,5,9,5,12.42857143,1,0,5,7,5,11.8,0,1.0,0,0.5555555555555556,0.2
1299,1,118.0,38,38,123.3,0,6,10,4,10.0,0,0,6,11,3,12.0,0,0.6666666666666666,2,0.4,0.0
1300,1,123.0,1,19,122.0,0,5,7,3,12.33333333,0,0,5,5,0,0.0,0,0.6,2,0.42857142857142855,0.0
1301,1,120.0,3,19,114.8,0,6,0,0,0.0,0,0,6,0,0,0.0,0,0.0,6,0.0,0.0
1302,39,140.0,3,3,140.0,0,0,0,0,0.0,0,0,0,0,0,0.0,0,0.0,0,0.0,0.0
1303,1,126.0,3,3,111.0,5,11,12,10,12.1,0,2,8,9,8,13.33333333,0,0.9090909090909091,1,0.8333333333333334,0.0
1304,1,137.0,1,19,133.2,0,6,7,6,14.71428571,0,0,6,6,6,15.0,0,1.0,0,0.8571428571428571,0.0
1305,1,130.0,19,19,123.0,0,6,6,6,12.66666667,0,0,6,7,6,12.83333333,0,1.0,0,1.0,0.0
1306,42,150.0,1,38,150.0,7,12,14,12,14.38461538,0,5,10,12,10,13.3,0,1.0,0,0.8571428571428571,0.0
1307,1,147.0,19,38,132.3,0,5,5,5,13.4,0,0,5,6,5,12.2,0,1.0,0,1.0,0.0
1308,1,140.0,37,38,126.0,0,8,8,7,13.31428571,0,0,8,8,7,13.31428571,0,0.875,1,0.875,0.0
1309,1,132.0,38,38,119.3,0,8,8,7,11.98857143,0,0,8,8,7,11.98857143,0,0.875,1,0.875,0.0
1310,42,130.0,1,19,133.8,6,11,17,11,11.54545455,0,3,9,13,8,12.88888889,0,1.0,0,0.6470588235294118,0.0
1311,1,130.0,37,37,126.5,0,6,13,6,16.46153846,0,0,6,8,6,13.875,0,1.0,0,0.46153846153846156,0.0
1312,1,151.0,38,37,138.4,0,6,7,6,13.66666667,0,0,6,6,6,12.83333333,0,1.0,0,0.8571428571428571,0.0
1313,1,144.0,3,39,129.0,0,7,8,7,12.65,0,0,8,9,8,13.41111111,0,1.0,0,0.875,0.0
1314,1,127.0,19,1,118.3,0,6,7,6,12.33333333,0,0,6,10,3,12.0,0,1.0,0,0.8571428571428571,0.0
1315,1,131.0,19,37,129.8,0,7,8,6,14.37,0,0,8,10,7,14.65,0,0.8571428571428571,1,0.75,0.0
1316,1,123.0,1,19,113.6,0,5,13,3,12.0,2,0,5,8,4,11.75,0,0.6,2,0.23076923076923078,0.4
1317,1,130.0,34,38,128.3,0,6,12,3,12.0,0,0,6,15,3,10.66666667,0,0.5,3,0.25,0.0
1318,1,130.0,1,19,130.0,0,6,11,4,12.0,0,0,6,14,3,11.0,0,0.6666666666666666,2,0.36363636363636365,0.0
1319,1,131.0,1,38,121.9,0,6,10,5,12.6,0,0,6,7,5,11.2,0,0.8333333333333334,1,0.5,0.0
1320,3,135.0,1,38,129.4,0,6,6,6,12.16666667,0,0,6,6,6,12.33333333,0,1.0,0,1.0,0.0
1321,1,123.0,19,1,115.3,0,7,8,6,13.5,0,0,7,8,6,14.0,0,0.8571428571428571,1,0.75,0.0
1322,1,145.0,38,38,125.5,0,8,8,8,13.76375,0,0,8,8,8,13.76375,0,1.0,0,1.0,0.0
1323,1,118.0,38,38,117.8,0,7,11,6,12.4,0,0,7,8,6,12.8,0,0.8571428571428571,1,0.5454545454545454,0.0
1324,1,125.0,3,38,118.7,0,5,16,4,10.66666667,0,0,5,11,2,12.0,0,0.8,1,0.25,0.0
1325,1,152.0,37,37,139.0,0,7,7,6,14.33333333,0,0,7,7,6,14.33333333,0,0.8571428571428571,1,0.8571428571428571,0.0
1326,1,101.0,1,37,98.9,0,6,12,4,12.5,0,0,6,13,2,12.66666667,0,0.6666666666666666,2,0.3333333333333333,0.0
1327,1,137.0,34,38,137.7,0,6,14,1,10.0,0,0,6,13,0,0.0,0,0.16666666666666666,5,0.07142857142857142,0.0
1328,1,123.0,1,1,113.6,0,7,8,7,14.69625,0,0,8,9,8,14.62222222,0,1.0,0,0.875,0.0
1329,1,120.0,4,1,113.4,0,6,14,4,11.5,0,0,6,17,3,13.75,0,0.6666666666666666,2,0.2857142857142857,0.0
1330,1,131.0,19,38,128.5,0,7,9,7,12.85555556,0,0,8,8,8,13.9125,0,1.0,0,0.7777777777777778,0.0
1331,1,141.0,1,1,142.8,0,7,7,7,13.7,0,0,8,9,8,13.99444444,0,1.0,0,1.0,0.0
1332,1,144.0,3,1,137.7,0,5,9,0,0.0,3,1,5,10,1,12.0,3,0.0,5,0.0,0.6
1333,1,107.0,19,37,103.5,0,6,13,3,11.2,0,0,6,9,4,12.0,0,0.5,3,0.23076923076923078,0.0
1334,1,133.0,38,38,123.2,0,7,7,7,13.28571429,0,0,8,9,8,13.33333333,0,1.0,0,1.0,0.0
1335,1,126.0,1,19,126.0,0,6,9,5,13.0,0,0,6,8,5,10.4,0,0.8333333333333334,1,0.5555555555555556,0.0
1336,1,133.1,1,38,121.7,0,7,8,6,12.6,0,0,7,9,6,11.68571429,0,0.8571428571428571,1,0.75,0.0
1337,1,147.0,37,37,142.8,0,5,5,5,12.8,0,0,5,5,4,12.0,0,1.0,0,1.0,0.0
1338,1,120.0,1,19,120.0,0,6,14,5,11.5,1,0,6,13,5,11.0,1,0.8333333333333334,1,0.35714285714285715,0.16666666666666666
1339,1,130.0,37,38,119.3,0,8,8,7,11.4,0,0,8,8,7,11.4,0,0.875,1,0.875,0.0
1340,1,120.0,37,37,121.0,3,6,6,6,12.33333333,0,2,6,8,6,11.33333333,0,1.0,0,1.0,0.0
1341,1,138.0,19,19,139.4,0,6,7,5,12.8,0,0,6,10,4,12.2,0,0.8333333333333334,1,0.7142857142857143,0.0
1342,1,124.0,19,38,113.9,0,5,8,5,12.0,1,0,5,8,4,15.0,1,1.0,0,0.625,0.2
1343,1,133.0,37,37,124.6,0,6,8,5,13.0,0,0,6,9,5,13.5,0,0.8333333333333334,1,0.625,0.0
1344,1,122.0,1,1,123.8,0,6,6,6,11.83333333,0,0,6,8,6,11.0,0,1.0,0,1.0,0.0
1345,1,138.0,1,3,126.3,0,6,8,6,14.0,0,0,6,9,6,13.33333333,0,1.0,0,0.75,0.0
1346,1,134.0,1,1,120.4,0,6,6,6,12.33333333,0,0,6,6,6,13.5,0,1.0,0,1.0,0.0
1347,1,128.0,1,1,120.5,0,7,10,5,13.04,0,0,7,7,7,12.5,0,0.7142857142857143,2,0.5,0.0
1348,42,140.0,19,38,144.9,7,11,18,11,13.16666667,0,4,9,15,8,13.33333333,0,1.0,0,0.6111111111111112,0.0
1349,19,133.1,19,19,139.9,1,6,7,6,12.5,0,0,6,11,6,12.83333333,0,1.0,0,0.8571428571428571,0.0
1350,1,142.0,1,1,133.3,0,0,0,0,0.0,0,0,0,0,0,0.0,0,0.0,0,0.0,0.0
1351,1,141.0,19,19,126.0,0,8,8,7,15.65714286,0,0,8,8,7,15.65714286,0,0.875,1,0.875,0.0
1352,1,145.0,1,19,133.5,0,6,6,6,12.16666667,0,0,6,6,6,11.33333333,0,1.0,0,1.0,0.0
1353,1,145.0,38,19,127.9,0,6,0,0,0.0,0,0,6,0,0,0.0,0,0.0,6,0.0,0.0
1354,1,108.0,1,38,105.9,0,6,11,5,10.6,0,0,6,9,5,11.16666667,0,0.8333333333333334,1,0.45454545454545453,0.0
1355,1,132.0,1,12,124.3,0,6,10,6,13.42857143,0,0,6,11,5,12.66666667,0,1.0,0,0.6,0.0
1356,1,140.0,34,37,102.5,0,6,8,4,11.75,0,0,6,12,0,0.0,0,0.6666666666666666,2,0.5,0.0
1357,19,133.1,19,1,97.0,0,5,10,0,0.0,0,0,5,5,0,0.0,0,0.0,5,0.0,0.0
1358,1,128.0,1,1,134.7,0,0,0,0,0.0,0,0,0,0,0,0.0,0,0.0,0,0.0,0.0
1359,1,120.0,19,37,113.8,0,5,0,0,0.0,0,0,5,0,0,0.0,0,0.0,5,0.0,0.0
1360,1,120.0,3,1,116.9,0,5,9,1,13.0,0,0,5,5,0,0.0,0,0.2,4,0.1111111111111111,0.0
1361,1,139.0,37,38,124.0,0,8,8,7,13.33142857,0,0,8,8,7,13.33142857,0,0.875,1,0.875,0.0
1362,1,139.3,38,38,117.5,0,6,0,0,0.0,0,0,6,0,0,0.0,0,0.0,6,0.0,0.0
1363,39,150.0,19,1,154.8,0,0,0,0,0.0,0,0,0,0,0,0.0,0,0.0,0,0.0,0.0
1364,1,138.0,19,37,141.0,0,7,7,6,13.7,0,0,7,7,6,13.7,0,0.8571428571428571,1,0.8571428571428571,0.0
1365,9,133.1,6,22,120.0,0,5,5,0,0.0,0,0,5,5,0,0.0,5,0.0,5,0.0,0.0
1366,1,136.0,1,19,133.6,4,9,12,9,13.45454545,0,2,7,9,6,13.875,0,1.0,0,0.75,0.0
1367,1,134.0,38,38,122.0,0,8,8,7,12.2,0,0,8,8,7,12.2,0,0.875,1,0.875,0.0
1368,1,140.0,19,19,120.0,0,5,8,3,10.0,0,0,5,10,4,11.0,0,0.6,2,0.375,0.0
1369,42,110.0,1,19,114.2,0,6,7,5,13.0,0,0,6,7,6,12.85714286,0,0.8333333333333334,1,0.7142857142857143,0.0
1370,38,133.1,38,37,95.5,0,6,11,6,12.0,0,0,6,6,6,14.0,0,1.0,0,0.5454545454545454,0.0
1371,1,129.0,1,1,120.0,0,8,8,7,15.02857143,0,0,8,8,7,15.02857143,0,0.875,1,0.875,0.0
1372,1,116.0,1,19,111.1,0,6,8,6,12.0,0,0,6,7,6,11.71428571,0,1.0,0,0.75,0.0
1373,1,130.0,1,38,128.6,0,6,8,5,12.0,0,0,6,8,5,12.4,0,0.8333333333333334,1,0.625,0.0
1374,3,130.0,1,37,130.0,3,7,7,3,13.66666667,0,3,8,8,3,11.33333333,4,0.42857142857142855,4,0.42857142857142855,0.0
1375,1,116.0,38,1,111.1,0,0,0,0,0.0,0,0,0,0,0,0.0,0,0.0,0,0.0,0.0
1376,1,136.0,1,1,122.7,0,5,6,5,12.0,0,0,5,7,4,12.5,0,1.0,0,0.8333333333333334,0.0
1377,1,147.0,37,19,134.4,0,0,0,0,0.0,0,0,0,0,0,0.0,0,0.0,0,0.0,0.0
1378,1,117.0,19,37,131.0,0,6,6,1,14.0,0,0,6,7,0,0.0,7,0.16666666666666666,5,0.16666666666666666,0.0
1379,1,141.0,1,1,125.0,0,6,6,0,0.0,0,0,6,7,0,0.0,0,0.0,6,0.0,0.0
1380,1,133.1,3,19,106.0,0,7,8,7,12.375,0,0,7,11,5,12.58333333,0,1.0,0,0.875,0.0
1381,1,133.1,38,19,128.0,0,7,0,0,0.0,0,0,8,0,0,0.0,0,0.0,7,0.0,0.0
1382,3,120.0,1,19,120.0,14,18,21,18,11.42105263,0,10,13,16,13,11.07692308,1,1.0,0,0.8571428571428571,0.0
1383,1,148.0,19,38,134.8,0,7,7,6,13.35,0,0,7,7,6,13.35,0,0.8571428571428571,1,0.8571428571428571,0.0
1384,1,130.0,1,1,112.0,0,6,6,6,15.0,0,0,6,6,2,16.0,0,1.0,0,1.0,0.0
1385,1,120.0,19,37,116.1,0,5,9,2,10.5,0,0,5,5,0,0.0,0,0.4,3,0.2222222222222222,0.0
1386,1,120.0,2,3,120.0,0,6,0,0,0.0,0,0,4,6,0,0.0,2,0.0,6,0.0,0.0
1387,1,133.0,37,37,119.7,0,5,8,5,13.25,0,0,5,6,5,11.83333333,0,1.0,0,0.625,0.0
1388,1,129.0,37,13,117.1,0,5,10,0,0.0,0,0,5,5,0,0.0,0,0.0,5,0.0,0.0
1389,1,118.0,1,19,112.4,0,5,7,4,11.5,0,0,5,15,3,10.6,4,0.8,1,0.5714285714285714,0.0
1390,1,140.0,1,1,131.0,0,8,8,8,13.88125,0,0,8,8,8,13.88125,0,1.0,0,1.0,0.0
1391,1,127.0,3,19,130.9,0,6,8,6,11.33333333,0,0,6,8,5,12.6,0,1.0,0,0.75,0.0
1392,1,131.0,19,19,134.9,0,0,0,0,0.0,0,0,0,0,0,0.0,0,0.0,0,0.0,0.0
1393,1,132.0,1,19,127.1,0,6,7,6,12.85714286,0,0,6,7,6,13.66666667,0,1.0,0,0.8571428571428571,0.0
1394,1,113.0,38,38,110.2,0,6,6,5,11.6,0,0,6,6,6,12.5,0,0.8333333333333334,1,0.8333333333333334,0.0
1395,1,115.0,12,1,108.7,0,6,9,5,11.4,0,0,6,6,6,11.33333333,0,0.8333333333333334,1,0.5555555555555556,0.0
1396,1,133.1,1,1,138.0,0,6,11,6,13.33333333,0,0,6,10,6,13.0,0,1.0,0,0.5454545454545454,0.0
1397,39,150.0,12,37,147.7,2,7,7,7,13.57142857,0,5,9,9,9,13.77777778,0,1.0,0,1.0,0.0
1398,19,133.1,37,38,123.0,0,7,13,6,11.83333333,0,0,7,8,7,12.22857143,0,0.8571428571428571,1,0.46153846153846156,0.0
1399,1,141.0,19,19,142.8,0,7,7,7,14.42857143,0,0,7,7,7,14.14285714,0,1.0,0,1.0,0.0
1400,1,140.0,1,3,138.3,0,0,0,0,0.0,0,0,0,0,0,0.0,0,0.0,0,0.0,0.0
1401,1,136.0,38,38,125.2,0,6,8,6,12.28571429,0,0,6,9,5,12.4,0,1.0,0,0.75,0.0
1402,1,140.0,12,1,141.8,0,5,7,5,14.4,0,0,5,5,5,13.8,0,1.0,0,0.7142857142857143,0.0
1403,1,143.0,38,1,130.6,0,7,8,7,13.15,0,0,8,9,8,15.06875,0,1.0,0,0.875,0.0
1404,39,130.0,2,37,130.0,0,5,6,0,0.0,0,0,5,5,0,0.0,0,0.0,5,0.0,0.0
1405,1,133.1,1,3,100.0,0,5,5,0,0.0,0,0,6,8,0,0.0,0,0.0,5,0.0,0.0
1406,1,129.0,38,37,119.0,0,8,8,7,12.34285714,0,0,8,8,7,12.34285714,0,0.875,1,0.875,0.0
1407,1,132.0,38,1,124.3,0,6,6,5,12.2,0,0,6,7,5,10.8,0,0.8333333333333334,1,0.8333333333333334,0.0
1408,1,118.0,11,34,122.2,0,6,10,4,10.5,0,0,6,14,1,11.0,0,0.6666666666666666,2,0.4,0.0
1409,1,150.0,38,1,150.0,0,5,5,5,10.6,0,0,5,8,5,11.6,0,1.0,0,1.0,0.0
1410,19,133.1,37,37,135.5,0,6,6,0,0.0,0,0,6,6,0,0.0,0,0.0,6,0.0,0.0
1411,1,122.0,19,37,127.3,0,6,8,4,11.25,0,0,6,6,6,12.0,0,0.6666666666666666,2,0.5,0.0
1412,1,127.0,37,37,127.0,3,9,11,6,10.5,0,4,10,10,10,11.7,0,0.6666666666666666,3,0.5454545454545454,0.0
1413,1,122.0,37,37,126.9,0,6,11,4,11.0,0,0,6,11,3,11.66666667,0,0.6666666666666666,2,0.36363636363636365,0.0
1414,1,131.0,19,1,127.5,0,7,7,7,13.45714286,0,0,8,8,8,14.5125,0,1.0,0,1.0,0.0
1415,1,130.0,19,19,122.0,0,5,6,5,12.6,0,0,5,8,4,12.33333333,0,1.0,0,0.8333333333333334,0.0
1416,1,130.0,19,19,115.8,0,6,0,0,0.0,0,0,6,0,0,0.0,0,0.0,6,0.0,0.0
1417,1,130.0,3,19,121.6,0,6,6,6,13.66666667,0,0,6,8,5,13.6,0,1.0,0,1.0,0.0
1418,1,122.0,19,19,116.4,0,5,5,5,11.6,0,0,5,5,5,11.8,0,1.0,0,1.0,0.0
1419,1,114.0,38,38,120.0,0,6,9,6,12.57142857,0,0,6,10,5,12.83333333,0,1.0,0,0.6666666666666666,0.0
1420,1,143.0,37,37,127.3,0,6,7,5,11.8,0,0,6,7,5,11.4,0,0.8333333333333334,1,0.7142857142857143,0.0
1421,1,127.0,1,38,123.5,0,5,5,5,11.6,0,0,5,11,3,12.66666667,0,1.0,0,1.0,0.0
1422,1,141.0,19,38,125.6,0,6,8,6,11.33333333,0,0,6,6,6,11.83333333,0,1.0,0,0.75,0.0
1423,1,129.0,38,38,118.5,0,6,6,6,10.66666667,0,0,6,6,6,11.5,0,1.0,0,1.0,0.0
1424,1,140.0,19,37,129.5,0,5,10,4,13.5,1,0,5,5,5,13.4,0,0.8,1,0.4,0.2
1425,1,137.0,19,19,134.6,0,0,0,0,0.0,0,0,0,0,0,0.0,0,0.0,0,0.0,0.0
1426,1,140.0,4,4,140.0,2,6,9,6,13.33333333,0,1,6,9,4,11.5,0,1.0,0,0.6666666666666666,0.0
1427,1,143.0,2,37,133.2,0,6,9,5,13.4,0,0,6,16,2,13.5,0,0.8333333333333334,1,0.5555555555555556,0.0
1428,1,138.0,37,37,133.5,0,6,8,3,10.2,0,0,6,13,4,12.25,0,0.5,3,0.375,0.0
1429,1,120.0,19,38,117.9,0,6,6,5,13.0,0,0,6,7,6,12.83333333,0,0.8333333333333334,1,0.8333333333333334,0.0
1430,1,144.0,38,38,128.0,0,8,11,7,12.90857143,0,0,8,11,7,12.90857143,0,0.875,1,0.6363636363636364,0.0
1431,1,123.0,1,12,113.2,0,6,12,4,12.0,0,0,6,11,1,10.0,0,0.6666666666666666,2,0.3333333333333333,0.0
1432,1,129.0,37,38,122.0,0,6,9,6,10.83333333,0,0,6,8,5,11.0,0,1.0,0,0.6666666666666666,0.0
1433,1,152.0,1,38,156.9,0,6,6,6,15.33333333,0,0,6,9,6,15.83333333,0,1.0,0,1.0,0.0
1434,1,130.0,1,38,125.1,0,7,9,6,12.81666667,0,0,8,11,6,12.875,0,0.8571428571428571,1,0.6666666666666666,0.0
1435,1,133.1,41,1,100.0,6,7,7,6,13.0,0,2,6,6,2,14.0,0,0.8571428571428571,1,0.8571428571428571,0.0
1436,1,160.0,1,3,160.0,0,6,11,2,13.5,1,0,5,11,2,11.0,0,0.3333333333333333,4,0.18181818181818182,0.16666666666666666
1437,1,140.0,37,37,101.0,0,6,7,6,12.5,0,0,6,6,6,12.16666667,0,1.0,0,0.8571428571428571,0.0
1438,1,133.0,1,1,121.5,0,6,7,6,13.0,0,0,6,6,6,14.33333333,0,1.0,0,0.8571428571428571,0.0
1439,1,138.0,38,37,126.8,0,5,6,4,11.75,0,0,5,10,5,12.57142857,1,0.8,1,0.6666666666666666,0.0
1440,1,142.0,19,19,132.9,0,5,5,4,12.5,0,0,5,5,4,14.25,0,0.8,1,0.8,0.0
1441,1,115.0,1,1,134.3,16,17,19,17,11.61111111,0,14,17,22,17,12.05555556,0,1.0,0,0.8947368421052632,0.0
1442,1,125.0,1,1,120.5,0,6,6,6,14.0,0,0,6,6,6,14.66666667,0,1.0,0,1.0,0.0
1443,1,170.0,1,4,144.1,0,6,8,0,0.0,0,0,6,10,0,0.0,0,0.0,6,0.0,0.0
1444,1,140.0,1,1,100.0,0,5,5,5,13.8,0,0,5,6,5,13.83333333,0,1.0,0,1.0,0.0
1445,1,110.0,4,19,114.8,0,5,6,0,0.0,0,0,5,5,0,0.0,0,0.0,5,0.0,0.0
1446,1,114.0,3,29,111.9,0,0,0,0,0.0,0,0,0,0,0,0.0,0,0.0,0,0.0,0.0
1447,1,138.0,1,19,125.4,0,5,9,4,12.25,0,0,5,9,3,12.33333333,0,0.8,1,0.4444444444444444,0.0
1448,39,140.0,37,37,140.0,0,6,12,3,11.5,0,0,6,12,3,13.66666667,0,0.5,3,0.25,0.0
1449,39,140.0,1,19,140.0,2,7,9,6,12.57142857,0,5,9,9,9,12.55555556,0,0.8571428571428571,1,0.6666666666666666,0.0
1450,1,132.0,2,1,127.8,0,6,9,6,12.0,0,0,6,10,5,12.16666667,0,1.0,0,0.6666666666666666,0.0
1451,1,148.0,19,37,131.6,8,12,17,11,12.0,2,4,12,21,12,12.30769231,0,0.9166666666666666,1,0.6470588235294118,0.16666666666666666
1452,1,132.0,1,1,119.4,0,0,0,0,0.0,0,0,0,0,0,0.0,0,0.0,0,0.0,0.0
1453,1,126.0,19,37,129.9,1,7,9,6,12.0,0,2,6,6,6,11.16666667,0,0.8571428571428571,1,0.6666666666666666,0.0
1454,1,121.0,3,1,114.0,0,5,9,4,11.6,0,0,5,7,4,12.25,2,0.8,1,0.4444444444444444,0.0
1455,1,120.0,1,37,113.4,0,5,5,0,0.0,0,0,5,5,0,0.0,0,0.0,5,0.0,0.0
1456,1,123.0,1,19,117.8,0,5,9,5,12.0,0,0,5,9,4,13.0,0,1.0,0,0.5555555555555556,0.0
1457,1,122.0,1,1,114.3,0,7,8,6,13.97666667,0,0,8,12,6,12.04166667,1,0.8571428571428571,1,0.75,0.0
1458,1,136.0,2,38,129.7,0,6,10,4,12.5,0,0,6,12,1,10.0,3,0.6666666666666666,2,0.4,0.0
1459,1,119.0,37,37,112.0,0,5,5,0,0.0,0,0,5,0,0,0.0,0,0.0,5,0.0,0.0
1460,1,120.0,38,37,140.0,0,6,15,4,10.5,0,0,6,16,4,12.5,0,0.6666666666666666,2,0.26666666666666666,0.0
1461,39,150.0,38,38,150.0,0,6,8,5,12.85714286,0,0,6,11,6,12.3,0,0.8333333333333334,1,0.625,0.0
1462,1,121.0,3,19,122.4,0,5,7,3,11.66666667,0,0,5,5,4,12.0,0,0.6,2,0.42857142857142855,0.0
1463,1,140.0,1,19,150.0,0,5,7,2,13.0,0,0,5,11,1,10.0,0,0.4,3,0.2857142857142857,0.0
1464,1,135.0,19,19,135.0,0,6,8,6,11.83333333,0,0,6,9,5,10.4,0,1.0,0,0.75,0.0
1465,1,116.0,34,34,116.2,9,11,11,11,12.45454545,0,3,11,17,8,12.75,0,1.0,0,1.0,0.0
1466,1,120.0,10,12,120.4,0,5,6,3,11.0,0,0,5,6,0,0.0,0,0.6,2,0.5,0.0
1467,1,126.0,37,38,122.9,0,5,10,4,13.2,0,0,5,7,4,14.25,2,0.8,1,0.4,0.0
1468,1,170.0,1,19,155.0,0,6,6,6,15.5,0,0,6,6,6,14.16666667,0,1.0,0,1.0,0.0
1469,1,123.0,1,1,123.4,0,6,8,6,12.33333333,0,0,6,6,6,13.66666667,0,1.0,0,0.75,0.0
1470,1,120.0,3,38,124.2,0,5,13,5,12.0,0,0,5,9,4,11.4,0,1.0,0,0.38461538461538464,0.0
1471,39,130.0,3,3,130.0,0,6,12,4,11.6,0,0,6,11,5,11.5,0,0.6666666666666666,2,0.3333333333333333,0.0
1472,1,130.0,19,38,126.2,0,6,7,6,11.33333333,0,0,6,8,6,12.28571429,0,1.0,0,0.8571428571428571,0.0
1473,1,117.0,37,37,120.5,0,6,12,0,0.0,1,0,6,0,0,0.0,0,0.0,6,0.0,0.16666666666666666
1474,1,131.0,1,3,123.7,0,5,7,4,12.0,0,0,5,8,2,12.5,0,0.8,1,0.5714285714285714,0.0
1475,1,130.0,19,38,122.5,0,5,11,4,12.0,1,0,5,9,5,12.6,0,0.8,1,0.36363636363636365,0.2
1476,1,133.0,37,37,139.2,0,5,11,2,12.5,0,0,5,9,2,11.5,1,0.4,3,0.18181818181818182,0.0
1477,1,128.0,2,1,131.2,6,12,12,12,13.66666667,0,4,11,16,11,13.0,0,1.0,0,1.0,0.0
1478,1,133.1,1,19,120.0,0,6,17,2,14.5,2,0,6,13,0,0.0,1,0.3333333333333333,4,0.11764705882352941,0.3333333333333333
1479,1,123.0,1,1,116.7,0,6,10,4,13.2,0,0,6,8,0,0.0,0,0.6666666666666666,2,0.4,0.0
1480,42,150.0,1,1,150.0,1,7,11,5,12.16666667,0,4,8,14,5,14.8,0,0.7142857142857143,2,0.45454545454545453,0.0
1481,19,133.1,37,37,117.5,0,6,10,4,11.25,0,0,6,6,6,11.33333333,0,0.6666666666666666,2,0.4,0.0
1482,1,140.0,3,1,137.6,0,6,8,6,15.16666667,0,0,6,7,6,14.42857143,0,1.0,0,0.75,0.0
1483,1,126.0,1,1,124.3,0,6,8,6,11.16666667,0,0,6,7,4,13.4,0,1.0,0,0.75,0.0
1484,19,133.1,37,37,116.0,0,7,8,6,10.98333333,0,0,7,8,6,10.98333333,0,0.8571428571428571,1,0.75,0.0
1485,1,121.0,19,1,121.4,0,6,8,4,10.75,0,0,6,11,5,11.5,0,0.6666666666666666,2,0.5,0.0
1486,42,140.0,1,3,142.8,7,12,15,11,13.38461538,0,4,9,13,7,14.28571429,0,0.9166666666666666,1,0.7333333333333333,0.0
1487,1,133.1,1,37,96.0,0,6,8,6,11.28571429,0,0,6,10,5,12.2,0,1.0,0,0.75,0.0
1488,1,131.0,19,37,125.0,0,6,13,0,0.0,3,0,6,6,0,0.0,0,0.0,6,0.0,0.5
1489,1,124.0,19,19,126.1,0,5,7,4,13.0,0,0,5,9,5,14.83333333,3,0.8,1,0.5714285714285714,0.0
1490,1,120.0,37,37,155.8,0,6,9,6,16.11111111,0,0,6,7,6,13.5,0,1.0,0,0.6666666666666666,0.0
1491,1,133.1,1,3,116.0,0,6,8,6,11.5,0,0,6,8,6,11.0,0,1.0,0,0.75,0.0
1492,39,110.0,3,4,110.0,0,6,15,4,10.75,0,0,6,12,2,10.5,0,0.6666666666666666,2,0.26666666666666666,0.0
1493,19,133.1,19,1,97.2,0,6,10,4,11.6,0,0,6,8,5,13.0,0,0.6666666666666666,2,0.4,0.0
1494,19,133.1,1,3,100.0,0,7,21,0,0.0,3,0,7,7,0,0.0,0,0.0,7,0.0,0.42857142857142855
1495,40,140.0,3,1,140.0,0,5,5,5,13.8,0,0,5,7,5,14.14285714,0,1.0,0,1.0,0.0
1496,1,130.0,1,37,128.0,0,7,8,7,13.58571429,0,0,8,8,8,14.6875,0,1.0,0,0.875,0.0
1497,1,110.0,1,1,115.3,0,6,8,6,13.85714286,0,0,6,8,5,13.0,0,1.0,0,0.75,0.0
1498,1,140.0,37,37,150.0,0,6,12,5,12.0,0,0,6,10,6,12.33333333,0,0.8333333333333334,1,0.4166666666666667,0.0
1499,39,160.0,1,38,160.0,0,6,9,6,13.44444444,0,0,6,9,5,12.6,0,1.0,0,0.6666666666666666,0.0
1500,1,138.0,38,37,133.1,0,6,6,6,14.0,0,0,6,7,6,13.85714286,0,1.0,0,1.0,0.0
1501,1,126.0,1,1,119.0,0,6,10,1,12.0,1,0,6,0,0,0.0,0,0.16666666666666666,5,0.1,0.16666666666666666
1502,1,120.0,37,19,156.0,0,5,5,5,14.2,0,0,5,6,5,13.83333333,0,1.0,0,1.0,0.0
1503,1,130.0,37,37,163.7,0,7,11,5,13.34,0,0,7,9,5,10.84,0,0.7142857142857143,2,0.45454545454545453,0.0
1504,40,130.0,37,37,130.0,3,8,12,7,12.45714286,0,3,8,12,7,12.45714286,0,0.875,1,0.5833333333333334,0.0
1505,1,122.0,38,38,123.1,0,6,12,3,11.0,0,0,6,12,3,12.0,0,0.5,3,0.25,0.0
1506,1,160.0,37,19,160.0,0,5,13,4,10.5,0,0,5,10,4,10.5,0,0.8,1,0.3076923076923077,0.0
1507,1,134.0,19,37,136.1,0,0,0,0,0.0,0,0,0,0,0,0.0,0,0.0,0,0.0,0.0
1508,1,134.0,19,37,132.7,9,13,13,13,14.0,0,7,12,13,12,13.0,0,1.0,0,1.0,0.0
1509,1,140.0,1,1,128.2,0,7,0,0,0.0,0,0,8,0,0,0.0,0,0.0,7,0.0,0.0
1510,1,127.0,1,1,126.7,0,1,1,0,0.0,0,0,6,0,0,0.0,0,0.0,1,0.0,0.0
1511,1,133.1,37,19,150.0,0,5,8,4,10.0,0,0,5,8,4,12.5,0,0.8,1,0.5,0.0
1512,1,143.0,19,37,156.3,0,0,0,0,0.0,0,0,0,0,0,0.0,0,0.0,0,0.0,0.0
1513,1,115.0,3,1,116.1,0,6,6,6,13.5,0,0,6,6,6,14.33333333,0,1.0,0,1.0,0.0
1514,1,131.0,19,37,123.8,0,7,0,0,0.0,0,0,8,0,0,0.0,0,0.0,7,0.0,0.0
1515,1,146.0,19,37,153.0,15,17,18,17,13.38888889,0,15,17,18,17,14.88888889,0,1.0,0,0.9444444444444444,0.0
1516,5,140.0,19,1,140.0,0,7,0,0,0.0,0,0,8,0,0,0.0,0,0.0,7,0.0,0.0
1517,1,135.0,19,1,131.9,6,12,12,12,13.58333333,0,4,11,12,11,13.58333333,0,1.0,0,1.0,0.0
1518,1,133.0,37,19,141.4,0,0,0,0,0.0,0,0,0,0,0,0.0,0,0.0,0,0.0,0.0
1519,12,133.1,1,1,140.0,0,5,5,0,0.0,0,0,5,5,0,0.0,0,0.0,5,0.0,0.0
1520,1,120.0,19,19,115.0,0,5,9,1,10.0,0,0,5,5,0,0.0,0,0.2,4,0.1111111111111111,0.0
1521,1,133.1,37,37,168.0,0,5,5,5,15.2,0,0,5,5,5,15.2,0,1.0,0,1.0,0.0
1522,1,130.0,19,1,101.3,0,6,12,4,12.8,0,0,6,17,0,0.0,0,0.6666666666666666,2,0.3333333333333333,0.0
1523,1,125.0,19,1,122.6,0,5,7,5,11.16666667,0,0,5,5,4,11.0,0,1.0,0,0.7142857142857143,0.0
1524,1,134.0,3,2,141.7,0,0,0,0,0.0,0,0,0,0,0,0.0,0,0.0,0,0.0,0.0
1525,1,151.0,1,1,132.3,0,8,9,7,12.82857143,0,0,8,9,7,12.82857143,0,0.875,1,0.7777777777777778,0.0
1526,1,112.0,1,1,111.7,0,6,6,6,12.5,0,0,6,10,4,12.6,0,1.0,0,1.0,0.0
1527,1,120.0,37,37,98.7,0,5,12,3,10.0,0,0,5,10,3,12.4,0,0.6,2,0.25,0.0
1528,1,140.0,19,1,140.0,0,6,6,6,11.5,0,0,6,10,4,13.25,0,1.0,0,1.0,0.0
1529,1,140.0,3,3,140.0,0,8,11,7,11.32857143,0,0,8,11,7,11.32857143,0,0.875,1,0.6363636363636364,0.0
1530,1,133.1,19,19,100.7,0,6,15,2,13.0,2,0,6,13,3,13.0,1,0.3333333333333333,4,0.13333333333333333,0.3333333333333333
1531,1,143.0,38,1,133.8,0,7,7,6,13.03333333,0,0,7,7,6,13.03333333,0,0.8571428571428571,1,0.8571428571428571,0.0
1532,1,133.1,37,37,100.0,0,6,8,6,12.16666667,0,0,6,7,4,11.75,0,1.0,0,0.75,0.0
1533,4,180.0,4,3,180.0,0,5,6,4,14.5,0,0,5,10,3,16.2,0,0.8,1,0.6666666666666666,0.0
1534,1,136.0,1,38,130.8,0,5,7,5,14.4,1,0,5,5,5,13.6,0,1.0,0,0.7142857142857143,0.2
1535,39,140.0,37,37,140.0,2,6,10,4,12.25,0,3,7,9,6,12.5,0,0.6666666666666666,2,0.4,0.0
1536,1,130.0,37,19,106.2,0,7,14,0,0.0,0,0,7,14,0,0.0,0,0.0,7,0.0,0.0
1537,1,141.0,38,19,125.6,0,6,6,6,12.66666667,0,0,6,6,6,12.0,0,1.0,0,1.0,0.0
1538,1,121.0,38,19,117.5,0,6,14,2,12.0,0,0,6,14,3,11.66666667,0,0.3333333333333333,4,0.14285714285714285,0.0
1539,3,120.0,37,37,122.5,0,5,6,0,0.0,0,0,5,5,0,0.0,0,0.0,5,0.0,0.0
1540,1,129.0,38,37,132.9,0,5,5,3,11.66666667,0,0,5,10,4,10.8,0,0.6,2,0.6,0.0
1541,12,133.1,37,37,103.0,0,6,0,0,0.0,0,0,6,0,0,0.0,0,0.0,6,0.0,0.0
1542,1,100.0,19,19,107.0,0,5,12,1,10.0,0,0,5,10,0,0.0,0,0.2,4,0.08333333333333333,0.0
1543,2,133.1,42,1,100.0,0,7,8,0,0.0,1,0,6,9,0,0.0,0,0.0,7,0.0,0.14285714285714285
1544,1,133.1,34,34,100.0,0,6,11,4,12.25,0,0,6,16,3,12.0,0,0.6666666666666666,2,0.36363636363636365,0.0
1545,1,139.0,1,37,131.3,0,6,10,4,12.0,1,0,6,6,6,12.5,0,0.6666666666666666,2,0.4,0.16666666666666666
1546,1,125.0,19,37,122.2,0,6,7,5,12.6,0,0,6,6,5,11.8,0,0.8333333333333334,1,0.7142857142857143,0.0
1547,9,133.1,34,34,118.4,0,5,5,0,0.0,0,0,5,5,0,0.0,0,0.0,5,0.0,0.0
1548,2,100.0,37,37,100.0,0,5,5,0,0.0,0,0,5,10,0,0.0,0,0.0,5,0.0,0.0
1549,1,110.0,38,38,110.0,0,8,8,0,0.0,1,0,8,8,0,0.0,1,0.0,8,0.0,0.125
1550,1,133.1,34,34,100.0,11,16,16,16,12.6875,0,11,13,13,13,12.0,0,1.0,0,1.0,0.0
1551,1,123.0,37,37,106.2,9,13,22,10,10.4,0,4,9,18,6,10.66666667,0,0.7692307692307693,3,0.45454545454545453,0.0
1552,40,110.0,37,37,110.0,11,15,26,14,10.46666667,0,9,12,16,12,10.92307692,0,0.9333333333333333,1,0.5384615384615384,0.0
1553,1,130.0,1,38,122.3,0,5,10,5,14.33333333,2,0,5,8,5,13.0,1,1.0,0,0.5,0.4
1554,1,133.1,37,37,112.5,0,7,7,6,14.66666667,1,0,6,7,6,14.33333333,0,0.8571428571428571,1,0.8571428571428571,0.14285714285714285
1555,1,97.0,1,19,98.1,0,7,7,7,12.83571429,0,0,8,8,8,14.23125,0,1.0,0,1.0,0.0
1556,1,130.0,37,19,140.2,0,5,5,0,0.0,0,0,5,0,0,0.0,0,0.0,5,0.0,0.0
1557,1,139.0,1,38,143.6,0,5,9,0,0.0,0,0,5,5,0,0.0,0,0.0,5,0.0,0.0
1558,1,150.0,37,37,134.6,0,0,0,0,0.0,0,0,0,0,0,0.0,0,0.0,0,0.0,0.0
1559,1,141.0,3,19,126.8,0,8,8,8,13.24875,0,0,8,8,8,13.24875,0,1.0,0,1.0,0.0
1560,1,133.1,2,3,100.0,0,7,10,7,12.85714286,0,0,7,7,4,12.75,0,1.0,0,0.7,0.0
1561,1,137.0,38,19,130.0,0,6,12,5,13.6,0,0,6,10,4,14.25,0,0.8333333333333334,1,0.4166666666666667,0.0
1562,1,116.0,1,1,113.6,0,5,6,3,14.0,0,0,5,8,5,12.4,0,0.6,2,0.5,0.0
1563,39,140.0,19,19,140.0,1,6,11,3,12.0,0,0,6,11,2,11.0,0,0.5,3,0.2727272727272727,0.0
1564,1,106.0,37,1,106.0,0,6,9,6,13.16666667,0,0,6,8,4,14.0,0,1.0,0,0.6666666666666666,0.0
1565,1,135.0,1,19,126.6,0,6,8,6,13.625,0,0,6,7,6,12.16666667,0,1.0,0,0.75,0.0
1566,1,144.0,19,38,130.7,0,7,8,7,14.85,0,0,8,9,8,15.61111111,0,1.0,0,0.875,0.0
1567,1,108.0,1,19,105.9,0,5,9,4,10.75,0,0,5,6,5,11.4,0,0.8,1,0.4444444444444444,0.0
1568,1,137.0,19,1,137.0,0,7,11,0,0.0,4,0,7,11,2,11.66666667,0,0.0,7,0.0,0.5714285714285714
1569,1,133.1,37,37,100.0,0,6,0,0,0.0,0,0,6,0,0,0.0,0,0.0,6,0.0,0.0
1570,1,121.0,37,37,114.4,8,12,14,12,14.0,0,2,7,12,7,13.85714286,0,1.0,0,0.8571428571428571,0.0
1571,19,133.1,37,37,120.0,0,6,8,0,0.0,0,0,6,10,0,0.0,0,0.0,6,0.0,0.0
1572,12,130.0,37,37,119.0,0,5,5,0,0.0,0,0,5,5,0,0.0,0,0.0,5,0.0,0.0
1573,1,133.1,37,37,110.0,0,6,17,5,13.0,0,0,6,11,4,11.75,0,0.8333333333333334,1,0.29411764705882354,0.0
1574,2,120.0,37,37,120.0,6,8,12,8,12.375,0,4,9,11,5,12.4,0,1.0,0,0.6666666666666666,0.0
1575,1,131.0,19,19,119.8,0,0,0,0,0.0,0,0,0,0,0,0.0,0,0.0,0,0.0,0.0
1576,19,133.1,37,37,135.6,0,6,10,5,11.4,0,0,6,9,4,13.75,0,0.8333333333333334,1,0.5,0.0
1577,1,100.0,19,37,120.7,0,5,9,4,11.25,0,0,5,7,4,13.0,0,0.8,1,0.4444444444444444,0.0
1578,1,131.0,37,19,136.3,0,5,7,3,13.0,0,0,5,8,3,12.0,0,0.6,2,0.42857142857142855,0.0
1579,1,158.0,38,37,164.3,0,0,0,0,0.0,0,0,0,0,0,0.0,0,0.0,0,0.0,0.0
1580,1,146.0,37,37,149.2,0,6,6,6,13.5,0,0,6,6,6,14.16666667,0,1.0,0,1.0,0.0
1581,1,133.0,1,3,122.5,0,6,11,1,11.0,1,0,6,11,4,11.0,4,0.16666666666666666,5,0.09090909090909091,0.16666666666666666
1582,1,120.0,19,37,100.0,0,5,9,0,0.0,0,0,5,10,1,11.0,0,0.0,5,0.0,0.0
1583,1,119.0,37,38,125.0,0,6,9,5,12.0,0,0,6,8,5,11.2,0,0.8333333333333334,1,0.5555555555555556,0.0
1584,1,132.0,37,19,131.0,0,6,8,5,13.0,0,0,6,7,6,13.0,0,0.8333333333333334,1,0.625,0.0
1585,1,130.0,29,38,122.0,0,0,0,0,0.0,0,0,0,0,0,0.0,0,0.0,0,0.0,0.0
1586,1,132.0,38,37,131.3,0,5,8,4,12.0,0,0,5,8,4,12.25,0,0.8,1,0.5,0.0
1587,1,133.1,1,2,117.0,0,5,10,5,11.16666667,0,0,5,10,3,10.8,0,1.0,0,0.5,0.0
1588,1,119.0,37,37,118.0,0,6,13,2,10.5,0,0,6,11,1,12.0,0,0.3333333333333333,4,0.15384615384615385,0.0
1589,1,134.0,1,19,126.0,0,6,7,6,12.66666667,0,0,6,6,6,12.16666667,0,1.0,0,0.8571428571428571,0.0
1590,39,120.0,1,19,120.0,1,6,6,1,11.0,0,0,6,8,0,0.0,0,0.16666666666666666,5,0.16666666666666666,0.0
1591,1,172.0,3,1,155.6,0,0,0,0,0.0,0,0,0,0,0,0.0,0,0.0,0,0.0,0.0
1592,1,120.0,19,38,122.8,0,5,6,4,11.5,0,0,5,12,2,10.33333333,0,0.8,1,0.6666666666666666,0.0
1593,1,129.0,38,37,127.3,0,0,0,0,0.0,0,0,0,0,0,0.0,0,0.0,0,0.0,0.0
1594,1,118.0,1,38,118.4,0,5,10,2,10.5,0,0,5,5,4,11.75,0,0.4,3,0.2,0.0
1595,1,127.0,1,37,128.1,0,5,8,4,12.5,0,0,5,6,4,11.0,0,0.8,1,0.5,0.0
1596,1,133.1,37,37,99.0,0,7,9,6,12.83333333,0,0,8,12,6,12.5,0,0.8571428571428571,1,0.6666666666666666,0.0
1597,1,164.0,19,1,161.2,0,6,7,6,15.57142857,0,0,6,7,6,16.14285714,0,1.0,0,0.8571428571428571,0.0
1598,1,136.0,37,37,140.9,0,6,10,4,12.0,0,0,6,7,5,11.8,0,0.6666666666666666,2,0.4,0.0
1599,1,117.0,38,38,111.1,0,6,6,4,11.25,0,0,6,6,3,11.33333333,0,0.6666666666666666,2,0.6666666666666666,0.0
1600,1,131.0,1,1,149.9,0,0,0,0,0.0,0,0,0,0,0,0.0,0,0.0,0,0.0,0.0
1601,1,110.0,1,19,111.3,0,6,10,6,12.28571429,0,0,6,11,4,14.25,0,1.0,0,0.6,0.0
1602,1,125.0,1,19,121.5,0,6,12,5,11.0,0,0,6,11,3,10.33333333,0,0.8333333333333334,1,0.4166666666666667,0.0
1603,39,120.0,19,38,120.0,0,6,8,6,12.14285714,0,0,6,11,5,13.6,0,1.0,0,0.75,0.0
1604,19,133.1,1,19,120.0,0,6,11,2,11.5,0,0,6,7,0,0.0,0,0.3333333333333333,4,0.18181818181818182,0.0
1605,42,130.0,38,38,130.0,7,12,16,11,12.54545455,0,5,10,12,8,11.625,0,0.9166666666666666,1,0.6875,0.0
1606,1,101.0,3,19,98.9,0,6,10,4,13.0,0,0,6,6,6,13.0,0,0.6666666666666666,2,0.4,0.0
1607,1,141.0,4,3,136.3,0,8,9,8,12.8875,1,0,8,9,8,12.8875,1,1.0,0,0.8888888888888888,0.125
1608,1,128.0,38,19,125.2,0,6,6,6,12.66666667,0,0,6,7,5,13.6,0,1.0,0,1.0,0.0
1609,1,145.0,38,19,130.0,0,6,7,6,12.83333333,0,0,6,7,6,12.57142857,0,1.0,0,0.8571428571428571,0.0
1610,1,160.0,1,38,141.5,0,5,10,3,10.66666667,1,0,5,11,2,12.5,0,0.6,2,0.3,0.2
1611,1,134.0,19,37,123.9,0,5,11,5,13.0,2,0,5,7,5,12.4,0,1.0,0,0.45454545454545453,0.4
1612,1,125.0,19,19,114.5,0,7,11,6,11.98333333,0,0,8,12,8,12.28125,0,0.8571428571428571,1,0.5454545454545454,0.0
1613,15,133.1,34,34,100.0,0,5,9,0,0.0,0,0,5,5,0,0.0,5,0.0,5,0.0,0.0
1614,1,120.0,38,37,110.5,0,6,6,6,11.83333333,0,0,6,6,6,11.5,0,1.0,0,1.0,0.0
1615,19,133.1,19,19,101.0,0,6,21,3,12.66666667,0,0,6,15,2,11.0,0,0.5,3,0.14285714285714285,0.0
1616,1,121.0,37,38,121.0,0,5,9,4,13.75,1,0,5,8,4,14.5,0,0.8,1,0.4444444444444444,0.2
1617,1,120.0,37,1,95.0,0,6,8,5,11.4,0,0,6,8,5,11.8,0,0.8333333333333334,1,0.625,0.0
1618,1,130.0,19,1,126.9,0,6,8,6,13.16666667,0,0,6,6,6,13.0,0,1.0,0,0.75,0.0
1619,1,130.0,1,1,116.3,3,7,10,6,12.83333333,0,2,8,8,5,11.8,0,0.8571428571428571,1,0.6,0.0
1620,1,128.0,19,3,120.0,0,6,8,6,14.125,0,0,6,10,5,14.5,0,1.0,0,0.75,0.0
1621,1,126.0,38,37,123.6,0,5,10,3,11.66666667,0,0,5,5,5,13.0,0,0.6,2,0.3,0.0
1622,1,120.0,37,37,150.0,0,7,18,6,10.25,0,0,7,14,4,11.25,0,0.8571428571428571,1,0.3333333333333333,0.0
1623,1,100.0,37,37,120.0,1,7,16,6,12.51428571,0,0,7,15,4,11.75,0,0.8571428571428571,1,0.375,0.0
1624,1,120.0,1,19,111.3,9,13,17,10,11.5,0,7,13,18,9,10.44444444,0,0.7692307692307693,3,0.5882352941176471,0.0
1625,1,110.0,37,37,150.0,0,5,5,1,10.0,0,0,5,5,0,0.0,0,0.2,4,0.2,0.0
1626,1,127.0,37,2,123.2,0,6,7,6,15.71428571,0,0,6,17,5,12.77777778,0,1.0,0,0.8571428571428571,0.0
1627,39,130.0,37,37,130.0,2,6,9,4,12.5,0,3,7,7,4,11.0,0,0.6666666666666666,2,0.4444444444444444,0.0
1628,1,141.0,19,3,137.9,0,5,6,3,12.0,0,0,5,5,4,12.75,0,0.6,2,0.5,0.0
1629,1,120.0,37,38,100.0,0,5,11,0,0.0,0,0,5,5,0,0.0,0,0.0,5,0.0,0.0
1630,19,133.1,37,38,120.0,0,5,9,4,12.25,2,0,5,8,4,11.75,0,0.8,1,0.4444444444444444,0.4
1631,19,133.1,19,19,131.0,0,4,5,0,0.0,0,0,4,4,0,0.0,0,0.0,4,0.0,0.0
1632,12,133.1,37,37,133.8,0,5,5,5,13.6,0,0,5,5,5,14.2,0,1.0,0,1.0,0.0
1633,1,130.0,38,3,100.0,9,13,14,13,13.30769231,0,7,11,12,11,12.81818182,0,1.0,0,0.9285714285714286,0.0
1634,1,110.0,37,37,150.0,0,5,6,5,12.2,0,0,5,9,5,11.8,0,1.0,0,0.8333333333333334,0.0
1635,1,125.0,38,37,126.4,0,6,7,6,12.28571429,0,0,6,7,6,13.33333333,1,1.0,0,0.8571428571428571,0.0
1636,1,130.0,1,19,154.0,1,5,12,3,12.0,2,1,5,8,4,13.0,1,0.6,2,0.25,0.4
1637,1,121.0,1,1,114.9,0,7,9,6,13.34285714,0,0,8,10,7,11.65,0,0.8571428571428571,1,0.6666666666666666,0.0
1638,9,133.1,37,37,110.0,0,5,5,0,0.0,0,0,5,5,0,0.0,0,0.0,5,0.0,0.0
1639,1,147.0,3,1,149.8,5,12,12,11,14.27272727,0,5,12,12,11,14.81818182,0,0.9166666666666666,1,0.9166666666666666,0.0
1640,1,128.0,1,37,117.9,0,7,9,7,12.1375,0,0,8,9,8,12.91111111,0,1.0,0,0.7777777777777778,0.0
1641,1,164.0,38,38,165.8,0,6,7,6,14.16666667,0,0,6,7,6,14.85714286,0,1.0,0,0.8571428571428571,0.0
1642,1,137.0,1,1,127.6,0,7,7,7,13.52857143,0,0,8,9,8,14.65555556,0,1.0,0,1.0,0.0
1643,1,122.0,37,19,123.8,0,6,8,5,12.0,0,0,6,8,6,11.0,0,0.8333333333333334,1,0.625,0.0
1644,1,124.0,3,3,126.1,0,5,5,5,11.4,0,0,6,11,1,11.0,0,1.0,0,1.0,0.0
1645,1,120.0,3,19,119.7,0,0,0,0,0.0,0,0,0,0,0,0.0,0,0.0,0,0.0,0.0
1646,1,117.0,1,19,121.6,6,12,12,12,12.91666667,0,4,11,16,11,14.5,0,1.0,0,1.0,0.0
1647,1,140.0,1,38,100.0,0,7,8,7,13.6375,0,0,8,8,8,14.3875,0,1.0,0,0.875,0.0
1648,1,130.0,19,37,127.6,0,7,10,7,12.9,0,0,8,15,7,12.14285714,0,1.0,0,0.7,0.0
1649,1,138.0,1,38,132.5,0,8,8,7,14.36,0,0,8,8,7,14.36,0,0.875,1,0.875,0.0
1650,1,141.0,3,1,124.3,0,8,8,7,14.51428571,0,0,8,8,7,14.51428571,0,0.875,1,0.875,0.0
1651,1,142.0,1,1,131.0,0,8,8,7,14.7,0,0,8,8,7,14.7,0,0.875,1,0.875,0.0
1652,40,120.0,43,3,120.0,0,5,5,5,15.2,0,0,5,6,5,14.0,0,1.0,0,1.0,0.0
1653,1,122.0,19,19,113.3,0,7,7,7,13.0,0,0,8,8,8,15.0625,0,1.0,0,1.0,0.0
1654,1,131.0,1,1,121.9,0,6,6,6,13.5,0,0,6,6,0,0.0,0,1.0,0,1.0,0.0
1655,1,120.0,38,1,118.3,0,5,11,5,12.33333333,2,0,5,7,5,12.6,0,1.0,0,0.45454545454545453,0.4
1656,1,131.0,3,19,118.8,0,5,6,5,13.4,0,0,5,6,5,13.0,0,1.0,0,0.8333333333333334,0.0
1657,1,130.0,37,19,129.0,0,5,7,4,11.75,0,0,5,9,2,10.5,0,0.8,1,0.5714285714285714,0.0
1658,1,120.0,37,37,143.3,0,0,0,0,0.0,0,0,0,0,0,0.0,0,0.0,0,0.0,0.0
1659,1,136.0,3,3,152.5,0,0,0,0,0.0,0,0,0,0,0,0.0,0,0.0,0,0.0,0.0
1660,42,160.0,1,19,155.7,7,12,17,11,14.72727273,0,4,9,10,7,14.14285714,0,0.9166666666666666,1,0.6470588235294118,0.0
1661,1,157.0,3,3,153.9,0,6,7,6,16.57142857,0,0,6,6,6,15.66666667,0,1.0,0,0.8571428571428571,0.0
1662,1,150.0,19,1,137.8,0,7,10,7,15.145,0,0,8,8,8,15.7425,0,1.0,0,0.7,0.0
1663,1,148.0,1,37,143.3,0,7,7,7,13.44285714,0,0,8,8,8,15.075,0,1.0,0,1.0,0.0
1664,1,120.0,37,37,123.2,0,5,8,5,14.16666667,2,0,5,6,4,11.75,2,1.0,0,0.625,0.4
1665,1,150.0,1,1,138.1,0,6,7,6,14.0,0,0,6,7,5,15.0,0,1.0,0,0.8571428571428571,0.0
1666,1,158.0,1,1,140.5,0,6,9,6,11.33333333,0,0,6,6,6,12.33333333,0,1.0,0,0.6666666666666666,0.0
1667,1,145.0,3,19,130.0,0,8,8,8,13.76125,0,0,8,8,8,13.76125,0,1.0,0,1.0,0.0
1668,39,100.0,1,38,104.8,2,7,9,5,11.6,0,5,9,9,5,10.0,0,0.7142857142857143,2,0.5555555555555556,0.0
1669,1,136.0,37,37,132.5,1,6,7,4,12.75,0,1,6,8,5,13.0,0,0.6666666666666666,2,0.5714285714285714,0.0
1670,1,133.1,1,1,127.7,0,5,12,4,12.5,0,0,5,10,4,11.0,0,0.8,1,0.3333333333333333,0.0
1671,1,148.0,19,3,136.5,0,6,13,6,15.30769231,0,0,6,9,6,14.0,0,1.0,0,0.46153846153846156,0.0
1672,39,130.0,3,1,130.0,1,6,12,5,13.28571429,0,0,6,10,4,12.0,0,0.8333333333333334,1,0.4166666666666667,0.0
1673,40,130.0,1,1,190.0,1,7,7,7,14.75714286,0,1,8,9,8,14.07777778,0,1.0,0,1.0,0.0
1674,1,136.0,1,1,128.5,0,7,7,6,12.76666667,0,0,7,7,6,12.76666667,0,0.8571428571428571,1,0.8571428571428571,0.0
1675,1,122.0,1,1,126.6,0,5,5,5,10.4,0,0,6,13,0,0.0,0,1.0,0,1.0,0.0
1676,1,140.0,3,3,131.6,0,7,0,0,0.0,0,0,7,0,0,0.0,0,0.0,7,0.0,0.0
1677,1,110.0,1,1,119.0,0,5,10,4,10.5,0,0,5,6,5,12.6,0,0.8,1,0.4,0.0
1678,1,130.0,37,36,127.6,0,5,6,4,14.25,0,0,5,6,5,13.4,0,0.8,1,0.6666666666666666,0.0
1679,1,133.1,1,37,100.0,0,7,11,3,11.91666667,1,0,7,17,0,0.0,0,0.42857142857142855,4,0.2727272727272727,0.14285714285714285
1680,1,128.0,38,38,124.5,0,5,10,3,10.66666667,0,0,5,9,2,14.0,2,0.6,2,0.3,0.0
1681,1,117.0,1,19,109.3,0,6,11,4,12.25,0,0,6,10,3,12.66666667,0,0.6666666666666666,2,0.36363636363636365,0.0
1682,1,124.0,19,1,117.7,0,5,5,4,12.0,0,0,5,6,5,11.6,0,0.8,1,0.8,0.0
1683,1,124.0,2,2,124.7,0,5,7,3,11.0,0,0,5,5,4,12.75,0,0.6,2,0.42857142857142855,0.0
1684,1,128.0,37,37,124.5,0,6,6,6,14.16666667,0,0,6,8,5,13.0,0,1.0,0,1.0,0.0
1685,1,125.0,3,3,140.8,0,6,6,6,14.66666667,0,0,6,6,6,15.0,0,1.0,0,1.0,0.0
1686,1,121.0,38,1,111.9,0,5,11,0,0.0,0,0,5,10,5,12.28571429,1,0.0,5,0.0,0.0
1687,3,140.0,3,3,140.0,0,7,8,3,12.66666667,0,0,5,5,0,0.0,0,0.42857142857142855,4,0.375,0.0
1688,1,124.0,19,1,121.2,0,0,0,0,0.0,0,0,0,0,0,0.0,0,0.0,0,0.0,0.0
1689,1,136.0,37,37,123.8,0,0,0,0,0.0,0,0,0,0,0,0.0,0,0.0,0,0.0,0.0
1690,1,140.8,34,34,134.0,0,5,0,0,0.0,0,0,5,0,0,0.0,0,0.0,5,0.0,0.0
1691,1,142.0,1,37,130.8,0,6,0,0,0.0,0,0,6,0,0,0.0,0,0.0,6,0.0,0.0
1692,1,133.0,37,38,130.2,0,7,7,7,13.7,0,0,8,9,8,14.02222222,0,1.0,0,1.0,0.0
1693,1,131.0,3,19,123.3,0,5,7,5,11.8,0,0,5,8,4,12.4,2,1.0,0,0.7142857142857143,0.0
1694,3,130.0,3,3,147.6,0,5,0,0,0.0,0,0,5,0,0,0.0,0,0.0,5,0.0,0.0
1695,1,120.0,38,37,113.4,0,6,6,6,13.33333333,0,0,6,7,6,13.28571429,0,1.0,0,1.0,0.0
1696,1,141.0,19,38,133.7,0,6,7,5,11.4,0,0,6,6,6,12.16666667,0,0.8333333333333334,1,0.7142857142857143,0.0
1697,1,130.0,34,1,128.2,0,5,5,0,0.0,0,0,5,5,0,0.0,0,0.0,5,0.0,0.0
1698,1,168.0,1,1,161.0,0,7,7,7,16.14285714,0,0,8,9,0,0.0,0,1.0,0,1.0,0.0
1699,3,130.0,37,37,130.0,0,8,8,0,0.0,8,0,8,8,0,0.0,8,0.0,8,0.0,1.0
1700,1,156.0,38,37,156.3,0,8,8,8,15.63375,0,0,8,8,8,15.63375,0,1.0,0,1.0,0.0
1701,1,137.0,1,1,129.3,0,6,6,6,13.66666667,0,0,6,6,6,14.5,0,1.0,0,1.0,0.0
1702,1,131.0,34,34,129.3,0,6,0,0,0.0,0,0,6,0,0,0.0,0,0.0,6,0.0,0.0
1703,1,130.0,38,38,136.3,0,6,8,6,12.5,0,0,6,7,6,11.5,0,1.0,0,0.75,0.0
1704,1,133.1,1,19,140.0,0,6,8,6,12.28571429,0,0,6,6,6,13.0,0,1.0,0,0.75,0.0
1705,1,131.0,3,1,135.9,0,5,10,2,14.0,0,0,5,7,3,11.0,1,0.4,3,0.2,0.0
1706,1,160.0,1,1,139.7,0,0,0,0,0.0,0,0,0,0,0,0.0,0,0.0,0,0.0,0.0
1707,1,117.0,1,38,117.0,0,5,5,4,10.75,0,0,5,6,4,12.25,0,0.8,1,0.8,0.0
1708,19,133.1,19,1,105.0,0,7,14,4,12.95,1,0,7,11,4,13.125,1,0.5714285714285714,3,0.2857142857142857,0.14285714285714285
1709,1,130.0,37,38,130.5,0,7,7,6,12.45,0,0,7,7,6,12.45,0,0.8571428571428571,1,0.8571428571428571,0.0
1710,39,130.0,37,37,130.0,2,6,12,4,12.25,0,3,7,9,7,12.0,0,0.6666666666666666,2,0.3333333333333333,0.0
1711,1,137.0,19,19,131.5,0,8,8,8,13.38125,0,0,8,8,8,13.38125,0,1.0,0,1.0,0.0
1712,1,133.1,3,1,100.0,1,7,10,5,12.16,0,0,6,7,5,11.34,0,0.7142857142857143,2,0.5,0.0
1713,39,140.0,1,3,140.0,2,6,11,4,12.5,0,1,6,18,2,11.5,0,0.6666666666666666,2,0.36363636363636365,0.0
1714,1,140.0,19,37,130.2,0,6,8,6,12.75,0,0,6,10,6,12.16666667,0,1.0,0,0.75,0.0
1715,1,135.0,1,19,133.5,0,8,8,8,13.3425,0,0,8,8,8,13.3425,0,1.0,0,1.0,0.0
1716,1,140.0,38,38,133.2,0,7,10,7,14.175,0,0,8,14,6,13.03125,0,1.0,0,0.7,0.0
1717,1,100.0,37,38,130.0,0,8,16,1,10.0,1,0,8,16,1,10.0,1,0.125,7,0.0625,0.125
1718,1,160.0,38,37,129.0,0,5,9,0,0.0,0,0,5,8,2,14.5,2,0.0,5,0.0,0.0
1719,19,133.1,2,1,100.0,0,5,7,0,0.0,0,0,5,7,0,0.0,0,0.0,5,0.0,0.0
1720,1,128.0,38,37,116.5,0,5,6,5,12.0,0,0,5,8,5,12.14285714,0,1.0,0,0.8333333333333334,0.0
1721,1,121.0,37,37,124.2,0,6,8,6,10.57142857,0,0,6,9,5,11.4,0,1.0,0,0.75,0.0
1722,1,127.0,3,3,138.8,4,12,19,11,14.15384615,0,5,12,20,12,15.42857143,0,0.9166666666666666,1,0.5789473684210527,0.0
1723,1,132.0,2,1,126.4,0,6,9,6,11.16666667,0,0,6,11,5,12.4,0,1.0,0,0.6666666666666666,0.0
1724,1,147.0,19,19,151.9,13,17,20,17,12.0,0,14,17,18,17,12.66666667,0,1.0,0,0.85,0.0
1725,1,110.0,37,37,120.0,0,5,11,3,11.33333333,0,0,5,9,4,12.0,0,0.6,2,0.2727272727272727,0.0
1726,1,142.0,34,34,131.9,9,16,17,16,12.58823529,0,10,13,14,13,13.35714286,0,1.0,0,0.9411764705882353,0.0
1727,39,130.0,38,37,130.0,0,6,11,4,12.0,0,0,6,9,4,10.75,0,0.6666666666666666,2,0.36363636363636365,0.0
1728,1,131.0,38,37,131.7,0,6,0,0,0.0,0,0,6,0,0,0.0,0,0.0,6,0.0,0.0
1729,1,110.0,37,37,132.5,7,12,13,12,12.25,0,8,13,13,13,12.84615385,0,1.0,0,0.9230769230769231,0.0
1730,1,128.0,3,3,116.5,0,5,7,5,11.6,0,0,5,5,5,12.8,0,1.0,0,0.7142857142857143,0.0
1731,1,136.0,19,19,133.9,0,5,7,4,13.0,0,0,5,11,3,12.0,2,0.8,1,0.5714285714285714,0.0
1732,1,120.0,37,38,145.4,0,5,11,3,10.66666667,0,0,5,5,2,12.5,0,0.6,2,0.2727272727272727,0.0
1733,1,140.0,37,3,172.0,5,11,21,9,12.33333333,0,8,11,16,9,11.0,0,0.8181818181818182,2,0.42857142857142855,0.0
1734,1,118.0,1,1,111.0,0,5,7,2,11.0,0,0,5,9,3,11.42857143,0,0.4,3,0.2857142857142857,0.0
1735,39,120.0,2,19,120.0,2,7,10,6,13.42857143,0,5,9,9,8,13.125,0,0.8571428571428571,1,0.6,0.0
1736,1,151.0,3,1,129.8,0,8,10,8,13.05375,2,0,8,10,8,13.05375,2,1.0,0,0.8,0.25
1737,1,130.0,1,3,118.1,0,7,10,6,12.03571429,0,0,8,9,7,13.75,0,0.8571428571428571,1,0.6,0.0
1738,1,140.0,3,1,130.0,0,6,6,6,14.16666667,0,0,6,7,6,13.83333333,0,1.0,0,1.0,0.0
1739,19,133.1,37,37,126.3,0,6,6,0,0.0,0,0,6,8,0,0.0,0,0.0,6,0.0,0.0
1740,1,146.0,3,3,137.8,0,6,11,5,13.6,0,0,6,13,3,12.66666667,0,0.8333333333333334,1,0.45454545454545453,0.0
1741,1,122.0,1,1,116.1,0,6,7,5,12.2,0,0,6,12,2,12.0,0,0.8333333333333334,1,0.7142857142857143,0.0
1742,1,121.0,3,19,115.4,0,6,8,6,13.71428571,0,0,6,7,5,13.33333333,0,1.0,0,0.75,0.0
1743,1,127.0,1,1,110.0,0,6,10,3,11.66666667,0,0,6,11,2,10.0,0,0.5,3,0.3,0.0
1744,1,133.1,37,37,97.4,0,6,9,1,14.0,0,0,6,6,0,0.0,0,0.16666666666666666,5,0.1111111111111111,0.0
1745,39,130.0,1,1,130.0,2,6,20,4,12.5,0,1,6,16,3,10.0,0,0.6666666666666666,2,0.2,0.0
1746,1,156.0,19,1,156.0,0,6,11,5,11.83333333,0,0,6,11,4,11.5,0,0.8333333333333334,1,0.45454545454545453,0.0
1747,1,130.0,19,1,126.1,0,6,6,0,0.0,0,0,6,8,0,0.0,0,0.0,6,0.0,0.0
1748,1,110.0,1,1,120.0,0,6,0,0,0.0,0,0,6,0,0,0.0,0,0.0,6,0.0,0.0
1749,1,108.0,38,38,105.2,11,17,18,13,11.53846154,0,10,15,15,10,12.4,0,0.7647058823529411,4,0.7222222222222222,0.0
1750,1,120.0,3,2,120.0,4,9,14,7,11.28571429,2,2,8,15,4,12.25,0,0.7777777777777778,2,0.5,0.2222222222222222
1751,1,150.0,38,19,137.8,0,0,0,0,0.0,0,0,0,0,0,0.0,0,0.0,0,0.0,0.0
1752,1,152.0,39,39,134.2,0,6,7,5,11.8,0,0,6,9,4,12.0,0,0.8333333333333334,1,0.7142857142857143,0.0
1753,39,150.0,19,3,150.0,0,5,16,0,0.0,0,0,5,12,2,10.5,0,0.0,5,0.0,0.0
1754,1,123.0,3,1,116.0,0,5,5,0,0.0,0,0,5,5,0,0.0,0,0.0,5,0.0,0.0
1755,1,150.0,1,1,143.4,0,5,5,5,14.2,0,0,5,5,5,14.2,0,1.0,0,1.0,0.0
1756,1,145.0,4,4,143.6,5,12,12,10,12.7,0,4,11,16,10,12.27272727,0,0.8333333333333334,2,0.8333333333333334,0.0
1757,39,150.0,1,37,150.0,1,6,10,3,12.66666667,0,0,6,7,0,0.0,0,0.5,3,0.3,0.0
1758,1,125.0,4,19,118.0,0,6,7,6,14.42857143,0,0,6,8,6,15.0,2,1.0,0,0.8571428571428571,0.0
1759,1,117.0,1,1,109.3,0,7,7,7,13.11714286,0,0,8,9,7,12.6,0,1.0,0,1.0,0.0
1760,1,121.0,19,19,119.3,0,6,7,6,12.66666667,0,0,6,7,6,11.83333333,0,1.0,0,0.8571428571428571,0.0
1761,1,140.0,1,1,146.3,0,0,0,0,0.0,0,0,0,0,0,0.0,0,0.0,0,0.0,0.0
1762,1,130.0,1,19,161.5,0,6,7,6,15.28571429,0,0,6,6,6,16.5,0,1.0,0,0.8571428571428571,0.0
1763,1,140.0,37,2,140.0,0,5,12,3,10.5,0,0,5,8,4,11.25,0,0.6,2,0.25,0.0
1764,42,140.0,1,1,142.2,6,11,11,11,12.63636364,0,3,9,11,9,12.6,0,1.0,0,1.0,0.0
1765,1,140.0,19,38,129.2,0,5,6,0,0.0,0,0,5,0,0,0.0,0,0.0,5,0.0,0.0
1766,1,140.0,1,1,100.0,3,9,9,3,14.33333333,0,1,7,8,1,14.0,0,0.3333333333333333,6,0.3333333333333333,0.0
1767,39,170.0,19,2,170.0,2,8,14,8,15.125,0,1,6,12,6,13.66666667,0,1.0,0,0.5714285714285714,0.0
1768,3,140.0,3,19,140.0,0,7,0,0,0.0,0,0,8,0,0,0.0,0,0.0,7,0.0,0.0
1769,1,116.0,3,3,115.2,2,7,16,3,12.0,0,3,8,10,3,10.33333333,0,0.42857142857142855,4,0.1875,0.0
1770,1,134.0,37,19,121.4,0,6,10,4,14.25,1,0,6,8,5,12.0,0,0.6666666666666666,2,0.4,0.16666666666666666
1771,1,133.1,38,38,134.8,0,5,12,2,10.5,0,0,5,9,4,10.0,2,0.4,3,0.16666666666666666,0.0
1772,1,140.0,1,1,136.9,0,6,7,6,13.5,0,0,6,7,6,14.42857143,0,1.0,0,0.8571428571428571,0.0
1773,1,140.0,19,19,140.0,0,6,14,5,11.66666667,0,0,6,11,4,12.0,0,0.8333333333333334,1,0.35714285714285715,0.0
1774,1,108.0,1,19,112.2,0,6,13,5,10.8,0,0,6,12,3,10.0,0,0.8333333333333334,1,0.38461538461538464,0.0
1775,1,149.0,1,3,148.7,0,4,4,0,0.0,0,0,4,8,0,0.0,0,0.0,4,0.0,0.0
1776,1,140.0,19,38,133.0,3,9,11,9,12.8,0,2,7,9,7,11.42857143,0,1.0,0,0.8181818181818182,0.0
1777,1,140.0,37,12,150.0,0,5,6,5,10.8,0,0,5,7,5,12.0,2,1.0,0,0.8333333333333334,0.0
1778,1,133.1,37,38,98.0,0,5,8,4,11.4,0,0,5,7,4,11.0,0,0.8,1,0.5,0.0
1779,1,125.0,37,19,122.4,0,7,7,7,13.72571429,0,0,8,8,8,14.5,0,1.0,0,1.0,0.0
1780,1,133.1,1,37,139.0,0,6,6,5,12.8,0,0,6,9,5,12.25,0,0.8333333333333334,1,0.8333333333333334,0.0
1781,1,133.1,1,19,112.0,0,6,6,6,13.5,0,0,6,6,6,11.16666667,0,1.0,0,1.0,0.0
1782,1,130.0,37,37,143.8,0,8,8,7,15.57,0,0,8,8,7,15.57,0,0.875,1,0.875,0.0
1783,1,122.0,3,38,116.1,0,5,10,4,11.0,0,0,5,13,2,12.0,0,0.8,1,0.4,0.0
1784,3,140.0,37,38,138.0,0,7,7,7,14.11428571,0,0,8,9,8,15.91111111,0,1.0,0,1.0,0.0
1785,1,123.0,37,38,110.0,0,5,12,3,11.0,1,0,5,12,4,11.5,0,0.6,2,0.25,0.2
1786,19,133.1,37,37,103.5,0,6,0,0,0.0,0,0,6,0,0,0.0,0,0.0,6,0.0,0.0
1787,3,140.0,37,37,140.0,0,5,6,4,13.5,0,0,5,6,4,13.75,0,0.8,1,0.6666666666666666,0.0
1788,1,116.0,3,3,108.7,0,6,9,4,11.25,1,0,6,10,0,0.0,4,0.6666666666666666,2,0.4444444444444444,0.16666666666666666
1789,1,118.0,19,1,115.9,0,6,7,6,12.14285714,0,0,6,8,6,11.33333333,0,1.0,0,0.8571428571428571,0.0
1790,1,140.0,37,37,127.3,0,8,8,7,13.07571429,0,0,8,8,7,13.07571429,0,0.875,1,0.875,0.0
1791,1,146.0,3,1,138.7,0,5,0,0,0.0,0,0,5,0,0,0.0,0,0.0,5,0.0,0.0
1792,1,150.0,3,5,135.8,1,5,9,3,11.0,0,0,5,11,2,13.5,0,0.6,2,0.3333333333333333,0.0
1793,1,137.0,1,1,134.6,0,6,16,0,0.0,0,0,6,7,0,0.0,0,0.0,6,0.0,0.0
1794,1,136.0,19,37,118.4,0,7,12,4,13.125,0,0,7,8,6,12.33333333,0,0.5714285714285714,3,0.3333333333333333,0.0
1795,1,134.0,38,38,132.8,0,8,8,7,13.51285714,0,0,8,8,7,13.51285714,0,0.875,1,0.875,0.0
1796,1,160.0,38,37,155.5,0,6,7,6,12.83333333,0,0,6,6,6,12.16666667,0,1.0,0,0.8571428571428571,0.0
1797,1,126.0,38,1,132.0,0,5,8,3,15.0,2,0,5,9,3,11.66666667,0,0.6,2,0.375,0.4
1798,19,133.1,37,38,110.0,0,6,12,5,12.8,0,0,6,16,3,13.33333333,0,0.8333333333333334,1,0.4166666666666667,0.0
1799,1,114.0,38,3,127.3,0,6,14,3,12.33333333,0,0,6,16,0,0.0,0,0.5,3,0.21428571428571427,0.0
1800,1,139.0,3,1,126.0,0,8,15,5,12.288,1,0,8,15,5,12.288,1,0.625,3,0.3333333333333333,0.125
1801,3,130.0,34,34,130.0,8,12,21,12,12.33333333,0,6,10,13,7,13.28571429,2,1.0,0,0.5714285714285714,0.0
1802,1,131.0,1,1,118.8,0,5,9,4,11.5,0,0,5,5,5,12.8,0,0.8,1,0.4444444444444444,0.0
1803,1,130.0,19,1,127.6,4,6,6,6,11.83333333,0,0,6,11,4,11.14285714,0,1.0,0,1.0,0.0
1804,19,133.1,19,19,112.1,0,5,5,0,0.0,0,0,5,5,0,0.0,0,0.0,5,0.0,0.0
1805,3,130.0,3,1,130.0,0,5,5,0,0.0,0,0,5,5,0,0.0,0,0.0,5,0.0,0.0
1806,1,117.0,1,1,111.1,0,5,10,5,11.8,0,0,5,12,3,11.5,0,1.0,0,0.5,0.0
1807,1,127.0,3,3,121.4,0,6,0,0,0.0,0,0,6,0,0,0.0,0,0.0,6,0.0,0.0
1808,1,131.0,1,19,126.8,0,5,6,5,12.2,0,0,5,8,4,12.0,0,1.0,0,0.8333333333333334,0.0
1809,1,134.0,1,1,120.6,2,6,6,6,12.33333333,0,0,5,5,5,13.0,0,1.0,0,1.0,0.0
1810,1,130.0,37,37,126.5,0,6,7,6,12.42857143,0,0,6,6,6,12.83333333,0,1.0,0,0.8571428571428571,0.0
1811,1,127.0,1,19,120.2,0,7,7,7,12.76571429,0,0,8,9,8,13.54444444,0,1.0,0,1.0,0.0
1812,1,130.0,37,37,120.0,0,7,11,5,12.1,0,0,7,10,5,12.6,0,0.7142857142857143,2,0.45454545454545453,0.0
1813,1,142.0,37,38,137.5,0,5,10,5,12.0,0,0,5,9,5,11.5,0,1.0,0,0.5,0.0
1814,1,117.0,1,37,127.9,0,6,6,0,0.0,0,0,6,6,0,0.0,0,0.0,6,0.0,0.0
1815,19,133.1,19,37,140.0,0,6,10,6,14.88888889,0,0,6,11,6,13.72727273,0,1.0,0,0.6,0.0
1816,1,164.0,37,37,131.8,7,14,19,13,11.35714286,0,9,14,14,13,12.0,1,0.9285714285714286,1,0.6842105263157895,0.0
1817,1,130.0,37,37,129.0,0,6,6,6,13.5,0,0,6,6,6,12.5,0,1.0,0,1.0,0.0
1818,1,127.0,2,37,115.8,0,6,6,0,0.0,0,0,6,0,0,0.0,0,0.0,6,0.0,0.0
1819,1,140.0,3,2,126.4,0,7,7,7,13.88428571,0,0,8,9,8,14.75,0,1.0,0,1.0,0.0
1820,1,130.0,19,38,130.0,0,6,12,5,13.0,0,0,6,12,3,11.66666667,0,0.8333333333333334,1,0.4166666666666667,0.0
1821,1,122.0,3,1,114.8,0,7,11,4,12.65,0,0,7,9,5,11.1,0,0.5714285714285714,3,0.36363636363636365,0.0
1822,1,162.0,1,38,138.6,0,5,10,1,11.0,0,0,5,13,0,0.0,0,0.2,4,0.1,0.0
1823,1,133.1,1,1,112.9,0,6,12,2,11.66666667,0,0,6,20,2,10.5,6,0.3333333333333333,4,0.16666666666666666,0.0
1824,1,120.0,3,3,111.6,0,6,6,6,14.5,0,0,6,6,6,12.66666667,0,1.0,0,1.0,0.0
1825,1,160.0,19,37,152.0,0,6,7,6,14.71428571,0,0,6,7,6,14.16666667,0,1.0,0,0.8571428571428571,0.0
1826,1,141.0,38,1,132.6,0,6,7,6,13.28571429,0,0,6,6,6,14.33333333,0,1.0,0,0.8571428571428571,0.0
1827,1,125.0,1,38,118.4,0,5,13,3,11.33333333,2,0,5,12,2,10.5,1,0.6,2,0.23076923076923078,0.4
1828,3,120.0,37,37,120.0,0,7,7,0,0.0,7,0,7,7,0,0.0,7,0.0,7,0.0,1.0
1829,1,128.0,38,37,122.1,0,5,11,4,11.57142857,0,0,5,9,5,12.0,0,0.8,1,0.36363636363636365,0.0
1830,1,162.0,37,19,142.8,0,6,10,5,13.0,0,0,6,10,4,11.5,0,0.8333333333333334,1,0.5,0.0
1831,1,130.0,1,1,124.8,0,6,9,6,11.5,0,0,6,11,5,14.0,0,1.0,0,0.6666666666666666,0.0
1832,1,134.0,37,19,126.3,0,5,8,5,11.8,0,0,5,10,5,11.6,3,1.0,0,0.625,0.0
1833,1,133.1,19,19,119.0,0,5,7,3,10.66666667,0,0,5,10,3,12.28571429,0,0.6,2,0.42857142857142855,0.0
1834,1,137.0,19,38,124.9,0,7,11,6,13.8875,0,0,8,9,8,14.86444444,0,0.8571428571428571,1,0.5454545454545454,0.0
1835,1,133.1,38,38,118.0,0,6,7,5,11.4,0,0,6,9,6,11.5,0,0.8333333333333334,1,0.7142857142857143,0.0
1836,1,110.0,37,19,100.0,9,11,17,9,12.33333333,0,3,7,12,7,12.14285714,0,0.8181818181818182,2,0.5294117647058824,0.0
1837,1,133.1,37,37,109.0,0,7,8,5,12.16,0,0,7,8,5,12.16,0,0.7142857142857143,2,0.625,0.0
1838,1,133.0,3,19,130.8,0,8,8,8,13.4275,0,0,8,8,8,13.4275,0,1.0,0,1.0,0.0
1839,1,130.0,1,19,110.0,0,6,6,6,15.16666667,0,0,6,6,2,15.5,0,1.0,0,1.0,0.0
1840,1,151.0,38,37,151.0,0,6,12,0,0.0,1,0,6,0,0,0.0,0,0.0,6,0.0,0.16666666666666666
1841,1,125.0,19,19,131.0,0,5,11,2,10.5,2,0,5,9,0,0.0,3,0.4,3,0.18181818181818182,0.4
1842,1,158.0,1,38,155.2,0,5,5,5,11.8,0,0,5,8,3,11.0,0,1.0,0,1.0,0.0
1843,1,128.0,3,1,121.0,0,5,6,5,13.2,0,0,5,10,5,11.4,3,1.0,0,0.8333333333333334,0.0
1844,1,133.0,1,1,119.7,2,7,8,7,13.075,0,1,8,11,8,12.36111111,0,1.0,0,0.875,0.0
1845,1,138.0,3,19,131.0,0,6,8,4,11.6,0,0,6,14,2,13.0,0,0.6666666666666666,2,0.5,0.0
1846,1,126.0,37,3,116.9,0,6,10,6,13.66666667,0,0,6,10,4,12.25,0,1.0,0,0.6,0.0
1847,1,140.0,36,14,130.0,0,5,9,4,10.75,0,0,5,7,2,10.0,0,0.8,1,0.4444444444444444,0.0
1848,1,143.0,5,5,137.8,0,7,10,6,13.49285714,0,0,8,9,8,12.68888889,0,0.8571428571428571,1,0.6,0.0
1849,1,135.0,3,3,122.1,0,6,14,3,12.5,0,0,6,9,4,11.0,0,0.5,3,0.21428571428571427,0.0
1850,3,120.0,1,1,120.0,0,7,0,0,0.0,0,0,8,0,0,0.0,0,0.0,7,0.0,0.0
1851,1,148.0,19,38,133.0,0,5,12,5,13.28571429,0,0,5,16,5,14.8,0,1.0,0,0.4166666666666667,0.0
1852,1,126.0,3,19,115.2,0,5,6,5,12.6,0,0,5,13,5,11.8,5,1.0,0,0.8333333333333334,0.0
1853,39,160.0,3,3,160.0,0,6,7,6,14.0,0,0,6,7,6,14.66666667,0,1.0,0,0.8571428571428571,0.0
1854,1,140.0,37,37,106.3,0,5,7,2,11.5,0,0,5,8,2,10.5,0,0.4,3,0.2857142857142857,0.0
1855,19,133.1,19,1,103.0,0,6,6,0,0.0,0,0,6,9,0,0.0,0,0.0,6,0.0,0.0
1856,1,136.0,3,3,136.0,0,6,6,6,11.83333333,0,0,6,8,6,12.875,0,1.0,0,1.0,0.0
1857,1,150.0,19,1,146.5,0,6,10,5,11.5,0,0,6,8,5,12.4,0,0.8333333333333334,1,0.5,0.0
1858,1,130.0,1,4,131.4,0,6,6,6,14.16666667,0,0,6,8,6,12.33333333,0,1.0,0,1.0,0.0
1859,1,130.0,3,2,130.0,2,2,2,2,12.5,0,0,5,6,2,12.5,0,1.0,0,1.0,0.0
1860,1,110.0,19,19,137.0,0,5,5,0,0.0,0,0,5,5,0,0.0,0,0.0,5,0.0,0.0
1861,1,110.0,1,1,125.9,0,5,7,0,0.0,0,0,5,8,1,11.0,0,0.0,5,0.0,0.0
1862,1,121.0,1,1,111.9,0,6,14,2,10.5,0,0,6,16,0,0.0,0,0.3333333333333333,4,0.14285714285714285,0.0
1863,1,127.0,37,38,131.2,0,6,6,6,11.83333333,0,0,6,6,6,13.16666667,0,1.0,0,1.0,0.0
1864,1,140.0,9,19,131.2,0,5,9,0,0.0,0,0,5,6,0,0.0,0,0.0,5,0.0,0.0
1865,1,130.0,1,1,140.0,0,5,5,5,12.4,0,0,5,5,5,12.4,0,1.0,0,1.0,0.0
1866,1,130.0,19,19,121.5,0,5,5,2,10.5,0,0,5,9,0,0.0,0,0.4,3,0.4,0.0
1867,1,100.0,37,37,153.5,0,5,9,0,0.0,0,0,5,6,0,0.0,0,0.0,5,0.0,0.0
1868,1,139.0,37,19,142.2,6,12,12,12,14.58333333,0,4,11,14,11,14.33333333,0,1.0,0,1.0,0.0
1869,1,150.0,19,11,131.1,0,6,6,6,11.66666667,0,0,6,10,3,12.66666667,0,1.0,0,1.0,0.0
1870,1,133.1,34,3,130.6,0,5,5,0,0.0,0,0,5,5,0,0.0,0,0.0,5,0.0,0.0
1871,1,119.0,1,1,115.0,0,7,14,1,13.0,0,0,7,15,0,0.0,0,0.14285714285714285,6,0.07142857142857142,0.0
1872,1,170.0,1,1,125.0,0,7,7,7,15.66,0,7,10,11,9,15.01111111,0,1.0,0,1.0,0.0
1873,1,133.1,34,34,97.5,0,6,10,0,0.0,1,0,5,10,0,0.0,0,0.0,6,0.0,0.16666666666666666
1874,1,133.0,19,19,134.4,0,6,6,6,12.16666667,0,0,6,8,4,12.75,0,1.0,0,1.0,0.0
1875,1,125.0,37,37,118.8,0,7,7,6,13.3,0,0,7,7,6,13.3,0,0.8571428571428571,1,0.8571428571428571,0.0
1876,19,133.1,42,1,110.5,0,7,15,0,0.0,0,0,7,13,0,0.0,1,0.0,7,0.0,0.0
1877,1,143.0,37,19,123.3,0,7,0,0,0.0,0,0,8,0,0,0.0,0,0.0,7,0.0,0.0
1878,1,127.0,2,19,139.6,0,0,0,0,0.0,0,0,0,0,0,0.0,0,0.0,0,0.0,0.0
1879,1,157.0,19,3,138.8,0,8,8,7,13.55714286,0,0,8,8,7,13.55714286,0,0.875,1,0.875,0.0
1880,39,160.0,37,37,160.0,3,7,15,5,14.33333333,0,1,6,16,6,14.63636364,0,0.7142857142857143,2,0.3333333333333333,0.0
1881,1,140.0,37,37,140.0,0,6,16,4,12.0,0,0,6,11,3,10.33333333,0,0.6666666666666666,2,0.25,0.0
1882,1,128.0,19,38,118.2,0,5,5,0,0.0,0,0,6,0,0,0.0,0,0.0,5,0.0,0.0
1883,1,145.0,1,19,150.6,0,0,0,0,0.0,0,0,0,0,0,0.0,0,0.0,0,0.0,0.0
1884,1,133.1,37,37,115.2,0,7,11,4,11.75,0,0,7,14,3,11.725,0,0.5714285714285714,3,0.36363636363636365,0.0
1885,1,132.0,19,2,126.0,0,7,7,6,12.18333333,0,0,7,7,6,12.18333333,0,0.8571428571428571,1,0.8571428571428571,0.0
1886,39,160.0,37,37,160.0,4,9,18,6,11.83333333,0,1,8,21,4,11.0,0,0.6666666666666666,3,0.3333333333333333,0.0
1887,1,160.0,37,37,160.0,0,4,4,0,0.0,0,0,4,4,0,0.0,0,0.0,4,0.0,0.0
1888,1,184.4,2,19,184.4,0,6,8,6,15.0,0,0,6,10,5,14.33333333,0,1.0,0,0.75,0.0
1889,1,149.0,1,1,156.0,0,0,0,0,0.0,0,0,0,0,0,0.0,0,0.0,0,0.0,0.0
1890,1,146.0,40,43,150.2,0,0,0,0,0.0,0,0,0,0,0,0.0,0,0.0,0,0.0,0.0
1891,1,139.0,38,37,126.3,0,8,8,8,13.435,0,0,8,8,8,13.435,0,1.0,0,1.0,0.0
1892,1,152.0,2,22,146.1,0,5,8,4,13.5,2,0,5,9,0,0.0,3,0.8,1,0.5,0.4
1893,1,147.0,2,3,145.3,0,0,0,0,0.0,0,0,0,0,0,0.0,0,0.0,0,0.0,0.0
1894,1,121.0,1,1,116.8,15,17,18,17,11.5,0,16,17,17,17,12.17647059,0,1.0,0,0.9444444444444444,0.0
1895,1,124.0,19,19,132.1,0,6,10,2,10.5,0,0,6,6,3,11.0,0,0.3333333333333333,4,0.2,0.0
1896,1,105.0,19,37,102.6,0,6,13,4,12.0,0,0,6,17,2,11.5,0,0.6666666666666666,2,0.3076923076923077,0.0
1897,1,121.0,3,3,112.3,0,6,7,5,12.2,0,0,6,11,4,11.5,0,0.8333333333333334,1,0.7142857142857143,0.0
1898,1,143.0,12,12,155.3,0,0,0,0,0.0,0,0,0,0,0,0.0,0,0.0,0,0.0,0.0
1899,42,150.0,3,1,153.8,7,11,15,10,14.5,0,4,9,15,8,14.0,0,0.9090909090909091,1,0.6666666666666666,0.0
1900,1,126.0,1,37,110.0,0,6,7,6,13.33333333,0,0,6,8,6,12.66666667,0,1.0,0,0.8571428571428571,0.0
1901,1,133.1,1,9,128.2,5,11,29,9,12.0,6,4,10,21,9,12.55555556,0,0.8181818181818182,2,0.3103448275862069,0.5454545454545454
1902,1,127.0,1,1,120.4,0,6,9,6,15.125,0,0,6,9,6,14.0,0,1.0,0,0.6666666666666666,0.0
1903,1,160.0,19,1,153.0,0,7,7,6,13.11666667,0,0,7,7,6,13.11666667,0,0.8571428571428571,1,0.8571428571428571,0.0
1904,1,121.0,19,1,117.9,0,6,7,6,12.83333333,0,0,6,7,6,11.66666667,0,1.0,0,0.8571428571428571,0.0
1905,39,150.0,1,37,145.6,3,6,6,6,13.33333333,0,2,6,6,6,14.16666667,0,1.0,0,1.0,0.0
1906,1,117.0,4,12,119.8,0,7,7,7,13.87714286,0,0,8,8,8,15.6625,0,1.0,0,1.0,0.0
1907,1,141.0,19,1,126.8,0,8,8,7,12.94428571,0,0,8,8,7,12.94428571,0,0.875,1,0.875,0.0
1908,1,112.0,2,19,106.1,0,6,8,5,12.33333333,0,0,6,8,5,11.0,0,0.8333333333333334,1,0.625,0.0
1909,1,148.0,3,3,137.3,0,7,7,6,14.26666667,0,0,7,7,6,14.26666667,0,0.8571428571428571,1,0.8571428571428571,0.0
1910,1,120.0,3,19,115.5,0,6,8,5,13.0,0,0,6,8,5,14.0,0,0.8333333333333334,1,0.625,0.0
1911,1,132.0,37,37,127.5,0,8,8,8,12.48375,0,0,8,8,8,12.48375,0,1.0,0,1.0,0.0
1912,1,125.0,38,1,116.3,0,7,8,7,13.42857143,0,0,8,8,8,15.3125,0,1.0,0,0.875,0.0
1913,1,123.0,19,37,113.2,0,6,9,3,10.66666667,0,0,6,12,0,0.0,0,0.5,3,0.3333333333333333,0.0
1914,1,142.0,12,12,132.6,0,6,8,5,15.4,0,0,6,7,5,12.2,0,0.8333333333333334,1,0.625,0.0
1915,1,148.0,1,37,132.0,0,7,7,6,13.45,0,0,7,7,6,13.45,0,0.8571428571428571,1,0.8571428571428571,0.0
1916,1,136.0,19,38,130.3,0,7,7,6,12.6,0,0,7,7,6,12.6,0,0.8571428571428571,1,0.8571428571428571,0.0
1917,1,123.0,19,38,116.7,0,7,7,7,12.48571429,0,0,8,12,8,12.9375,0,1.0,0,1.0,0.0
1918,1,135.0,19,37,134.0,0,6,10,5,10.8,0,0,6,7,5,12.8,0,0.8333333333333334,1,0.5,0.0
1919,1,151.0,19,19,100.0,0,6,12,5,12.2,0,0,6,8,5,14.6,0,0.8333333333333334,1,0.4166666666666667,0.0
1920,39,140.0,1,1,140.0,2,6,11,5,14.2,0,0,6,12,2,13.5,0,0.8333333333333334,1,0.45454545454545453,0.0
1921,1,136.0,37,38,139.2,0,6,7,6,13.83333333,0,0,6,6,6,14.0,0,1.0,0,0.8571428571428571,0.0
1922,1,142.0,19,1,132.6,0,6,8,5,12.8,0,0,6,14,3,10.0,0,0.8333333333333334,1,0.625,0.0
1923,1,142.0,37,38,129.4,0,5,5,5,13.2,0,0,5,6,4,12.5,0,1.0,0,1.0,0.0
1924,1,127.0,1,38,125.6,0,6,7,1,14.0,0,0,6,6,0,0.0,0,0.16666666666666666,5,0.14285714285714285,0.0
1925,1,131.0,1,1,129.3,4,8,8,8,13.875,0,1,6,8,5,14.0,0,1.0,0,1.0,0.0
1926,1,134.0,38,19,128.4,0,5,7,5,12.5,0,0,5,8,5,12.71428571,0,1.0,0,0.7142857142857143,0.0
1927,1,142.0,19,19,139.9,0,6,7,6,13.42857143,0,0,6,6,6,12.5,0,1.0,0,0.8571428571428571,0.0
1928,1,123.0,38,38,124.8,0,6,7,5,11.8,0,0,6,7,5,13.0,0,0.8333333333333334,1,0.7142857142857143,0.0
1929,1,133.0,1,1,128.5,0,7,7,7,14.86857143,0,0,8,9,8,15.11111111,0,1.0,0,1.0,0.0
1930,1,125.0,19,1,117.8,0,7,10,7,13.03,0,0,8,8,8,13.21875,0,1.0,0,0.7,0.0
1931,1,120.0,38,38,115.1,0,6,7,6,14.57142857,0,0,6,7,6,12.33333333,0,1.0,0,0.8571428571428571,0.0
1932,1,125.0,19,19,118.0,0,6,9,5,11.0,0,0,6,9,4,11.25,0,0.8333333333333334,1,0.5555555555555556,0.0
1933,19,133.1,19,37,120.0,0,8,8,8,13.3675,0,0,8,8,8,13.3675,0,1.0,0,1.0,0.0
1934,1,133.1,19,38,119.6,0,7,7,6,12.80833333,0,0,8,11,7,12.82571429,0,0.8571428571428571,1,0.8571428571428571,0.0
1935,1,143.0,1,38,133.2,0,7,7,7,13.91857143,0,0,8,9,8,13.8875,0,1.0,0,1.0,0.0
1936,1,147.0,4,1,141.8,0,6,8,6,13.0,0,0,6,9,4,12.8,0,1.0,0,0.75,0.0
1937,1,142.0,19,38,130.3,0,7,7,6,13.68333333,0,0,7,7,6,13.68333333,0,0.8571428571428571,1,0.8571428571428571,0.0
1938,1,150.0,19,19,100.0,1,6,11,5,13.0,0,1,6,12,1,12.0,0,0.8333333333333334,1,0.45454545454545453,0.0
1939,1,124.0,3,3,114.6,0,6,8,5,12.8,0,0,6,7,5,11.2,0,0.8333333333333334,1,0.625,0.0
1940,1,136.0,1,1,123.4,0,6,9,6,13.57142857,0,0,6,6,6,12.16666667,0,1.0,0,0.6666666666666666,0.0
1941,1,116.0,38,38,116.4,0,6,6,6,13.16666667,0,0,6,6,6,13.16666667,0,1.0,0,1.0,0.0
1942,1,127.0,12,19,123.2,0,6,6,6,15.0,0,0,6,6,6,14.5,0,1.0,0,1.0,0.0
1943,1,117.0,4,19,123.7,0,6,6,6,12.66666667,0,0,6,8,5,11.4,0,1.0,0,1.0,0.0
1944,1,116.0,1,19,127.6,0,6,7,6,13.85714286,0,0,6,7,6,13.14285714,0,1.0,0,0.8571428571428571,0.0
1945,1,129.0,37,37,117.1,0,7,7,7,14.69285714,0,0,8,8,8,14.9625,0,1.0,0,1.0,0.0
1946,1,157.0,19,38,149.3,0,8,8,8,14.035,0,0,8,8,8,14.035,0,1.0,0,1.0,0.0
1947,1,135.0,1,19,125.6,0,5,8,4,11.0,1,0,5,8,3,14.0,0,0.8,1,0.5,0.2
1948,1,139.0,38,38,145.0,0,6,6,6,13.33333333,0,0,6,6,6,13.33333333,0,1.0,0,1.0,0.0
1949,1,115.0,38,37,115.0,0,7,13,6,11.7725,0,0,8,9,7,12.33,0,0.8571428571428571,1,0.46153846153846156,0.0
1950,1,123.0,38,38,114.3,0,6,0,0,0.0,0,0,6,0,0,0.0,0,0.0,6,0.0,0.0
1951,1,140.0,19,19,126.0,0,6,0,0,0.0,0,0,6,12,0,0.0,0,0.0,6,0.0,0.0
1952,1,138.0,19,37,124.0,0,0,0,0,0.0,0,0,0,0,0,0.0,0,0.0,0,0.0,0.0
1953,1,132.0,1,38,122.6,0,6,7,6,12.28571429,0,0,6,6,6,12.0,0,1.0,0,0.8571428571428571,0.0
1954,1,140.0,3,19,133.8,0,8,14,5,12.46,0,0,8,14,5,12.46,0,0.625,3,0.35714285714285715,0.0
1955,1,117.0,19,38,113.5,0,7,10,6,12.16666667,0,0,7,9,6,13.16666667,0,0.8571428571428571,1,0.6,0.0
1956,1,125.0,19,1,122.6,0,6,9,5,11.83333333,0,0,6,8,2,11.5,0,0.8333333333333334,1,0.5555555555555556,0.0
1957,3,140.0,37,37,140.0,0,8,8,7,14.80571429,0,0,8,8,7,14.80571429,0,0.875,1,0.875,0.0
1958,1,133.1,12,38,107.0,0,6,11,5,10.6,0,0,6,10,6,11.71428571,0,0.8333333333333334,1,0.45454545454545453,0.0
1959,42,130.0,19,1,130.0,7,9,9,8,13.125,0,4,9,13,6,13.0,0,0.8888888888888888,1,0.8888888888888888,0.0
1960,1,134.0,1,1,124.2,0,6,6,6,12.83333333,0,0,6,6,6,12.66666667,0,1.0,0,1.0,0.0
1961,1,128.0,19,1,125.8,0,8,8,0,0.0,8,0,8,8,0,0.0,8,0.0,8,0.0,1.0
1962,1,115.0,1,1,108.0,0,6,9,5,13.0,0,0,6,6,5,13.8,0,0.8333333333333334,1,0.5555555555555556,0.0
1963,1,119.0,1,1,115.2,0,7,8,7,12.725,0,0,8,8,8,13.7125,0,1.0,0,0.875,0.0
1964,1,131.0,1,3,129.3,0,5,10,4,11.25,1,0,5,10,3,10.33333333,0,0.8,1,0.4,0.2
1965,4,120.0,3,1,120.0,8,12,12,11,13.81818182,0,4,12,16,12,13.46153846,0,0.9166666666666666,1,0.9166666666666666,0.0
1966,1,120.0,1,19,116.7,0,5,12,3,12.33333333,2,0,5,8,3,13.0,1,0.6,2,0.25,0.4
1967,1,135.0,3,2,121.0,0,5,14,3,12.33333333,2,0,5,8,5,11.6,0,0.6,2,0.21428571428571427,0.4
1968,1,146.0,1,1,128.2,0,6,8,4,13.25,0,0,6,10,3,10.66666667,0,0.6666666666666666,2,0.5,0.0
1969,1,133.0,1,2,121.1,0,6,7,6,13.66666667,0,0,6,9,5,15.4,0,1.0,0,0.8571428571428571,0.0
1970,1,122.0,19,3,112.6,5,11,18,8,12.625,0,4,10,10,3,11.0,0,0.7272727272727273,3,0.4444444444444444,0.0
1971,1,128.0,2,19,123.3,0,6,6,6,14.83333333,0,0,6,8,6,12.14285714,0,1.0,0,1.0,0.0
1972,1,129.0,19,19,129.4,0,6,7,5,11.2,0,0,6,10,5,13.125,0,0.8333333333333334,1,0.7142857142857143,0.0
1973,1,122.0,19,19,119.9,0,5,6,5,11.4,0,0,5,6,5,12.2,0,1.0,0,0.8333333333333334,0.0
1974,1,140.0,1,12,131.6,0,7,8,7,13.135,0,0,8,9,8,13.24444444,0,1.0,0,0.875,0.0
1975,1,143.0,1,1,120.0,3,10,10,10,13.0,0,5,11,11,10,11.4,0,1.0,0,1.0,0.0
1976,1,118.0,19,19,110.0,0,7,12,4,12.85,0,0,7,7,7,12.62142857,0,0.5714285714285714,3,0.3333333333333333,0.0
1977,39,140.0,1,19,143.0,3,6,6,6,13.5,0,2,6,9,5,12.5,0,1.0,0,1.0,0.0
1978,1,140.0,1,2,140.0,0,6,7,6,14.28571429,0,0,6,9,3,13.0,0,1.0,0,0.8571428571428571,0.0
1979,1,123.0,12,1,119.2,0,6,8,5,13.5,0,0,6,6,6,14.5,0,0.8333333333333334,1,0.625,0.0
1980,1,140.0,19,19,124.3,0,5,8,4,10.75,0,0,5,5,5,13.0,0,0.8,1,0.5,0.0
1981,1,116.0,19,19,111.1,0,6,9,6,11.33333333,0,0,6,9,6,11.83333333,0,1.0,0,0.6666666666666666,0.0
1982,39,150.0,38,37,150.0,2,7,15,3,13.0,2,1,5,12,5,13.28571429,1,0.42857142857142855,4,0.2,0.2857142857142857
1983,1,147.0,38,19,147.3,0,7,7,6,13.96666667,0,0,7,7,6,13.96666667,0,0.8571428571428571,1,0.8571428571428571,0.0
1984,1,162.0,19,1,147.5,0,8,8,8,14.14125,0,0,8,8,8,14.14125,0,1.0,0,1.0,0.0
1985,1,108.0,37,37,108.0,0,6,10,4,11.6,0,0,6,10,4,11.75,0,0.6666666666666666,2,0.4,0.0
1986,2,130.0,37,37,130.0,0,8,8,8,14.6625,0,0,8,8,8,14.6625,0,1.0,0,1.0,0.0
1987,1,140.0,37,37,130.0,0,5,5,0,0.0,0,0,5,5,0,0.0,0,0.0,5,0.0,0.0
1988,1,116.0,19,37,109.0,0,7,8,6,12.99333333,0,0,8,9,8,12.66875,0,0.8571428571428571,1,0.75,0.0
1989,1,120.0,4,1,112.0,0,6,10,4,11.25,0,0,6,11,5,12.2,0,0.6666666666666666,2,0.4,0.0
1990,1,132.0,37,19,121.2,0,6,8,5,12.2,0,0,6,10,5,12.8,0,0.8333333333333334,1,0.625,0.0
1991,2,140.0,37,37,140.0,0,0,0,0,0.0,0,0,0,0,0,0.0,0,0.0,0,0.0,0.0
1992,1,120.0,1,1,119.5,2,6,6,6,11.33333333,0,0,6,6,4,11.75,0,1.0,0,1.0,0.0
1993,1,136.0,37,38,125.9,0,5,7,5,12.2,0,0,5,7,5,11.8,0,1.0,0,0.7142857142857143,0.0
1994,1,133.0,19,9,121.5,0,6,12,0,0.0,0,0,6,12,0,0.0,0,0.0,6,0.0,0.0
1995,1,126.0,30,19,121.5,0,6,8,6,11.33333333,0,0,6,6,6,11.66666667,0,1.0,0,0.75,0.0
1996,1,142.0,3,37,132.4,0,6,8,6,13.85714286,0,0,6,15,6,13.1,0,1.0,0,0.75,0.0
1997,1,121.0,37,37,122.4,0,6,7,6,12.85714286,0,0,6,6,6,13.33333333,0,1.0,0,0.8571428571428571,0.0
1998,1,134.0,37,38,110.0,0,6,10,1,10.0,0,0,6,12,0,0.0,0,0.16666666666666666,5,0.1,0.0
1999,1,140.0,19,19,120.4,14,15,17,14,10.21428571,0,13,13,13,13,11.38461538,0,0.9333333333333333,1,0.8235294117647058,0.0
2000,1,133.1,1,1,105.0,0,6,14,6,11.28571429,0,0,6,16,3,10.33333333,0,1.0,0,0.42857142857142855,0.0
2001,1,157.0,38,37,137.8,0,6,6,6,13.83333333,0,0,6,7,0,0.0,0,1.0,0,1.0,0.0
2002,1,120.0,38,38,118.0,0,6,8,6,12.85714286,0,0,6,8,5,12.6,0,1.0,0,0.75,0.0
2003,1,134.0,19,38,122.1,0,6,8,6,11.66666667,0,0,6,9,4,12.0,0,1.0,0,0.75,0.0
2004,3,140.0,34,34,140.0,0,6,12,0,0.0,0,0,5,10,0,0.0,0,0.0,6,0.0,0.0
2005,1,133.0,1,37,143.2,0,5,7,5,14.4,0,0,5,6,5,13.2,0,1.0,0,0.7142857142857143,0.0
2006,1,146.0,37,37,120.5,0,6,6,6,14.83333333,0,0,6,6,6,14.16666667,0,1.0,0,1.0,0.0
2007,1,130.0,37,37,119.5,0,6,14,6,14.33333333,0,0,6,9,6,12.0,0,1.0,0,0.42857142857142855,0.0
2008,1,151.0,37,37,147.5,0,0,0,0,0.0,0,0,0,0,0,0.0,0,0.0,0,0.0,0.0
2009,1,133.1,1,1,129.6,0,6,0,0,0.0,0,0,6,0,0,0.0,0,0.0,6,0.0,0.0
2010,1,132.0,37,37,126.1,0,7,9,6,12.33333333,0,0,7,7,6,12.66666667,0,0.8571428571428571,1,0.6666666666666666,0.0
2011,1,110.0,37,37,160.0,0,5,5,5,11.8,0,0,5,5,5,12.4,0,1.0,0,1.0,0.0
2012,19,133.1,38,1,105.5,0,6,7,5,13.2,0,0,6,7,5,10.6,0,0.8333333333333334,1,0.7142857142857143,0.0
2013,1,110.0,37,37,95.5,0,6,6,0,0.0,0,0,5,10,0,0.0,0,0.0,6,0.0,0.0
2014,1,133.1,19,19,107.5,0,6,0,0,0.0,0,0,6,0,0,0.0,0,0.0,6,0.0,0.0
2015,1,105.0,19,19,106.1,0,6,6,6,11.5,0,0,6,7,6,13.28571429,0,1.0,0,1.0,0.0
2016,1,160.0,3,1,116.3,0,6,8,5,12.6,0,0,6,7,5,12.2,0,0.8333333333333334,1,0.625,0.0
2017,1,144.0,38,1,137.4,0,7,7,7,13.54285714,0,0,8,9,8,14.22222222,0,1.0,0,1.0,0.0
2018,1,100.0,19,19,101.8,0,6,8,5,11.6,0,0,6,6,5,13.0,0,0.8333333333333334,1,0.625,0.0
2019,1,143.0,1,1,144.1,0,6,7,6,13.66666667,0,0,6,6,6,13.83333333,0,1.0,0,0.8571428571428571,0.0
2020,1,160.0,19,1,107.8,0,6,10,0,0.0,0,0,6,8,0,0.0,0,0.0,6,0.0,0.0
2021,1,140.0,19,1,128.2,0,6,0,0,0.0,0,0,6,0,0,0.0,0,0.0,6,0.0,0.0
2022,1,133.1,38,38,117.0,0,0,0,0,0.0,0,0,0,0,0,0.0,0,0.0,0,0.0,0.0
2023,1,116.0,1,12,110.4,0,6,6,6,11.5,0,0,6,8,6,12.28571429,0,1.0,0,1.0,0.0
2024,1,120.0,37,37,170.0,0,5,12,2,11.5,0,0,5,9,4,11.75,0,0.4,3,0.16666666666666666,0.0
2025,1,141.0,4,19,100.0,0,7,7,7,11.82857143,0,0,8,10,7,12.9125,0,1.0,0,1.0,0.0
2026,1,110.0,3,2,117.0,0,0,0,0,0.0,0,0,0,0,0,0.0,0,0.0,0,0.0,0.0
2027,1,127.0,3,39,133.5,0,0,0,0,0.0,0,0,0,0,0,0.0,0,0.0,0,0.0,0.0
2028,1,132.0,19,37,128.0,0,7,7,6,12.96666667,0,0,7,7,6,12.96666667,0,0.8571428571428571,1,0.8571428571428571,0.0
2029,1,135.0,37,38,122.1,0,6,6,6,13.83333333,0,0,6,6,6,13.66666667,0,1.0,0,1.0,0.0
2030,1,135.0,19,19,133.4,0,7,7,7,14.12571429,0,0,8,8,8,14.36875,0,1.0,0,1.0,0.0
2031,1,140.0,38,37,112.0,4,10,12,5,12.16666667,4,2,8,8,0,0.0,2,0.5,5,0.4166666666666667,0.4
2032,1,133.1,19,37,130.0,0,6,17,6,12.66666667,0,0,6,21,4,12.25,0,1.0,0,0.35294117647058826,0.0
2033,1,100.0,37,37,100.0,0,4,4,0,0.0,0,0,5,0,0,0.0,0,0.0,4,0.0,0.0
2034,19,133.1,37,37,162.0,0,6,8,6,12.28571429,0,0,6,7,6,14.16666667,0,1.0,0,0.75,0.0
2035,1,100.0,3,19,153.0,3,6,7,3,14.5,0,4,7,8,4,14.375,0,0.5,3,0.42857142857142855,0.0
2036,1,137.0,1,37,131.4,0,5,8,2,10.0,0,0,5,7,1,10.0,0,0.4,3,0.25,0.0
2037,3,120.0,3,3,128.2,1,5,11,2,11.5,1,1,5,8,2,12.0,0,0.4,3,0.18181818181818182,0.2
2038,1,148.9,37,37,148.9,0,5,6,5,11.6,0,0,5,6,4,11.5,0,1.0,0,0.8333333333333334,0.0
2039,1,134.0,38,19,128.4,0,6,6,6,12.5,0,0,6,6,6,11.66666667,0,1.0,0,1.0,0.0
2040,1,128.0,38,37,120.3,0,6,9,3,11.66666667,0,0,6,10,2,11.0,0,0.5,3,0.3333333333333333,0.0
2041,1,133.1,38,37,100.0,5,10,11,7,13.42857143,0,5,10,11,10,11.6,0,0.7,3,0.6363636363636364,0.0
2042,1,131.0,37,1,126.1,0,6,6,6,13.66666667,0,0,6,6,6,13.5,0,1.0,0,1.0,0.0
2043,1,118.0,1,19,111.7,0,6,6,6,12.5,0,0,6,6,6,12.16666667,0,1.0,0,1.0,0.0
2044,39,140.0,1,19,140.0,2,6,7,6,13.0,0,1,6,15,4,12.8,0,1.0,0,0.8571428571428571,0.0
2045,1,133.0,19,1,122.2,0,7,9,6,12.78333333,0,0,8,9,7,12.84285714,0,0.8571428571428571,1,0.6666666666666666,0.0
2046,1,126.0,37,1,118.7,0,7,0,0,0.0,0,0,8,0,0,0.0,0,0.0,7,0.0,0.0
2047,1,125.0,38,19,121.5,0,7,13,4,13.5,0,0,7,11,4,11.225,0,0.5714285714285714,3,0.3076923076923077,0.0
2048,1,138.0,3,1,134.5,0,7,7,7,13.45714286,0,0,8,8,8,15.125,0,1.0,0,1.0,0.0
2049,1,140.0,1,19,127.0,0,8,8,7,13.44285714,0,0,8,8,7,13.44285714,0,0.875,1,0.875,0.0
2050,1,124.0,37,38,114.2,0,6,13,4,11.0,0,0,6,12,5,10.83333333,0,0.6666666666666666,2,0.3076923076923077,0.0
2051,1,133.0,38,38,125.3,0,6,6,6,11.33333333,0,0,6,7,6,12.28571429,0,1.0,0,1.0,0.0
2052,1,127.0,1,19,120.4,0,5,7,2,10.0,0,0,1,1,0,0.0,0,0.4,3,0.2857142857142857,0.0
2053,1,138.0,1,38,123.0,0,7,10,5,13.44,0,0,7,8,6,13.06666667,0,0.7142857142857143,2,0.5,0.0
2054,1,142.0,1,19,130.5,0,7,8,7,12.21428571,0,0,8,8,8,14.0625,0,1.0,0,0.875,0.0
2055,1,130.0,37,19,125.5,0,6,6,6,14.16666667,0,0,6,6,6,13.5,0,1.0,0,1.0,0.0
2056,42,130.0,1,19,133.8,7,12,13,12,12.84615385,0,5,11,13,11,12.63636364,0,1.0,0,0.9230769230769231,0.0
2057,39,150.0,37,37,150.0,2,6,8,6,13.0,0,1,6,18,2,12.0,0,1.0,0,0.75,0.0
2058,1,127.0,1,19,130.5,0,5,6,5,12.8,1,0,5,7,4,11.25,0,1.0,0,0.8333333333333334,0.2
2059,39,140.0,38,37,140.0,1,6,13,4,13.0,0,1,6,11,5,12.0,0,0.6666666666666666,2,0.3076923076923077,0.0
2060,1,126.0,19,37,119.4,0,7,7,7,13.37142857,0,0,8,9,8,13.66666667,0,1.0,0,1.0,0.0
2061,1,139.0,19,19,121.3,0,7,8,7,13.38571429,0,0,8,8,8,13.3875,0,1.0,0,0.875,0.0
2062,1,141.0,1,1,126.3,0,8,8,7,13.32857143,0,0,8,8,7,13.32857143,0,0.875,1,0.875,0.0
2063,1,120.0,38,38,111.6,0,6,12,5,14.0,0,0,6,14,5,11.0,0,0.8333333333333334,1,0.4166666666666667,0.0
2064,1,120.0,38,19,111.3,0,5,5,5,12.6,0,0,5,5,5,13.2,0,1.0,0,1.0,0.0
2065,1,134.0,1,38,122.5,0,6,7,6,14.0,0,0,6,6,6,15.0,0,1.0,0,0.8571428571428571,0.0
2066,1,128.0,19,1,116.5,0,6,7,6,13.42857143,0,0,6,6,6,12.66666667,0,1.0,0,0.8571428571428571,0.0
2067,1,133.0,4,1,132.0,0,6,6,6,13.0,0,0,6,6,6,12.5,0,1.0,0,1.0,0.0
2068,1,123.0,19,38,123.7,0,6,8,5,12.66666667,0,0,6,8,5,11.0,0,0.8333333333333334,1,0.625,0.0
2069,1,118.0,37,1,117.0,0,5,9,3,10.0,1,0,5,9,3,12.33333333,0,0.6,2,0.3333333333333333,0.2
2070,1,113.0,1,37,116.5,0,6,7,6,12.83333333,0,0,6,10,6,11.77777778,0,1.0,0,0.8571428571428571,0.0
2071,1,135.0,19,3,121.5,0,7,7,6,12.91666667,0,0,7,7,6,12.91666667,0,0.8571428571428571,1,0.8571428571428571,0.0
2072,1,133.1,38,38,105.0,0,6,9,6,13.28571429,0,0,6,8,5,13.8,0,1.0,0,0.6666666666666666,0.0
2073,1,130.0,1,19,121.3,0,5,6,5,14.6,0,0,5,5,5,13.8,0,1.0,0,0.8333333333333334,0.0
2074,1,135.0,19,38,136.1,0,6,6,6,14.0,0,0,6,6,6,13.66666667,0,1.0,0,1.0,0.0
2075,1,133.0,37,37,123.6,0,6,7,6,14.14285714,0,0,6,6,6,15.0,0,1.0,0,0.8571428571428571,0.0
2076,1,123.0,38,1,129.0,0,6,8,6,11.66666667,0,0,6,6,6,12.33333333,0,1.0,0,0.75,0.0
2077,1,145.0,19,37,136.8,0,8,9,8,14.3775,1,0,8,9,8,14.3775,1,1.0,0,0.8888888888888888,0.125
2078,1,146.0,3,3,133.4,0,7,8,7,12.5,0,0,8,9,7,13.04285714,0,1.0,0,0.875,0.0
2079,1,144.0,38,38,136.0,0,7,7,6,14.15,0,0,7,7,6,14.15,0,0.8571428571428571,1,0.8571428571428571,0.0
2080,1,144.0,38,37,125.8,0,8,12,7,12.47142857,0,0,8,12,7,12.47142857,0,0.875,1,0.5833333333333334,0.0
2081,1,131.0,4,4,120.5,0,7,7,6,14.15,0,0,7,7,6,14.15,0,0.8571428571428571,1,0.8571428571428571,0.0
2082,1,141.0,37,37,130.2,0,7,11,7,14.07222222,0,0,8,8,8,14.0475,0,1.0,0,0.6363636363636364,0.0
2083,1,138.0,3,1,135.9,0,6,7,6,14.85714286,0,0,6,6,6,14.66666667,0,1.0,0,0.8571428571428571,0.0
2084,1,127.0,19,37,116.5,0,6,7,6,14.28571429,0,0,6,6,6,13.16666667,0,1.0,0,0.8571428571428571,0.0
2085,1,124.0,19,37,124.0,0,4,4,0,0.0,0,0,4,4,0,0.0,0,0.0,4,0.0,0.0
2086,3,140.0,1,1,140.0,0,6,0,0,0.0,0,0,6,0,0,0.0,0,0.0,6,0.0,0.0
2087,1,157.0,3,2,150.9,0,6,8,6,15.0,0,0,6,8,5,15.16666667,0,1.0,0,0.75,0.0
2088,1,129.0,19,19,127.3,0,7,7,6,12.63333333,0,0,7,7,6,12.63333333,0,0.8571428571428571,1,0.8571428571428571,0.0
2089,19,133.1,1,1,100.0,0,5,5,5,11.2,0,0,5,5,5,12.6,0,1.0,0,1.0,0.0
2090,1,142.0,38,37,128.8,0,7,7,6,14.23333333,0,0,7,7,6,14.23333333,0,0.8571428571428571,1,0.8571428571428571,0.0
2091,1,133.0,19,19,119.7,0,5,13,5,12.2,2,0,5,10,3,11.33333333,1,1.0,0,0.38461538461538464,0.4
2092,1,156.0,5,4,140.8,0,8,8,7,15.7,0,0,8,8,7,15.7,0,0.875,1,0.875,0.0
2093,1,151.0,37,37,138.0,0,7,7,6,15.2,0,0,7,7,6,15.2,0,0.8571428571428571,1,0.8571428571428571,0.0
2094,1,135.0,3,3,132.9,0,6,9,6,16.33333333,0,0,6,8,5,15.6,0,1.0,0,0.6666666666666666,0.0
2095,1,140.0,3,3,140.0,10,17,29,14,12.5625,4,7,12,24,12,12.85714286,1,0.8235294117647058,3,0.4827586206896552,0.23529411764705882
2096,3,140.0,3,1,140.0,0,7,0,0,0.0,0,0,8,0,0,0.0,0,0.0,7,0.0,0.0
2097,1,100.0,38,1,99.3,0,6,8,5,12.4,0,0,6,6,6,12.0,0,0.8333333333333334,1,0.625,0.0
2098,1,126.0,37,19,119.3,0,8,9,8,13.78125,1,0,8,9,8,13.78125,1,1.0,0,0.8888888888888888,0.125
2099,1,123.0,19,19,113.2,0,6,10,6,12.16666667,0,0,6,8,5,11.66666667,0,1.0,0,0.6,0.0
2100,1,133.1,38,38,117.0,0,6,8,5,11.8,0,0,6,8,5,11.83333333,0,0.8333333333333334,1,0.625,0.0
2101,1,137.0,1,1,123.0,0,6,13,4,10.8,0,0,6,15,4,12.0,0,0.6666666666666666,2,0.3076923076923077,0.0
2102,1,138.0,37,37,127.2,0,7,8,7,13.26,0,0,8,8,8,14.28625,0,1.0,0,0.875,0.0
2103,1,128.0,34,19,141.0,0,6,10,4,12.0,0,0,6,15,3,10.66666667,0,0.6666666666666666,2,0.4,0.0
2104,1,136.0,19,38,121.7,0,6,9,6,11.875,0,0,6,7,6,14.42857143,0,1.0,0,0.6666666666666666,0.0
2105,1,127.0,19,19,121.1,0,7,11,5,12.16,0,0,7,7,2,13.4,0,0.7142857142857143,2,0.45454545454545453,0.0
2106,1,145.0,1,1,146.1,0,6,6,1,15.0,0,0,6,7,4,12.5,0,0.16666666666666666,5,0.16666666666666666,0.0
2107,1,140.0,37,37,142.5,0,6,6,6,13.33333333,0,0,6,9,5,13.2,0,1.0,0,1.0,0.0
2108,1,138.0,2,19,126.8,0,5,12,2,11.5,0,0,5,12,3,11.8,2,0.4,3,0.16666666666666666,0.0
2109,39,150.0,3,3,150.0,2,6,7,6,14.42857143,0,1,6,9,5,13.0,0,1.0,0,0.8571428571428571,0.0
2110,39,150.0,1,19,150.0,0,5,10,1,13.0,1,0,5,8,3,15.33333333,0,0.2,4,0.1,0.2
2111,1,131.0,19,1,134.5,0,6,7,6,15.0,0,0,6,8,6,14.33333333,0,1.0,0,0.8571428571428571,0.0
2112,1,136.0,19,19,129.5,0,7,9,7,15.15555556,0,0,8,8,8,16.8,0,1.0,0,0.7777777777777778,0.0
2113,1,117.0,38,38,113.2,0,6,8,6,10.66666667,0,0,6,7,6,11.85714286,0,1.0,0,0.75,0.0
2114,1,158.0,38,37,140.2,0,6,9,5,11.0,0,0,6,9,4,11.25,0,0.8333333333333334,1,0.5555555555555556,0.0
2115,1,129.0,1,19,119.2,0,6,0,0,0.0,0,0,6,0,0,0.0,0,0.0,6,0.0,0.0
2116,1,140.0,1,19,140.7,0,6,7,6,12.28571429,0,0,6,7,6,12.0,0,1.0,0,0.8571428571428571,0.0
2117,1,141.0,38,38,142.3,0,8,8,8,12.82875,0,0,8,8,8,12.82875,0,1.0,0,1.0,0.0
2118,1,132.0,12,12,129.9,0,6,6,6,12.66666667,0,0,6,8,5,14.4,0,1.0,0,1.0,0.0
2119,1,133.0,1,1,134.8,0,0,0,0,0.0,0,0,0,0,0,0.0,0,0.0,0,0.0,0.0
2120,1,109.0,19,19,104.1,0,6,16,2,13.0,0,0,6,8,0,0.0,0,0.3333333333333333,4,0.125,0.0
2121,1,135.0,1,38,122.4,0,5,10,5,10.875,0,0,5,8,4,12.4,0,1.0,0,0.5,0.0
2122,1,122.0,37,37,120.6,0,5,5,5,12.8,0,0,5,8,5,11.6,0,1.0,0,1.0,0.0
2123,1,118.0,1,19,112.4,0,6,10,5,11.28571429,0,0,6,7,0,0.0,0,0.8333333333333334,1,0.5,0.0
2124,1,174.0,5,3,157.9,0,0,0,0,0.0,0,0,0,0,0,0.0,0,0.0,0,0.0,0.0
2125,1,142.0,38,38,125.9,0,6,0,0,0.0,0,0,6,11,1,10.0,0,0.0,6,0.0,0.0
2126,1,131.0,38,1,118.4,0,7,9,6,13.76666667,0,0,8,9,8,13.74444444,0,0.8571428571428571,1,0.6666666666666666,0.0
2127,1,139.0,18,18,130.8,0,8,9,6,12.75833333,1,0,8,9,6,12.75833333,1,0.75,2,0.6666666666666666,0.125
2128,1,170.0,19,19,176.7,0,0,0,0,0.0,0,0,0,0,0,0.0,0,0.0,0,0.0,0.0
2129,1,182.0,19,1,156.8,0,6,6,6,12.66666667,0,0,6,8,6,13.25,0,1.0,0,1.0,0.0
2130,1,125.0,19,37,126.8,0,6,13,6,12.0,0,0,6,16,4,12.75,0,1.0,0,0.46153846153846156,0.0
2131,1,142.0,1,37,128.0,0,6,8,6,12.25,0,0,6,8,6,12.0,0,1.0,0,0.75,0.0
2132,1,119.0,19,37,113.8,0,5,8,3,11.33333333,0,0,5,8,5,12.2,0,0.6,2,0.375,0.0
2133,1,128.0,1,1,120.8,0,7,9,7,13.50714286,0,0,8,12,8,13.05,0,1.0,0,0.7777777777777778,0.0
2134,1,150.0,19,38,130.8,0,8,8,7,13.61428571,0,0,8,8,7,13.61428571,0,0.875,1,0.875,0.0
2135,1,133.1,19,1,101.0,0,6,6,0,0.0,0,0,6,6,0,0.0,0,0.0,6,0.0,0.0
2136,1,131.0,37,37,126.1,0,6,9,4,11.5,1,0,6,6,6,12.16666667,0,0.6666666666666666,2,0.4444444444444444,0.16666666666666666
2137,1,118.0,38,19,113.8,0,6,7,6,12.33333333,0,0,6,7,6,12.5,0,1.0,0,0.8571428571428571,0.0
2138,1,122.0,19,38,118.3,0,7,7,7,11.97142857,0,0,8,8,8,14.4375,0,1.0,0,1.0,0.0
2139,1,116.0,19,19,127.9,0,5,12,2,13.0,1,0,5,13,2,11.5,0,0.4,3,0.16666666666666666,0.2
2140,1,137.0,1,1,131.1,0,7,9,7,12.38571429,0,0,8,9,7,12.72857143,0,1.0,0,0.7777777777777778,0.0
2141,1,128.0,38,37,117.9,0,5,12,2,13.5,0,0,5,12,5,11.28571429,1,0.4,3,0.16666666666666666,0.0
2142,1,123.0,1,1,115.7,0,6,8,6,12.16666667,0,0,6,7,6,13.28571429,0,1.0,0,0.75,0.0
2143,1,133.1,3,1,141.0,0,0,0,0,0.0,0,0,0,0,0,0.0,0,0.0,0,0.0,0.0
2144,12,110.0,37,37,120.0,0,6,6,6,11.66666667,0,0,6,6,6,13.66666667,0,1.0,0,1.0,0.0
2145,1,143.0,3,3,131.8,0,6,9,5,12.4,0,0,6,12,5,14.16666667,0,0.8333333333333334,1,0.5555555555555556,0.0
2146,1,150.0,37,37,131.1,0,6,7,5,13.4,0,0,6,6,6,12.83333333,0,0.8333333333333334,1,0.7142857142857143,0.0
2147,1,129.0,38,19,117.8,0,6,11,6,12.0,0,0,6,11,4,12.5,0,1.0,0,0.5454545454545454,0.0
2148,1,140.0,19,19,140.0,0,5,6,5,14.2,0,0,5,5,5,14.8,0,1.0,0,0.8333333333333334,0.0
2149,1,133.1,38,37,108.0,0,6,8,6,12.125,0,0,6,7,6,14.42857143,0,1.0,0,0.75,0.0
2150,1,132.0,1,19,122.9,0,7,7,7,13.85714286,0,0,7,7,7,13.28571429,0,1.0,0,1.0,0.0
2151,39,130.0,3,1,130.0,1,6,13,3,11.75,0,1,6,13,5,12.33333333,0,0.5,3,0.23076923076923078,0.0
2152,1,137.0,38,37,126.0,0,7,9,7,14.28333333,0,0,8,9,8,13.12555556,0,1.0,0,0.7777777777777778,0.0
2153,1,133.1,1,19,134.0,10,13,21,11,13.27272727,0,6,11,13,9,13.0,0,0.8461538461538461,2,0.5238095238095238,0.0
2154,1,143.0,38,19,134.3,0,6,6,6,14.66666667,0,0,6,7,6,15.14285714,0,1.0,0,1.0,0.0
2155,1,148.0,19,19,138.7,0,7,10,7,15.115,0,0,8,10,8,15.092,0,1.0,0,0.7,0.0
2156,1,137.0,1,1,143.3,0,0,0,0,0.0,0,0,0,0,0,0.0,0,0.0,0,0.0,0.0
2157,39,160.0,37,19,160.0,1,6,13,6,15.0,0,1,6,7,6,13.14285714,0,1.0,0,0.46153846153846156,0.0
2158,1,112.0,3,1,111.0,0,6,8,5,13.2,0,0,6,9,5,14.33333333,0,0.8333333333333334,1,0.625,0.0
2159,1,133.0,37,37,128.5,0,6,14,2,11.0,0,0,6,14,3,10.33333333,0,0.3333333333333333,4,0.14285714285714285,0.0
2160,1,142.0,1,3,133.0,0,8,8,7,14.56571429,0,0,8,8,7,14.56571429,0,0.875,1,0.875,0.0
2161,1,123.0,34,37,114.6,0,5,8,3,12.0,0,0,5,6,4,10.75,0,0.6,2,0.375,0.0
2162,1,103.0,19,37,104.1,0,6,6,0,0.0,0,0,5,5,0,0.0,0,0.0,6,0.0,0.0
2163,1,140.0,1,1,127.6,0,7,7,6,13.79666667,0,0,8,11,7,13.775,0,0.8571428571428571,1,0.8571428571428571,0.0
2164,1,159.0,1,1,151.0,0,6,6,6,14.83333333,0,0,6,6,6,15.33333333,0,1.0,0,1.0,0.0
2165,39,140.0,1,1,135.7,3,6,6,6,12.83333333,0,2,6,6,6,13.83333333,0,1.0,0,1.0,0.0
2166,1,148.0,38,37,137.8,0,8,8,7,14.96285714,0,0,8,8,7,14.96285714,0,0.875,1,0.875,0.0
2167,1,112.0,38,38,117.3,0,5,8,4,12.0,0,0,5,8,5,11.2,0,0.8,1,0.5,0.0
2168,1,131.0,1,3,121.2,0,7,8,7,12.4,0,0,8,9,8,12.8,0,1.0,0,0.875,0.0
2169,1,145.0,3,3,129.3,0,6,7,6,15.57142857,0,0,6,6,6,17.16666667,0,1.0,0,0.8571428571428571,0.0
2170,1,133.1,1,1,123.0,0,8,8,7,13.71428571,0,0,8,8,7,13.71428571,0,0.875,1,0.875,0.0
2171,39,140.0,1,19,140.0,2,6,9,6,13.14285714,0,0,6,9,6,12.16666667,0,1.0,0,0.6666666666666666,0.0
2172,43,140.0,37,1,140.0,0,6,7,6,15.0,0,0,6,8,3,11.0,0,1.0,0,0.8571428571428571,0.0
2173,1,150.0,12,2,144.6,0,5,6,1,13.0,0,0,5,5,0,0.0,0,0.2,4,0.16666666666666666,0.0
2174,1,120.0,1,38,118.3,8,11,12,11,12.0,0,6,11,14,11,12.75,0,1.0,0,0.9166666666666666,0.0
2175,1,156.0,19,38,153.6,0,0,0,0,0.0,0,0,0,0,0,0.0,0,0.0,0,0.0,0.0
2176,1,167.0,1,1,158.3,0,6,6,6,15.16666667,0,0,6,6,6,14.16666667,0,1.0,0,1.0,0.0
2177,6,133.1,34,34,100.0,1,6,9,4,12.0,0,1,6,13,2,10.5,0,0.6666666666666666,2,0.4444444444444444,0.0
2178,1,147.0,1,1,134.9,0,7,7,7,13.64285714,0,0,8,11,8,14.77272727,0,1.0,0,1.0,0.0
2179,1,129.0,38,37,142.0,0,6,8,6,12.66666667,0,0,6,7,6,12.71428571,0,1.0,0,0.75,0.0
2180,1,136.0,38,38,127.3,0,0,0,0,0.0,0,0,0,0,0,0.0,0,0.0,0,0.0,0.0
2181,1,128.0,19,19,116.5,0,6,8,5,10.8,0,0,6,9,6,10.5,0,0.8333333333333334,1,0.625,0.0
2182,1,140.0,19,19,138.6,0,7,9,6,14.25,0,0,8,11,8,13.06363636,0,0.8571428571428571,1,0.6666666666666666,0.0
2183,1,141.0,37,19,133.0,6,14,22,12,12.15384615,0,5,12,18,10,12.9,0,0.8571428571428571,2,0.5454545454545454,0.0
2184,1,133.0,2,1,136.2,0,6,14,1,11.5,0,0,6,12,2,10.5,0,0.16666666666666666,5,0.07142857142857142,0.0
2185,1,125.0,19,19,118.0,0,6,10,4,12.25,0,0,6,9,3,12.33333333,0,0.6666666666666666,2,0.4,0.0
2186,1,124.0,19,37,126.8,1,6,8,6,12.0,1,0,6,12,5,11.14285714,0,1.0,0,0.75,0.16666666666666666
2187,1,140.0,19,38,128.5,0,8,8,8,13.40375,0,0,8,8,8,13.40375,0,1.0,0,1.0,0.0
2188,1,140.0,3,1,129.9,0,6,15,6,11.33333333,0,0,6,9,3,12.66666667,0,1.0,0,0.4,0.0
2189,1,137.0,1,1,125.8,0,6,7,5,12.2,0,0,6,6,6,12.33333333,0,0.8333333333333334,1,0.7142857142857143,0.0
2190,1,144.0,37,37,129.3,0,0,0,0,0.0,0,0,0,0,0,0.0,0,0.0,0,0.0,0.0
2191,1,138.0,4,19,124.7,0,7,0,0,0.0,0,0,8,0,0,0.0,0,0.0,7,0.0,0.0
2192,1,130.0,3,1,154.9,0,6,8,5,16.16666667,0,0,6,10,4,16.0,0,0.8333333333333334,1,0.625,0.0
2193,1,142.0,19,38,127.3,0,5,10,3,11.0,0,0,5,6,3,11.0,1,0.6,2,0.3,0.0
2194,1,136.0,37,19,129.0,0,0,0,0,0.0,0,0,0,0,0,0.0,0,0.0,0,0.0,0.0
2195,1,133.1,38,19,98.0,0,6,8,4,12.0,0,0,6,8,6,12.28571429,0,0.6666666666666666,2,0.5,0.0
2196,1,130.0,1,38,122.0,0,5,8,2,10.5,0,0,5,11,4,12.25,0,0.4,3,0.25,0.0
2197,1,117.0,1,1,112.5,3,6,7,3,11.66666667,0,1,6,13,4,10.33333333,0,0.5,3,0.42857142857142855,0.0
2198,1,136.0,38,38,127.3,0,5,8,3,11.0,0,0,5,7,2,10.0,0,0.6,2,0.375,0.0
2199,1,133.1,1,1,100.5,0,7,18,0,0.0,0,0,7,13,0,0.0,1,0.0,7,0.0,0.0
2200,1,140.0,37,37,122.0,0,6,11,4,12.5,0,0,6,7,0,0.0,0,0.6666666666666666,2,0.36363636363636365,0.0
2201,1,150.0,38,3,140.0,0,7,11,7,11.29444444,0,0,8,22,2,12.6,0,1.0,0,0.6363636363636364,0.0
2202,1,121.0,19,38,116.1,0,6,8,5,11.2,0,0,6,11,4,12.5,0,0.8333333333333334,1,0.625,0.0
2203,3,120.0,19,19,130.0,0,0,0,0,0.0,0,0,0,0,0,0.0,0,0.0,0,0.0,0.0
2204,1,143.0,1,1,146.2,0,6,7,5,13.2,0,0,6,6,5,11.8,0,0.8333333333333334,1,0.7142857142857143,0.0
2205,39,180.0,1,1,180.0,3,7,12,6,14.14285714,0,1,6,10,6,14.125,0,0.8571428571428571,1,0.5,0.0
2206,1,132.0,39,39,127.8,0,5,0,0,0.0,0,0,5,0,0,0.0,0,0.0,5,0.0,0.0
2207,1,130.0,37,19,130.8,0,5,5,0,0.0,0,0,5,9,3,13.33333333,2,0.0,5,0.0,0.0
2208,1,133.1,38,38,109.0,0,5,7,3,12.33333333,0,0,5,9,3,10.57142857,0,0.6,2,0.42857142857142855,0.0
2209,1,131.0,1,38,132.4,0,6,6,0,0.0,0,0,6,0,0,0.0,0,0.0,6,0.0,0.0
2210,1,149.0,1,1,129.3,0,8,8,7,13.1,0,0,8,8,7,13.1,0,0.875,1,0.875,0.0
2211,1,124.0,37,37,125.4,0,6,6,6,13.5,0,0,6,6,6,13.16666667,0,1.0,0,1.0,0.0
2212,1,126.0,38,19,130.2,0,5,7,5,10.2,0,0,5,8,3,12.0,0,1.0,0,0.7142857142857143,0.0
2213,1,140.0,19,38,132.0,0,6,10,5,11.57142857,0,0,6,10,3,13.0,0,0.8333333333333334,1,0.5,0.0
2214,39,170.0,19,19,170.0,0,6,7,6,15.28571429,0,0,6,6,6,15.16666667,0,1.0,0,0.8571428571428571,0.0
2215,1,133.0,3,1,130.2,0,6,9,5,12.6,0,6,10,16,8,11.0,1,0.8333333333333334,1,0.5555555555555556,0.0
2216,1,126.0,3,3,115.5,0,7,11,6,13.43333333,0,0,7,10,4,13.6,0,0.8571428571428571,1,0.5454545454545454,0.0
2217,1,129.0,19,19,127.6,0,5,8,5,11.6,0,0,5,9,3,11.0,0,1.0,0,0.625,0.0
2218,43,140.0,19,1,140.0,0,6,6,6,14.66666667,0,0,6,6,6,13.5,0,1.0,0,1.0,0.0
2219,1,130.0,37,1,120.2,0,6,9,6,14.66666667,0,0,6,12,6,14.66666667,0,1.0,0,0.6666666666666666,0.0
2220,1,130.0,1,1,150.0,0,8,8,7,12.74285714,0,0,8,8,7,12.74285714,0,0.875,1,0.875,0.0
2221,1,99.0,1,3,100.0,0,7,9,7,11.975,0,0,8,9,7,13.12857143,0,1.0,0,0.7777777777777778,0.0
2222,1,146.0,3,1,100.0,0,5,9,4,12.25,0,0,5,11,3,11.66666667,0,0.8,1,0.4444444444444444,0.0
2223,1,129.0,38,37,128.0,0,0,0,0,0.0,0,0,0,0,0,0.0,0,0.0,0,0.0,0.0
2224,1,132.0,19,19,128.0,0,8,8,7,14.93571429,0,0,8,8,7,14.93571429,0,0.875,1,0.875,0.0
2225,1,110.0,37,37,107.2,1,6,16,2,10.5,0,0,6,15,4,10.0,0,0.3333333333333333,4,0.125,0.0
2226,1,116.0,3,3,110.1,0,6,9,5,13.33333333,0,0,6,6,5,13.0,0,0.8333333333333334,1,0.5555555555555556,0.0
2227,1,119.0,37,37,119.0,0,6,6,0,0.0,0,0,6,8,0,0.0,0,0.0,6,0.0,0.0
2228,1,120.0,37,38,155.5,0,6,12,5,13.8,0,0,6,13,4,14.0,0,0.8333333333333334,1,0.4166666666666667,0.0
2229,1,117.0,1,1,118.4,0,6,6,6,11.83333333,0,0,6,8,4,10.75,2,1.0,0,1.0,0.0
2230,1,137.0,1,38,141.2,0,0,0,0,0.0,0,0,0,0,0,0.0,0,0.0,0,0.0,0.0
2231,1,124.0,3,3,119.1,0,0,0,0,0.0,0,0,0,0,0,0.0,0,0.0,0,0.0,0.0
2232,1,151.0,1,3,111.0,0,5,9,2,10.0,0,0,5,9,0,0.0,0,0.4,3,0.2222222222222222,0.0
2233,6,138.6,34,34,138.6,0,6,10,4,11.5,0,0,6,11,3,11.66666667,0,0.6666666666666666,2,0.4,0.0
2234,1,118.0,19,19,121.2,0,6,12,3,10.66666667,0,0,6,9,4,12.0,0,0.5,3,0.25,0.0
2235,1,136.0,19,19,150.4,0,0,0,0,0.0,0,0,0,0,0,0.0,0,0.0,0,0.0,0.0
2236,1,123.0,38,19,117.8,0,6,10,4,12.75,0,0,6,12,2,13.0,0,0.6666666666666666,2,0.4,0.0
2237,19,133.1,38,37,102.5,0,6,7,0,0.0,0,0,6,7,0,0.0,0,0.0,6,0.0,0.0
2238,1,130.0,19,1,110.0,0,6,11,6,11.33333333,0,0,6,12,3,11.33333333,0,1.0,0,0.5454545454545454,0.0
2239,12,133.1,38,19,138.3,0,6,6,0,0.0,0,0,6,6,0,0.0,0,0.0,6,0.0,0.0
2240,1,150.0,3,1,122.3,0,6,10,6,13.0,0,0,6,8,5,12.2,0,1.0,0,0.6,0.0
2241,1,130.0,37,37,127.8,0,5,7,4,10.75,0,0,5,7,3,11.33333333,0,0.8,1,0.5714285714285714,0.0
2242,1,128.0,1,38,100.0,0,5,8,5,12.0,0,0,5,12,2,10.5,0,1.0,0,0.625,0.0
2243,1,133.0,38,37,126.4,0,7,7,7,13.46285714,0,0,8,8,8,13.90625,0,1.0,0,1.0,0.0
2244,19,133.1,37,37,100.0,0,6,13,3,10.0,0,0,6,15,1,10.0,0,0.5,3,0.23076923076923078,0.0
2245,1,129.0,37,37,117.1,0,6,6,6,12.33333333,0,0,6,7,6,13.66666667,0,1.0,0,1.0,0.0
2246,1,128.0,1,1,124.7,0,7,11,6,12.52857143,0,0,7,10,6,12.41666667,0,0.8571428571428571,1,0.5454545454545454,0.0
2247,1,136.0,19,1,124.1,0,8,8,0,0.0,8,0,8,8,0,0.0,8,0.0,8,0.0,1.0
2248,1,130.0,37,12,129.4,0,5,6,0,0.0,0,0,5,7,0,0.0,0,0.0,5,0.0,0.0
2249,1,141.0,1,1,138.9,0,5,5,5,13.6,0,0,5,6,4,13.25,1,1.0,0,1.0,0.0
2250,39,140.0,1,1,138.6,3,6,7,6,12.33333333,0,2,6,6,2,14.0,0,1.0,0,0.8571428571428571,0.0
2251,1,122.0,19,37,133.9,9,13,16,10,11.45454545,0,5,11,13,7,12.25,0,0.7692307692307693,3,0.625,0.0
2252,40,140.0,5,3,140.0,8,13,13,8,13.5,2,5,11,12,5,14.4,0,0.6153846153846154,5,0.6153846153846154,0.15384615384615385
2253,12,133.1,34,34,95.1,0,5,5,0,0.0,0,0,5,6,0,0.0,0,0.0,5,0.0,0.0
2254,1,120.0,19,37,128.2,0,5,5,2,11.0,0,0,5,0,0,0.0,0,0.4,3,0.4,0.0
2255,1,133.1,37,37,121.5,0,6,9,6,13.71428571,0,0,6,13,5,14.33333333,0,1.0,0,0.6666666666666666,0.0
2256,40,120.0,38,37,120.0,18,21,26,21,12.36363636,0,12,16,21,12,12.25,1,1.0,0,0.8076923076923077,0.0
2257,39,130.0,5,3,130.0,1,7,13,3,10.66666667,0,0,6,14,2,11.5,0,0.42857142857142855,4,0.23076923076923078,0.0
2258,3,120.0,4,4,120.0,0,6,9,2,12.0,0,0,6,10,3,12.66666667,0,0.3333333333333333,4,0.2222222222222222,0.0
2259,19,133.1,37,37,107.0,1,7,7,7,12.85714286,0,0,6,6,6,13.16666667,0,1.0,0,1.0,0.0
2260,1,122.0,1,19,116.1,0,6,10,6,13.125,0,0,6,9,6,12.71428571,0,1.0,0,0.6,0.0
2261,1,123.0,1,1,114.4,0,5,6,0,0.0,0,0,5,8,2,11.5,0,0.0,5,0.0,0.0
2262,1,178.0,2,1,157.7,0,6,13,2,13.5,0,0,6,6,0,0.0,0,0.3333333333333333,4,0.15384615384615385,0.0
2263,1,130.0,38,38,150.0,5,11,14,11,15.09090909,0,5,10,11,10,15.0,0,1.0,0,0.7857142857142857,0.0
2264,1,110.0,37,37,114.3,0,6,9,5,12.4,0,0,6,10,5,11.8,0,0.8333333333333334,1,0.5555555555555556,0.0
2265,1,106.0,1,19,104.6,0,6,10,5,14.0,0,0,6,11,4,14.8,0,0.8333333333333334,1,0.5,0.0
2266,3,140.0,39,39,140.0,2,6,8,2,13.5,0,1,6,9,1,13.0,0,0.3333333333333333,4,0.25,0.0
2267,1,108.0,3,1,109.1,0,5,5,0,0.0,0,0,5,5,0,0.0,0,0.0,5,0.0,0.0
2268,1,120.0,3,4,120.6,0,7,12,4,12.65,0,0,7,10,3,10.66666667,0,0.5714285714285714,3,0.3333333333333333,0.0
2269,1,100.0,37,37,161.9,0,5,7,0,0.0,0,0,5,7,0,0.0,0,0.0,5,0.0,0.0
2270,3,140.0,34,34,140.0,0,5,5,0,0.0,0,0,5,5,0,0.0,0,0.0,5,0.0,0.0
2271,1,133.1,37,38,178.0,0,6,8,6,13.33333333,0,0,6,7,5,12.8,0,1.0,0,0.75,0.0
2272,19,133.1,37,1,138.3,0,5,9,3,11.33333333,0,0,5,8,5,11.14285714,0,0.6,2,0.3333333333333333,0.0
2273,1,140.0,34,34,128.0,0,6,0,0,0.0,0,0,6,0,0,0.0,0,0.0,6,0.0,0.0
2274,19,100.0,37,37,139.0,0,0,0,0,0.0,0,0,0,0,0,0.0,0,0.0,0,0.0,0.0
2275,1,123.0,1,3,113.2,0,5,7,3,11.66666667,0,0,5,8,2,10.5,2,0.6,2,0.42857142857142855,0.0
2276,19,133.1,37,37,139.0,0,6,8,6,12.16666667,0,0,6,8,6,14.42857143,0,1.0,0,0.75,0.0
2277,1,135.0,1,42,110.0,0,6,7,6,13.33333333,0,0,6,6,4,12.75,0,1.0,0,0.8571428571428571,0.0
2278,1,132.0,1,1,136.6,0,6,7,5,11.4,0,0,6,10,3,11.0,3,0.8333333333333334,1,0.7142857142857143,0.0
2279,1,120.0,37,37,161.1,0,6,9,6,12.14285714,0,0,6,6,0,0.0,0,1.0,0,0.6666666666666666,0.0
2280,1,130.0,1,2,130.0,9,18,36,17,13.05882353,1,6,12,15,12,12.30769231,0,0.9444444444444444,1,0.4722222222222222,0.05555555555555555
2281,39,140.0,1,38,140.0,0,6,13,4,11.75,0,0,6,15,4,10.5,0,0.6666666666666666,2,0.3076923076923077,0.0
2282,1,133.1,38,1,121.0,0,6,9,5,11.83333333,0,0,6,8,5,10.0,0,0.8333333333333334,1,0.5555555555555556,0.0
2283,39,120.0,2,1,118.6,9,11,14,10,12.4,0,6,10,13,10,11.8,0,0.9090909090909091,1,0.7142857142857143,0.0
2284,1,140.0,19,38,138.3,1,6,8,6,13.42857143,1,0,6,12,4,11.5,0,1.0,0,0.75,0.16666666666666666
2285,1,133.1,37,37,115.8,0,5,5,0,0.0,0,0,5,9,0,0.0,0,0.0,5,0.0,0.0
2286,1,120.0,19,37,160.0,0,5,5,5,11.0,0,0,5,5,5,13.4,0,1.0,0,1.0,0.0
2287,1,125.0,1,1,114.5,0,6,8,6,13.625,0,0,6,8,6,14.42857143,0,1.0,0,0.75,0.0
2288,1,136.0,1,37,117.5,2,5,6,4,11.8,0,0,5,7,2,11.5,0,0.8,1,0.6666666666666666,0.0
2289,1,133.1,3,38,121.7,0,5,5,0,0.0,0,0,5,7,0,0.0,0,0.0,5,0.0,0.0
2290,1,120.0,5,5,115.0,1,6,9,2,15.0,0,1,6,7,2,13.5,0,0.3333333333333333,4,0.2222222222222222,0.0
2291,1,127.0,37,37,125.3,0,6,9,5,10.8,0,0,6,11,5,11.0,0,0.8333333333333334,1,0.5555555555555556,0.0
2292,1,131.0,34,34,131.0,0,5,11,3,13.66666667,0,0,5,10,3,11.33333333,0,0.6,2,0.2727272727272727,0.0
2293,1,127.0,19,37,126.3,0,6,8,6,12.83333333,0,0,6,8,6,13.33333333,0,1.0,0,0.75,0.0
2294,1,132.0,1,37,127.1,0,0,0,0,0.0,0,0,0,0,0,0.0,0,0.0,0,0.0,0.0
2295,1,137.0,1,38,138.4,0,6,8,6,15.125,0,0,6,7,6,13.42857143,0,1.0,0,0.75,0.0
2296,1,126.0,1,19,100.0,0,5,11,0,0.0,0,0,5,7,1,10.0,1,0.0,5,0.0,0.0
2297,1,136.0,4,5,126.2,0,6,10,5,11.4,0,0,6,8,5,11.0,0,0.8333333333333334,1,0.5,0.0
2298,1,124.0,1,1,118.8,0,6,12,4,12.25,0,0,6,9,6,11.0,0,0.6666666666666666,2,0.3333333333333333,0.0
2299,39,137.0,1,1,124.5,0,6,0,0,0.0,0,0,6,0,0,0.0,0,0.0,6,0.0,0.0
2300,39,140.0,5,41,140.0,3,7,12,3,14.0,0,1,6,12,1,14.0,0,0.42857142857142855,4,0.25,0.0
2301,1,131.0,19,19,125.1,0,6,7,6,12.33333333,0,0,6,10,5,10.8,4,1.0,0,0.8571428571428571,0.0
2302,1,130.0,37,37,118.8,0,5,8,5,10.66666667,0,0,5,11,2,11.0,0,1.0,0,0.625,0.0
2303,1,136.0,3,2,125.2,0,5,9,5,11.83333333,0,0,5,9,5,14.71428571,0,1.0,0,0.5555555555555556,0.0
2304,1,133.1,1,19,95.0,0,5,14,0,0.0,0,0,5,5,0,0.0,0,0.0,5,0.0,0.0
2305,1,110.0,37,37,107.6,0,6,6,6,11.66666667,0,0,6,6,6,12.16666667,0,1.0,0,1.0,0.0
2306,3,140.0,2,38,140.0,2,5,7,2,13.0,0,0,5,5,0,0.0,0,0.4,3,0.2857142857142857,0.0
2307,38,133.1,3,1,125.4,0,2,5,0,0.0,0,0,4,4,0,0.0,0,0.0,2,0.0,0.0
2308,1,141.0,19,1,128.0,0,8,8,0,0.0,3,0,8,8,0,0.0,3,0.0,8,0.0,0.375
2309,1,130.0,1,38,129.3,0,5,5,5,13.0,0,0,5,5,5,14.2,0,1.0,0,1.0,0.0
2310,1,160.0,19,38,152.0,0,6,7,6,13.85714286,0,0,6,6,6,14.0,0,1.0,0,0.8571428571428571,0.0
2311,1,140.0,1,19,128.8,0,7,7,6,13.39166667,0,0,8,8,8,12.4875,0,0.8571428571428571,1,0.8571428571428571,0.0
2312,1,150.0,34,19,152.8,0,5,7,4,12.75,0,0,5,5,0,0.0,0,0.8,1,0.5714285714285714,0.0
2313,39,150.0,37,37,150.0,0,5,7,4,14.5,0,0,5,5,5,14.6,0,0.8,1,0.5714285714285714,0.0
2314,1,133.1,1,1,112.0,0,6,7,6,12.16666667,0,0,6,6,6,12.16666667,0,1.0,0,0.8571428571428571,0.0
2315,1,152.0,19,37,135.6,0,5,5,5,15.4,0,0,5,5,5,15.6,0,1.0,0,1.0,0.0
2316,19,133.1,1,1,134.4,0,5,9,2,13.33333333,0,0,5,9,2,16.0,4,0.4,3,0.2222222222222222,0.0
2317,1,130.0,3,1,120.5,0,5,5,0,0.0,0,0,5,5,0,0.0,0,0.0,5,0.0,0.0
2318,1,148.0,1,1,141.4,0,6,0,0,0.0,0,0,6,0,0,0.0,0,0.0,6,0.0,0.0
2319,1,148.0,1,1,145.2,0,6,7,6,13.71428571,0,0,6,8,6,14.71428571,0,1.0,0,0.8571428571428571,0.0
2320,1,130.0,19,3,140.0,0,6,7,4,12.25,0,0,6,7,0,0.0,0,0.6666666666666666,2,0.5714285714285714,0.0
2321,1,160.0,1,2,100.0,1,6,9,5,16.0,1,0,6,11,4,16.5,0,0.8333333333333334,1,0.5555555555555556,0.16666666666666666
2322,1,130.0,37,37,140.0,0,5,8,1,11.0,0,0,5,5,1,13.0,0,0.2,4,0.125,0.0
2323,1,110.0,1,37,126.0,0,7,7,7,14.08571429,0,0,7,7,7,14.08571429,0,1.0,0,1.0,0.0
2324,1,122.0,1,3,112.6,0,6,9,6,10.16666667,0,0,6,10,6,10.5,0,1.0,0,0.6666666666666666,0.0
2325,1,110.0,37,37,106.8,0,5,8,1,10.0,0,0,5,9,0,0.0,0,0.2,4,0.125,0.0
2326,1,129.0,2,37,121.6,0,5,10,0,0.0,0,0,5,7,1,10.0,0,0.0,5,0.0,0.0
2327,1,110.0,37,37,120.0,0,5,10,2,10.5,0,0,5,5,3,10.66666667,0,0.4,3,0.2,0.0
2328,1,170.0,38,19,160.6,0,0,0,0,0.0,0,0,0,0,0,0.0,0,0.0,0,0.0,0.0
2329,12,110.0,37,38,130.0,0,6,6,0,0.0,0,0,6,6,0,0.0,0,0.0,6,0.0,0.0
2330,1,110.0,34,34,110.0,0,6,12,0,0.0,0,0,5,10,0,0.0,0,0.0,6,0.0,0.0
2331,1,133.1,19,37,110.0,0,6,8,0,0.0,0,0,6,10,0,0.0,0,0.0,6,0.0,0.0
2332,1,133.1,1,19,145.8,0,6,15,5,13.33333333,0,0,6,15,5,12.4,0,0.8333333333333334,1,0.3333333333333333,0.0
2333,1,126.0,10,10,130.2,0,0,0,0,0.0,0,0,0,0,0,0.0,0,0.0,0,0.0,0.0
2334,1,137.0,38,37,122.3,0,6,7,6,13.57142857,0,0,6,6,6,14.33333333,0,1.0,0,0.8571428571428571,0.0
2335,1,117.0,1,1,125.4,0,6,6,6,12.83333333,0,0,6,7,6,11.16666667,0,1.0,0,1.0,0.0
2336,1,100.0,37,19,130.0,1,5,6,4,10.25,0,3,8,18,5,11.2,5,0.8,1,0.6666666666666666,0.0
2337,1,120.0,1,38,150.0,0,6,6,0,0.0,0,0,6,6,0,0.0,0,0.0,6,0.0,0.0
2338,1,126.0,38,38,116.9,0,5,5,4,14.5,0,0,6,8,3,13.33333333,0,0.8,1,0.8,0.0
2339,1,122.0,19,19,114.7,0,5,6,5,15.8,0,0,5,8,5,13.71428571,0,1.0,0,0.8333333333333334,0.0
2340,1,111.0,37,37,95.8,0,6,0,0,0.0,0,0,6,0,0,0.0,0,0.0,6,0.0,0.0
2341,1,139.0,37,19,133.1,0,5,8,4,12.5,0,0,5,7,3,14.66666667,1,0.8,1,0.5,0.0
2342,1,150.0,2,4,150.0,16,18,22,18,11.66666667,0,12,13,13,12,11.5,1,1.0,0,0.8181818181818182,0.0
2343,1,116.0,37,19,118.5,0,5,6,4,13.0,0,0,5,5,5,13.0,0,0.8,1,0.6666666666666666,0.0
2344,1,130.0,3,3,131.1,0,7,8,7,12.12142857,0,0,9,12,8,11.50625,0,1.0,0,0.875,0.0
2345,42,150.0,1,19,150.3,7,11,15,9,14.22222222,0,4,9,15,7,13.75,0,0.8181818181818182,2,0.6,0.0
2346,1,132.0,3,19,120.5,0,6,17,4,12.5,0,0,6,8,4,13.25,0,0.6666666666666666,2,0.23529411764705882,0.0
2347,1,108.0,1,1,105.6,0,5,7,5,12.16666667,0,0,5,7,5,15.28571429,0,1.0,0,0.7142857142857143,0.0
2348,1,133.1,19,19,125.3,0,6,0,0,0.0,0,0,6,0,0,0.0,0,0.0,6,0.0,0.0
2349,1,120.0,37,19,131.0,0,6,6,6,12.66666667,0,0,6,6,6,11.5,0,1.0,0,1.0,0.0
2350,1,146.0,19,3,127.0,0,8,8,7,13.61428571,0,0,8,8,7,13.61428571,0,0.875,1,0.875,0.0
2351,39,150.0,2,1,150.0,11,18,32,12,12.85714286,1,8,12,15,10,14.3,0,0.6666666666666666,6,0.375,0.05555555555555555
2352,1,160.0,3,3,149.2,0,5,7,4,14.0,0,0,5,5,5,14.2,0,0.8,1,0.5714285714285714,0.0
2353,1,125.0,37,37,121.5,0,6,8,4,14.75,0,0,6,6,5,11.8,0,0.6666666666666666,2,0.5,0.0
2354,1,125.0,37,19,137.3,0,6,0,0,0.0,0,0,6,0,0,0.0,0,0.0,6,0.0,0.0
2355,1,122.0,3,1,119.6,0,6,8,6,13.625,0,0,6,7,6,14.28571429,0,1.0,0,0.75,0.0
2356,1,138.0,1,1,141.5,0,0,0,0,0.0,0,0,0,0,0,0.0,0,0.0,0,0.0,0.0
2357,39,150.0,1,38,150.0,0,6,12,4,11.8,0,0,6,11,4,11.875,0,0.6666666666666666,2,0.3333333333333333,0.0
2358,1,140.0,3,3,110.0,0,6,8,6,15.125,0,0,6,10,6,14.6,0,1.0,0,0.75,0.0
2359,1,113.0,1,1,110.2,0,6,10,4,11.5,0,0,6,10,2,10.5,0,0.6666666666666666,2,0.4,0.0
2360,1,139.0,19,19,110.3,0,5,12,1,10.0,0,0,5,11,1,11.0,0,0.2,4,0.08333333333333333,0.0
2361,1,133.1,19,6,120.0,0,4,8,0,0.0,0,0,5,10,0,0.0,0,0.0,4,0.0,0.0
2362,1,118.0,19,19,114.2,0,5,9,3,10.33333333,0,0,5,6,5,12.8,0,0.6,2,0.3333333333333333,0.0
2363,39,140.0,1,19,140.0,0,5,9,0,0.0,0,0,5,6,2,11.66666667,0,0.0,5,0.0,0.0
2364,1,144.0,19,19,132.8,0,6,9,4,12.0,2,0,6,10,4,12.5,0,0.6666666666666666,2,0.4444444444444444,0.3333333333333333
2365,1,125.0,1,1,121.5,0,6,6,6,13.83333333,0,0,6,6,6,14.5,0,1.0,0,1.0,0.0
2366,1,131.0,1,1,127.2,13,17,19,13,12.15384615,0,10,17,28,11,11.90909091,1,0.7647058823529411,4,0.6842105263157895,0.0
2367,1,131.0,12,12,128.2,0,6,7,6,14.0,0,0,6,8,6,13.66666667,0,1.0,0,0.8571428571428571,0.0
2368,1,140.0,3,2,133.4,0,6,8,6,16.5,0,0,6,6,5,13.8,0,1.0,0,0.75,0.0
2369,1,133.1,1,19,120.0,0,5,11,1,18.0,2,0,5,10,3,13.33333333,2,0.2,4,0.09090909090909091,0.4
2370,1,140.0,1,1,140.0,0,6,11,6,11.28571429,0,0,6,12,5,11.77777778,0,1.0,0,0.5454545454545454,0.0
2371,1,139.0,19,3,136.9,0,0,0,0,0.0,0,0,0,0,0,0.0,0,0.0,0,0.0,0.0
2372,1,125.0,3,39,117.0,0,0,0,0,0.0,0,0,0,0,0,0.0,0,0.0,0,0.0,0.0
2373,1,117.0,3,1,110.7,0,6,10,5,14.0,0,0,6,10,6,12.0,0,0.8333333333333334,1,0.5,0.0
2374,1,150.0,19,19,160.0,0,5,13,4,13.75,1,0,5,9,3,12.0,0,0.8,1,0.3076923076923077,0.2
2375,1,95.0,37,37,95.0,0,6,9,4,13.25,0,0,6,6,5,11.0,0,0.6666666666666666,2,0.4444444444444444,0.0
2376,1,150.0,37,1,148.8,0,5,7,4,14.25,0,0,5,7,4,14.75,0,0.8,1,0.5714285714285714,0.0
2377,1,120.0,37,37,110.0,0,5,9,0,0.0,1,0,5,5,0,0.0,0,0.0,5,0.0,0.2
2378,1,136.0,3,4,133.9,8,12,12,8,11.25,0,3,8,8,3,11.33333333,0,0.6666666666666666,4,0.6666666666666666,0.0
2379,1,133.0,2,37,125.7,0,6,7,6,13.5,0,0,6,8,6,12.5,0,1.0,0,0.8571428571428571,0.0
2380,1,125.0,1,19,116.6,0,6,8,5,12.66666667,0,0,6,10,6,12.85714286,0,0.8333333333333334,1,0.625,0.0
2381,1,127.0,19,38,141.0,0,6,6,6,15.16666667,0,0,6,6,6,12.33333333,0,1.0,0,1.0,0.0
2382,40,130.0,1,1,130.0,4,6,6,6,13.16666667,0,2,5,7,5,15.14285714,0,1.0,0,1.0,0.0
2383,1,130.0,19,1,130.0,7,12,20,10,11.8,0,5,12,15,9,11.44444444,0,0.8333333333333334,2,0.5,0.0
2384,1,127.0,19,1,115.8,0,5,10,4,11.5,0,0,5,11,0,0.0,0,0.8,1,0.4,0.0
2385,39,140.0,19,38,140.0,0,6,6,6,14.5,0,0,6,8,6,11.33333333,0,1.0,0,1.0,0.0
2386,1,125.0,37,3,126.1,0,6,10,5,13.4,0,0,6,12,3,10.66666667,0,0.8333333333333334,1,0.5,0.0
2387,1,135.0,1,38,137.5,0,0,0,0,0.0,0,0,0,0,0,0.0,0,0.0,0,0.0,0.0
2388,1,132.0,38,19,120.8,0,5,8,4,10.8,0,0,5,10,2,12.5,0,0.8,1,0.5,0.0
2389,1,110.0,19,1,136.5,0,5,6,0,0.0,0,0,5,5,0,0.0,0,0.0,5,0.0,0.0
2390,1,130.0,1,37,122.0,3,10,23,6,11.42857143,0,2,7,15,4,12.0,1,0.6,4,0.2608695652173913,0.0
2391,1,130.0,37,1,130.0,8,14,24,8,12.5,2,6,13,23,10,11.6,0,0.5714285714285714,6,0.3333333333333333,0.14285714285714285
2392,1,135.0,38,19,126.3,0,5,11,2,13.5,0,0,5,11,3,12.33333333,0,0.4,3,0.18181818181818182,0.0
2393,1,133.1,4,19,98.0,0,6,6,0,0.0,0,0,6,12,0,0.0,0,0.0,6,0.0,0.0
2394,1,135.0,37,37,121.0,0,5,8,5,12.75,0,0,5,7,5,11.5,0,1.0,0,0.625,0.0
2395,1,128.0,19,38,124.2,0,6,17,3,11.33333333,3,0,6,14,3,12.33333333,0,0.5,3,0.17647058823529413,0.5
2396,1,140.0,1,3,130.0,0,6,8,0,0.0,0,0,6,10,0,0.0,0,0.0,6,0.0,0.0
2397,1,135.0,3,1,136.1,0,6,9,5,11.4,0,0,6,13,5,12.4,0,0.8333333333333334,1,0.5555555555555556,0.0
2398,1,131.0,3,19,132.8,0,6,7,6,14.42857143,0,0,6,7,6,14.57142857,0,1.0,0,0.8571428571428571,0.0
2399,1,131.0,1,1,126.3,0,7,9,7,12.49285714,0,0,8,10,8,11.7125,0,1.0,0,0.7777777777777778,0.0
2400,19,100.0,1,37,111.5,2,8,10,4,11.5,0,2,8,13,4,11.0,0,0.5,4,0.4,0.0
2401,1,140.0,37,37,118.2,0,5,7,5,11.2,0,0,5,6,5,12.8,1,1.0,0,0.7142857142857143,0.0
2402,1,124.0,19,19,115.6,0,5,9,3,12.0,1,0,5,7,3,11.0,0,0.6,2,0.3333333333333333,0.2
2403,1,130.0,38,37,117.8,0,8,8,7,15.88571429,0,0,8,8,7,15.88571429,0,0.875,1,0.875,0.0
2404,1,142.0,1,38,127.0,0,7,12,4,12.94,0,0,7,12,4,11.58,0,0.5714285714285714,3,0.3333333333333333,0.0
2405,1,150.0,37,37,140.0,0,6,6,6,14.0,0,0,6,6,6,14.16666667,0,1.0,0,1.0,0.0
2406,12,110.0,37,37,106.0,0,0,0,0,0.0,0,0,0,0,0,0.0,0,0.0,0,0.0,0.0
2407,19,110.0,37,38,151.0,0,7,7,0,0.0,7,0,8,8,0,0.0,8,0.0,7,0.0,1.0
2408,1,112.0,43,40,106.4,0,5,0,0,0.0,0,0,5,0,0,0.0,0,0.0,5,0.0,0.0
2409,1,100.0,37,37,125.3,0,5,8,4,11.25,0,0,5,8,3,11.0,1,0.8,1,0.5,0.0
2410,3,130.0,34,34,130.0,0,5,5,0,0.0,0,0,5,6,0,0.0,0,0.0,5,0.0,0.0
2411,1,133.1,34,34,116.0,0,6,13,4,11.25,0,0,6,12,0,0.0,1,0.6666666666666666,2,0.3076923076923077,0.0
2412,1,150.0,37,37,120.0,0,5,11,3,10.66666667,0,1,5,10,4,12.5,0,0.6,2,0.2727272727272727,0.0
2413,1,100.0,34,34,100.0,0,6,9,5,11.8,0,1,6,10,3,10.66666667,1,0.8333333333333334,1,0.5555555555555556,0.0
2414,1,130.0,34,37,118.5,5,10,19,8,11.625,1,4,10,16,10,11.18181818,3,0.8,2,0.42105263157894735,0.1
2415,1,129.0,34,30,118.9,0,6,11,0,0.0,0,0,5,10,0,0.0,0,0.0,6,0.0,0.0
2416,1,127.0,37,37,119.3,0,6,8,4,10.25,0,0,6,6,4,11.25,0,0.6666666666666666,2,0.5,0.0
2417,1,140.0,37,37,135.8,14,15,16,15,10.8,0,13,14,14,14,11.35714286,0,1.0,0,0.9375,0.0
2418,42,130.0,1,19,130.0,5,12,15,11,12.54545455,0,4,11,16,11,12.66666667,0,0.9166666666666666,1,0.7333333333333333,0.0
2419,1,133.1,1,1,129.8,0,7,7,7,13.57142857,0,0,6,9,5,13.4,0,1.0,0,1.0,0.0
2420,2,140.0,38,38,150.0,0,6,0,0,0.0,0,0,6,0,0,0.0,0,0.0,6,0.0,0.0
2421,19,133.1,37,37,111.9,0,5,5,0,0.0,0,0,5,5,0,0.0,0,0.0,5,0.0,0.0
2422,1,120.0,37,37,150.1,0,6,9,6,14.77777778,0,0,6,11,5,12.2,0,1.0,0,0.6666666666666666,0.0
2423,1,133.1,1,37,130.0,0,3,4,0,0.0,0,0,4,8,0,0.0,0,0.0,3,0.0,0.0
2424,1,120.0,37,37,128.0,0,2,2,0,0.0,0,0,2,2,0,0.0,0,0.0,2,0.0,0.0
2425,38,133.1,19,38,102.5,0,4,4,0,0.0,0,0,5,0,0,0.0,0,0.0,4,0.0,0.0
2426,1,133.1,19,38,102.5,0,5,10,0,0.0,0,0,5,5,0,0.0,0,0.0,5,0.0,0.0
2427,1,100.0,37,37,110.0,0,5,5,5,11.4,0,0,5,7,5,11.6,0,1.0,0,1.0,0.0
2428,19,133.1,1,19,114.0,3,9,13,6,11.66666667,0,2,7,10,6,10.85714286,0,0.6666666666666666,3,0.46153846153846156,0.0
2429,1,120.0,34,34,128.2,6,10,12,7,11.28571429,0,2,8,8,5,13.0,0,0.7,3,0.5833333333333334,0.0
2430,1,128.0,38,38,116.5,0,6,12,4,11.5,0,0,6,10,5,12.6,0,0.6666666666666666,2,0.3333333333333333,0.0
2431,1,172.0,38,37,149.3,0,5,5,5,16.0,0,0,5,5,5,16.0,0,1.0,0,1.0,0.0
2432,1,146.0,38,38,134.1,0,6,6,6,12.5,0,0,6,7,6,12.66666667,0,1.0,0,1.0,0.0
2433,1,135.0,38,37,126.6,0,5,7,4,12.0,0,0,5,10,3,13.0,3,0.8,1,0.5714285714285714,0.0
2434,1,160.0,37,37,120.0,0,5,11,0,0.0,2,0,5,11,3,11.66666667,1,0.0,5,0.0,0.4
2435,1,150.0,38,37,133.5,0,5,10,5,13.0,0,0,5,10,5,12.6,0,1.0,0,0.5,0.0
2436,1,130.0,1,3,110.0,8,18,27,13,13.71428571,1,7,12,18,12,12.08333333,0,0.7222222222222222,5,0.48148148148148145,0.05555555555555555
2437,1,111.0,37,37,107.5,0,5,9,3,12.33333333,0,0,6,14,3,12.5,0,0.6,2,0.3333333333333333,0.0
2438,3,130.0,1,38,130.0,11,17,31,11,12.72727273,4,10,12,24,10,12.7,1,0.6470588235294118,6,0.3548387096774194,0.23529411764705882
2439,6,170.0,34,34,111.6,1,5,5,1,14.0,0,0,5,5,0,0.0,0,0.2,4,0.2,0.0
2440,1,133.1,1,38,101.0,0,5,0,0,0.0,0,0,5,0,0,0.0,0,0.0,5,0.0,0.0
2441,1,100.0,37,37,108.3,0,6,8,5,11.4,0,1,6,12,3,11.0,1,0.8333333333333334,1,0.625,0.0
2442,1,120.0,34,34,128.2,0,5,5,0,0.0,0,0,5,5,1,10.0,0,0.0,5,0.0,0.0
2443,3,110.0,3,19,150.0,0,6,8,6,18.875,0,6,12,14,12,17.69230769,0,1.0,0,0.75,0.0
2444,1,133.1,34,34,142.8,0,6,12,0,0.0,0,0,6,12,0,0.0,0,0.0,6,0.0,0.0
2445,1,120.0,37,37,100.0,0,7,15,6,11.33333333,0,0,7,16,4,12.6,0,0.8571428571428571,1,0.4,0.0
2446,40,150.0,37,37,150.0,3,7,9,7,13.5,0,0,5,6,5,16.2,0,1.0,0,0.7777777777777778,0.0
2447,19,133.1,37,19,156.5,7,11,12,2,15.0,7,4,9,10,3,10.0,4,0.18181818181818182,9,0.16666666666666666,0.6363636363636364
2448,19,120.0,37,37,98.6,0,5,10,0,0.0,0,0,5,7,0,0.0,0,0.0,5,0.0,0.0
2449,3,130.0,37,37,130.0,9,9,9,9,14.22222222,0,5,5,5,5,12.8,0,1.0,0,1.0,0.0
2450,1,130.0,1,38,118.1,0,0,0,0,0.0,0,0,0,0,0,0.0,0,0.0,0,0.0,0.0
2451,1,100.0,1,3,120.0,2,7,14,4,12.0,2,0,6,16,0,0.0,1,0.5714285714285714,3,0.2857142857142857,0.2857142857142857
2452,1,142.0,1,1,127.7,0,5,9,5,12.6,1,0,5,8,4,12.0,0,1.0,0,0.5555555555555556,0.2
2453,1,130.0,1,1,130.0,6,12,12,12,15.08333333,0,4,11,15,11,13.08333333,0,1.0,0,1.0,0.0
2454,1,148.0,3,19,147.7,0,5,5,0,0.0,0,0,5,5,0,0.0,0,0.0,5,0.0,0.0
2455,39,170.0,19,19,170.0,0,6,8,6,14.5,0,0,6,10,6,15.3,0,1.0,0,0.75,0.0
2456,1,110.0,37,37,110.2,0,6,6,6,14.5,0,0,6,6,6,13.5,0,1.0,0,1.0,0.0
2457,1,166.0,19,37,146.4,0,5,12,3,10.0,0,0,5,12,1,13.0,0,0.6,2,0.25,0.0
2458,1,135.0,12,19,121.0,0,5,0,0,0.0,0,0,5,0,0,0.0,0,0.0,5,0.0,0.0
2459,1,133.0,19,37,129.9,0,5,5,5,11.6,0,0,5,5,5,13.2,0,1.0,0,1.0,0.0
2460,1,133.1,37,37,132.0,0,6,10,4,11.75,0,0,6,7,0,0.0,0,0.6666666666666666,2,0.4,0.0
2461,1,121.0,19,19,125.9,0,6,0,0,0.0,0,0,6,0,0,0.0,0,0.0,6,0.0,0.0
2462,1,159.0,3,3,165.7,0,0,0,0,0.0,0,0,0,0,0,0.0,0,0.0,0,0.0,0.0
2463,1,130.0,37,38,122.7,0,6,7,0,0.0,0,0,6,6,0,0.0,0,0.0,6,0.0,0.0
2464,1,121.0,37,19,141.4,0,5,7,4,11.25,0,0,5,8,4,11.8,0,0.8,1,0.5714285714285714,0.0
2465,19,133.1,37,37,156.4,0,6,9,5,11.57142857,0,0,6,11,0,0.0,0,0.8333333333333334,1,0.5555555555555556,0.0
2466,1,146.0,37,37,148.5,0,5,7,4,10.0,0,0,5,8,1,16.0,0,0.8,1,0.5714285714285714,0.0
2467,39,140.0,37,37,140.0,0,6,11,5,13.83333333,0,0,6,13,6,12.3,0,0.8333333333333334,1,0.45454545454545453,0.0
2468,1,125.0,38,37,131.7,3,6,6,4,12.75,0,3,9,12,3,12.66666667,0,0.6666666666666666,2,0.6666666666666666,0.0
2469,1,120.0,37,37,104.7,0,4,4,0,0.0,0,0,5,9,0,0.0,0,0.0,4,0.0,0.0
2470,39,150.0,5,1,150.0,1,6,13,5,11.6,0,1,6,12,2,11.0,0,0.8333333333333334,1,0.38461538461538464,0.0
2471,19,110.0,37,37,110.0,0,5,5,0,0.0,0,0,5,5,0,0.0,0,0.0,5,0.0,0.0
2472,1,120.0,1,1,129.1,0,6,6,4,11.25,0,0,6,10,3,10.33333333,0,0.6666666666666666,2,0.6666666666666666,0.0
2473,1,133.1,1,1,120.0,0,6,0,0,0.0,0,0,6,0,0,0.0,0,0.0,6,0.0,0.0
2474,1,133.1,3,19,127.0,0,6,6,6,14.33333333,0,0,6,7,6,15.0,0,1.0,0,1.0,0.0
2475,19,133.1,19,37,151.5,0,6,7,0,0.0,0,0,5,5,0,0.0,0,0.0,6,0.0,0.0
2476,1,130.0,38,37,126.8,18,23,23,20,13.5,3,18,23,23,20,13.5,3,0.8695652173913043,3,0.8695652173913043,0.13043478260869565
2477,1,160.0,19,38,140.8,0,6,8,6,12.66666667,0,0,6,10,5,12.2,0,1.0,0,0.75,0.0
2478,1,128.0,1,19,125.6,0,7,7,7,12.44428571,0,0,8,11,7,11.34714286,0,1.0,0,1.0,0.0
2479,1,140.0,19,19,127.8,0,5,7,3,10.66666667,1,0,5,7,3,11.33333333,0,0.6,2,0.42857142857142855,0.2
2480,1,120.0,3,3,120.0,0,0,0,0,0.0,0,0,0,0,0,0.0,0,0.0,0,0.0,0.0
2481,1,140.0,19,19,131.3,1,6,6,6,12.66666667,0,1,6,6,5,12.4,0,1.0,0,1.0,0.0
2482,12,120.0,37,38,155.7,0,5,5,5,13.2,0,0,5,6,5,14.83333333,0,1.0,0,1.0,0.0
2483,42,130.0,1,38,128.5,7,12,20,10,12.7,0,5,12,14,11,12.18181818,0,0.8333333333333334,2,0.5,0.0
2484,1,100.0,37,37,170.0,0,5,6,5,14.83333333,0,0,5,5,5,14.8,0,1.0,0,0.8333333333333334,0.0
2485,1,133.1,37,37,100.0,4,10,10,4,11.5,0,1,7,8,1,12.0,0,0.4,6,0.4,0.0
2486,1,110.0,19,19,107.2,0,6,0,0,0.0,0,0,6,0,0,0.0,0,0.0,6,0.0,0.0
2487,1,147.0,19,1,139.3,0,5,0,0,0.0,0,0,5,0,0,0.0,0,0.0,5,0.0,0.0
2488,1,133.0,19,38,123.2,0,5,7,3,12.66666667,1,0,5,12,2,12.5,0,0.6,2,0.42857142857142855,0.2
2489,1,137.0,1,38,122.3,0,6,7,6,14.71428571,0,0,6,6,6,12.5,0,1.0,0,0.8571428571428571,0.0
2490,1,124.0,1,1,127.9,0,6,11,3,13.66666667,0,0,6,13,4,10.25,0,0.5,3,0.2727272727272727,0.0
2491,1,128.0,1,1,120.3,0,5,9,5,10.8,0,0,5,13,2,13.5,0,1.0,0,0.5555555555555556,0.0
2492,1,120.0,1,1,128.5,2,8,13,4,10.5,0,5,10,16,7,10.42857143,0,0.5,4,0.3076923076923077,0.0
2493,1,133.1,37,37,150.0,0,6,10,6,15.0,0,0,6,11,5,12.5,0,1.0,0,0.6,0.0
2494,1,142.0,1,19,136.1,0,6,6,6,12.66666667,0,0,6,6,6,14.0,0,1.0,0,1.0,0.0
2495,19,100.0,37,37,128.0,0,6,7,6,13.16666667,0,0,6,6,6,13.66666667,0,1.0,0,0.8571428571428571,0.0
2496,1,149.0,19,37,158.1,0,0,0,0,0.0,0,0,0,0,0,0.0,0,0.0,0,0.0,0.0
2497,1,110.0,37,1,108.7,0,6,6,6,13.0,0,0,6,6,6,12.5,0,1.0,0,1.0,0.0
2498,19,133.1,1,19,110.0,0,0,0,0,0.0,0,0,0,0,0,0.0,0,0.0,0,0.0,0.0
2499,19,133.1,37,37,120.0,0,6,13,2,10.0,0,0,6,10,1,15.0,0,0.3333333333333333,4,0.15384615384615385,0.0
2500,39,150.0,5,4,150.0,2,6,7,6,13.33333333,0,1,6,16,5,13.375,0,1.0,0,0.8571428571428571,0.0
2501,12,133.1,37,37,113.0,0,6,13,3,12.33333333,0,0,6,6,6,13.33333333,0,0.5,3,0.23076923076923078,0.0
2502,1,121.0,19,37,118.6,14,21,23,20,13.18181818,0,10,14,18,14,11.64285714,0,0.9523809523809523,1,0.8695652173913043,0.0
2503,1,133.1,3,1,148.8,0,7,7,6,12.51333333,0,0,8,9,7,13.07142857,0,0.8571428571428571,1,0.8571428571428571,0.0
2504,1,122.0,38,37,120.3,0,6,0,0,0.0,0,0,6,0,0,0.0,0,0.0,6,0.0,0.0
2505,1,143.0,19,19,127.0,0,8,8,7,13.58571429,0,0,8,8,7,13.58571429,0,0.875,1,0.875,0.0
2506,1,123.0,19,19,113.8,0,7,9,7,11.15555556,0,0,8,10,8,11.425,0,1.0,0,0.7777777777777778,0.0
2507,1,120.0,38,37,108.0,1,7,9,6,11.85714286,0,1,6,7,5,12.0,0,0.8571428571428571,1,0.6666666666666666,0.0
2508,1,114.0,19,38,129.1,0,0,0,0,0.0,0,0,0,0,0,0.0,0,0.0,0,0.0,0.0
2509,1,114.0,19,38,135.9,9,14,14,14,14.0,0,7,13,13,13,13.61538462,0,1.0,0,1.0,0.0
2510,1,154.4,19,38,154.4,0,6,8,5,12.0,0,0,6,0,0,0.0,0,0.8333333333333334,1,0.625,0.0
2511,1,190.0,3,2,190.0,0,7,15,4,11.575,0,0,7,10,5,12.42,0,0.5714285714285714,3,0.26666666666666666,0.0
2512,1,136.0,3,3,132.5,0,7,8,7,13.19857143,0,0,8,8,8,13.0625,0,1.0,0,0.875,0.0
2513,1,163.3,19,1,163.3,0,6,10,6,13.5,0,0,6,12,6,12.0,0,1.0,0,0.6,0.0
2514,1,126.0,1,3,122.5,0,6,6,6,13.33333333,0,0,6,8,5,12.8,0,1.0,0,1.0,0.0
2515,1,122.0,1,1,121.0,0,5,10,4,14.25,0,0,5,14,1,10.0,0,0.8,1,0.4,0.0
2516,1,137.0,1,1,131.8,0,6,7,6,12.16666667,0,0,6,9,4,12.0,0,1.0,0,0.8571428571428571,0.0
2517,1,139.0,19,1,135.0,0,8,8,7,12.21428571,0,0,8,8,7,12.21428571,0,0.875,1,0.875,0.0
2518,1,142.0,19,39,141.7,0,6,8,6,12.66666667,0,0,6,6,6,13.0,0,1.0,0,0.75,0.0
2519,1,133.1,38,38,131.3,0,6,7,6,12.28571429,0,0,6,6,6,13.5,0,1.0,0,0.8571428571428571,0.0
2520,1,126.0,38,37,123.9,0,6,7,6,13.0,0,0,6,6,6,13.0,0,1.0,0,0.8571428571428571,0.0
2521,1,131.0,4,3,126.1,0,6,8,6,12.14285714,0,0,6,6,6,11.16666667,0,1.0,0,0.75,0.0
2522,1,131.0,1,19,126.5,0,7,8,7,13.87571429,0,0,8,9,7,13.08571429,0,1.0,0,0.875,0.0
2523,1,108.0,19,1,107.3,0,6,0,0,0.0,0,0,6,0,0,0.0,0,0.0,6,0.0,0.0
2524,1,133.1,1,19,95.0,0,6,12,6,11.66666667,0,0,6,7,0,0.0,0,1.0,0,0.5,0.0
2525,1,122.0,3,1,116.1,0,6,13,6,13.15384615,0,0,6,12,3,11.0,0,1.0,0,0.46153846153846156,0.0
2526,1,143.0,1,1,134.6,0,6,6,6,14.5,0,0,6,6,6,12.83333333,0,1.0,0,1.0,0.0
2527,1,135.0,19,19,128.0,0,7,7,7,14.44142857,0,0,8,8,8,13.65625,0,1.0,0,1.0,0.0
2528,1,148.0,3,38,144.2,0,6,6,6,15.16666667,0,0,6,7,6,14.28571429,0,1.0,0,1.0,0.0
2529,1,134.0,19,38,129.5,0,5,5,5,11.6,0,0,5,12,4,12.625,0,1.0,0,1.0,0.0
2530,1,122.0,1,1,116.8,0,6,6,6,11.66666667,0,0,6,6,6,12.33333333,0,1.0,0,1.0,0.0
2531,39,160.0,37,38,160.0,0,6,8,6,12.625,0,0,6,10,6,13.2,0,1.0,0,0.75,0.0
2532,1,126.0,38,37,127.1,0,6,14,3,12.66666667,0,0,6,7,6,11.0,0,0.5,3,0.21428571428571427,0.0
2533,1,138.0,2,19,126.3,0,6,7,6,12.83333333,1,0,6,8,6,13.0,0,1.0,0,0.8571428571428571,0.16666666666666666
2534,1,115.0,38,38,112.9,0,6,7,6,11.85714286,0,0,6,8,6,13.14285714,0,1.0,0,0.8571428571428571,0.0
2535,1,141.0,3,1,130.2,0,6,8,5,11.4,1,0,6,7,4,10.75,0,0.8333333333333334,1,0.625,0.16666666666666666
2536,1,100.0,3,4,100.0,0,5,10,5,14.85714286,2,0,5,7,5,15.14285714,0,1.0,0,0.5,0.4
2537,1,130.0,19,19,121.6,0,6,7,6,14.71428571,0,0,6,6,6,15.83333333,0,1.0,0,0.8571428571428571,0.0
2538,1,130.0,42,1,130.0,0,6,6,6,13.5,0,0,6,9,5,13.0,0,1.0,0,1.0,0.0
2539,1,135.0,38,19,121.7,0,5,7,4,11.5,0,0,5,5,5,12.4,0,0.8,1,0.5714285714285714,0.0
2540,3,120.0,1,39,120.0,2,5,9,2,14.0,0,0,5,5,0,0.0,0,0.4,3,0.2222222222222222,0.0
2541,1,148.0,19,19,143.5,0,7,8,6,12.83333333,0,0,6,6,0,0.0,0,0.8571428571428571,1,0.75,0.0
2542,1,136.0,1,1,128.3,0,7,7,7,13.42857143,0,0,8,8,8,14.75,0,1.0,0,1.0,0.0
2543,1,108.0,19,1,111.9,0,6,0,0,0.0,0,0,6,0,0,0.0,0,0.0,6,0.0,0.0
2544,39,140.0,38,38,140.0,0,6,18,3,11.66666667,0,0,6,14,4,11.5,0,0.5,3,0.16666666666666666,0.0
2545,1,153.0,3,1,137.6,0,6,6,6,16.0,0,0,6,7,6,14.33333333,0,1.0,0,1.0,0.0
2546,1,135.0,19,19,135.0,0,6,6,6,13.83333333,0,0,6,6,6,11.83333333,0,1.0,0,1.0,0.0
2547,1,146.0,19,37,133.8,0,8,9,8,13.2325,1,0,8,9,8,13.2325,1,1.0,0,0.8888888888888888,0.125
2548,1,130.0,19,19,126.9,0,6,6,6,14.0,0,0,6,6,6,14.16666667,0,1.0,0,1.0,0.0
2549,1,113.0,1,2,106.7,0,6,14,2,10.0,0,0,6,6,0,0.0,0,0.3333333333333333,4,0.14285714285714285,0.0
2550,1,145.7,37,37,145.7,8,16,16,15,13.33333333,0,11,13,13,11,12.27272727,0,0.9375,1,0.9375,0.0
2551,1,145.0,3,3,153.1,0,6,6,6,12.5,0,0,6,6,6,14.33333333,0,1.0,0,1.0,0.0
2552,1,126.0,38,37,118.7,0,6,6,6,12.5,0,0,6,6,6,11.5,0,1.0,0,1.0,0.0
2553,1,160.0,34,34,161.8,0,5,8,2,10.5,0,0,5,5,0,0.0,0,0.4,3,0.25,0.0
2554,1,134.0,19,38,124.9,0,5,11,3,10.66666667,0,0,5,9,3,11.33333333,0,0.6,2,0.2727272727272727,0.0
2555,1,163.0,19,37,150.8,0,5,9,4,10.5,0,0,5,11,2,10.5,3,0.8,1,0.4444444444444444,0.0
2556,1,130.0,1,1,130.0,0,5,10,4,12.0,0,0,5,6,5,11.4,0,0.8,1,0.4,0.0
2557,1,165.0,3,3,163.6,0,0,0,0,0.0,0,0,0,0,0,0.0,0,0.0,0,0.0,0.0
2558,1,142.0,38,19,115.0,0,5,11,5,11.5,0,0,5,9,2,10.66666667,0,1.0,0,0.45454545454545453,0.0
2559,1,156.0,19,1,136.8,0,6,6,6,14.0,0,0,6,6,6,13.5,0,1.0,0,1.0,0.0
2560,1,141.0,3,19,130.9,0,6,7,6,13.5,0,0,6,8,5,12.6,0,1.0,0,0.8571428571428571,0.0
2561,1,143.0,19,37,127.0,0,8,8,8,13.07375,0,0,8,8,8,13.07375,0,1.0,0,1.0,0.0
2562,19,133.1,38,38,120.0,0,7,9,2,10.75,0,0,7,9,0,0.0,0,0.2857142857142857,5,0.2222222222222222,0.0
2563,1,133.0,38,1,126.0,0,6,11,1,12.0,0,0,5,10,0,0.0,0,0.16666666666666666,5,0.09090909090909091,0.0
2564,1,172.0,37,37,153.8,0,6,6,6,14.0,0,0,6,6,6,13.33333333,0,1.0,0,1.0,0.0
2565,1,140.0,19,19,140.0,0,6,7,6,12.33333333,0,0,6,7,6,13.42857143,0,1.0,0,0.8571428571428571,0.0
2566,1,142.0,38,1,136.6,0,7,7,7,13.46428571,0,0,8,9,8,14.78888889,0,1.0,0,1.0,0.0
2567,1,140.0,19,1,105.0,0,6,14,3,10.66666667,1,0,6,9,5,11.2,0,0.5,3,0.21428571428571427,0.16666666666666666
2568,12,133.1,37,37,139.4,0,5,6,5,11.6,0,0,5,8,5,12.2,0,1.0,0,0.8333333333333334,0.0
2569,1,148.0,19,1,140.0,0,6,6,6,13.66666667,0,0,6,6,6,14.66666667,0,1.0,0,1.0,0.0
2570,1,137.0,19,37,130.8,0,8,9,8,14.4025,1,0,8,9,8,14.4025,1,1.0,0,0.8888888888888888,0.125
2571,1,143.0,38,38,138.8,0,7,9,7,15.46875,0,0,8,8,8,16.3875,0,1.0,0,0.7777777777777778,0.0
2572,1,133.1,1,1,110.0,0,6,8,6,12.625,0,0,6,6,6,14.16666667,0,1.0,0,0.75,0.0
2573,1,138.0,37,19,127.8,0,7,7,6,14.98333333,0,0,7,7,6,14.98333333,0,0.8571428571428571,1,0.8571428571428571,0.0
2574,1,138.0,37,38,134.2,0,6,6,6,15.0,0,0,6,6,6,13.0,0,1.0,0,1.0,0.0
2575,1,150.0,37,37,143.0,5,9,9,9,15.88888889,0,3,7,7,7,14.14285714,0,1.0,0,1.0,0.0
2576,39,120.0,37,37,120.0,0,6,14,4,11.5,0,0,6,14,3,11.0,0,0.6666666666666666,2,0.2857142857142857,0.0
2577,1,110.0,37,37,113.2,0,6,14,2,10.5,0,0,6,11,1,10.0,0,0.3333333333333333,4,0.14285714285714285,0.0
2578,1,146.0,19,37,135.8,0,7,7,6,13.98333333,0,0,7,7,6,13.98333333,0,0.8571428571428571,1,0.8571428571428571,0.0
2579,1,148.0,37,37,143.5,0,6,6,6,13.0,0,0,6,6,6,12.83333333,0,1.0,0,1.0,0.0
2580,1,145.0,19,37,148.9,0,6,6,6,13.66666667,0,0,6,6,6,13.0,0,1.0,0,1.0,0.0
2581,1,133.1,38,38,115.6,0,6,8,0,0.0,0,0,6,8,0,0.0,0,0.0,6,0.0,0.0
2582,1,160.0,38,37,159.3,0,5,5,5,14.4,0,0,5,5,5,15.4,0,1.0,0,1.0,0.0
2583,1,150.0,19,37,138.5,0,5,10,4,12.0,0,0,5,9,4,11.25,0,0.8,1,0.4,0.0
2584,1,130.0,19,12,133.2,0,6,6,6,14.16666667,0,0,6,7,6,13.66666667,0,1.0,0,1.0,0.0
2585,1,120.0,37,34,117.6,0,6,8,5,12.2,0,0,6,7,6,12.0,0,0.8333333333333334,1,0.625,0.0
2586,1,115.0,1,37,108.7,0,5,8,3,12.0,1,0,5,9,3,12.66666667,0,0.6,2,0.375,0.2
2587,1,133.1,1,19,106.0,0,5,11,2,10.5,0,0,5,14,1,11.0,0,0.4,3,0.18181818181818182,0.0
2588,1,120.0,37,37,122.6,0,6,8,3,12.33333333,0,0,6,11,2,10.5,0,0.5,3,0.375,0.0
2589,1,134.0,19,1,127.4,0,6,7,5,12.2,0,0,6,7,5,12.2,0,0.8333333333333334,1,0.7142857142857143,0.0
2590,1,133.1,19,19,100.0,0,6,6,0,0.0,0,0,6,6,0,0.0,0,0.0,6,0.0,0.0
2591,1,133.1,19,37,95.0,0,7,10,6,11.5,0,0,7,8,6,13.16666667,0,0.8571428571428571,1,0.6,0.0
2592,3,130.0,37,19,130.0,4,9,9,9,10.88888889,0,3,10,18,10,11.61538462,0,1.0,0,1.0,0.0
2593,1,120.0,19,19,122.8,0,7,12,6,12.16666667,0,0,8,8,8,11.675,0,0.8571428571428571,1,0.5,0.0
2594,1,115.0,19,19,115.0,0,5,7,2,10.0,1,0,5,9,1,12.0,0,0.4,3,0.2857142857142857,0.2
2595,1,135.0,19,37,145.9,0,6,6,6,12.66666667,0,0,6,6,6,12.16666667,0,1.0,0,1.0,0.0
2596,1,133.1,1,37,143.0,0,6,9,5,11.4,0,0,6,8,5,12.2,0,0.8333333333333334,1,0.5555555555555556,0.0
2597,1,145.0,19,38,100.0,0,0,0,0,0.0,0,0,0,0,0,0.0,0,0.0,0,0.0,0.0
2598,1,130.0,19,37,121.3,0,5,14,2,13.0,2,0,5,8,4,12.0,1,0.4,3,0.14285714285714285,0.4
2599,1,118.0,38,38,121.2,0,6,8,5,13.4,0,0,6,7,5,12.0,0,0.8333333333333334,1,0.625,0.0
2600,1,138.0,37,37,125.1,0,6,6,6,13.5,0,0,6,8,5,12.8,0,1.0,0,1.0,0.0
2601,1,122.0,1,1,112.9,0,6,14,4,12.25,0,0,6,11,3,11.33333333,0,0.6666666666666666,2,0.2857142857142857,0.0
2602,1,126.0,38,19,120.8,0,6,7,6,12.28571429,0,0,6,7,6,12.83333333,0,1.0,0,0.8571428571428571,0.0
2603,1,121.0,38,37,114.0,0,5,12,0,0.0,4,0,5,8,0,0.0,1,0.0,5,0.0,0.8
2604,1,152.0,37,37,132.1,0,6,10,2,10.5,0,0,6,11,1,13.0,0,0.3333333333333333,4,0.2,0.0
2605,39,160.0,37,37,160.0,0,5,12,3,14.0,2,0,5,8,5,12.0,1,0.6,2,0.25,0.4
2606,1,134.0,37,37,134.0,2,5,7,5,14.2,0,0,5,10,5,12.2,0,1.0,0,0.7142857142857143,0.0
2607,1,128.0,37,1,124.2,0,6,8,5,13.0,0,0,6,7,6,13.14285714,0,0.8333333333333334,1,0.625,0.0
2608,1,125.0,38,38,115.6,0,6,6,6,11.0,0,0,6,8,4,12.75,0,1.0,0,1.0,0.0
2609,1,130.0,37,37,128.2,3,8,9,3,11.0,0,2,7,7,2,10.0,0,0.375,5,0.3333333333333333,0.0
2610,1,138.0,1,38,132.8,0,7,9,6,12.38571429,0,0,8,9,8,13.75555556,0,0.8571428571428571,1,0.6666666666666666,0.0
2611,1,121.0,1,1,123.1,0,6,12,4,14.75,0,0,6,7,4,12.25,0,0.6666666666666666,2,0.3333333333333333,0.0
2612,1,134.0,1,19,125.6,0,5,6,5,16.16666667,0,0,5,6,5,15.83333333,0,1.0,0,0.8333333333333334,0.0
2613,1,130.0,1,38,115.0,0,5,7,0,0.0,0,0,5,8,0,0.0,0,0.0,5,0.0,0.0
2614,1,126.0,3,19,123.6,0,5,6,5,12.4,0,0,5,9,3,13.0,0,1.0,0,0.8333333333333334,0.0
2615,1,148.0,1,1,141.7,0,6,8,5,11.6,0,0,6,11,4,13.0,0,0.8333333333333334,1,0.625,0.0
2616,1,160.0,19,38,139.0,0,6,8,5,12.2,0,0,6,13,0,0.0,0,0.8333333333333334,1,0.625,0.0
2617,1,118.0,1,19,118.0,0,6,7,5,11.0,0,0,6,7,5,12.8,0,0.8333333333333334,1,0.7142857142857143,0.0
2618,1,150.0,38,19,142.0,0,6,8,6,12.33333333,0,0,6,7,5,12.4,0,1.0,0,0.75,0.0
2619,1,140.0,1,1,143.4,3,6,6,6,14.83333333,0,2,6,7,6,12.57142857,0,1.0,0,1.0,0.0
2620,1,100.0,3,2,115.9,9,10,15,9,11.55555556,0,7,11,17,10,11.9,0,0.9,1,0.6,0.0
2621,1,110.0,1,37,105.1,0,6,6,6,12.0,0,0,6,6,6,11.83333333,0,1.0,0,1.0,0.0
2622,42,140.0,19,37,138.0,13,13,13,11,12.72727273,0,9,11,11,10,12.6,0,0.8461538461538461,2,0.8461538461538461,0.0
2623,1,133.1,37,37,114.7,2,2,2,2,10.5,0,1,1,1,1,11.0,0,1.0,0,1.0,0.0
2624,1,140.0,1,37,130.5,0,6,6,6,12.33333333,0,0,6,6,6,12.0,0,1.0,0,1.0,0.0
2625,1,110.0,37,37,134.3,0,5,10,0,0.0,0,0,5,7,1,12.0,0,0.0,5,0.0,0.0
2626,1,148.0,1,1,137.5,0,7,7,7,14.84285714,0,0,8,9,8,14.38888889,0,1.0,0,1.0,0.0
2627,1,137.0,1,19,125.3,0,7,7,7,12.2,0,0,7,7,7,12.2,0,1.0,0,1.0,0.0
2628,1,120.0,1,19,111.3,0,5,10,4,10.8,0,0,5,10,4,11.75,0,0.8,1,0.4,0.0
2629,1,120.0,38,38,144.8,0,5,7,4,12.75,0,0,5,7,5,14.33333333,0,0.8,1,0.5714285714285714,0.0
2630,1,130.0,1,1,152.1,0,5,13,2,11.0,0,0,5,12,1,12.0,0,0.4,3,0.15384615384615385,0.0
2631,1,132.0,38,38,126.1,0,6,9,4,10.75,0,0,6,12,0,0.0,0,0.6666666666666666,2,0.4444444444444444,0.0
2632,1,130.0,1,1,136.0,0,8,9,8,12.55375,1,0,8,9,8,12.55375,1,1.0,0,0.8888888888888888,0.125
2633,1,128.0,19,1,124.3,0,8,8,7,12.66571429,0,0,8,8,7,12.66571429,0,0.875,1,0.875,0.0
2634,1,132.0,1,19,129.9,0,6,10,6,12.71428571,0,0,6,8,4,13.0,0,1.0,0,0.6,0.0
2635,1,133.1,3,1,136.1,0,7,7,2,11.75,0,0,5,10,0,0.0,0,0.2857142857142857,5,0.2857142857142857,0.0
2636,1,120.0,37,37,115.1,0,6,11,3,11.0,0,0,6,14,0,0.0,0,0.5,3,0.2727272727272727,0.0
2637,1,145.0,3,3,143.6,0,0,0,0,0.0,0,0,0,0,0,0.0,0,0.0,0,0.0,0.0
2638,1,127.0,37,38,115.8,0,5,5,5,13.4,0,0,5,6,5,12.2,0,1.0,0,1.0,0.0
2639,1,135.0,19,19,149.0,14,17,21,17,12.57894737,0,15,17,20,17,12.11764706,0,1.0,0,0.8095238095238095,0.0
2640,19,133.1,37,37,100.0,0,5,0,0,0.0,0,0,5,0,0,0.0,0,0.0,5,0.0,0.0
2641,1,125.0,38,38,133.4,0,6,8,6,12.0,0,0,6,8,6,11.5,0,1.0,0,0.75,0.0
2642,1,127.0,3,4,122.8,0,6,6,3,12.33333333,0,0,6,9,0,0.0,0,0.5,3,0.5,0.0
2643,1,133.1,37,1,151.2,0,5,11,4,11.5,0,0,5,11,3,13.5,0,0.8,1,0.36363636363636365,0.0
2644,1,150.0,37,19,137.0,1,6,7,5,12.8,0,1,6,11,5,13.83333333,0,0.8333333333333334,1,0.7142857142857143,0.0
2645,1,133.1,1,37,118.0,0,0,0,0,0.0,0,0,0,0,0,0.0,0,0.0,0,0.0,0.0
2646,1,150.0,3,39,126.4,5,7,8,7,13.28571429,0,3,8,11,7,12.14285714,0,1.0,0,0.875,0.0
2647,39,130.0,38,38,130.0,0,6,16,4,11.8,0,0,6,15,2,12.0,0,0.6666666666666666,2,0.25,0.0
2648,12,133.1,37,1,112.5,6,13,13,6,11.33333333,0,2,11,11,2,13.5,0,0.46153846153846156,7,0.46153846153846156,0.0
2649,1,125.0,19,38,118.3,0,8,12,5,12.002,1,0,8,12,5,12.002,1,0.625,3,0.4166666666666667,0.125
2650,1,127.0,3,1,121.4,0,7,10,5,13.97666667,0,0,8,9,8,13.22222222,0,0.7142857142857143,2,0.5,0.0
2651,3,140.0,3,19,140.0,0,6,10,5,15.2,0,1,6,9,1,11.0,0,0.8333333333333334,1,0.5,0.0
2652,1,110.0,3,19,109.0,0,6,7,6,13.14285714,0,0,6,8,6,14.16666667,0,1.0,0,0.8571428571428571,0.0
2653,1,133.1,37,37,110.0,0,5,14,0,0.0,1,0,5,5,0,0.0,0,0.0,5,0.0,0.2
2654,1,124.0,3,38,119.8,0,8,11,7,13.86714286,0,0,8,11,7,13.86714286,0,0.875,1,0.6363636363636364,0.0
2655,1,114.0,37,37,130.0,0,8,11,6,12.675,0,0,8,11,6,12.675,0,0.75,2,0.5454545454545454,0.0
2656,1,155.0,1,3,167.3,0,0,0,0,0.0,0,0,0,0,0,0.0,0,0.0,0,0.0,0.0
2657,1,114.0,1,19,111.9,0,6,6,6,12.0,0,0,6,7,6,12.5,0,1.0,0,1.0,0.0
2658,1,133.1,38,37,136.0,0,0,0,0,0.0,0,0,0,0,0,0.0,0,0.0,0,0.0,0.0
2659,1,125.0,37,37,124.0,0,6,7,6,11.0,0,0,6,6,5,12.2,0,1.0,0,0.8571428571428571,0.0
2660,1,120.0,19,37,132.9,0,5,11,4,10.75,0,0,5,11,4,11.33333333,0,0.8,1,0.36363636363636365,0.0
2661,38,100.0,37,37,154.0,0,6,7,5,14.2,0,0,6,6,6,14.16666667,0,0.8333333333333334,1,0.7142857142857143,0.0
2662,1,133.1,1,19,115.0,0,7,11,4,12.6,0,0,7,7,4,11.575,0,0.5714285714285714,3,0.36363636363636365,0.0
2663,1,120.0,1,1,96.0,0,5,5,0,0.0,0,0,5,5,0,0.0,0,0.0,5,0.0,0.0
2664,1,120.0,37,3,168.2,0,5,6,5,14.0,0,0,5,6,5,14.16666667,0,1.0,0,0.8333333333333334,0.0
2665,1,110.0,37,37,140.0,0,6,16,2,10.0,0,0,6,12,4,12.25,0,0.3333333333333333,4,0.125,0.0
2666,1,144.0,38,1,137.4,0,6,6,6,13.83333333,0,0,6,8,6,13.125,0,1.0,0,1.0,0.0
2667,19,133.1,19,19,150.0,0,5,8,2,11.0,0,0,5,5,1,11.0,0,0.4,3,0.25,0.0
2668,19,133.1,37,38,100.5,0,8,8,7,11.63571429,0,0,8,8,7,11.63571429,0,0.875,1,0.875,0.0
2669,1,133.1,37,38,148.5,0,6,6,4,12.25,0,0,5,5,0,0.0,0,0.6666666666666666,2,0.6666666666666666,0.0
2670,1,138.0,19,19,123.3,0,5,9,4,12.5,0,0,5,11,5,11.28571429,0,0.8,1,0.4444444444444444,0.0
2671,1,120.0,38,38,138.7,0,5,5,5,13.8,0,0,5,6,5,13.66666667,0,1.0,0,1.0,0.0
2672,1,120.0,19,1,117.2,0,6,8,3,12.0,0,0,6,9,1,11.0,0,0.5,3,0.375,0.0
2673,1,160.0,34,34,114.3,0,5,9,3,11.0,0,0,5,8,4,12.5,1,0.6,2,0.3333333333333333,0.0
2674,1,134.0,19,37,125.3,0,6,7,4,13.75,0,0,6,10,6,11.55555556,0,0.6666666666666666,2,0.5714285714285714,0.0
2675,1,133.1,37,37,97.0,0,6,6,6,10.66666667,0,0,6,8,4,11.25,0,1.0,0,1.0,0.0
2676,1,110.0,37,37,140.0,0,7,7,0,0.0,0,0,8,13,2,13.15,0,0.0,7,0.0,0.0
2677,1,130.0,37,37,124.0,1,5,6,5,13.83333333,0,0,5,7,5,15.4,0,1.0,0,0.8333333333333334,0.0
2678,39,140.0,38,1,140.0,0,6,6,0,0.0,0,0,6,7,0,0.0,0,0.0,6,0.0,0.0
2679,1,150.0,37,38,127.0,0,5,5,5,15.8,0,0,5,5,5,16.8,0,1.0,0,1.0,0.0
2680,19,100.0,34,34,110.0,11,14,26,12,12.52608696,1,11,14,26,12,12.52608696,1,0.8571428571428571,2,0.46153846153846156,0.07142857142857142
2681,19,133.1,38,38,170.0,0,7,9,6,12.78333333,0,0,8,11,0,0.0,0,0.8571428571428571,1,0.6666666666666666,0.0
2682,3,120.0,37,37,120.0,0,5,5,0,0.0,0,0,5,5,1,10.0,0,0.0,5,0.0,0.0
2683,1,133.1,1,19,130.0,0,5,8,3,13.0,0,0,5,8,3,10.66666667,0,0.6,2,0.375,0.0
2684,3,130.0,1,19,130.0,0,6,8,0,0.0,0,0,6,10,0,0.0,0,0.0,6,0.0,0.0
2685,1,126.0,1,38,122.5,0,5,7,5,10.8,0,0,5,9,3,12.0,0,1.0,0,0.7142857142857143,0.0
2686,1,130.0,19,38,115.7,0,5,7,5,11.0,0,0,5,7,3,10.0,0,1.0,0,0.7142857142857143,0.0
2687,1,140.0,19,19,120.0,0,4,4,0,0.0,0,0,5,5,0,0.0,0,0.0,4,0.0,0.0
2688,1,140.0,37,19,166.0,0,5,7,0,0.0,0,0,5,5,0,0.0,0,0.0,5,0.0,0.0
2689,1,145.0,1,38,132.8,0,6,10,2,12.0,0,0,6,0,0,0.0,0,0.3333333333333333,4,0.2,0.0
2690,1,133.1,19,19,100.0,0,5,7,4,10.75,0,0,5,10,2,11.0,3,0.8,1,0.5714285714285714,0.0
2691,1,127.0,1,4,121.8,0,5,8,5,11.6,0,0,5,10,4,13.5,3,1.0,0,0.625,0.0
2692,1,114.0,19,19,109.5,0,5,6,5,11.8,0,0,5,8,4,11.6,0,1.0,0,0.8333333333333334,0.0
2693,1,140.0,38,1,138.3,0,6,7,6,16.0,0,0,6,6,6,15.16666667,0,1.0,0,0.8571428571428571,0.0
2694,1,140.0,1,1,131.6,0,6,6,6,12.66666667,0,0,6,6,6,11.5,0,1.0,0,1.0,0.0
2695,1,120.0,1,2,125.3,0,7,12,4,14.4,0,0,7,9,6,13.5,0,0.5714285714285714,3,0.3333333333333333,0.0
2696,19,133.1,19,19,101.5,0,6,6,0,0.0,0,0,6,6,0,0.0,0,0.0,6,0.0,0.0
2697,1,115.0,19,19,109.1,0,6,11,4,12.25,0,0,6,9,4,13.4,0,0.6666666666666666,2,0.36363636363636365,0.0
2698,39,123.9,37,1,123.9,2,7,9,5,12.6,0,5,9,10,8,12.75,1,0.7142857142857143,2,0.5555555555555556,0.0
2699,1,157.0,37,37,143.0,0,8,8,7,13.4,0,0,8,8,7,13.4,0,0.875,1,0.875,0.0
2700,1,127.0,1,1,126.3,0,0,0,0,0.0,0,0,0,0,0,0.0,0,0.0,0,0.0,0.0
2701,1,120.0,3,1,113.3,0,6,9,1,10.0,0,0,6,6,0,0.0,0,0.16666666666666666,5,0.1111111111111111,0.0
2702,1,130.0,38,19,119.9,0,5,5,0,0.0,0,0,5,5,0,0.0,5,0.0,5,0.0,0.0
2703,39,140.0,1,38,140.0,0,6,16,3,11.25,0,0,6,14,4,11.2,0,0.5,3,0.1875,0.0
2704,1,109.0,1,1,108.0,0,5,10,0,0.0,0,0,5,5,0,0.0,0,0.0,5,0.0,0.0
2705,1,143.0,19,5,100.0,0,5,8,3,10.66666667,1,0,5,5,1,14.0,0,0.6,2,0.375,0.2
2706,1,125.0,3,3,132.4,0,5,7,4,11.75,0,0,5,5,5,13.4,0,0.8,1,0.5714285714285714,0.0
2707,1,136.0,1,3,137.1,0,5,5,0,0.0,0,0,5,5,0,0.0,0,0.0,5,0.0,0.0
2708,1,157.0,3,1,138.1,0,6,6,6,12.66666667,0,0,6,8,6,14.125,0,1.0,0,1.0,0.0
2709,1,160.0,19,3,130.0,0,7,14,7,11.95,0,0,8,15,7,12.04285714,0,1.0,0,0.5,0.0
2710,1,116.0,38,37,109.7,0,6,7,5,14.0,0,0,6,6,6,15.66666667,0,0.8333333333333334,1,0.7142857142857143,0.0
2711,1,113.0,37,37,128.2,0,6,6,0,0.0,6,0,6,12,0,0.0,0,0.0,6,0.0,1.0
2712,1,130.0,37,38,117.8,0,5,11,2,11.5,0,0,5,10,0,0.0,0,0.4,3,0.18181818181818182,0.0
2713,1,150.0,3,3,150.0,0,6,10,6,12.0,0,0,6,12,5,12.8,0,1.0,0,0.6,0.0
2714,1,110.0,1,1,160.0,0,6,7,6,16.42857143,0,0,6,7,6,16.66666667,0,1.0,0,0.8571428571428571,0.0
2715,1,101.0,38,38,104.5,0,7,9,5,13.336,0,0,8,9,7,13.20714286,0,0.7142857142857143,2,0.5555555555555556,0.0
2716,1,110.0,19,38,112.8,0,7,7,0,0.0,0,0,8,8,0,0.0,6,0.0,7,0.0,0.0
2717,1,133.1,1,1,100.0,2,7,9,7,14.66666667,0,1,6,8,6,14.0,0,1.0,0,0.7777777777777778,0.0
2718,1,138.0,1,1,132.5,0,8,8,7,14.11571429,0,0,8,8,7,14.11571429,0,0.875,1,0.875,0.0
2719,1,138.0,3,1,123.3,0,6,7,6,14.85714286,0,0,6,10,6,13.11111111,0,1.0,0,0.8571428571428571,0.0
2720,1,141.0,1,38,128.9,0,6,7,6,13.83333333,0,0,6,10,6,13.71428571,0,1.0,0,0.8571428571428571,0.0
2721,1,129.0,2,3,128.3,0,5,10,3,11.0,0,0,5,9,4,11.75,0,0.6,2,0.3,0.0
2722,1,127.0,3,3,100.0,0,6,11,4,11.75,0,0,6,12,3,13.66666667,0,0.6666666666666666,2,0.36363636363636365,0.0
2723,1,133.0,19,1,120.1,0,5,15,2,10.0,0,0,5,14,2,12.0,0,0.4,3,0.13333333333333333,0.0
2724,1,100.0,37,37,160.0,0,8,15,6,12.415,0,0,8,15,6,12.415,0,0.75,2,0.4,0.0
2725,1,138.0,4,5,123.0,0,5,12,1,11.0,0,0,5,9,2,10.5,0,0.2,4,0.08333333333333333,0.0
2726,39,150.0,19,19,150.0,1,6,14,5,14.42857143,0,1,6,7,6,13.42857143,0,0.8333333333333334,1,0.35714285714285715,0.0
2727,1,129.0,38,19,124.0,0,8,8,7,14.31285714,0,0,8,8,7,14.31285714,0,0.875,1,0.875,0.0
2728,1,130.0,4,1,120.0,0,6,8,6,15.42857143,0,0,6,7,5,14.5,0,1.0,0,0.75,0.0
2729,1,133.0,38,38,120.4,0,5,9,4,12.0,1,0,5,6,5,13.4,0,0.8,1,0.4444444444444444,0.2
2730,1,133.0,4,1,131.6,0,6,7,6,13.83333333,0,0,6,7,6,13.71428571,0,1.0,0,0.8571428571428571,0.0
2731,1,107.0,2,12,104.2,0,6,6,6,12.16666667,0,0,6,7,6,12.14285714,0,1.0,0,1.0,0.0
2732,1,131.0,19,19,122.0,0,8,8,7,14.01428571,0,0,8,8,7,14.01428571,0,0.875,1,0.875,0.0
2733,1,118.0,1,19,110.7,0,6,15,2,10.33333333,3,0,6,13,3,13.33333333,0,0.3333333333333333,4,0.13333333333333333,0.5
2734,1,136.0,1,12,121.7,0,6,7,5,13.2,0,0,6,7,5,13.6,0,0.8333333333333334,1,0.7142857142857143,0.0
2735,1,125.0,37,37,126.0,0,7,7,6,15.4,0,0,7,7,6,15.4,0,0.8571428571428571,1,0.8571428571428571,0.0
2736,1,137.0,1,37,128.4,0,7,7,7,13.38571429,0,0,8,8,8,15.925,0,1.0,0,1.0,0.0
2737,1,144.0,3,1,134.9,0,6,13,6,10.85714286,0,0,6,10,4,11.0,0,1.0,0,0.46153846153846156,0.0
2738,1,146.0,38,37,143.9,0,5,11,5,11.33333333,0,0,5,8,5,12.0,0,1.0,0,0.45454545454545453,0.0
2739,1,145.0,37,1,145.0,0,5,7,4,14.5,0,0,5,5,5,13.6,0,0.8,1,0.5714285714285714,0.0
2740,1,126.0,19,38,132.0,0,6,6,6,14.16666667,0,0,6,8,6,12.375,0,1.0,0,1.0,0.0
2741,1,141.0,34,34,136.1,0,6,7,6,12.83333333,0,0,6,8,6,12.0,0,1.0,0,0.8571428571428571,0.0
2742,1,141.0,37,37,138.9,0,6,7,6,13.33333333,0,0,6,6,6,14.5,0,1.0,0,0.8571428571428571,0.0
2743,1,133.1,1,1,102.0,0,6,7,6,13.66666667,0,0,6,7,6,14.57142857,0,1.0,0,0.8571428571428571,0.0
2744,1,133.1,19,19,123.0,0,6,6,6,10.83333333,0,0,6,7,5,11.0,0,1.0,0,1.0,0.0
2745,1,127.0,37,19,137.5,0,6,7,6,13.42857143,0,0,6,8,6,13.14285714,0,1.0,0,0.8571428571428571,0.0
2746,1,106.0,37,38,102.2,0,7,7,7,12.40142857,0,0,8,10,6,11.80833333,0,1.0,0,1.0,0.0
2747,1,130.0,3,2,105.3,0,6,8,0,0.0,0,0,6,10,0,0.0,0,0.0,6,0.0,0.0
2748,1,110.0,37,37,130.0,0,4,4,0,0.0,0,0,5,0,0,0.0,0,0.0,4,0.0,0.0
2749,1,150.0,37,37,122.5,0,5,9,4,11.5,0,0,5,6,5,11.6,1,0.8,1,0.4444444444444444,0.0
2750,1,160.0,1,38,112.0,0,5,8,0,0.0,0,0,5,5,0,0.0,0,0.0,5,0.0,0.0
2751,12,170.0,1,37,110.0,0,6,8,6,14.14285714,0,0,6,6,6,13.5,0,1.0,0,0.75,0.0
2752,19,133.1,19,37,149.5,0,6,6,0,0.0,0,0,5,6,0,0.0,0,0.0,6,0.0,0.0
2753,1,120.0,38,38,141.0,5,10,12,10,13.8,0,5,10,10,10,12.8,0,1.0,0,0.8333333333333334,0.0
2754,40,130.0,38,38,130.0,10,10,10,10,13.6,0,5,10,10,5,13.6,0,1.0,0,1.0,0.0
2755,40,130.0,37,37,130.0,11,16,23,15,11.73333333,0,6,11,17,9,11.88888889,0,0.9375,1,0.6521739130434783,0.0
2756,1,120.0,37,37,104.0,0,5,8,1,10.0,0,0,5,9,1,10.0,0,0.2,4,0.125,0.0
2757,39,110.0,3,5,110.0,0,6,19,0,0.0,0,0,6,6,0,0.0,0,0.0,6,0.0,0.0
2758,39,120.0,38,19,120.0,0,6,6,0,0.0,0,0,6,8,0,0.0,0,0.0,6,0.0,0.0
2759,39,130.0,2,3,130.0,0,6,12,4,10.8,0,0,6,13,4,12.0,0,0.6666666666666666,2,0.3333333333333333,0.0
2760,4,150.0,3,38,127.0,2,7,8,6,13.04666667,0,2,8,10,7,13.30625,0,0.8571428571428571,1,0.75,0.0
2761,1,120.0,37,37,100.0,5,9,13,8,11.0,0,3,7,10,6,10.83333333,0,0.8888888888888888,1,0.6153846153846154,0.0
2762,19,100.0,37,37,111.0,0,6,10,3,12.33333333,0,0,6,14,3,11.66666667,0,0.5,3,0.3,0.0
2763,3,133.1,9,9,130.0,8,11,16,10,11.8,0,3,7,7,7,13.28571429,0,0.9090909090909091,1,0.625,0.0
2764,1,130.0,37,37,130.1,0,5,8,3,11.0,0,0,5,8,3,11.25,0,0.6,2,0.375,0.0
2765,1,145.0,1,1,127.5,0,8,8,8,13.11,0,0,8,8,8,13.11,0,1.0,0,1.0,0.0
2766,3,130.0,37,37,130.0,0,8,8,7,14.41428571,0,0,8,8,7,14.41428571,0,0.875,1,0.875,0.0
2767,1,115.0,19,1,115.0,0,5,5,0,0.0,0,0,5,10,0,0.0,0,0.0,5,0.0,0.0
2768,1,124.0,38,19,126.8,0,5,8,5,12.33333333,0,0,5,7,5,12.2,0,1.0,0,0.625,0.0
2769,1,124.0,1,19,116.7,0,7,9,0,0.0,0,0,7,8,1,10.0,0,0.0,7,0.0,0.0
2770,1,134.0,19,38,128.5,0,7,9,7,14.1,0,0,8,8,8,13.3125,0,1.0,0,0.7777777777777778,0.0
2771,1,137.0,37,37,127.5,0,8,8,8,13.045,0,0,8,8,8,13.045,0,1.0,0,1.0,0.0
2772,1,124.0,19,37,117.5,0,8,10,5,12.858,3,0,8,10,5,12.858,3,0.625,3,0.5,0.375
2773,1,136.0,1,1,148.8,0,8,8,8,14.2525,0,0,8,8,8,14.2525,0,1.0,0,1.0,0.0
2774,1,126.0,12,1,120.2,0,7,9,5,14.06,0,0,7,9,7,11.24285714,0,0.7142857142857143,2,0.5555555555555556,0.0
2775,1,142.0,38,37,127.3,0,8,8,7,15.07571429,0,0,8,8,7,15.07571429,0,0.875,1,0.875,0.0
2776,1,141.0,19,37,136.1,0,0,0,0,0.0,0,0,0,0,0,0.0,0,0.0,0,0.0,0.0
2777,1,129.0,3,3,122.4,0,5,5,4,13.75,0,0,6,9,5,12.6,0,0.8,1,0.8,0.0
2778,3,130.0,1,37,130.0,10,17,28,17,13.15,2,8,12,22,12,13.21428571,0,1.0,0,0.6071428571428571,0.11764705882352941
2779,1,136.0,19,19,121.7,0,6,9,5,12.33333333,0,0,6,7,5,11.8,0,0.8333333333333334,1,0.5555555555555556,0.0
2780,1,137.0,38,38,122.7,0,7,8,7,13.77857143,0,0,8,10,8,13.12222222,0,1.0,0,0.875,0.0
2781,1,125.0,34,37,129.2,0,6,12,3,10.33333333,0,0,6,14,1,11.0,0,0.5,3,0.25,0.0
2782,1,119.0,19,37,105.0,0,6,11,3,11.33333333,0,0,6,7,2,11.0,0,0.5,3,0.2727272727272727,0.0
2783,1,132.0,37,37,129.9,0,6,7,5,13.2,0,0,6,6,6,12.66666667,0,0.8333333333333334,1,0.7142857142857143,0.0
2784,1,152.0,37,37,136.3,1,6,8,6,13.57142857,1,0,6,11,6,12.375,0,1.0,0,0.75,0.16666666666666666
2785,1,125.0,37,37,114.9,8,11,14,11,12.75,0,3,7,7,7,13.42857143,0,1.0,0,0.7857142857142857,0.0
2786,9,133.1,38,1,102.0,0,6,11,3,13.0,0,0,6,15,1,12.0,0,0.5,3,0.2727272727272727,0.0
2787,1,120.0,37,37,111.3,0,5,7,3,11.33333333,0,0,5,7,4,11.0,0,0.6,2,0.42857142857142855,0.0
2788,1,148.0,19,19,130.9,0,6,12,0,0.0,0,0,6,9,0,0.0,0,0.0,6,0.0,0.0
2789,1,133.1,37,37,100.0,0,0,0,0,0.0,0,0,0,0,0,0.0,0,0.0,0,0.0,0.0
2790,1,115.0,19,37,112.9,0,5,7,2,12.5,0,0,5,13,1,11.0,0,0.4,3,0.2857142857142857,0.0
2791,1,120.0,38,19,112.7,0,6,7,6,14.85714286,0,0,6,8,6,14.14285714,0,1.0,0,0.8571428571428571,0.0
2792,1,133.1,37,37,143.0,3,9,13,8,12.0,0,2,7,8,7,11.57142857,0,0.8888888888888888,1,0.6153846153846154,0.0
2793,1,168.0,38,37,155.1,0,0,0,0,0.0,0,0,0,0,0,0.0,0,0.0,0,0.0,0.0
2794,1,130.0,37,37,127.6,0,5,5,0,0.0,0,0,5,5,0,0.0,0,0.0,5,0.0,0.0
2795,38,133.1,37,37,146.6,0,7,8,7,12.82857143,0,0,8,8,8,12.6875,0,1.0,0,0.875,0.0
2796,1,137.0,37,37,141.0,0,7,0,0,0.0,0,0,8,0,0,0.0,0,0.0,7,0.0,0.0
2797,1,123.0,1,38,120.6,0,6,6,6,13.33333333,0,0,6,8,5,14.0,0,1.0,0,1.0,0.0
2798,1,150.0,19,1,110.0,6,14,20,14,13.07285714,6,6,14,20,14,13.07285714,6,1.0,0,0.7,0.42857142857142855
2799,1,120.0,1,1,108.6,2,7,13,5,12.0,0,2,7,7,3,11.0,0,0.7142857142857143,2,0.38461538461538464,0.0
2800,1,145.0,3,19,134.9,0,6,6,6,15.5,0,0,6,6,6,16.0,0,1.0,0,1.0,0.0
2801,39,120.0,3,1,120.0,0,6,6,0,0.0,0,0,6,6,0,0.0,0,0.0,6,0.0,0.0
2802,1,142.0,19,37,141.3,0,6,7,6,14.71428571,0,0,6,6,6,15.16666667,0,1.0,0,0.8571428571428571,0.0
2803,1,147.0,19,19,135.6,0,6,7,6,16.71428571,0,0,6,6,6,15.33333333,0,1.0,0,0.8571428571428571,0.0
2804,1,125.0,19,19,121.5,0,6,9,6,10.85714286,0,0,6,7,6,11.66666667,0,1.0,0,0.6666666666666666,0.0
2805,1,126.0,19,19,125.0,0,7,8,6,11.65833333,0,0,8,11,6,12.41666667,0,0.8571428571428571,1,0.75,0.0
2806,1,132.0,37,19,119.1,0,6,8,5,11.6,0,0,6,7,6,12.0,0,0.8333333333333334,1,0.625,0.0
2807,1,122.0,12,12,126.6,0,6,8,6,14.625,0,0,6,9,6,14.14285714,0,1.0,0,0.75,0.0
2808,1,123.0,1,38,116.7,0,6,6,6,12.16666667,0,0,6,8,6,12.66666667,0,1.0,0,1.0,0.0
2809,1,126.0,1,19,120.1,0,7,12,4,13.375,0,0,7,8,6,12.11666667,0,0.5714285714285714,3,0.3333333333333333,0.0
2810,1,128.0,38,37,124.9,0,6,6,6,12.5,0,0,6,6,6,12.83333333,0,1.0,0,1.0,0.0
2811,1,100.0,19,1,114.0,0,7,8,5,12.56,0,0,7,8,5,12.56,0,0.7142857142857143,2,0.625,0.0
2812,1,140.0,1,1,131.1,0,7,7,7,13.19,0,0,8,8,8,14.23125,0,1.0,0,1.0,0.0
2813,1,145.0,1,19,129.3,0,6,11,3,11.0,0,0,6,9,4,11.25,0,0.5,3,0.2727272727272727,0.0
2814,1,143.0,3,38,129.7,0,0,0,0,0.0,0,0,0,0,0,0.0,0,0.0,0,0.0,0.0
2815,1,132.0,37,38,120.8,0,6,11,5,11.6,0,0,6,10,6,11.71428571,0,0.8333333333333334,1,0.45454545454545453,0.0
2816,1,130.0,19,19,135.0,0,7,7,6,14.26666667,0,0,7,7,6,14.26666667,0,0.8571428571428571,1,0.8571428571428571,0.0
2817,1,129.0,37,37,117.8,0,5,6,4,11.0,0,0,5,9,4,13.85714286,0,0.8,1,0.6666666666666666,0.0
2818,3,124.4,37,34,130.0,8,10,11,9,12.66666667,0,3,7,7,7,12.42857143,1,0.9,1,0.8181818181818182,0.0
2819,1,127.0,19,1,117.6,0,6,6,0,0.0,0,0,6,10,3,11.0,0,0.0,6,0.0,0.0
2820,1,144.0,1,1,130.8,0,8,11,7,12.77142857,0,0,8,11,7,12.77142857,0,0.875,1,0.6363636363636364,0.0
2821,1,121.0,5,3,111.9,0,5,12,0,0.0,3,0,5,5,0,0.0,0,0.0,5,0.0,0.6
2822,1,150.0,1,38,145.9,3,6,6,6,15.5,0,2,6,7,6,13.57142857,0,1.0,0,1.0,0.0
2823,1,115.0,1,1,109.1,0,6,7,6,13.28571429,0,0,6,9,5,14.6,0,1.0,0,0.8571428571428571,0.0
2824,1,125.0,3,19,120.3,0,7,11,5,11.71666667,0,0,7,8,5,13.7,0,0.7142857142857143,2,0.45454545454545453,0.0
2825,1,117.0,19,19,113.5,0,6,8,6,11.33333333,0,0,6,12,4,13.75,0,1.0,0,0.75,0.0
2826,1,121.0,1,19,135.4,0,6,6,6,13.33333333,0,0,6,10,5,13.4,0,1.0,0,1.0,0.0
2827,1,140.0,37,37,130.2,0,5,13,4,12.33333333,0,0,5,14,2,10.0,4,0.8,1,0.3076923076923077,0.0
2828,1,129.0,3,4,136.4,0,6,6,6,12.33333333,0,0,6,6,6,12.83333333,0,1.0,0,1.0,0.0
2829,1,130.0,3,1,126.9,0,0,0,0,0.0,0,0,0,0,0,0.0,0,0.0,0,0.0,0.0
2830,1,131.0,19,38,119.8,0,5,8,5,12.6,0,0,5,9,4,11.6,0,1.0,0,0.625,0.0
2831,1,137.0,1,1,124.4,0,5,5,5,12.6,0,0,5,5,4,11.0,0,1.0,0,1.0,0.0
2832,1,150.0,3,3,120.0,1,6,10,6,14.33333333,0,0,6,9,6,12.83333333,0,1.0,0,0.6,0.0
2833,1,117.0,37,37,111.8,0,5,8,3,12.0,0,0,5,9,2,11.0,1,0.6,2,0.375,0.0
2834,1,133.1,19,19,130.0,0,6,7,6,14.85714286,0,0,6,10,5,13.6,0,1.0,0,0.8571428571428571,0.0
2835,1,130.0,19,37,138.0,12,15,17,12,11.91666667,0,11,13,13,11,13.18181818,0,0.8,3,0.7058823529411765,0.0
2836,1,110.0,34,34,114.6,0,5,5,0,0.0,0,0,5,5,0,0.0,0,0.0,5,0.0,0.0
2837,1,140.0,37,37,108.0,0,5,12,3,13.33333333,1,0,5,8,5,12.2,0,0.6,2,0.25,0.2
2838,1,140.0,37,37,140.0,0,5,5,0,0.0,0,0,5,5,0,0.0,0,0.0,5,0.0,0.0
2839,1,148.0,38,19,134.7,0,6,6,6,17.0,0,0,6,6,6,15.5,0,1.0,0,1.0,0.0
2840,1,130.0,37,37,110.0,0,6,13,3,11.66666667,0,0,6,14,2,11.33333333,0,0.5,3,0.23076923076923078,0.0
2841,1,140.0,37,37,104.8,14,19,24,19,12.21052632,0,11,13,13,13,11.38461538,0,1.0,0,0.7916666666666666,0.0
2842,1,160.0,3,1,126.5,1,6,8,6,13.0,1,0,6,9,5,12.85714286,0,1.0,0,0.75,0.16666666666666666
2843,1,130.0,37,37,118.1,0,5,0,0,0.0,0,0,5,0,0,0.0,0,0.0,5,0.0,0.0
2844,1,120.0,37,37,119.9,0,5,9,2,10.5,0,0,5,7,3,11.0,0,0.4,3,0.2222222222222222,0.0
2845,39,160.0,38,38,160.0,0,6,7,6,13.57142857,0,0,6,9,6,12.71428571,0,1.0,0,0.8571428571428571,0.0
2846,12,133.1,34,34,100.5,0,3,7,1,14.0,0,0,2,4,0,0.0,0,0.3333333333333333,2,0.14285714285714285,0.0
2847,19,133.1,37,37,110.0,0,5,5,0,0.0,0,0,4,5,0,0.0,0,0.0,5,0.0,0.0
2848,1,100.0,37,37,100.0,13,15,20,13,12.46153846,1,10,13,13,10,11.1,1,0.8666666666666667,2,0.65,0.06666666666666667
2849,39,140.0,3,3,140.0,0,6,8,4,14.4,0,0,6,6,5,13.0,0,0.6666666666666666,2,0.5,0.0
2850,1,109.0,1,1,109.0,0,6,6,0,0.0,0,0,6,0,0,0.0,0,0.0,6,0.0,0.0
2851,1,130.0,1,37,120.9,0,6,6,6,14.33333333,0,0,6,6,6,14.16666667,0,1.0,0,1.0,0.0
2852,42,130.0,1,1,125.8,7,13,21,11,11.90909091,0,5,11,14,11,10.72727273,0,0.8461538461538461,2,0.5238095238095238,0.0
2853,1,164.0,1,1,161.2,1,6,8,6,13.71428571,1,0,6,8,6,14.375,0,1.0,0,0.75,0.16666666666666666
2854,1,125.0,19,19,122.0,0,7,0,0,0.0,0,0,8,0,0,0.0,0,0.0,7,0.0,0.0
2855,1,137.0,1,1,127.9,0,7,10,5,13.46,0,0,7,8,7,12.2375,0,0.7142857142857143,2,0.5,0.0
2856,1,133.0,1,3,135.8,0,6,6,6,15.0,0,0,6,6,6,13.33333333,0,1.0,0,1.0,0.0
2857,1,163.0,1,1,149.7,0,0,0,0,0.0,0,0,0,0,0,0.0,0,0.0,0,0.0,0.0
2858,1,160.0,2,1,137.3,0,6,7,5,13.4,0,0,6,6,5,12.8,0,0.8333333333333334,1,0.7142857142857143,0.0
2859,12,133.1,34,34,106.0,0,6,9,5,13.0,0,0,6,10,4,12.5,0,0.8333333333333334,1,0.5555555555555556,0.0
2860,1,120.0,37,37,110.0,0,6,13,4,11.25,0,0,6,8,4,13.75,0,0.6666666666666666,2,0.3076923076923077,0.0
2861,1,140.0,3,3,146.4,0,5,5,5,12.6,0,0,5,7,5,11.6,0,1.0,0,1.0,0.0
2862,1,140.0,37,37,121.0,0,6,8,6,12.66666667,0,0,6,6,6,11.83333333,0,1.0,0,0.75,0.0
2863,1,140.0,37,37,125.2,20,21,23,21,12.33333333,0,19,19,19,19,12.10526316,0,1.0,0,0.9130434782608695,0.0
2864,1,115.0,1,1,119.6,0,6,11,5,12.0,0,0,6,11,5,11.0,0,0.8333333333333334,1,0.45454545454545453,0.0
2865,1,140.0,37,37,142.8,0,5,5,5,16.4,0,0,5,5,5,16.6,0,1.0,0,1.0,0.0
2866,19,133.1,3,19,123.5,0,1,1,0,0.0,1,0,6,0,0,0.0,0,0.0,1,0.0,1.0
2867,19,133.1,37,37,100.0,0,6,10,6,12.75,0,0,6,6,4,14.75,0,1.0,0,0.6,0.0
2868,1,110.0,37,37,140.0,0,5,14,4,14.5,1,0,5,12,5,13.0,0,0.8,1,0.2857142857142857,0.2
2869,19,133.1,37,37,150.3,0,5,5,5,14.8,0,0,5,5,5,14.4,0,1.0,0,1.0,0.0
2870,3,116.0,3,3,128.2,12,17,22,17,10.36842105,0,14,17,18,17,11.5,0,1.0,0,0.7727272727272727,0.0
2871,1,110.0,37,37,114.3,0,7,0,0,0.0,0,0,8,0,0,0.0,0,0.0,7,0.0,0.0
2872,1,140.0,38,37,117.3,6,10,15,6,10.66666667,0,5,10,17,9,11.33333333,1,0.6,4,0.4,0.0
2873,2,120.0,37,37,120.0,9,15,21,13,12.69230769,0,12,15,22,13,12.38461538,0,0.8666666666666667,2,0.6190476190476191,0.0
2874,12,133.1,37,34,110.7,0,5,0,0,0.0,0,0,5,0,0,0.0,0,0.0,5,0.0,0.0
2875,1,160.0,1,37,118.0,14,15,15,15,11.8,0,12,13,13,12,11.66666667,1,1.0,0,1.0,0.0
2876,1,133.1,3,3,169.2,0,7,7,0,0.0,0,0,5,10,0,0.0,0,0.0,7,0.0,0.0
2877,1,120.0,37,37,106.8,0,6,9,5,12.33333333,0,0,6,12,4,11.5,0,0.8333333333333334,1,0.5555555555555556,0.0
2878,1,133.1,37,37,100.0,6,12,18,11,13.0,0,4,13,22,8,11.875,0,0.9166666666666666,1,0.6111111111111112,0.0
2879,1,133.1,38,37,144.5,0,6,13,4,12.5,0,0,6,8,3,11.66666667,0,0.6666666666666666,2,0.3076923076923077,0.0
2880,19,133.1,37,37,134.5,0,6,8,5,12.2,0,0,6,10,4,11.25,0,0.8333333333333334,1,0.625,0.0
2881,1,122.0,19,19,114.3,5,10,15,8,11.0,0,2,7,16,5,11.2,0,0.8,2,0.5333333333333333,0.0
2882,1,133.1,37,37,113.4,0,5,14,1,10.0,0,0,5,13,2,12.0,0,0.2,4,0.07142857142857142,0.0
2883,1,140.0,37,37,128.0,0,6,7,6,12.33333333,0,0,6,8,6,11.5,0,1.0,0,0.8571428571428571,0.0
2884,3,120.0,37,37,120.0,9,13,13,13,14.30769231,0,5,12,15,12,15.23076923,0,1.0,0,1.0,0.0
2885,2,130.0,37,37,147.5,7,11,13,11,14.45454545,0,6,8,8,8,13.5,0,1.0,0,0.8461538461538461,0.0
2886,1,120.0,37,37,120.7,0,5,6,5,11.0,0,0,5,5,5,13.2,0,1.0,0,0.8333333333333334,0.0
2887,1,153.0,19,37,153.7,0,6,8,6,13.14285714,0,0,6,6,6,12.83333333,0,1.0,0,0.75,0.0
2888,1,131.0,37,37,121.9,0,6,8,6,13.75,0,0,6,7,6,11.85714286,0,1.0,0,0.75,0.0
2889,1,126.0,38,19,119.4,0,6,6,6,14.0,0,0,6,9,5,13.8,0,1.0,0,1.0,0.0
2890,12,110.0,34,34,157.8,5,8,13,8,13.75,0,2,6,9,6,12.5,0,1.0,0,0.6153846153846154,0.0
2891,1,150.0,3,1,154.0,0,5,5,0,0.0,0,0,5,6,0,0.0,0,0.0,5,0.0,0.0
2892,1,131.0,1,19,135.9,0,6,6,6,13.16666667,0,0,6,8,6,12.42857143,0,1.0,0,1.0,0.0
2893,1,130.0,34,34,130.0,10,12,12,9,12.44444444,3,4,7,8,6,12.0,0,0.75,3,0.75,0.25
2894,1,122.0,38,37,118.9,0,6,7,6,12.66666667,0,0,6,7,5,13.0,0,1.0,0,0.8571428571428571,0.0
2895,1,151.0,37,37,152.4,0,6,7,6,11.33333333,0,0,6,7,6,10.5,0,1.0,0,0.8571428571428571,0.0
2896,1,120.0,37,37,147.8,0,5,9,4,11.25,0,0,5,6,5,12.0,0,0.8,1,0.4444444444444444,0.0
2897,1,136.0,3,3,100.0,0,7,8,7,13.6125,0,0,8,8,8,14.575,0,1.0,0,0.875,0.0
2898,1,140.0,3,19,129.0,0,8,8,7,12.41428571,0,0,8,8,7,12.41428571,0,0.875,1,0.875,0.0
2899,1,131.0,2,1,148.9,0,0,0,0,0.0,0,0,0,0,0,0.0,0,0.0,0,0.0,0.0
2900,2,120.0,37,37,120.0,8,12,21,11,11.5,0,7,12,22,12,11.4375,0,0.9166666666666666,1,0.5238095238095238,0.0
2901,3,170.0,19,19,170.0,0,5,5,0,0.0,0,0,6,0,0,0.0,0,0.0,5,0.0,0.0
2902,1,100.0,38,38,130.0,0,7,10,7,11.0,0,0,8,8,8,13.125,0,1.0,0,0.7,0.0
2903,1,116.0,1,1,119.2,0,6,6,6,14.0,0,0,6,6,6,13.5,0,1.0,0,1.0,0.0
2904,1,133.1,37,37,129.0,0,6,13,4,12.0,0,0,6,10,3,12.0,0,0.6666666666666666,2,0.3076923076923077,0.0
2905,1,136.0,3,1,132.5,0,6,7,6,12.5,0,0,6,7,6,12.5,0,1.0,0,0.8571428571428571,0.0
2906,1,160.0,37,38,115.0,0,6,8,6,11.33333333,0,0,6,9,6,11.33333333,0,1.0,0,0.75,0.0
2907,1,140.0,1,37,128.0,0,7,7,6,14.06666667,0,0,7,7,6,14.06666667,0,0.8571428571428571,1,0.8571428571428571,0.0
2908,1,130.0,37,37,125.1,2,9,14,8,13.55555556,0,2,7,10,7,13.57142857,0,0.8888888888888888,1,0.5714285714285714,0.0
2909,1,140.0,1,19,140.0,0,6,13,5,11.6,0,0,6,11,4,12.25,0,0.8333333333333334,1,0.38461538461538464,0.0
2910,1,123.0,1,1,120.9,0,6,0,0,0.0,0,0,6,0,0,0.0,0,0.0,6,0.0,0.0
2911,1,143.0,19,19,135.3,0,8,8,8,13.27625,0,0,8,8,8,13.27625,0,1.0,0,1.0,0.0
2912,1,133.1,34,34,125.2,0,6,0,0,0.0,0,0,6,0,0,0.0,0,0.0,6,0.0,0.0
2913,1,136.0,22,30,135.7,0,6,8,6,14.375,0,0,6,8,6,14.75,0,1.0,0,0.75,0.0
2914,1,133.1,37,37,110.0,0,5,0,0,0.0,0,0,5,0,0,0.0,0,0.0,5,0.0,0.0
2915,1,133.1,37,37,119.0,0,6,7,6,10.66666667,0,0,6,9,5,11.8,0,1.0,0,0.8571428571428571,0.0
2916,3,110.0,37,37,110.0,9,13,19,12,13.41666667,0,4,10,10,10,14.5,0,0.9230769230769231,1,0.631578947368421,0.0
2917,1,118.0,38,38,115.2,0,7,9,6,12.97166667,0,0,8,9,7,12.32142857,0,0.8571428571428571,1,0.6666666666666666,0.0
2918,2,110.0,37,37,112.9,14,15,16,14,10.92857143,0,12,14,16,12,11.83333333,0,0.9333333333333333,1,0.875,0.0
2919,19,133.1,19,1,119.4,0,6,6,0,0.0,0,0,6,7,0,0.0,0,0.0,6,0.0,0.0
2920,1,162.0,19,19,152.9,0,0,0,0,0.0,0,0,0,0,0,0.0,0,0.0,0,0.0,0.0
2921,1,155.0,19,37,117.5,0,6,6,4,13.25,0,0,6,6,0,0.0,0,0.6666666666666666,2,0.6666666666666666,0.0
2922,19,133.1,37,37,98.5,0,6,14,6,11.33333333,0,0,6,11,5,12.4,0,1.0,0,0.42857142857142855,0.0
2923,1,150.0,34,34,108.0,0,5,6,1,11.0,0,0,5,5,0,0.0,0,0.2,4,0.16666666666666666,0.0
2924,1,133.1,19,37,120.0,0,8,9,7,12.75714286,0,0,8,9,7,12.75714286,0,0.875,1,0.7777777777777778,0.0
2925,1,154.0,37,37,150.2,0,6,6,6,14.5,0,0,6,6,6,14.66666667,0,1.0,0,1.0,0.0
2926,39,140.0,1,3,139.2,3,6,6,6,13.83333333,0,2,6,7,6,14.57142857,0,1.0,0,1.0,0.0
2927,1,158.0,19,37,130.0,0,5,8,4,11.25,0,0,5,7,5,10.4,0,0.8,1,0.5,0.0
2928,1,122.0,37,37,115.7,0,0,0,0,0.0,0,0,0,0,0,0.0,0,0.0,0,0.0,0.0
2929,1,136.0,1,1,127.0,0,8,10,1,13.67,7,0,8,10,1,13.67,7,0.125,7,0.1,0.875
2930,9,133.1,37,34,118.1,0,5,9,0,0.0,0,0,5,5,2,12.5,0,0.0,5,0.0,0.0
2931,1,132.0,6,6,119.1,0,5,10,1,13.0,4,0,5,14,0,0.0,8,0.2,4,0.1,0.8
2932,1,130.0,37,37,111.9,0,5,5,0,0.0,0,0,5,5,0,0.0,0,0.0,5,0.0,0.0
2933,1,144.0,19,19,130.5,0,8,12,7,11.97142857,0,0,8,12,7,11.97142857,0,0.875,1,0.5833333333333334,0.0
2934,12,133.1,34,34,135.0,0,6,12,0,0.0,0,1,6,11,0,0.0,1,0.0,6,0.0,0.0
2935,1,133.1,34,34,130.0,0,6,11,1,16.0,0,0,6,8,4,12.25,0,0.16666666666666666,5,0.09090909090909091,0.0
2936,1,150.0,29,10,150.0,0,6,0,0,0.0,0,0,6,0,0,0.0,0,0.0,6,0.0,0.0
2937,1,150.0,34,34,150.2,0,6,9,4,12.75,1,0,5,5,0,0.0,5,0.6666666666666666,2,0.4444444444444444,0.16666666666666666
2938,1,110.0,37,37,127.1,0,5,9,4,11.0,0,0,5,10,4,10.75,1,0.8,1,0.4444444444444444,0.0
2939,1,100.0,37,37,107.5,0,2,2,0,0.0,0,0,6,0,0,0.0,0,0.0,2,0.0,0.0
2940,3,100.0,37,37,130.0,0,6,7,5,12.2,0,0,6,6,6,12.33333333,0,0.8333333333333334,1,0.7142857142857143,0.0
2941,1,133.1,1,3,152.8,0,7,9,7,12.42857143,0,0,8,8,8,12.3,0,1.0,0,0.7777777777777778,0.0
2942,1,145.0,40,1,160.1,6,12,12,12,14.5,0,4,11,15,11,13.58333333,0,1.0,0,1.0,0.0
2943,1,130.0,19,19,140.0,6,12,13,6,13.0,0,4,12,14,11,13.83333333,0,0.5,6,0.46153846153846156,0.0
2944,1,118.0,4,3,110.7,0,7,7,7,11.71428571,0,0,8,8,8,12.75,0,1.0,0,1.0,0.0
2945,1,133.1,37,19,138.3,0,7,12,4,10.25,0,0,7,10,3,13.0,0,0.5714285714285714,3,0.3333333333333333,0.0
2946,39,150.0,3,37,150.0,0,6,0,0,0.0,0,0,6,0,0,0.0,0,0.0,6,0.0,0.0
2947,1,113.0,4,1,112.3,0,6,9,6,12.375,0,0,6,7,6,13.14285714,0,1.0,0,0.6666666666666666,0.0
2948,1,136.0,1,19,122.0,0,6,6,6,12.66666667,0,0,6,6,6,12.0,0,1.0,0,1.0,0.0
2949,1,140.0,3,3,141.7,0,6,13,3,10.5,0,0,6,19,1,12.0,0,0.5,3,0.23076923076923078,0.0
2950,1,131.0,19,38,118.4,0,6,11,6,14.125,0,0,6,10,5,12.6,0,1.0,0,0.5454545454545454,0.0
2951,1,138.0,1,1,128.7,0,6,7,6,14.66666667,0,0,6,12,6,13.83333333,0,1.0,0,0.8571428571428571,0.0
2952,1,100.0,37,37,100.0,0,5,8,5,11.4,0,0,5,7,3,12.33333333,0,1.0,0,0.625,0.0
2953,1,140.0,37,37,100.8,0,0,0,0,0.0,0,0,0,0,0,0.0,0,0.0,0,0.0,0.0
2954,1,120.0,37,37,125.5,0,6,7,6,14.0,0,0,6,7,5,14.8,0,1.0,0,0.8571428571428571,0.0
2955,1,139.0,37,37,124.0,0,0,0,0,0.0,0,0,0,0,0,0.0,0,0.0,0,0.0,0.0
2956,3,130.0,37,37,130.0,0,7,7,0,0.0,7,0,7,7,0,0.0,7,0.0,7,0.0,1.0
2957,3,110.0,37,37,160.5,8,11,11,11,12.63636364,0,5,8,8,8,11.0,0,1.0,0,1.0,0.0
2958,19,133.1,37,19,100.0,0,6,11,3,12.33333333,0,0,6,13,2,11.0,0,0.5,3,0.2727272727272727,0.0
2959,1,133.1,2,2,103.0,0,6,7,6,15.0,0,0,6,10,6,12.83333333,0,1.0,0,0.8571428571428571,0.0
2960,1,133.1,1,1,103.0,0,6,8,4,11.75,0,0,6,10,6,12.66666667,0,0.6666666666666666,2,0.5,0.0
2961,1,139.0,19,37,131.5,0,8,8,7,14.13714286,0,0,8,8,7,14.13714286,0,0.875,1,0.875,0.0
2962,1,134.0,1,1,121.4,0,6,6,2,12.0,0,0,6,6,1,11.0,0,0.3333333333333333,4,0.3333333333333333,0.0
2963,3,160.0,1,3,137.3,0,5,5,5,10.8,0,0,5,9,4,11.5,0,1.0,0,1.0,0.0
2964,1,124.0,19,19,138.4,1,6,8,6,13.28571429,1,0,6,8,6,12.5,0,1.0,0,0.75,0.16666666666666666
2965,1,137.0,1,3,131.1,0,5,7,5,13.6,0,0,5,5,5,12.6,0,1.0,0,0.7142857142857143,0.0
2966,1,157.0,3,3,100.0,0,7,8,7,13.55,0,0,8,8,8,14.1875,0,1.0,0,0.875,0.0
2967,1,138.0,4,1,133.0,0,8,8,0,0.0,5,0,8,8,0,0.0,5,0.0,8,0.0,0.625
2968,1,100.0,35,37,100.0,0,6,10,4,13.5,0,1,6,7,6,11.16666667,0,0.6666666666666666,2,0.4,0.0
2969,1,130.0,19,3,159.0,0,6,8,5,11.6,0,0,6,9,5,14.2,0,0.8333333333333334,1,0.625,0.0
2970,1,133.1,19,19,120.6,6,10,16,10,12.5,0,2,7,9,4,12.6,0,1.0,0,0.625,0.0
2971,3,120.0,19,1,134.0,0,5,14,1,11.0,0,0,5,11,2,12.66666667,4,0.2,4,0.07142857142857142,0.0
2972,1,150.0,1,1,139.4,0,5,9,3,12.0,1,0,5,6,4,13.0,0,0.6,2,0.3333333333333333,0.2
2973,1,128.0,37,37,116.5,0,5,8,4,11.6,0,0,5,10,3,12.33333333,0,0.8,1,0.5,0.0
2974,1,124.0,1,19,113.9,0,0,0,0,0.0,0,0,0,0,0,0.0,0,0.0,0,0.0,0.0
2975,3,130.0,3,3,130.0,5,10,14,10,14.63636364,0,5,10,13,10,14.6,0,1.0,0,0.7142857142857143,0.0
2976,1,132.0,1,19,129.9,0,6,8,6,13.0,0,0,6,6,6,12.16666667,0,1.0,0,0.75,0.0
2977,12,133.1,1,3,133.7,14,18,23,14,12.78571429,2,16,17,18,16,13.875,0,0.7777777777777778,4,0.6086956521739131,0.1111111111111111
2978,1,129.0,5,3,124.8,0,6,6,6,14.5,0,0,6,7,5,12.0,0,1.0,0,1.0,0.0
2979,1,135.0,3,2,133.6,0,5,12,4,14.6,3,0,5,5,4,12.75,1,0.8,1,0.3333333333333333,0.6
2980,1,138.0,37,19,133.5,0,6,7,6,12.5,0,0,6,6,6,12.16666667,0,1.0,0,0.8571428571428571,0.0
2981,1,135.0,19,37,128.0,0,6,6,6,14.0,0,0,6,8,6,13.125,0,1.0,0,1.0,0.0
2982,1,131.0,3,19,127.2,0,7,7,7,13.80142857,0,0,8,8,8,14.575,0,1.0,0,1.0,0.0
2983,3,150.0,19,19,150.0,1,6,7,6,14.42857143,0,0,6,7,6,13.66666667,0,1.0,0,0.8571428571428571,0.0
2984,6,133.0,1,19,127.8,0,7,7,6,14.35,0,0,7,7,6,14.35,0,0.8571428571428571,1,0.8571428571428571,0.0
2985,1,135.0,37,19,125.2,0,6,6,6,14.33333333,0,0,6,6,6,13.5,0,1.0,0,1.0,0.0
2986,1,118.0,19,1,110.0,0,6,10,4,12.25,0,0,6,8,4,11.5,0,0.6666666666666666,2,0.4,0.0
2987,19,100.0,34,34,100.0,0,6,9,6,13.33333333,0,0,6,6,6,11.83333333,0,1.0,0,0.6666666666666666,0.0
2988,1,158.0,3,3,151.4,6,12,12,12,13.0,0,4,11,14,11,13.25,0,1.0,0,1.0,0.0
2989,1,137.0,38,19,125.1,0,6,10,4,11.75,0,0,6,9,5,11.2,0,0.6666666666666666,2,0.4,0.0
2990,1,172.0,19,19,163.3,0,6,8,6,14.5,0,0,6,11,4,13.0,0,1.0,0,0.75,0.0
2991,1,123.0,37,37,118.0,0,8,8,7,11.82,0,0,8,8,7,11.82,0,0.875,1,0.875,0.0
2992,1,144.0,3,3,140.2,0,6,0,0,0.0,0,0,6,0,0,0.0,0,0.0,6,0.0,0.0
2993,1,140.0,37,37,128.5,0,6,6,5,12.4,0,0,6,7,6,12.66666667,0,0.8333333333333334,1,0.8333333333333334,0.0
2994,1,136.0,1,38,131.5,0,6,7,6,12.57142857,0,0,6,8,6,11.85714286,0,1.0,0,0.8571428571428571,0.0
2995,1,137.0,1,1,132.6,0,7,7,7,13.85714286,0,0,8,8,8,14.9,0,1.0,0,1.0,0.0
2996,1,128.0,19,1,122.1,0,6,9,5,11.83333333,0,0,6,7,5,13.8,0,0.8333333333333334,1,0.5555555555555556,0.0
2997,1,120.0,3,3,112.0,0,5,10,4,11.0,0,0,5,7,4,11.5,0,0.8,1,0.4,0.0
2998,1,130.0,3,19,133.0,0,6,6,6,14.66666667,0,0,6,8,6,13.66666667,0,1.0,0,1.0,0.0
2999,1,138.0,19,19,127.0,0,4,4,0,0.0,0,0,5,10,0,0.0,0,0.0,4,0.0,0.0
3000,1,148.0,3,19,130.0,0,8,12,7,12.71428571,0,0,8,12,7,12.71428571,0,0.875,1,0.5833333333333334,0.0
3001,1,139.0,4,1,136.4,0,7,9,7,13.42222222,0,0,8,11,7,12.18888889,0,1.0,0,0.7777777777777778,0.0
3002,1,136.0,3,1,129.0,0,6,7,6,14.0,0,0,6,8,5,12.2,0,1.0,0,0.8571428571428571,0.0
3003,1,126.0,19,19,119.0,0,7,8,7,12.14285714,0,0,8,8,8,13.375,0,1.0,0,0.875,0.0
3004,1,135.0,37,38,128.0,0,5,5,5,12.8,0,0,5,5,5,13.0,0,1.0,0,1.0,0.0
3005,1,122.0,19,38,117.1,0,7,7,7,14.57285714,0,0,8,9,8,14.95555556,0,1.0,0,1.0,0.0
3006,1,137.0,1,19,136.3,0,5,9,4,11.25,0,0,5,6,4,11.0,0,0.8,1,0.4444444444444444,0.0
3007,1,127.0,1,38,124.6,0,5,12,2,10.0,0,0,5,11,4,11.75,0,0.4,3,0.16666666666666666,0.0
3008,1,137.0,40,19,130.7,0,6,8,5,14.4,0,0,6,11,4,14.6,0,0.8333333333333334,1,0.625,0.0
3009,1,125.0,1,12,115.2,0,7,7,7,12.98285714,0,0,8,8,8,14.4625,0,1.0,0,1.0,0.0
3010,1,141.0,3,2,130.2,0,6,14,6,15.75,0,0,6,8,6,13.0,0,1.0,0,0.42857142857142855,0.0
3011,1,132.0,2,2,128.5,0,6,11,5,12.28571429,0,0,6,19,3,14.0,1,0.8333333333333334,1,0.45454545454545453,0.0
3012,1,133.1,37,37,95.0,0,7,7,6,13.755,0,0,8,9,7,13.57142857,0,0.8571428571428571,1,0.8571428571428571,0.0
3013,1,132.0,1,1,119.4,0,6,7,6,13.83333333,0,0,6,11,6,13.5,0,1.0,0,0.8571428571428571,0.0
3014,1,142.0,1,37,123.5,0,7,0,0,0.0,0,0,8,0,0,0.0,0,0.0,7,0.0,0.0
3015,1,136.0,38,1,133.9,0,7,9,7,14.71111111,0,0,8,9,8,14.62777778,0,1.0,0,0.7777777777777778,0.0
3016,42,150.0,1,19,145.2,7,11,13,11,14.61538462,0,4,9,11,9,13.7,0,1.0,0,0.8461538461538461,0.0
3017,1,130.0,3,3,118.8,0,7,7,7,13.67714286,0,0,8,9,8,14.53333333,0,1.0,0,1.0,0.0
3018,1,136.0,37,37,123.4,0,5,8,5,13.16666667,2,0,5,5,5,12.8,0,1.0,0,0.625,0.4
3019,1,138.0,3,3,123.0,0,6,11,5,10.8,0,0,6,12,5,11.33333333,0,0.8333333333333334,1,0.45454545454545453,0.0
3020,1,131.0,19,9,118.4,0,5,8,3,12.0,0,0,5,7,5,12.83333333,0,0.6,2,0.375,0.0
3021,1,147.0,3,1,131.6,0,7,8,6,13.95833333,0,0,8,8,8,14.71875,0,0.8571428571428571,1,0.75,0.0
3022,1,140.0,38,19,122.3,0,6,9,4,13.0,0,0,6,9,4,12.25,0,0.6666666666666666,2,0.4444444444444444,0.0
3023,1,152.0,38,19,151.7,0,0,0,0,0.0,0,0,0,0,0,0.0,0,0.0,0,0.0,0.0
3024,1,169.0,19,37,176.0,0,0,0,0,0.0,0,0,0,0,0,0.0,0,0.0,0,0.0,0.0
3025,1,149.0,1,1,133.0,0,8,8,7,14.0,0,0,8,8,7,14.0,0,0.875,1,0.875,0.0
3026,1,137.0,3,19,139.8,0,6,10,6,12.57142857,0,0,6,11,6,12.57142857,0,1.0,0,0.6,0.0
3027,1,122.0,41,1,119.6,0,6,6,4,12.0,0,0,6,11,3,11.33333333,0,0.6666666666666666,2,0.6666666666666666,0.0
3028,1,130.0,37,37,134.0,2,8,8,8,13.625,0,1,7,7,7,14.0,0,1.0,0,1.0,0.0
3029,1,145.0,37,37,132.0,0,5,7,4,12.5,0,0,5,8,4,10.0,1,0.8,1,0.5714285714285714,0.0
3030,3,130.0,37,37,130.0,14,15,25,14,12.42857143,1,8,14,22,11,11.90909091,0,0.9333333333333333,1,0.56,0.06666666666666667
3031,1,157.0,38,3,141.4,3,7,8,7,13.3875,0,2,8,8,8,15.9,0,1.0,0,0.875,0.0
3032,1,135.0,19,1,128.9,0,7,8,6,12.64833333,0,0,8,9,8,12.20555556,0,0.8571428571428571,1,0.75,0.0
3033,1,123.0,40,38,118.1,0,6,6,6,14.0,0,0,6,6,6,13.33333333,0,1.0,0,1.0,0.0
3034,1,139.0,3,4,130.6,0,5,12,5,12.8,2,0,5,10,5,11.85714286,1,1.0,0,0.4166666666666667,0.4
3035,1,136.0,12,1,122.0,0,6,8,6,11.33333333,0,0,6,11,6,10.83333333,0,1.0,0,0.75,0.0
3036,1,135.0,3,3,123.0,0,7,0,0,0.0,0,0,8,0,0,0.0,0,0.0,7,0.0,0.0
3037,1,126.0,1,1,126.7,0,6,6,6,14.16666667,0,0,6,9,6,13.0,0,1.0,0,1.0,0.0
3038,1,122.0,38,19,126.6,0,6,6,6,12.83333333,0,0,6,6,6,13.83333333,0,1.0,0,1.0,0.0
3039,1,125.0,38,38,125.4,0,7,11,4,12.0,0,0,7,9,6,11.83333333,0,0.5714285714285714,3,0.36363636363636365,0.0
3040,1,134.0,1,19,136.1,0,6,6,6,13.0,0,0,6,7,6,13.14285714,0,1.0,0,1.0,0.0
3041,1,130.0,19,1,128.8,0,7,8,6,13.39,0,0,8,10,7,12.75714286,0,0.8571428571428571,1,0.75,0.0
3042,1,110.0,1,37,111.1,0,6,6,6,12.33333333,0,0,6,8,5,13.6,0,1.0,0,1.0,0.0
3043,1,131.0,3,3,135.9,1,6,8,6,12.57142857,1,0,6,8,6,11.625,0,1.0,0,0.75,0.16666666666666666
3044,1,122.0,1,37,119.6,0,6,6,6,12.33333333,0,0,6,6,6,12.83333333,0,1.0,0,1.0,0.0
3045,1,123.0,1,1,116.7,0,6,8,5,13.0,0,0,6,8,4,10.75,0,0.8333333333333334,1,0.625,0.0
3046,1,146.0,1,1,126.0,0,5,7,3,12.33333333,0,0,5,7,4,10.25,0,0.6,2,0.42857142857142855,0.0
3047,1,137.0,37,37,134.2,0,6,6,6,13.16666667,0,0,6,8,5,14.2,0,1.0,0,1.0,0.0
3048,1,130.0,1,19,123.0,0,5,7,5,13.33333333,0,0,5,6,5,13.6,0,1.0,0,0.7142857142857143,0.0
3049,1,127.0,38,37,123.9,0,5,9,4,13.0,0,0,5,8,5,13.14285714,0,0.8,1,0.4444444444444444,0.0
3050,1,160.0,37,37,120.0,0,7,21,5,10.9,3,0,8,21,3,11.7,1,0.7142857142857143,2,0.23809523809523808,0.42857142857142855
3051,1,139.0,3,38,112.3,0,5,8,2,11.5,0,0,5,10,3,10.85714286,0,0.4,3,0.25,0.0
3052,1,138.0,37,37,123.0,0,6,7,6,15.85714286,0,0,6,6,6,16.0,0,1.0,0,0.8571428571428571,0.0
3053,1,137.0,38,19,122.3,0,5,5,5,12.6,0,0,5,9,3,13.0,0,1.0,0,1.0,0.0
3054,1,127.0,38,38,122.8,0,6,8,6,14.0,0,0,6,7,6,14.57142857,0,1.0,0,0.75,0.0
3055,3,160.0,19,38,160.0,1,5,8,3,14.66666667,2,0,5,7,2,13.0,2,0.6,2,0.375,0.4
3056,1,132.0,19,19,120.1,0,6,6,6,13.66666667,0,0,6,6,6,14.0,0,1.0,0,1.0,0.0
3057,1,126.0,34,34,142.4,0,6,0,0,0.0,0,0,6,0,0,0.0,0,0.0,6,0.0,0.0
3058,1,133.0,38,19,127.3,0,8,8,7,12.62857143,0,0,8,8,7,12.62857143,0,0.875,1,0.875,0.0
3059,1,140.0,19,37,125.5,0,8,8,7,14.23285714,0,0,8,8,7,14.23285714,0,0.875,1,0.875,0.0
3060,1,130.0,19,19,137.4,0,6,6,6,15.0,0,0,6,7,6,14.0,0,1.0,0,1.0,0.0
3061,1,129.0,12,37,122.0,0,6,15,2,10.0,0,0,6,12,0,0.0,0,0.3333333333333333,4,0.13333333333333333,0.0
3062,1,110.0,19,1,107.5,0,6,11,4,12.25,0,0,6,10,4,11.0,0,0.6666666666666666,2,0.36363636363636365,0.0
3063,19,133.1,19,19,104.0,0,6,6,6,13.5,0,0,6,6,6,13.0,0,1.0,0,1.0,0.0
3064,1,132.0,38,1,133.1,0,6,8,5,12.2,0,0,6,7,6,11.5,0,0.8333333333333334,1,0.625,0.0
3065,1,115.0,19,19,113.3,0,6,0,0,0.0,0,0,6,0,0,0.0,0,0.0,6,0.0,0.0
3066,39,130.0,1,1,130.0,2,7,11,6,12.0,0,5,9,9,8,12.75,0,0.8571428571428571,1,0.5454545454545454,0.0
3067,1,140.0,2,3,124.3,0,7,9,5,12.32,0,0,7,9,5,11.9,0,0.7142857142857143,2,0.5555555555555556,0.0
3068,1,140.0,37,37,105.0,0,7,11,6,12.35,0,0,7,12,5,12.5,0,0.8571428571428571,1,0.5454545454545454,0.0
3069,12,133.1,37,37,144.0,0,6,0,0,0.0,0,0,6,0,0,0.0,0,0.0,6,0.0,0.0
3070,1,121.0,1,19,111.9,0,6,7,6,11.33333333,0,0,6,10,4,10.57142857,0,1.0,0,0.8571428571428571,0.0
3071,38,133.1,1,1,107.5,0,6,6,0,0.0,0,0,5,5,0,0.0,0,0.0,6,0.0,0.0
3072,39,130.0,1,19,127.4,3,6,8,5,11.6,0,2,6,9,5,12.0,0,0.8333333333333334,1,0.625,0.0
3073,1,130.0,19,37,149.0,0,5,10,4,12.0,0,0,5,8,3,13.66666667,1,0.8,1,0.4,0.0
3074,2,120.0,37,37,120.0,12,15,17,12,11.75,0,9,14,16,9,12.22222222,0,0.8,3,0.7058823529411765,0.0
3075,1,132.0,4,2,143.6,0,6,8,5,12.8,0,0,6,10,5,11.6,0,0.8333333333333334,1,0.625,0.0
3076,1,100.0,1,1,120.0,0,5,7,3,11.33333333,0,0,5,7,3,13.66666667,0,0.6,2,0.42857142857142855,0.0
3077,1,130.0,1,1,128.0,0,5,5,0,0.0,0,0,5,7,0,0.0,0,0.0,5,0.0,0.0
3078,1,129.0,1,37,118.2,0,5,5,5,10.8,0,0,5,5,4,12.25,0,1.0,0,1.0,0.0
3079,39,160.0,12,38,160.0,1,6,10,5,12.5,0,1,6,8,2,13.5,0,0.8333333333333334,1,0.5,0.0
3080,1,120.0,19,38,152.4,0,5,5,5,15.2,0,0,5,6,5,14.16666667,0,1.0,0,1.0,0.0
3081,1,122.0,19,37,116.6,0,7,7,7,13.31428571,0,0,8,8,8,12.575,0,1.0,0,1.0,0.0
3082,1,143.0,38,38,141.6,6,12,12,11,13.09090909,0,5,11,12,11,12.08333333,0,0.9166666666666666,1,0.9166666666666666,0.0
3083,1,110.0,3,19,105.5,0,6,0,0,0.0,0,0,6,0,0,0.0,0,0.0,6,0.0,0.0
3084,1,124.0,37,19,116.3,0,6,8,5,12.2,0,0,6,6,6,11.5,0,0.8333333333333334,1,0.625,0.0
3085,3,110.0,19,1,110.0,5,8,10,6,12.83333333,0,2,5,8,4,12.0,0,0.75,2,0.6,0.0
3086,1,130.0,37,37,119.5,9,15,17,15,11.2,0,9,14,15,14,12.42857143,0,1.0,0,0.8823529411764706,0.0
3087,1,139.0,19,12,125.0,0,5,8,3,12.33333333,0,0,5,7,4,12.0,0,0.6,2,0.375,0.0
3088,3,140.0,37,38,160.0,0,8,8,7,15.94285714,0,0,8,8,7,15.94285714,0,0.875,1,0.875,0.0
3089,1,150.0,37,37,150.0,0,5,0,0,0.0,0,0,5,0,0,0.0,0,0.0,5,0.0,0.0
3090,1,123.0,37,37,115.0,0,6,10,4,10.25,0,0,6,8,6,10.71428571,0,0.6666666666666666,2,0.4,0.0
3091,1,128.0,38,38,128.4,0,6,10,5,13.2,0,0,6,12,5,12.83333333,0,0.8333333333333334,1,0.5,0.0
3092,1,100.0,38,19,112.8,0,6,6,6,14.16666667,0,0,6,6,6,12.5,0,1.0,0,1.0,0.0
3093,1,148.0,29,38,131.0,18,23,23,20,14.575,3,18,23,23,20,14.575,3,0.8695652173913043,3,0.8695652173913043,0.13043478260869565
3094,1,130.0,19,19,121.6,0,6,9,1,10.0,1,0,6,6,0,0.0,0,0.16666666666666666,5,0.1111111111111111,0.16666666666666666
3095,1,118.0,19,38,110.0,0,6,7,6,12.28571429,0,0,6,8,6,11.42857143,0,1.0,0,0.8571428571428571,0.0
3096,1,120.0,38,38,148.5,0,6,6,6,14.0,0,0,6,6,6,12.33333333,0,1.0,0,1.0,0.0
3097,1,119.0,38,19,118.3,0,6,8,4,11.25,0,0,6,0,0,0.0,0,0.6666666666666666,2,0.5,0.0
3098,1,138.0,37,37,135.9,0,6,11,5,11.6,0,0,6,11,6,11.66666667,0,0.8333333333333334,1,0.45454545454545453,0.0
3099,1,127.0,19,37,115.8,0,6,12,1,12.0,0,0,6,12,0,0.0,0,0.16666666666666666,5,0.08333333333333333,0.0
3100,1,134.0,38,19,121.2,0,7,10,7,13.47,0,0,8,8,8,13.32625,0,1.0,0,0.7,0.0
3101,1,133.0,1,1,136.2,0,5,6,5,12.4,0,0,5,5,5,12.8,0,1.0,0,0.8333333333333334,0.0
3102,1,133.1,37,37,100.2,0,6,9,3,11.75,0,0,6,11,4,11.5,3,0.5,3,0.3333333333333333,0.0
3103,1,180.0,37,37,152.7,0,0,0,0,0.0,0,0,0,0,0,0.0,0,0.0,0,0.0,0.0
3104,1,129.0,19,19,123.1,0,6,7,6,12.0,0,0,6,7,6,12.42857143,0,1.0,0,0.8571428571428571,0.0
3105,1,120.0,19,19,130.0,0,5,8,5,15.33333333,2,0,5,6,5,15.4,0,1.0,0,0.625,0.4
3106,1,141.0,1,38,125.0,0,8,8,8,12.32,0,0,8,8,8,12.32,0,1.0,0,1.0,0.0
3107,1,118.0,1,19,113.1,0,7,7,7,13.79857143,0,0,8,8,8,14.75625,0,1.0,0,1.0,0.0
3108,1,127.0,38,1,121.1,0,6,6,6,13.16666667,0,0,6,6,6,12.5,0,1.0,0,1.0,0.0
3109,1,177.0,1,38,162.3,0,5,6,5,16.33333333,0,0,5,5,5,15.4,0,1.0,0,0.8333333333333334,0.0
3110,1,132.0,1,1,132.0,0,0,0,0,0.0,0,0,0,0,0,0.0,0,0.0,0,0.0,0.0
3111,1,133.0,4,4,130.7,0,7,7,7,14.75714286,0,0,8,9,8,15.36666667,0,1.0,0,1.0,0.0
3112,1,124.0,1,1,122.3,0,6,7,6,11.66666667,0,0,6,6,6,12.33333333,0,1.0,0,0.8571428571428571,0.0
3113,1,143.0,3,38,144.1,0,6,7,5,12.6,0,0,6,10,5,12.375,0,0.8333333333333334,1,0.7142857142857143,0.0
3114,1,128.0,1,19,118.2,0,6,6,6,11.66666667,0,0,6,6,6,11.5,0,1.0,0,1.0,0.0
3115,1,138.0,19,38,133.5,0,6,6,6,15.0,0,0,6,6,6,13.33333333,0,1.0,0,1.0,0.0
3116,1,144.0,37,37,126.8,0,7,0,0,0.0,0,0,8,0,0,0.0,0,0.0,7,0.0,0.0
3117,1,122.0,19,19,121.0,0,6,7,6,13.57142857,0,0,6,6,6,13.33333333,0,1.0,0,0.8571428571428571,0.0
3118,1,111.0,19,19,117.7,0,6,8,5,10.8,0,0,6,9,4,11.5,0,0.8333333333333334,1,0.625,0.0
3119,1,133.1,38,37,115.0,0,5,8,3,11.33333333,1,0,5,8,3,13.33333333,0,0.6,2,0.375,0.2
3120,2,120.0,37,37,129.2,4,10,16,5,11.4,0,4,10,10,6,12.83333333,0,0.5,5,0.3125,0.0
3121,1,135.0,37,38,125.8,0,7,14,7,10.64285714,0,0,8,8,8,11.55,0,1.0,0,0.5,0.0
3122,1,125.0,19,30,118.4,0,5,8,3,10.5,0,0,5,6,4,11.75,1,0.6,2,0.375,0.0
3123,1,147.0,38,38,142.0,0,7,7,6,14.65,0,0,7,7,6,14.65,0,0.8571428571428571,1,0.8571428571428571,0.0
3124,1,137.0,19,37,126.7,0,7,7,7,13.71428571,0,0,8,11,8,14.86363636,0,1.0,0,1.0,0.0
3125,1,117.0,34,34,109.3,9,16,19,15,12.26666667,0,11,13,14,13,12.07142857,0,0.9375,1,0.7894736842105263,0.0
3126,1,126.0,37,19,116.9,0,6,11,6,10.375,0,0,6,12,3,11.66666667,0,1.0,0,0.5454545454545454,0.0
3127,1,128.0,19,19,121.7,0,5,8,5,11.0,0,0,5,6,5,15.4,0,1.0,0,0.625,0.0
3128,1,115.0,1,37,117.1,0,5,5,5,13.8,0,0,5,5,5,13.0,0,1.0,0,1.0,0.0
3129,1,121.0,1,38,114.4,0,6,6,6,12.66666667,0,0,6,6,6,12.83333333,0,1.0,0,1.0,0.0
3130,1,134.0,3,1,133.0,0,6,8,6,11.75,0,0,6,10,5,12.0,0,1.0,0,0.75,0.0
3131,1,126.0,38,38,118.8,0,8,8,7,12.78571429,0,0,8,8,7,12.78571429,0,0.875,1,0.875,0.0
3132,1,151.0,3,1,151.0,0,6,11,6,14.44444444,0,0,6,6,6,13.33333333,0,1.0,0,0.5454545454545454,0.0
3133,1,122.0,1,1,119.6,0,7,8,6,13.25,0,0,8,8,8,13.8375,0,0.8571428571428571,1,0.75,0.0
3134,1,141.0,2,38,135.4,0,7,9,7,12.50625,0,0,8,15,5,13.2,0,1.0,0,0.7777777777777778,0.0
3135,1,138.0,1,40,149.9,0,0,0,0,0.0,0,0,0,0,0,0.0,0,0.0,0,0.0,0.0
3136,1,133.0,38,37,120.1,0,5,8,4,12.75,1,0,5,10,4,11.75,0,0.8,1,0.5,0.2
3137,3,150.0,2,3,173.3,1,6,7,6,16.85714286,0,1,6,6,6,16.5,0,1.0,0,0.8571428571428571,0.0
3138,1,136.0,19,19,126.2,0,6,6,6,13.16666667,0,0,6,6,6,15.0,0,1.0,0,1.0,0.0
3139,1,129.0,19,38,126.9,0,6,9,5,12.2,0,0,6,10,4,11.5,0,0.8333333333333334,1,0.5555555555555556,0.0
3140,1,128.0,19,1,157.4,0,6,7,6,16.5,0,0,6,8,6,14.28571429,0,1.0,0,0.8571428571428571,0.0
3141,1,131.0,1,19,120.2,0,5,10,4,11.75,0,0,5,6,5,11.6,0,0.8,1,0.4,0.0
3142,1,130.0,38,38,124.8,0,5,14,1,11.0,0,0,5,6,0,0.0,0,0.2,4,0.07142857142857142,0.0
3143,1,150.0,37,37,130.3,0,8,8,7,15.11428571,0,0,8,8,7,15.11428571,0,0.875,1,0.875,0.0
3144,1,165.0,37,38,152.4,0,6,8,6,15.5,0,0,6,7,6,14.28571429,0,1.0,0,0.75,0.0
3145,1,133.1,37,37,113.5,3,10,12,7,11.14285714,0,4,10,10,8,12.0,0,0.7,3,0.5833333333333334,0.0
3146,1,126.0,3,1,125.7,0,6,6,6,11.33333333,0,0,6,8,6,11.33333333,0,1.0,0,1.0,0.0
3147,1,101.0,1,1,102.4,0,7,9,5,12.04,0,0,7,9,6,11.77142857,0,0.7142857142857143,2,0.5555555555555556,0.0
3148,1,125.0,38,19,125.7,0,5,7,5,11.16666667,0,0,5,9,4,10.75,0,1.0,0,0.7142857142857143,0.0
3149,1,100.0,37,37,120.0,0,5,6,5,10.6,0,0,5,7,4,10.75,0,1.0,0,0.8333333333333334,0.0
3150,1,117.0,1,1,109.3,0,5,10,4,12.5,0,0,5,12,2,13.0,0,0.8,1,0.4,0.0
3151,1,159.0,3,1,162.2,0,0,0,0,0.0,0,0,0,0,0,0.0,0,0.0,0,0.0,0.0
3152,1,177.0,2,1,155.7,0,6,6,6,15.66666667,0,0,6,6,6,13.83333333,0,1.0,0,1.0,0.0
3153,1,156.0,3,3,147.7,6,12,12,12,15.33333333,0,4,11,15,11,15.0,0,1.0,0,1.0,0.0
3154,1,125.0,1,1,115.6,0,7,9,6,12.18333333,0,0,7,9,6,11.78333333,0,0.8571428571428571,1,0.6666666666666666,0.0
3155,1,130.0,37,37,117.8,0,5,8,2,10.0,0,0,5,9,3,11.33333333,0,0.4,3,0.25,0.0
3156,1,125.0,1,38,125.0,9,14,23,9,12.0,2,6,12,21,8,11.25,0,0.6428571428571429,5,0.391304347826087,0.14285714285714285
3157,1,127.0,19,19,129.8,0,5,8,3,10.33333333,0,0,5,11,2,10.0,0,0.6,2,0.375,0.0
3158,1,121.0,1,1,123.1,0,6,11,6,11.16666667,0,0,6,14,3,14.66666667,0,1.0,0,0.5454545454545454,0.0
3159,1,135.0,19,19,122.8,0,6,8,3,11.0,0,0,6,8,2,11.33333333,0,0.5,3,0.375,0.0
3160,1,125.0,38,19,117.3,0,0,0,0,0.0,0,0,0,0,0,0.0,0,0.0,0,0.0,0.0
3161,1,138.0,1,1,126.5,0,6,7,6,12.85714286,0,0,6,8,5,11.8,0,1.0,0,0.8571428571428571,0.0
3162,1,136.0,19,38,123.0,0,8,8,7,14.32857143,0,0,8,8,7,14.32857143,0,0.875,1,0.875,0.0
3163,1,142.0,1,38,127.7,0,6,7,6,15.0,0,0,6,6,6,16.33333333,0,1.0,0,0.8571428571428571,0.0
3164,1,129.0,19,37,117.5,0,5,9,5,13.6,1,0,5,5,5,12.4,0,1.0,0,0.5555555555555556,0.2
3165,1,134.0,1,1,128.4,0,5,12,5,12.85714286,2,0,5,8,4,13.25,0,1.0,0,0.4166666666666667,0.4
3166,1,123.0,3,1,124.1,0,6,7,2,14.5,0,0,6,6,1,10.0,0,0.3333333333333333,4,0.2857142857142857,0.0
3167,1,150.0,19,38,140.9,0,5,7,3,10.66666667,0,0,5,7,3,10.5,0,0.6,2,0.42857142857142855,0.0
3168,1,129.0,1,1,126.2,0,6,7,6,13.42857143,0,0,6,8,6,11.33333333,0,1.0,0,0.8571428571428571,0.0
3169,1,134.0,1,37,120.5,0,7,12,7,11.71666667,0,0,8,13,4,10.868,0,1.0,0,0.5833333333333334,0.0
3170,1,127.0,1,37,121.1,0,5,11,4,12.0,0,0,5,5,5,12.8,0,0.8,1,0.36363636363636365,0.0
3171,1,123.0,1,3,123.7,0,6,11,5,13.2,0,0,6,8,4,10.75,0,0.8333333333333334,1,0.45454545454545453,0.0
3172,1,127.0,12,38,116.9,0,6,7,5,12.2,0,0,6,10,4,12.25,0,0.8333333333333334,1,0.7142857142857143,0.0
3173,1,133.1,38,19,100.0,0,7,11,5,12.58,0,0,7,9,6,12.15714286,0,0.7142857142857143,2,0.45454545454545453,0.0
3174,1,131.0,19,37,120.2,0,6,9,5,11.33333333,0,0,6,6,6,10.83333333,0,0.8333333333333334,1,0.5555555555555556,0.0
3175,1,120.0,38,1,153.8,0,7,9,0,0.0,0,0,7,8,0,0.0,0,0.0,7,0.0,0.0
3176,1,133.0,19,19,120.1,0,7,9,6,12.42857143,0,0,8,8,8,14.0,0,0.8571428571428571,1,0.6666666666666666,0.0
3177,1,133.0,38,38,128.1,0,6,6,6,13.0,0,0,6,6,6,13.0,0,1.0,0,1.0,0.0
3178,1,143.0,3,19,126.8,0,8,8,7,14.53571429,0,0,8,8,7,14.53571429,0,0.875,1,0.875,0.0
3179,1,140.0,19,38,125.7,0,7,8,5,11.2,0,0,7,8,5,11.2,0,0.7142857142857143,2,0.625,0.0
3180,1,157.0,3,3,146.2,0,6,6,6,16.0,0,0,6,6,6,13.66666667,0,1.0,0,1.0,0.0
3181,19,133.1,19,3,140.0,0,6,13,5,13.14285714,0,0,6,15,3,12.66666667,0,0.8333333333333334,1,0.38461538461538464,0.0
3182,1,145.0,34,34,134.5,8,14,23,11,11.6875,0,6,10,20,8,11.14285714,0,0.7857142857142857,3,0.4782608695652174,0.0
3183,1,130.0,37,3,137.0,0,5,11,4,10.5,0,0,5,12,4,11.0,4,0.8,1,0.36363636363636365,0.0
3184,1,111.0,1,38,107.5,0,6,9,6,13.83333333,0,0,6,12,5,13.66666667,0,1.0,0,0.6666666666666666,0.0
3185,1,116.0,19,1,112.2,0,5,0,0,0.0,0,0,5,0,0,0.0,0,0.0,5,0.0,0.0
3186,10,133.1,12,36,128.2,0,5,13,0,0.0,3,0,5,5,0,0.0,5,0.0,5,0.0,0.6
3187,1,135.0,19,19,126.8,0,7,9,0,0.0,0,0,7,8,0,0.0,0,0.0,7,0.0,0.0
3188,1,145.0,19,38,132.1,0,5,10,1,10.0,0,0,5,5,0,0.0,0,0.2,4,0.1,0.0
3189,1,118.0,37,37,110.0,0,0,0,0,0.0,0,0,0,0,0,0.0,0,0.0,0,0.0,0.0
3190,1,130.0,19,19,100.0,0,6,9,0,0.0,0,0,6,6,0,0.0,0,0.0,6,0.0,0.0
3191,1,115.0,19,37,114.3,0,6,7,4,12.6,0,0,6,6,4,13.0,0,0.6666666666666666,2,0.5714285714285714,0.0
3192,1,122.0,1,38,116.4,0,5,10,3,11.25,0,0,5,9,3,11.0,0,0.6,2,0.3,0.0
3193,1,120.0,3,2,116.9,6,7,13,7,12.375,0,4,7,8,4,11.25,0,1.0,0,0.5384615384615384,0.0
3194,1,120.0,38,3,128.2,3,10,15,7,10.71428571,0,3,10,11,9,12.55555556,0,0.7,3,0.4666666666666667,0.0
3195,1,120.0,1,1,127.0,0,6,6,0,0.0,0,0,6,0,0,0.0,0,0.0,6,0.0,0.0
3196,1,140.0,1,3,140.0,0,6,14,5,12.0,0,0,6,12,5,12.14285714,0,0.8333333333333334,1,0.35714285714285715,0.0
3197,1,127.0,1,19,120.0,0,5,6,5,12.6,0,0,5,8,3,12.66666667,0,1.0,0,0.8333333333333334,0.0
3198,3,110.0,19,19,110.0,0,6,7,0,0.0,0,0,6,6,0,0.0,0,0.0,6,0.0,0.0
3199,1,148.0,1,1,127.0,0,8,8,7,12.84142857,0,0,8,8,7,12.84142857,0,0.875,1,0.875,0.0
3200,42,170.0,19,38,159.5,0,6,6,0,0.0,0,0,5,5,0,0.0,0,0.0,6,0.0,0.0
3201,1,146.0,1,3,135.2,0,6,7,6,14.16666667,0,0,6,6,6,12.83333333,0,1.0,0,0.8571428571428571,0.0
3202,1,127.0,5,3,122.8,0,6,7,6,12.16666667,0,0,6,9,3,12.0,0,1.0,0,0.8571428571428571,0.0
3203,1,125.0,3,3,118.0,0,6,12,4,10.8,0,0,6,14,3,11.0,0,0.6666666666666666,2,0.3333333333333333,0.0
3204,1,139.0,38,1,123.6,0,6,6,6,13.0,0,0,6,12,0,0.0,0,1.0,0,1.0,0.0
3205,1,133.1,37,37,111.0,0,5,0,0,0.0,0,0,5,0,0,0.0,0,0.0,5,0.0,0.0
3206,1,146.0,5,1,144.6,0,5,5,5,13.0,0,0,5,6,5,13.33333333,0,1.0,0,1.0,0.0
3207,1,109.0,2,3,111.8,0,6,8,6,11.57142857,0,0,6,9,6,11.57142857,0,1.0,0,0.75,0.0
3208,1,135.0,1,38,122.1,0,6,6,4,11.5,0,0,6,6,5,11.0,0,0.6666666666666666,2,0.6666666666666666,0.0
3209,1,122.0,38,19,119.9,0,6,8,5,11.0,0,0,6,6,4,10.75,0,0.8333333333333334,1,0.625,0.0
3210,3,130.0,3,3,130.0,1,6,10,6,17.11111111,0,2,6,9,6,15.57142857,0,1.0,0,0.6,0.0
3211,1,124.0,2,2,118.4,0,0,0,0,0.0,0,0,0,0,0,0.0,0,0.0,0,0.0,0.0
3212,1,115.0,3,2,112.6,0,6,9,6,12.57142857,0,0,6,6,6,12.16666667,0,1.0,0,0.6666666666666666,0.0
3213,39,150.0,3,19,150.0,0,6,6,0,0.0,0,0,6,8,0,0.0,0,0.0,6,0.0,0.0
3214,1,170.0,3,3,165.8,0,6,7,6,14.5,0,0,6,6,6,15.16666667,0,1.0,0,0.8571428571428571,0.0
3215,1,102.0,3,1,101.7,0,6,6,6,13.5,0,0,6,6,6,12.33333333,0,1.0,0,1.0,0.0
3216,1,140.0,3,3,124.3,0,6,9,5,11.2,0,0,6,14,2,10.0,0,0.8333333333333334,1,0.5555555555555556,0.0
3217,1,135.0,37,37,122.1,0,5,10,3,10.66666667,0,0,5,5,4,12.25,0,0.6,2,0.3,0.0
3218,1,148.0,37,37,134.7,9,13,15,9,11.0,0,4,11,12,7,11.57142857,0,0.6923076923076923,4,0.6,0.0
3219,1,140.0,1,37,154.5,0,1,2,0,0.0,0,0,5,8,0,0.0,0,0.0,1,0.0,0.0
3220,1,147.0,37,37,128.8,0,5,5,1,10.0,0,0,5,5,0,0.0,0,0.2,4,0.2,0.0
3221,1,140.0,37,38,106.0,0,7,14,5,12.36,0,1,8,15,5,12.0,0,0.7142857142857143,2,0.35714285714285715,0.0
3222,1,157.0,19,38,146.2,0,6,8,6,15.25,0,0,6,7,6,14.71428571,0,1.0,0,0.75,0.0
3223,1,120.0,38,3,116.9,0,5,5,0,0.0,0,0,5,6,0,0.0,0,0.0,5,0.0,0.0
3224,12,133.1,19,37,118.2,0,5,8,1,13.0,2,0,5,9,4,12.25,0,0.2,4,0.125,0.4
3225,1,140.0,37,37,105.7,0,8,8,8,13.81375,0,0,8,8,8,13.81375,0,1.0,0,1.0,0.0
3226,1,130.0,19,38,126.9,0,6,8,6,13.28571429,0,0,6,13,6,12.875,0,1.0,0,0.75,0.0
3227,39,150.0,19,38,150.0,0,6,11,4,11.5,0,0,6,12,4,12.2,0,0.6666666666666666,2,0.36363636363636365,0.0
3228,1,115.0,38,38,108.4,0,7,8,7,11.9625,0,0,8,9,8,13.04444444,0,1.0,0,0.875,0.0
3229,1,118.0,38,38,114.2,0,7,9,6,13.68333333,0,0,8,11,6,13.11666667,0,0.8571428571428571,1,0.6666666666666666,0.0
3230,1,130.0,38,1,140.0,0,8,8,7,14.98571429,0,0,8,8,7,14.98571429,0,0.875,1,0.875,0.0
3231,1,130.0,37,37,142.5,0,5,8,4,11.25,0,0,5,8,4,11.5,0,0.8,1,0.5,0.0
3232,1,130.0,19,38,126.5,0,6,8,4,12.5,0,0,6,6,5,12.6,0,0.6666666666666666,2,0.5,0.0
3233,1,120.0,37,38,111.3,0,6,0,0,0.0,0,0,6,0,0,0.0,0,0.0,6,0.0,0.0
3234,1,130.0,1,1,125.1,0,7,10,7,13.78,0,0,8,10,8,13.661,0,1.0,0,0.7,0.0
3235,1,141.0,37,37,126.3,0,7,10,7,13.805,0,0,8,8,8,14.2725,0,1.0,0,0.7,0.0
3236,1,138.0,1,19,142.2,0,5,7,5,13.8,0,0,5,5,5,12.6,0,1.0,0,0.7142857142857143,0.0
3237,1,113.0,37,19,110.2,0,5,7,3,12.66666667,0,0,5,6,4,12.0,0,0.6,2,0.42857142857142855,0.0
3238,1,135.0,1,1,127.0,0,7,7,7,14.42428571,0,0,8,8,8,13.9375,0,1.0,0,1.0,0.0
3239,1,137.0,3,1,128.6,0,6,7,6,13.16666667,0,0,6,6,6,12.5,0,1.0,0,0.8571428571428571,0.0
3240,1,133.1,37,37,130.4,0,5,10,3,10.66666667,0,0,5,8,5,10.4,0,0.6,2,0.3,0.0
3241,12,100.0,37,37,134.4,9,16,20,14,12.07142857,1,11,13,13,11,12.27272727,0,0.875,2,0.7,0.0625
3242,19,133.1,37,37,100.0,0,6,10,3,10.25,0,0,6,7,1,12.0,0,0.5,3,0.3,0.0
3243,1,142.0,37,19,133.0,0,8,8,8,14.11,0,0,8,8,8,14.11,0,1.0,0,1.0,0.0
3244,1,140.0,38,38,126.7,0,6,9,5,12.4,0,0,6,10,3,10.66666667,0,0.8333333333333334,1,0.5555555555555556,0.0
3245,1,129.0,1,1,129.0,0,6,7,6,12.0,0,0,6,6,6,12.0,0,1.0,0,0.8571428571428571,0.0
3246,1,141.0,2,3,133.7,0,6,6,6,14.83333333,0,0,6,6,6,13.5,0,1.0,0,1.0,0.0
3247,1,118.0,1,38,122.2,0,6,7,6,15.42857143,0,0,6,7,6,13.5,0,1.0,0,0.8571428571428571,0.0
3248,1,131.0,37,38,128.9,0,5,7,5,11.6,0,0,5,11,5,11.4,4,1.0,0,0.7142857142857143,0.0
3249,1,161.0,38,37,154.4,0,6,6,6,14.16666667,0,0,6,6,6,14.0,0,1.0,0,1.0,0.0
3250,2,130.0,37,37,130.0,0,7,9,1,9.8,0,0,7,7,0,0.0,0,0.14285714285714285,6,0.1111111111111111,0.0
3251,1,121.0,38,37,113.0,0,5,12,4,10.71428571,0,0,5,9,4,11.0,0,0.8,1,0.3333333333333333,0.0
3252,6,133.1,1,29,123.3,0,5,7,0,0.0,0,0,5,5,0,0.0,0,0.0,5,0.0,0.0
3253,39,130.0,1,3,130.0,1,6,13,3,12.33333333,0,1,6,12,1,13.0,0,0.5,3,0.23076923076923078,0.0
3254,1,133.1,3,3,101.3,0,6,13,6,13.0,0,0,6,15,6,12.25,0,1.0,0,0.46153846153846156,0.0
3255,1,120.0,1,14,113.7,0,5,7,4,11.4,0,0,5,5,4,11.25,0,0.8,1,0.5714285714285714,0.0
3256,1,140.0,38,38,138.8,0,7,7,6,12.76666667,0,0,7,7,6,12.76666667,0,0.8571428571428571,1,0.8571428571428571,0.0
3257,19,133.1,37,19,140.0,0,6,11,5,12.6,0,0,6,6,6,12.66666667,0,0.8333333333333334,1,0.45454545454545453,0.0
3258,39,130.0,19,1,130.0,4,7,8,7,13.0,0,2,5,5,5,13.4,0,1.0,0,0.875,0.0
3259,1,140.0,37,37,132.5,0,7,7,6,14.31666667,0,0,7,7,6,14.31666667,0,0.8571428571428571,1,0.8571428571428571,0.0
3260,1,124.0,2,1,117.4,0,5,7,4,12.75,0,0,5,5,5,12.0,0,0.8,1,0.5714285714285714,0.0
3261,1,115.0,1,38,109.8,0,5,5,5,13.4,0,0,5,5,5,12.6,0,1.0,0,1.0,0.0
3262,1,100.0,12,5,116.5,0,6,6,0,0.0,0,0,5,5,0,0.0,0,0.0,6,0.0,0.0
3263,1,162.0,37,1,165.2,0,5,6,4,15.75,0,0,5,5,5,13.8,0,0.8,1,0.6666666666666666,0.0
3264,1,121.0,19,19,113.0,0,6,9,5,12.4,0,0,6,11,1,11.0,0,0.8333333333333334,1,0.5555555555555556,0.0
3265,1,125.0,1,38,123.3,0,6,8,6,11.5,0,0,6,7,6,12.33333333,0,1.0,0,0.75,0.0
3266,1,123.0,3,1,116.7,0,5,5,5,13.4,0,0,5,5,5,14.0,0,1.0,0,1.0,0.0
3267,39,140.0,38,19,110.0,0,5,9,3,11.66666667,0,0,5,7,5,11.8,0,0.6,2,0.3333333333333333,0.0
3268,1,133.1,37,38,118.9,0,7,0,0,0.0,0,0,8,0,0,0.0,0,0.0,7,0.0,0.0
3269,1,120.0,34,34,103.6,4,8,11,7,13.28571429,0,4,7,13,5,11.6,0,0.875,1,0.6363636363636364,0.0
3270,1,136.0,37,37,122.7,0,6,10,4,11.5,0,0,6,16,2,10.5,0,0.6666666666666666,2,0.4,0.0
3271,1,133.1,38,38,113.5,3,9,11,8,13.25,0,2,7,8,7,11.71428571,0,0.8888888888888888,1,0.7272727272727273,0.0
3272,1,110.0,37,37,128.2,8,14,24,11,12.25,3,5,10,12,10,13.4,0,0.7857142857142857,3,0.4583333333333333,0.21428571428571427
3273,1,120.0,37,37,120.0,0,7,8,6,12.0,0,0,7,8,6,12.0,0,0.8571428571428571,1,0.75,0.0
3274,19,133.1,37,37,130.0,0,6,10,1,12.0,0,0,6,6,0,0.0,0,0.16666666666666666,5,0.1,0.0
3275,40,110.0,37,37,110.0,10,15,15,13,10.92307692,0,5,10,10,7,11.14285714,0,0.8666666666666667,2,0.8666666666666667,0.0
3276,1,130.0,19,19,117.7,10,12,12,10,12.0,0,5,10,11,5,11.0,0,0.8333333333333334,2,0.8333333333333334,0.0
3277,1,102.0,38,38,99.6,0,5,10,5,13.71428571,0,0,5,7,5,14.4,0,1.0,0,0.5,0.0
3278,1,127.0,3,37,117.9,0,5,8,1,10.0,0,0,5,8,2,13.0,0,0.2,4,0.125,0.0
3279,1,133.1,37,37,113.0,0,6,18,2,10.33333333,0,0,6,7,6,11.5,0,0.3333333333333333,4,0.1111111111111111,0.0
3280,1,137.0,1,1,124.4,0,7,8,7,12.72857143,0,0,8,8,8,14.625,0,1.0,0,0.875,0.0
3281,3,130.0,35,35,140.0,10,15,22,12,13.33333333,0,8,8,8,8,12.875,0,0.8,3,0.5454545454545454,0.0
3282,42,130.0,19,19,132.4,6,11,20,9,12.22222222,0,3,9,16,9,11.6,0,0.8181818181818182,2,0.45,0.0
3283,1,131.0,38,36,124.0,0,6,7,6,11.33333333,0,0,6,9,6,10.83333333,0,1.0,0,0.8571428571428571,0.0
3284,1,162.0,37,37,132.0,0,5,8,4,11.0,0,0,5,7,4,12.0,0,0.8,1,0.5,0.0
3285,1,140.0,37,37,149.8,0,5,5,5,13.8,0,0,5,6,5,13.8,0,1.0,0,1.0,0.0
3286,43,160.0,38,19,160.0,0,7,16,1,12.0,0,0,7,13,0,0.0,1,0.14285714285714285,6,0.0625,0.0
3287,1,117.0,38,19,114.6,0,6,9,4,11.25,0,0,6,11,3,10.16666667,0,0.6666666666666666,2,0.4444444444444444,0.0
3288,1,150.0,1,37,120.0,0,5,6,4,10.5,0,0,5,6,5,12.0,0,0.8,1,0.6666666666666666,0.0
3289,19,133.1,37,37,100.0,17,18,20,18,11.55555556,0,11,13,13,13,11.61538462,0,1.0,0,0.9,0.0
3290,1,125.0,1,1,128.5,0,6,13,1,14.0,0,0,6,7,0,0.0,0,0.16666666666666666,5,0.07692307692307693,0.0
3291,1,130.0,37,37,113.0,0,6,17,1,13.0,0,0,6,8,0,0.0,0,0.16666666666666666,5,0.058823529411764705,0.0
3292,1,170.0,37,37,150.8,0,6,13,2,11.0,0,0,6,14,1,11.0,0,0.3333333333333333,4,0.15384615384615385,0.0
3293,1,132.0,19,3,130.8,0,8,8,7,13.68142857,0,0,8,8,7,13.68142857,0,0.875,1,0.875,0.0
3294,1,133.1,38,19,114.5,0,7,11,6,12.1,0,0,7,7,6,12.61666667,0,0.8571428571428571,1,0.5454545454545454,0.0
3295,1,120.0,19,1,114.8,0,6,8,4,10.5,0,0,6,8,4,11.25,0,0.6666666666666666,2,0.5,0.0
3296,1,126.0,37,37,126.2,0,7,10,5,11.94,0,0,7,8,6,12.8,0,0.7142857142857143,2,0.5,0.0
3297,1,130.0,19,19,129.0,0,7,11,4,12.86,0,0,7,10,5,11.56666667,0,0.5714285714285714,3,0.36363636363636365,0.0
3298,1,133.1,1,38,110.5,0,6,10,6,14.25,0,0,6,7,6,14.0,0,1.0,0,0.6,0.0
3299,1,141.0,38,19,132.5,0,7,0,0,0.0,0,0,8,0,0,0.0,0,0.0,7,0.0,0.0
3300,1,138.0,19,19,130.7,0,0,0,0,0.0,0,0,0,0,0,0.0,0,0.0,0,0.0,0.0
3301,1,130.0,19,1,130.4,0,7,7,7,13.89428571,0,0,8,8,8,14.3625,0,1.0,0,1.0,0.0
3302,1,128.0,37,37,124.3,0,7,8,7,13.46875,0,0,8,8,8,13.31375,0,1.0,0,0.875,0.0
3303,1,135.0,38,37,132.6,0,5,5,5,13.6,0,0,5,5,5,14.6,0,1.0,0,1.0,0.0
3304,39,150.0,1,37,146.7,3,6,6,6,14.66666667,0,2,6,6,6,13.83333333,0,1.0,0,1.0,0.0
3305,1,135.0,1,1,130.1,0,6,6,6,13.66666667,0,0,6,7,6,13.0,0,1.0,0,1.0,0.0
3306,3,120.0,38,37,120.0,9,12,22,10,13.3,0,9,11,11,11,13.72727273,0,0.8333333333333334,2,0.45454545454545453,0.0
3307,3,120.0,19,37,121.3,7,11,13,11,13.45454545,0,5,11,13,7,12.42857143,0,1.0,0,0.8461538461538461,0.0
3308,1,140.0,19,19,133.3,0,8,8,8,13.41625,0,0,8,8,8,13.41625,0,1.0,0,1.0,0.0
3309,1,140.0,19,19,110.5,0,7,0,0,0.0,0,0,8,0,0,0.0,0,0.0,7,0.0,0.0
3310,1,140.0,19,19,102.5,0,6,6,6,11.33333333,0,0,6,8,5,13.0,0,1.0,0,1.0,0.0
3311,1,156.0,40,40,150.9,0,6,8,6,16.0,0,0,6,10,6,14.625,0,1.0,0,0.75,0.0
3312,12,133.1,37,19,106.6,2,6,8,5,11.0,0,4,6,12,6,10.16666667,0,0.8333333333333334,1,0.625,0.0
3313,1,120.0,1,1,118.3,0,6,8,6,12.85714286,0,0,6,9,5,12.4,0,1.0,0,0.75,0.0
3314,1,100.0,3,19,117.9,0,5,5,0,0.0,0,0,5,6,0,0.0,0,0.0,5,0.0,0.0
3315,1,120.0,37,19,135.0,0,5,5,5,14.8,0,0,5,5,5,14.2,0,1.0,0,1.0,0.0
3316,3,120.0,19,19,120.0,1,5,7,1,13.0,0,2,5,5,2,14.0,0,0.2,4,0.14285714285714285,0.0
3317,1,172.0,1,1,167.1,0,0,0,0,0.0,0,0,0,0,0,0.0,0,0.0,0,0.0,0.0
3318,1,120.0,37,37,115.8,4,9,14,4,10.0,0,1,6,6,1,10.0,0,0.4444444444444444,5,0.2857142857142857,0.0
3319,1,137.0,1,1,141.2,0,6,11,5,11.2,0,0,6,7,6,12.0,0,0.8333333333333334,1,0.45454545454545453,0.0
3320,1,117.0,1,37,118.4,0,6,8,6,11.83333333,0,0,6,11,3,13.0,0,1.0,0,0.75,0.0
3321,1,142.0,38,37,134.3,0,5,0,0,0.0,0,0,5,0,0,0.0,0,0.0,5,0.0,0.0
3322,1,135.0,19,1,128.7,0,5,8,2,10.5,0,0,5,10,0,0.0,0,0.4,3,0.25,0.0
3323,1,115.0,3,1,116.1,0,5,8,5,12.5,0,0,5,7,5,13.57142857,0,1.0,0,0.625,0.0
3324,1,110.0,12,3,100.0,0,0,0,0,0.0,0,0,0,0,0,0.0,0,0.0,0,0.0,0.0
3325,1,123.0,1,3,118.8,4,10,10,5,11.0,0,2,7,8,2,10.0,0,0.5,5,0.5,0.0
3326,1,140.0,37,37,130.0,6,10,14,9,12.33333333,0,7,10,12,8,12.0,0,0.9,1,0.6428571428571429,0.0
3327,39,150.0,1,3,150.0,0,6,9,0,0.0,0,0,6,8,1,10.0,1,0.0,6,0.0,0.0
3328,1,120.0,37,37,116.0,0,5,14,1,17.0,0,0,5,10,2,11.0,0,0.2,4,0.07142857142857142,0.0
3329,1,110.0,1,1,99.0,0,5,5,5,11.0,0,0,5,11,3,11.42857143,0,1.0,0,1.0,0.0
3330,1,133.0,1,19,132.0,0,6,11,5,11.14285714,0,0,6,9,6,11.57142857,0,0.8333333333333334,1,0.45454545454545453,0.0
3331,1,110.0,12,19,125.0,3,8,19,5,12.16666667,0,3,7,12,5,12.0,0,0.625,3,0.2631578947368421,0.0
3332,1,126.0,1,1,116.2,0,5,9,2,11.0,0,0,5,8,2,11.5,2,0.4,3,0.2222222222222222,0.0
3333,19,133.1,34,34,100.0,0,5,8,1,11.0,0,0,5,6,3,10.66666667,1,0.2,4,0.125,0.0
3334,1,136.0,38,38,132.9,0,6,10,4,13.25,0,0,6,13,5,11.8,0,0.6666666666666666,2,0.4,0.0
3335,1,129.0,3,1,132.5,0,6,7,0,0.0,0,0,6,11,1,10.0,0,0.0,6,0.0,0.0
3336,39,140.0,19,19,140.0,0,6,17,2,12.5,0,0,6,10,0,0.0,0,0.3333333333333333,4,0.11764705882352941,0.0
3337,1,160.0,34,34,100.1,6,10,10,7,12.14285714,0,4,9,9,4,12.25,0,0.7,3,0.7,0.0
3338,1,133.1,37,36,128.2,0,5,8,3,12.0,0,0,5,10,3,11.33333333,0,0.6,2,0.375,0.0
3339,1,140.0,1,1,133.4,0,6,6,4,11.25,0,0,6,9,4,10.42857143,0,0.6666666666666666,2,0.6666666666666666,0.0
3340,1,142.0,34,1,136.1,0,4,8,0,0.0,1,0,6,0,0,0.0,0,0.0,4,0.0,0.25
3341,1,138.0,1,1,123.0,0,6,7,5,12.4,0,0,6,8,4,13.0,0,0.8333333333333334,1,0.7142857142857143,0.0
3342,1,131.0,3,19,130.3,0,6,6,6,12.83333333,0,0,6,8,6,12.66666667,2,1.0,0,1.0,0.0
3343,1,160.0,37,37,153.7,0,5,7,1,13.0,0,0,5,7,2,10.0,0,0.2,4,0.14285714285714285,0.0
3344,1,110.0,40,1,142.5,5,7,7,5,12.0,0,3,7,7,3,11.66666667,0,0.7142857142857143,2,0.7142857142857143,0.0
3345,1,124.0,37,38,114.6,0,6,13,2,12.0,0,0,6,12,1,13.0,0,0.3333333333333333,4,0.15384615384615385,0.0
3346,1,120.0,37,37,108.5,0,7,18,0,0.0,0,0,7,7,0,0.0,0,0.0,7,0.0,0.0
3347,12,133.1,37,37,140.0,0,5,0,0,0.0,0,0,5,0,0,0.0,0,0.0,5,0.0,0.0
3348,1,133.1,38,37,120.0,0,6,10,6,11.375,0,0,6,10,5,11.6,0,1.0,0,0.6,0.0
3349,19,133.1,2,1,120.0,1,6,15,2,12.0,0,0,6,7,0,0.0,0,0.3333333333333333,4,0.13333333333333333,0.0
3350,1,123.0,3,1,127.6,0,6,6,6,11.83333333,0,0,6,6,6,11.66666667,0,1.0,0,1.0,0.0
3351,39,140.0,37,37,140.0,0,6,17,1,12.0,0,0,6,23,2,10.5,1,0.16666666666666666,5,0.058823529411764705,0.0
3352,1,138.7,1,12,111.3,1,6,7,3,12.0,0,2,6,7,2,11.0,0,0.5,3,0.42857142857142855,0.0
3353,1,131.0,38,1,131.0,0,6,7,6,12.71428571,0,0,6,8,5,11.83333333,0,1.0,0,0.8571428571428571,0.0
3354,1,149.0,38,37,139.5,0,8,8,8,15.3,0,0,8,8,8,15.3,0,1.0,0,1.0,0.0
3355,19,133.1,38,19,110.0,2,8,12,2,11.5,2,0,7,9,0,0.0,0,0.25,6,0.16666666666666666,0.25
3356,39,130.0,3,19,130.0,0,5,12,1,13.0,0,0,5,8,3,12.6,0,0.2,4,0.08333333333333333,0.0
3357,1,120.0,3,3,115.0,0,6,12,0,0.0,0,0,6,10,0,0.0,0,0.0,6,0.0,0.0
3358,1,133.1,1,19,154.3,0,7,0,0,0.0,0,0,8,0,0,0.0,0,0.0,7,0.0,0.0
3359,1,143.0,1,37,135.0,0,5,8,4,11.0,0,0,5,8,5,12.0,0,0.8,1,0.5,0.0
3360,1,126.0,1,1,115.2,0,6,7,3,12.66666667,0,0,6,10,5,13.125,0,0.5,3,0.42857142857142855,0.0
3361,1,125.0,19,1,130.6,0,6,6,6,13.5,0,0,6,6,6,14.0,0,1.0,0,1.0,0.0
3362,1,123.0,1,1,117.4,0,5,7,5,12.0,0,0,5,10,5,11.4,0,1.0,0,0.7142857142857143,0.0
3363,2,150.0,3,37,150.0,0,5,6,0,0.0,0,0,5,5,0,0.0,0,0.0,5,0.0,0.0
3364,1,132.0,34,34,131.3,0,6,8,5,11.8,0,0,6,8,4,10.5,0,0.8333333333333334,1,0.625,0.0
3365,1,133.0,34,37,120.4,0,6,12,2,11.5,0,0,6,13,1,13.0,0,0.3333333333333333,4,0.16666666666666666,0.0
3366,1,122.0,37,37,113.6,0,5,11,2,11.5,0,0,5,10,3,12.0,0,0.4,3,0.18181818181818182,0.0
3367,1,137.0,19,38,125.0,0,7,7,6,14.61666667,0,0,7,7,6,14.61666667,0,0.8571428571428571,1,0.8571428571428571,0.0
3368,1,145.0,19,37,132.3,0,8,8,7,14.06,0,0,8,8,7,14.06,0,0.875,1,0.875,0.0
3369,1,150.0,1,1,142.7,0,6,9,4,11.0,0,0,6,12,3,11.33333333,0,0.6666666666666666,2,0.4444444444444444,0.0
3370,3,130.0,37,37,130.0,0,5,0,0,0.0,0,0,5,0,0,0.0,0,0.0,5,0.0,0.0
3371,1,136.0,37,1,120.8,6,14,22,7,12.19230769,5,6,14,22,7,12.19230769,5,0.5,7,0.3181818181818182,0.35714285714285715
3372,1,131.0,1,19,130.3,0,6,6,6,12.83333333,0,0,6,7,6,12.33333333,0,1.0,0,1.0,0.0
3373,1,130.0,37,37,119.9,0,5,8,5,12.875,0,0,5,6,5,11.83333333,0,1.0,0,0.625,0.0
3374,1,108.0,19,38,110.5,0,6,6,6,12.16666667,0,0,6,6,6,12.5,0,1.0,0,1.0,0.0
3375,39,160.0,38,38,160.0,0,6,11,6,13.42857143,0,0,6,12,6,12.85714286,0,1.0,0,0.5454545454545454,0.0
3376,1,113.0,19,37,118.6,0,6,6,6,14.5,0,0,6,8,6,14.66666667,0,1.0,0,1.0,0.0
3377,1,113.0,38,38,112.3,0,7,7,7,12.14285714,0,0,7,7,7,12.85714286,0,1.0,0,1.0,0.0
3378,1,137.0,19,37,124.4,0,5,6,4,11.25,0,0,5,10,3,11.71428571,0,0.8,1,0.6666666666666666,0.0
3379,1,148.0,19,19,125.0,0,7,7,6,13.9,0,0,7,7,6,13.9,0,0.8571428571428571,1,0.8571428571428571,0.0
3380,1,130.0,19,19,105.8,0,7,12,3,13.76666667,0,0,7,11,3,12.06666667,0,0.42857142857142855,4,0.25,0.0
3381,2,133.1,34,34,121.5,13,15,17,13,11.61538462,0,11,14,14,11,12.54545455,0,0.8666666666666667,2,0.7647058823529411,0.0
3382,1,138.0,37,38,134.2,0,6,6,6,15.16666667,0,0,6,7,6,14.14285714,0,1.0,0,1.0,0.0
3383,3,130.0,19,1,130.0,0,5,5,0,0.0,0,0,5,5,0,0.0,0,0.0,5,0.0,0.0
3384,1,127.0,37,37,122.8,0,5,10,2,14.5,1,0,5,9,3,11.33333333,0,0.4,3,0.2,0.2
3385,1,115.0,19,38,108.7,0,6,9,5,10.8,0,0,6,8,6,10.71428571,0,0.8333333333333334,1,0.5555555555555556,0.0
3386,1,147.0,3,1,136.7,0,7,7,7,13.99571429,0,0,8,9,8,14.95555556,0,1.0,0,1.0,0.0
3387,1,132.0,38,38,119.1,0,6,8,6,13.28571429,0,0,6,16,6,11.8,0,1.0,0,0.75,0.0
3388,1,146.0,1,1,151.3,6,12,12,12,12.75,0,4,11,16,11,13.25,0,1.0,0,1.0,0.0
3389,1,109.0,19,37,108.3,0,6,15,2,10.5,0,0,6,8,5,12.4,0,0.3333333333333333,4,0.13333333333333333,0.0
3390,1,133.0,38,38,127.4,0,7,7,7,12.71428571,0,0,7,7,7,12.28571429,0,1.0,0,1.0,0.0
3391,1,124.0,19,19,124.0,0,8,8,8,12.88625,0,0,8,8,8,12.88625,0,1.0,0,1.0,0.0
3392,1,133.1,1,1,155.0,0,6,7,5,13.0,0,0,6,6,6,12.66666667,0,0.8333333333333334,1,0.7142857142857143,0.0
3393,1,121.0,37,38,114.0,0,5,7,5,12.2,0,0,5,6,5,11.2,0,1.0,0,0.7142857142857143,0.0
3394,1,129.0,38,19,118.9,0,5,8,4,12.8,0,0,5,10,3,14.5,0,0.8,1,0.5,0.0
3395,42,160.0,19,37,160.0,7,11,15,11,13.78571429,0,4,9,9,9,13.88888889,0,1.0,0,0.7333333333333333,0.0
3396,1,131.0,3,19,126.1,0,5,5,0,0.0,0,0,5,9,4,13.25,2,0.0,5,0.0,0.0
3397,1,150.0,37,37,136.5,0,8,8,8,14.50125,0,0,8,8,8,14.50125,0,1.0,0,1.0,0.0
3398,1,130.0,1,19,122.3,0,7,7,6,14.35,0,0,7,7,6,14.35,0,0.8571428571428571,1,0.8571428571428571,0.0
3399,1,133.1,38,19,128.0,0,6,6,6,11.5,0,0,6,6,6,12.33333333,0,1.0,0,1.0,0.0
3400,1,154.0,38,38,156.5,0,6,8,6,11.71428571,0,0,6,6,6,14.66666667,0,1.0,0,0.75,0.0
3401,1,126.0,37,19,125.7,0,6,9,6,13.57142857,0,0,6,10,5,13.6,0,1.0,0,0.6666666666666666,0.0
3402,1,150.0,19,38,143.0,0,6,6,5,13.0,0,0,6,6,6,13.66666667,0,0.8333333333333334,1,0.8333333333333334,0.0
3403,1,141.0,19,19,131.9,0,7,8,7,13.56875,0,0,8,8,8,14.02625,0,1.0,0,0.875,0.0
3404,1,134.0,37,37,113.7,1,5,5,5,10.2,0,0,5,9,4,11.25,0,1.0,0,1.0,0.0
3405,1,146.0,3,3,155.1,0,0,0,0,0.0,0,0,0,0,0,0.0,0,0.0,0,0.0,0.0
3406,1,134.0,19,37,121.1,0,6,8,5,12.2,0,0,6,8,5,11.8,0,0.8333333333333334,1,0.625,0.0
3407,1,139.0,1,19,130.3,0,8,8,8,14.15375,0,0,8,8,8,14.15375,0,1.0,0,1.0,0.0
3408,1,136.0,1,1,123.3,0,8,8,0,0.0,8,0,8,8,0,0.0,8,0.0,8,0.0,1.0
3409,1,110.0,19,38,117.4,0,6,7,6,13.83333333,0,0,6,6,6,12.83333333,0,1.0,0,0.8571428571428571,0.0
3410,1,135.0,1,12,140.3,0,6,7,6,13.42857143,0,0,6,6,4,14.0,0,1.0,0,0.8571428571428571,0.0
3411,1,129.0,38,37,120.0,0,8,8,7,12.45428571,0,0,8,8,7,12.45428571,0,0.875,1,0.875,0.0
3412,1,139.0,38,38,133.4,0,5,9,1,11.0,1,0,5,10,0,0.0,0,0.2,4,0.1111111111111111,0.2
3413,1,137.0,1,19,126.7,0,7,0,0,0.0,0,0,8,0,0,0.0,0,0.0,7,0.0,0.0
3414,1,138.0,1,19,129.3,0,7,8,6,13.27166667,0,0,8,11,7,12.94375,0,0.8571428571428571,1,0.75,0.0
3415,1,136.0,3,38,125.7,0,7,8,6,13.54833333,0,0,8,11,6,14.775,0,0.8571428571428571,1,0.75,0.0
3416,1,143.0,3,3,144.8,0,6,6,6,12.16666667,0,0,6,6,6,12.5,0,1.0,0,1.0,0.0
3417,1,133.1,38,19,98.6,0,6,16,2,11.0,0,0,6,12,0,0.0,0,0.3333333333333333,4,0.125,0.0
3418,1,136.0,38,37,126.9,0,7,7,7,13.28571429,0,0,7,7,7,14.42857143,0,1.0,0,1.0,0.0
3419,1,139.0,19,38,146.7,0,6,6,6,13.33333333,0,0,6,7,6,14.0,0,1.0,0,1.0,0.0
3420,1,125.0,1,1,117.0,0,8,8,8,13.2575,0,0,8,8,8,13.2575,0,1.0,0,1.0,0.0
3421,39,130.0,37,38,130.0,0,6,7,0,0.0,0,0,6,7,0,0.0,0,0.0,6,0.0,0.0
3422,1,137.0,1,38,125.8,0,6,10,6,12.66666667,0,0,6,6,2,11.5,0,1.0,0,0.6,0.0
3423,3,130.0,3,1,160.0,0,5,5,5,14.6,0,0,5,5,5,15.4,0,1.0,0,1.0,0.0
3424,1,130.0,9,19,134.2,0,5,13,0,0.0,5,0,5,5,0,0.0,5,0.0,5,0.0,1.0
3425,1,160.0,37,37,96.0,3,5,7,3,12.33333333,0,0,5,8,0,0.0,0,0.6,2,0.42857142857142855,0.0
3426,1,100.0,38,38,101.8,0,5,5,5,10.8,0,0,5,11,2,11.0,0,1.0,0,1.0,0.0
3427,1,136.0,19,1,125.2,0,6,7,6,11.66666667,0,0,6,10,6,11.33333333,0,1.0,0,0.8571428571428571,0.0
3428,1,117.0,37,37,100.0,0,6,6,4,12.5,0,0,6,6,6,14.33333333,0,0.6666666666666666,2,0.6666666666666666,0.0
3429,3,140.0,37,37,140.0,0,5,0,0,0.0,0,0,5,0,0,0.0,0,0.0,5,0.0,0.0
3430,1,132.0,19,19,120.0,0,6,6,6,15.33333333,0,0,6,6,6,14.16666667,0,1.0,0,1.0,0.0
3431,1,147.0,1,1,134.3,0,8,8,7,14.2,0,0,8,8,7,14.2,0,0.875,1,0.875,0.0
3432,1,158.0,38,38,144.7,0,6,6,6,14.83333333,0,0,6,6,6,14.66666667,0,1.0,0,1.0,0.0
3433,1,142.0,19,37,131.9,0,7,7,7,13.64285714,0,0,8,8,8,14.3875,0,1.0,0,1.0,0.0
3434,1,143.0,1,38,136.7,0,6,6,6,13.83333333,0,0,6,6,6,14.0,0,1.0,0,1.0,0.0
3435,1,135.0,1,1,129.8,0,6,6,6,11.83333333,0,0,6,7,6,13.0,0,1.0,0,1.0,0.0
3436,1,160.0,1,38,146.5,0,6,7,6,13.42857143,0,0,6,10,6,13.5,0,1.0,0,0.8571428571428571,0.0
3437,1,120.0,37,37,122.5,8,13,16,8,10.5,0,8,12,19,9,10.33333333,0,0.6153846153846154,5,0.5,0.0
3438,19,133.1,37,37,117.8,0,7,10,6,11.41666667,0,0,8,9,8,11.9625,0,0.8571428571428571,1,0.6,0.0
3439,1,133.1,37,38,106.0,0,7,16,2,12.75,0,0,7,12,2,11.0,0,0.2857142857142857,5,0.125,0.0
3440,1,133.0,1,38,119.0,0,7,10,6,11.15,0,0,7,7,7,12.81428571,0,0.8571428571428571,1,0.6,0.0
3441,1,120.0,38,19,115.1,0,6,8,3,11.66666667,0,0,6,11,5,13.625,0,0.5,3,0.375,0.0
3442,1,106.0,37,19,116.9,0,6,7,6,11.5,0,0,6,8,5,12.4,0,1.0,0,0.8571428571428571,0.0
3443,1,148.0,1,19,141.7,0,6,6,6,13.83333333,0,0,6,6,6,12.66666667,0,1.0,0,1.0,0.0
3444,1,134.0,1,19,127.7,1,6,8,6,11.71428571,1,0,6,11,4,11.33333333,0,1.0,0,0.75,0.16666666666666666
3445,1,130.0,19,1,122.1,0,7,8,7,11.67857143,0,0,8,10,7,13.0375,0,1.0,0,0.875,0.0
3446,1,150.0,3,3,153.5,0,6,7,6,15.71428571,0,0,6,6,6,14.66666667,0,1.0,0,0.8571428571428571,0.0
3447,1,141.0,1,19,141.4,0,0,0,0,0.0,0,0,0,0,0,0.0,0,0.0,0,0.0,0.0
3448,1,140.0,19,37,135.8,0,6,6,6,13.0,0,0,6,7,6,13.0,0,1.0,0,1.0,0.0
3449,1,138.0,3,3,127.5,0,7,7,7,14.48571429,0,0,8,9,8,14.58888889,0,1.0,0,1.0,0.0
3450,1,130.0,37,37,151.6,0,5,9,5,12.28571429,0,0,5,8,5,12.125,0,1.0,0,0.5555555555555556,0.0
3451,1,133.1,19,19,121.4,0,7,12,4,13.375,0,0,7,7,5,13.5,0,0.5714285714285714,3,0.3333333333333333,0.0
3452,1,133.0,1,1,100.0,1,8,8,7,11.57142857,0,1,8,8,7,11.57142857,0,0.875,1,0.875,0.0
3453,1,150.0,37,38,131.5,0,8,8,7,12.65714286,0,0,8,8,7,12.65714286,0,0.875,1,0.875,0.0
3454,1,117.0,37,37,109.3,0,5,9,2,10.0,1,0,5,11,1,10.0,0,0.4,3,0.2222222222222222,0.2
3455,1,145.0,19,1,127.9,0,6,7,6,13.71428571,0,0,6,6,6,13.16666667,0,1.0,0,0.8571428571428571,0.0
3456,3,140.0,37,37,140.0,10,14,21,13,13.07142857,0,4,11,16,11,13.0,0,0.9285714285714286,1,0.6190476190476191,0.0
3457,39,160.0,37,38,160.0,0,6,7,6,15.33333333,0,0,6,9,6,14.0,0,1.0,0,0.8571428571428571,0.0
3458,1,125.0,4,3,119.8,0,6,9,5,11.57142857,0,0,6,8,6,12.14285714,0,0.8333333333333334,1,0.5555555555555556,0.0
3459,12,133.1,37,37,153.0,0,5,10,0,0.0,0,0,5,5,0,0.0,0,0.0,5,0.0,0.0
3460,1,139.0,38,37,125.0,0,7,7,6,12.9,0,0,7,7,6,12.9,0,0.8571428571428571,1,0.8571428571428571,0.0
3461,1,130.0,37,37,103.7,1,8,12,5,13.126,1,1,8,12,5,13.126,1,0.625,3,0.4166666666666667,0.125
3462,3,120.0,37,37,120.0,4,10,20,4,11.5,2,3,9,13,3,11.66666667,2,0.4,6,0.2,0.2
3463,1,160.0,1,37,146.0,0,6,11,3,10.33333333,0,0,6,10,5,11.8,0,0.5,3,0.2727272727272727,0.0
3464,1,120.0,3,1,116.9,0,6,6,6,13.5,0,0,6,7,6,13.42857143,0,1.0,0,1.0,0.0
3465,1,130.0,37,37,117.9,0,1,1,0,0.0,1,0,5,0,0,0.0,0,0.0,1,0.0,1.0
3466,1,124.0,38,19,128.6,0,5,5,4,12.0,0,0,4,4,2,11.5,0,0.8,1,0.8,0.0
3467,1,150.0,19,19,135.0,2,8,10,7,11.14285714,0,2,8,11,8,11.375,0,0.875,1,0.7,0.0
3468,1,140.0,37,37,124.6,0,5,11,5,11.4,0,0,5,10,4,10.25,0,1.0,0,0.45454545454545453,0.0
3469,1,135.0,37,37,124.0,0,8,8,7,12.77142857,1,0,8,8,7,12.77142857,1,0.875,1,0.875,0.125
3470,1,143.0,38,19,129.5,0,8,8,7,13.79857143,0,0,8,8,7,13.79857143,0,0.875,1,0.875,0.0
3471,19,100.0,38,19,111.3,0,6,7,6,13.33333333,0,0,6,6,6,13.5,0,1.0,0,0.8571428571428571,0.0
3472,19,133.1,37,37,95.0,0,6,11,0,0.0,0,0,5,6,0,0.0,0,0.0,6,0.0,0.0
3473,1,133.1,34,34,131.8,14,15,17,14,11.35714286,0,13,14,15,13,12.84615385,0,0.9333333333333333,1,0.8235294117647058,0.0
3474,1,132.0,38,19,119.1,0,5,11,0,0.0,0,0,5,8,0,0.0,0,0.0,5,0.0,0.0
3475,1,131.0,38,38,125.4,0,6,13,6,15.69230769,0,0,6,13,5,14.42857143,0,1.0,0,0.46153846153846156,0.0
3476,1,147.0,1,37,140.7,13,18,19,18,15.05263158,0,11,13,13,13,14.53846154,0,1.0,0,0.9473684210526315,0.0
3477,1,141.0,37,37,131.9,6,10,20,6,11.5,0,5,10,17,5,12.4,0,0.6,4,0.3,0.0
3478,1,160.0,38,1,124.0,2,8,15,7,11.0,0,0,6,17,1,10.0,0,0.875,1,0.4666666666666667,0.0
3479,1,135.0,38,37,139.2,0,6,6,6,13.0,0,0,6,6,6,13.16666667,0,1.0,0,1.0,0.0
3480,1,133.0,37,37,121.8,0,8,8,8,12.93875,0,0,8,8,8,12.93875,0,1.0,0,1.0,0.0
3481,1,142.0,37,37,132.9,0,0,0,0,0.0,0,0,0,0,0,0.0,0,0.0,0,0.0,0.0
3482,39,130.0,37,37,130.0,0,6,6,0,0.0,0,0,6,8,0,0.0,0,0.0,6,0.0,0.0
3483,1,133.1,37,37,130.1,0,7,10,5,13.0,0,0,7,9,5,12.88,0,0.7142857142857143,2,0.5,0.0
3484,1,133.1,37,37,124.5,0,7,11,5,12.18,0,0,7,11,4,11.8125,0,0.7142857142857143,2,0.45454545454545453,0.0
3485,1,130.0,19,38,162.3,0,6,13,3,11.33333333,0,0,6,12,5,11.4,0,0.5,3,0.23076923076923078,0.0
3486,1,149.0,19,1,137.8,0,8,8,7,13.0,0,0,8,8,7,13.0,0,0.875,1,0.875,0.0
3487,1,130.0,1,1,119.5,0,5,5,0,0.0,0,0,6,0,0,0.0,0,0.0,5,0.0,0.0
3488,1,150.0,1,1,110.0,0,5,13,2,12.5,2,0,5,8,3,12.33333333,0,0.4,3,0.15384615384615385,0.4
3489,1,106.0,1,1,105.0,0,6,9,5,11.0,0,0,6,9,5,12.16666667,0,0.8333333333333334,1,0.5555555555555556,0.0
3490,1,162.0,37,37,142.8,0,0,0,0,0.0,0,0,0,0,0,0.0,0,0.0,0,0.0,0.0
3491,1,120.0,37,37,128.2,0,5,5,0,0.0,0,0,5,5,0,0.0,0,0.0,5,0.0,0.0
3492,19,133.1,38,38,120.0,0,5,9,0,0.0,0,0,5,5,1,10.0,0,0.0,5,0.0,0.0
3493,3,130.0,37,37,130.0,0,5,6,0,0.0,0,0,5,5,0,0.0,0,0.0,5,0.0,0.0
3494,1,128.0,37,38,121.7,0,5,5,5,12.4,0,0,5,5,4,10.75,0,1.0,0,1.0,0.0
3495,1,124.0,38,19,116.0,0,6,8,6,15.5,0,0,6,10,6,14.1,0,1.0,0,0.75,0.0
3496,1,133.1,37,37,133.2,0,5,13,2,11.5,0,0,5,12,3,10.8,0,0.4,3,0.15384615384615385,0.0
3497,1,114.0,37,37,116.7,0,5,7,4,13.33333333,0,0,5,9,4,11.6,1,0.8,1,0.5714285714285714,0.0
3498,1,140.0,38,38,126.4,0,6,8,6,12.66666667,0,0,6,6,6,13.5,0,1.0,0,0.75,0.0
3499,1,160.0,1,37,140.0,0,6,6,0,0.0,0,0,6,6,0,0.0,0,0.0,6,0.0,0.0
3500,1,122.0,1,19,120.3,0,5,8,5,12.6,0,0,5,9,5,13.6,0,1.0,0,0.625,0.0
3501,1,140.0,37,37,118.0,0,6,6,6,13.5,0,0,6,6,0,0.0,0,1.0,0,1.0,0.0
3502,1,160.0,37,12,149.5,0,6,6,6,13.0,0,0,6,8,6,13.0,0,1.0,0,1.0,0.0
3503,39,130.0,1,3,130.0,0,6,15,6,11.71428571,0,0,6,8,4,11.75,0,1.0,0,0.4,0.0
3504,1,141.0,1,1,126.3,0,6,8,6,12.16666667,0,0,6,7,5,13.0,0,1.0,0,0.75,0.0
3505,1,127.0,37,37,116.2,0,5,10,0,0.0,1,0,5,13,0,0.0,0,0.0,5,0.0,0.2
3506,1,126.0,37,37,126.0,0,6,12,0,0.0,0,0,6,6,0,0.0,6,0.0,6,0.0,0.0
3507,1,131.0,1,1,122.3,0,5,6,5,11.5,0,0,5,5,5,11.6,0,1.0,0,0.8333333333333334,0.0
3508,1,130.0,19,19,119.5,0,5,7,4,11.25,0,0,5,6,4,12.25,0,0.8,1,0.5714285714285714,0.0
3509,39,130.0,1,1,131.8,2,7,7,7,12.28571429,0,5,9,10,8,12.375,0,1.0,0,1.0,0.0
3510,1,140.0,1,1,130.7,0,7,7,7,12.71857143,0,0,8,11,8,12.80555556,0,1.0,0,1.0,0.0
3511,39,140.0,1,19,140.0,2,6,12,5,12.4,0,1,6,11,2,15.0,0,0.8333333333333334,1,0.4166666666666667,0.0
3512,1,140.0,19,19,129.5,0,0,0,0,0.0,0,0,0,0,0,0.0,0,0.0,0,0.0,0.0
3513,19,133.1,37,37,130.0,0,6,16,1,14.0,0,0,6,7,0,0.0,0,0.16666666666666666,5,0.0625,0.0
3514,1,120.0,11,11,114.0,0,5,10,3,11.66666667,0,0,5,8,4,11.25,0,0.6,2,0.3,0.0
3515,1,121.0,1,1,121.0,0,6,15,1,13.0,0,0,6,8,4,11.25,0,0.16666666666666666,5,0.06666666666666667,0.0
3516,1,123.0,3,12,116.4,0,0,0,0,0.0,0,0,0,0,0,0.0,0,0.0,0,0.0,0.0
3517,1,136.0,38,38,121.7,0,5,10,0,0.0,0,0,5,11,1,12.0,3,0.0,5,0.0,0.0
3518,1,136.0,2,2,130.0,2,6,13,4,11.5,0,2,6,12,2,12.5,0,0.6666666666666666,2,0.3076923076923077,0.0
3519,1,120.0,37,37,120.0,6,10,10,7,11.71428571,0,4,10,10,6,11.5,0,0.7,3,0.7,0.0
3520,4,160.0,3,3,125.0,0,5,7,5,12.6,0,0,5,7,5,13.71428571,0,1.0,0,0.7142857142857143,0.0
3521,1,125.0,37,37,134.1,12,17,19,13,11.64285714,0,12,17,25,12,11.25,0,0.7647058823529411,4,0.6842105263157895,0.0
3522,1,146.0,1,1,149.5,0,6,8,6,14.875,0,0,6,8,6,13.42857143,0,1.0,0,0.75,0.0
3523,1,117.0,3,3,113.2,0,5,11,2,10.0,0,0,5,10,3,10.33333333,0,0.4,3,0.18181818181818182,0.0
3524,1,150.0,1,4,146.0,0,5,5,5,14.2,0,0,5,5,5,14.6,0,1.0,0,1.0,0.0
3525,39,140.0,19,38,140.0,0,6,8,6,12.71428571,0,0,6,9,6,13.5,0,1.0,0,0.75,0.0
3526,1,111.0,1,3,162.4,4,12,16,5,11.6,0,2,7,7,5,11.2,0,0.4166666666666667,7,0.3125,0.0
3527,1,120.0,2,4,136.6,0,7,14,5,11.94,0,0,7,14,6,12.2,0,0.7142857142857143,2,0.35714285714285715,0.0
3528,1,111.0,1,19,111.0,0,5,10,4,11.6,0,0,5,9,3,14.2,0,0.8,1,0.4,0.0
3529,1,118.0,12,1,115.7,0,7,9,5,12.7,0,0,8,9,7,13.475,0,0.7142857142857143,2,0.5555555555555556,0.0
3530,1,106.0,3,1,105.7,0,6,6,6,13.33333333,0,0,6,9,5,13.8,0,1.0,0,1.0,0.0
3531,39,120.0,3,1,128.2,4,9,13,8,13.33333333,0,5,10,12,9,13.11111111,0,0.8888888888888888,1,0.6153846153846154,0.0
3532,1,151.0,1,38,137.0,0,5,5,5,13.4,0,0,5,5,5,15.0,0,1.0,0,1.0,0.0
3533,19,133.1,34,34,120.0,0,6,12,0,0.0,0,0,6,12,0,0.0,0,0.0,6,0.0,0.0
3534,1,120.0,34,34,120.5,0,5,5,2,11.0,0,0,5,5,0,0.0,0,0.4,3,0.4,0.0
3535,39,120.0,1,4,118.1,13,15,17,13,12.0,0,9,13,13,9,11.33333333,0,0.8666666666666667,2,0.7647058823529411,0.0
3536,1,110.0,37,37,139.0,0,5,0,0,0.0,0,0,5,0,0,0.0,0,0.0,5,0.0,0.0
3537,19,133.1,38,19,116.3,0,5,5,0,0.0,0,0,5,9,0,0.0,0,0.0,5,0.0,0.0
3538,1,118.0,19,37,120.5,0,6,12,4,12.5,0,0,6,12,4,10.25,0,0.6666666666666666,2,0.3333333333333333,0.0
3539,1,139.0,1,19,134.9,0,6,7,6,13.66666667,0,0,6,7,6,12.16666667,1,1.0,0,0.8571428571428571,0.0
3540,1,130.0,1,3,123.0,0,5,10,1,10.0,0,0,5,7,0,0.0,0,0.2,4,0.1,0.0
3541,1,132.0,38,37,122.9,0,6,6,6,11.5,0,0,6,9,2,13.0,0,1.0,0,1.0,0.0
3542,1,100.0,37,38,140.0,0,5,7,4,12.25,0,0,5,7,4,12.75,0,0.8,1,0.5714285714285714,0.0
3543,1,120.0,19,38,122.5,0,6,11,5,13.6,0,0,6,11,5,13.66666667,0,0.8333333333333334,1,0.45454545454545453,0.0
3544,12,133.1,37,37,121.5,0,5,11,2,10.5,0,0,5,9,3,11.33333333,1,0.4,3,0.18181818181818182,0.0
3545,1,156.0,19,37,132.3,0,7,7,6,13.26666667,0,0,7,7,6,13.26666667,0,0.8571428571428571,1,0.8571428571428571,0.0
3546,1,143.0,19,38,131.5,0,7,8,7,12.5125,0,0,8,8,8,14.1875,0,1.0,0,0.875,0.0
3547,9,133.1,34,34,128.2,0,5,9,0,0.0,0,0,5,5,0,0.0,0,0.0,5,0.0,0.0
3548,1,140.0,37,37,148.0,0,6,14,0,0.0,0,0,6,6,0,0.0,0,0.0,6,0.0,0.0
3549,1,127.0,2,19,121.5,0,7,7,6,13.48333333,0,0,7,7,6,13.48333333,0,0.8571428571428571,1,0.8571428571428571,0.0
3550,1,135.0,38,19,135.4,0,7,9,6,12.565,0,0,8,12,5,12.16,0,0.8571428571428571,1,0.6666666666666666,0.0
3551,19,133.1,37,37,139.0,0,6,8,0,0.0,0,0,5,6,0,0.0,0,0.0,6,0.0,0.0
3552,1,120.0,37,37,113.4,0,5,9,3,13.0,0,0,5,9,3,11.66666667,0,0.6,2,0.3333333333333333,0.0
3553,39,150.0,19,37,150.0,0,5,6,5,16.5,0,0,5,7,5,17.71428571,0,1.0,0,0.8333333333333334,0.0
3554,1,123.0,37,38,122.0,0,6,7,6,13.16666667,0,0,6,9,5,13.2,0,1.0,0,0.8571428571428571,0.0
3555,39,150.0,38,38,150.0,1,6,11,6,13.8,0,1,6,7,6,13.14285714,0,1.0,0,0.5454545454545454,0.0
3556,12,133.1,37,37,119.3,0,6,7,6,11.16666667,0,0,6,11,4,11.8,0,1.0,0,0.8571428571428571,0.0
3557,1,130.0,1,1,140.0,0,6,0,0,0.0,0,0,6,0,0,0.0,0,0.0,6,0.0,0.0
3558,1,140.0,4,19,125.0,0,6,7,6,12.66666667,0,0,6,8,6,12.14285714,0,1.0,0,0.8571428571428571,0.0
3559,1,141.0,2,1,140.7,0,5,5,5,12.6,0,0,5,6,4,14.5,1,1.0,0,1.0,0.0
3560,19,133.1,19,19,100.0,0,7,7,5,13.06,0,0,7,9,0,0.0,0,0.7142857142857143,2,0.7142857142857143,0.0
3561,1,146.0,1,37,146.7,0,6,7,6,13.83333333,0,0,6,8,6,13.625,0,1.0,0,0.8571428571428571,0.0
3562,19,133.1,34,34,96.0,0,5,5,0,0.0,0,0,5,5,0,0.0,0,0.0,5,0.0,0.0
3563,39,160.0,3,38,160.0,2,6,6,2,16.0,0,2,7,7,2,16.0,0,0.3333333333333333,4,0.3333333333333333,0.0
3564,39,130.0,19,3,130.0,0,5,5,0,0.0,0,0,5,5,0,0.0,0,0.0,5,0.0,0.0
3565,1,160.0,1,3,130.0,0,5,12,3,10.66666667,0,0,5,11,3,10.66666667,0,0.6,2,0.25,0.0
3566,2,140.0,37,37,140.0,14,18,18,18,14.5,0,13,18,18,18,14.5,0,1.0,0,1.0,0.0
3567,1,126.0,19,19,116.6,0,5,6,5,14.0,0,0,5,7,5,13.8,0,1.0,0,0.8333333333333334,0.0
3568,1,118.0,1,19,120.5,0,5,10,3,13.33333333,0,0,5,11,5,13.57142857,0,0.6,2,0.3,0.0
3569,19,133.1,3,1,103.0,0,6,0,0,0.0,0,0,6,0,0,0.0,0,0.0,6,0.0,0.0
3570,1,121.0,1,19,111.9,0,6,9,5,12.0,0,0,6,10,4,11.2,0,0.8333333333333334,1,0.5555555555555556,0.0
3571,1,148.0,1,38,148.7,0,5,6,5,16.2,0,0,5,8,5,16.0,0,1.0,0,0.8333333333333334,0.0
3572,12,133.1,12,12,120.0,7,13,13,7,10.28571429,0,5,11,13,5,10.6,0,0.5384615384615384,6,0.5384615384615384,0.0
3573,1,140.0,19,19,125.7,0,5,5,0,0.0,0,0,5,5,0,0.0,0,0.0,5,0.0,0.0
3574,1,132.0,1,38,120.1,0,6,7,6,13.57142857,0,0,6,8,6,13.16666667,0,1.0,0,0.8571428571428571,0.0
3575,1,140.0,4,3,127.8,0,6,7,6,14.28571429,0,0,6,9,6,14.85714286,0,1.0,0,0.8571428571428571,0.0
3576,1,112.0,1,1,106.4,0,5,7,5,10.2,0,0,5,6,4,10.5,0,1.0,0,0.7142857142857143,0.0
3577,1,100.0,19,19,100.0,0,8,16,2,10.25,1,0,8,16,2,10.25,1,0.25,6,0.125,0.125
3578,1,126.0,1,3,123.9,0,6,0,0,0.0,0,0,6,0,0,0.0,0,0.0,6,0.0,0.0
3579,1,150.0,3,37,139.5,0,6,7,6,14.83333333,0,0,6,6,6,14.83333333,0,1.0,0,0.8571428571428571,0.0
3580,39,150.0,19,1,150.0,0,6,12,5,13.625,0,0,6,6,5,12.6,0,0.8333333333333334,1,0.4166666666666667,0.0
3581,1,144.0,19,19,139.8,0,7,7,7,12.27142857,0,0,8,10,7,13.65714286,0,1.0,0,1.0,0.0
3582,1,133.1,38,37,154.4,0,5,0,0,0.0,0,0,5,0,0,0.0,0,0.0,5,0.0,0.0
3583,1,120.0,37,38,115.5,0,5,8,4,12.5,0,0,5,9,5,10.5,0,0.8,1,0.5,0.0
3584,1,133.1,3,19,119.0,3,9,10,9,13.22222222,0,2,7,8,7,13.14285714,0,1.0,0,0.9,0.0
3585,1,133.1,19,37,96.1,0,7,13,2,15.0,0,0,7,12,2,11.5,0,0.2857142857142857,5,0.15384615384615385,0.0
3586,3,130.0,1,2,130.0,0,0,0,0,0.0,0,0,0,0,0,0.0,0,0.0,0,0.0,0.0
3587,1,133.0,1,2,128.8,6,12,12,12,13.16666667,0,6,12,12,12,13.0,0,1.0,0,1.0,0.0
3588,1,124.0,38,37,126.8,0,6,8,5,13.83333333,0,0,6,6,4,14.0,0,0.8333333333333334,1,0.625,0.0
3589,40,130.0,1,3,130.0,0,5,0,0,0.0,0,0,5,0,0,0.0,0,0.0,5,0.0,0.0
3590,1,124.0,1,1,116.7,0,5,6,0,0.0,0,0,5,6,0,0.0,0,0.0,5,0.0,0.0
3591,1,132.0,3,1,125.5,0,8,8,7,13.15428571,0,0,8,8,7,13.15428571,0,0.875,1,0.875,0.0
3592,3,110.0,27,37,110.0,7,12,12,9,12.33333333,0,6,11,11,6,13.16666667,0,0.75,3,0.75,0.0
3593,1,127.0,19,38,133.7,0,6,6,6,13.0,0,0,6,7,5,11.8,0,1.0,0,1.0,0.0
3594,1,130.0,2,3,117.6,0,5,14,2,11.5,2,0,5,8,5,11.4,3,0.4,3,0.14285714285714285,0.4
3595,39,140.0,19,38,140.0,0,6,15,3,13.25,0,0,6,9,1,12.0,0,0.5,3,0.2,0.0
3596,39,150.0,19,1,150.0,0,6,12,3,13.33333333,0,0,6,12,3,12.75,0,0.5,3,0.25,0.0
3597,1,133.0,19,38,133.7,0,6,6,6,13.5,0,0,6,6,6,12.16666667,0,1.0,0,1.0,0.0
3598,1,109.0,37,37,137.0,0,6,7,6,12.66666667,0,0,6,8,5,12.8,0,1.0,0,0.8571428571428571,0.0
3599,1,133.1,4,19,128.2,7,11,18,11,15.09090909,1,2,6,7,6,14.5,0,1.0,0,0.6111111111111112,0.09090909090909091
3600,1,133.0,1,4,129.2,0,0,0,0,0.0,0,0,0,0,0,0.0,0,0.0,0,0.0,0.0
3601,1,134.0,2,1,129.5,0,6,7,6,13.16666667,0,0,6,7,6,12.66666667,0,1.0,0,0.8571428571428571,0.0
3602,1,125.0,19,19,129.6,0,6,6,6,12.83333333,0,0,6,8,6,12.83333333,0,1.0,0,1.0,0.0
3603,1,135.0,1,19,121.7,0,5,7,5,11.8,0,0,5,9,3,12.0,0,1.0,0,0.7142857142857143,0.0
3604,1,132.0,19,1,141.8,0,6,6,6,11.83333333,0,0,6,6,6,12.16666667,0,1.0,0,1.0,0.0
3605,1,135.0,3,1,129.8,0,6,6,5,12.8,0,0,6,11,3,12.75,0,0.8333333333333334,1,0.8333333333333334,0.0
3606,39,100.0,1,1,106.0,2,7,7,5,11.8,0,5,9,9,5,11.0,0,0.7142857142857143,2,0.7142857142857143,0.0
3607,1,144.0,19,19,121.6,0,0,0,0,0.0,0,0,0,0,0,0.0,0,0.0,0,0.0,0.0
3608,1,125.0,19,1,121.5,0,5,7,5,15.8,0,0,5,7,5,14.57142857,0,1.0,0,0.7142857142857143,0.0
3609,1,133.1,1,37,117.0,0,0,0,0,0.0,0,0,0,0,0,0.0,0,0.0,0,0.0,0.0
3610,39,130.0,38,19,130.0,0,5,9,2,12.5,0,0,5,10,3,11.6,0,0.4,3,0.2222222222222222,0.0
3611,1,117.0,1,1,117.7,0,6,9,6,14.66666667,0,0,6,7,6,13.85714286,0,1.0,0,0.6666666666666666,0.0
3612,39,140.0,19,37,140.0,2,6,10,4,12.5,0,1,6,16,2,12.0,0,0.6666666666666666,2,0.4,0.0
3613,1,132.0,1,12,133.1,0,5,7,3,12.0,0,0,6,10,2,10.5,0,0.6,2,0.42857142857142855,0.0
3614,1,133.1,2,2,100.0,2,8,8,7,13.14285714,0,1,6,8,6,11.83333333,0,0.875,1,0.875,0.0
3615,1,132.0,19,1,119.1,0,6,6,3,12.66666667,0,0,6,11,4,11.14285714,0,0.5,3,0.5,0.0
3616,1,148.0,19,19,129.8,0,5,6,5,15.0,0,0,5,6,5,14.2,0,1.0,0,0.8333333333333334,0.0
3617,1,133.0,19,38,131.3,0,6,7,5,13.6,0,0,6,7,5,11.8,0,0.8333333333333334,1,0.7142857142857143,0.0
3618,1,143.0,1,1,136.7,0,6,6,6,12.5,0,0,6,6,6,13.83333333,0,1.0,0,1.0,0.0
3619,1,143.0,19,37,126.2,0,6,7,6,13.33333333,0,0,6,7,6,13.5,0,1.0,0,0.8571428571428571,0.0
3620,1,133.1,37,37,109.6,0,6,13,4,12.25,0,0,6,15,5,11.0,0,0.6666666666666666,2,0.3076923076923077,0.0
3621,1,141.0,1,19,131.9,0,7,7,7,15.10142857,0,0,8,8,8,16.09375,0,1.0,0,1.0,0.0
3622,1,140.0,19,37,140.7,0,6,6,6,13.16666667,0,0,6,6,6,16.0,0,1.0,0,1.0,0.0
3623,1,134.0,3,19,120.7,0,6,8,4,11.0,0,0,6,6,0,0.0,0,0.6666666666666666,2,0.5,0.0
3624,1,118.0,3,19,113.8,0,5,9,3,11.66666667,0,0,5,9,4,11.75,0,0.6,2,0.3333333333333333,0.0
3625,1,135.0,19,38,121.0,0,6,13,1,10.0,0,0,6,13,1,13.0,0,0.16666666666666666,5,0.07692307692307693,0.0
3626,1,119.0,34,34,112.4,4,7,15,7,11.57142857,0,2,6,14,2,11.0,0,1.0,0,0.4666666666666667,0.0
3627,1,145.0,1,19,131.0,0,6,6,6,12.16666667,0,0,6,10,5,11.2,0,1.0,0,1.0,0.0
3628,1,143.0,3,37,142.7,0,0,0,0,0.0,0,0,0,0,0,0.0,0,0.0,0,0.0,0.0
3629,1,123.0,19,19,125.5,0,6,6,6,13.83333333,0,0,6,7,6,14.28571429,0,1.0,0,1.0,0.0
3630,1,108.0,19,1,107.8,0,7,10,6,12.35714286,0,0,8,9,7,13.0,0,0.8571428571428571,1,0.6,0.0
3631,1,117.0,38,19,110.4,0,6,7,6,12.16666667,0,0,6,10,2,10.33333333,0,1.0,0,0.8571428571428571,0.0
3632,39,140.0,37,19,136.1,3,6,8,3,12.0,0,2,6,6,2,12.5,0,0.5,3,0.375,0.0
3633,1,170.0,37,37,138.3,5,10,14,9,12.41666667,0,5,9,14,7,13.0,0,0.9,1,0.6428571428571429,0.0
3634,1,157.0,3,38,142.3,0,5,7,4,12.75,0,0,5,6,4,12.75,0,0.8,1,0.5714285714285714,0.0
3635,6,141.0,37,1,145.0,12,21,33,18,14.93333333,12,12,21,33,18,14.93333333,12,0.8571428571428571,3,0.5454545454545454,0.5714285714285714
3636,1,125.0,3,19,125.7,0,6,6,6,13.0,0,0,6,7,6,11.66666667,0,1.0,0,1.0,0.0
3637,19,133.1,38,19,108.0,0,7,7,7,12.85714286,0,0,7,8,6,12.66666667,0,1.0,0,1.0,0.0
3638,1,143.0,38,38,128.7,0,7,10,7,14.455,0,0,8,8,8,13.91,0,1.0,0,0.7,0.0
3639,1,142.0,1,19,128.0,0,6,8,6,14.0,0,0,6,7,6,13.28571429,0,1.0,0,0.75,0.0
3640,1,150.0,19,38,146.5,0,6,6,6,13.5,0,0,6,7,6,12.66666667,0,1.0,0,1.0,0.0
3641,1,112.0,37,37,106.1,0,6,0,0,0.0,0,0,6,0,0,0.0,0,0.0,6,0.0,0.0
3642,1,133.1,19,1,118.0,0,6,6,6,11.66666667,0,0,6,12,5,14.0,0,1.0,0,1.0,0.0
3643,1,125.0,1,37,117.0,0,5,6,4,12.0,0,0,5,8,5,13.33333333,1,0.8,1,0.6666666666666666,0.0
3644,1,121.0,38,37,115.4,0,6,7,6,11.71428571,0,0,6,6,6,11.83333333,0,1.0,0,0.8571428571428571,0.0
3645,1,133.1,41,1,117.0,0,6,8,6,12.66666667,0,0,6,7,6,12.42857143,0,1.0,0,0.75,0.0
3646,1,133.1,3,3,144.9,0,6,11,3,11.75,0,0,6,19,4,12.8,0,0.5,3,0.2727272727272727,0.0
3647,1,135.0,37,37,127.0,0,6,0,0,0.0,0,0,6,0,0,0.0,0,0.0,6,0.0,0.0
3648,1,132.0,19,38,118.0,0,8,8,7,12.32857143,0,0,8,8,7,12.32857143,0,0.875,1,0.875,0.0
3649,19,133.1,37,37,118.0,0,7,14,6,11.66666667,0,0,7,10,1,10.0,0,0.8571428571428571,1,0.42857142857142855,0.0
3650,1,135.0,1,38,126.4,5,12,12,12,13.25,0,5,12,12,11,12.72727273,0,1.0,0,1.0,0.0
3651,39,110.0,19,3,110.0,0,6,8,5,11.83333333,0,0,6,8,4,13.25,2,0.8333333333333334,1,0.625,0.0
3652,1,133.0,38,37,124.4,0,7,7,7,13.3,0,0,8,8,8,15.125,0,1.0,0,1.0,0.0
3653,39,140.0,1,19,140.0,1,6,13,6,12.55555556,0,1,6,11,5,11.8,0,1.0,0,0.46153846153846156,0.0
3654,1,135.0,1,19,129.4,0,6,6,6,12.83333333,0,0,6,7,6,12.16666667,0,1.0,0,1.0,0.0
3655,39,140.0,1,1,141.7,3,6,6,6,12.83333333,0,2,6,6,6,12.83333333,0,1.0,0,1.0,0.0
3656,1,144.0,1,19,132.1,0,5,10,3,12.66666667,1,0,5,7,3,13.0,0,0.6,2,0.3,0.2
3657,1,122.0,37,3,116.8,0,7,8,6,13.27142857,0,0,8,8,7,14.47142857,0,0.8571428571428571,1,0.75,0.0
3658,1,143.0,19,37,135.0,0,5,5,5,12.4,0,0,5,6,5,12.83333333,0,1.0,0,1.0,0.0
3659,39,150.0,38,1,150.0,0,5,10,2,14.5,1,0,5,7,4,11.25,0,0.4,3,0.2,0.2
3660,1,124.0,19,1,116.0,0,6,7,0,0.0,0,0,5,5,0,0.0,0,0.0,6,0.0,0.0
3661,1,156.0,3,3,155.0,0,6,7,6,14.28571429,0,0,6,8,6,13.25,0,1.0,0,0.8571428571428571,0.0
3662,1,142.0,38,38,127.0,0,5,7,3,12.33333333,0,0,5,9,5,12.6,0,0.6,2,0.42857142857142855,0.0
3663,1,142.0,38,37,130.8,0,7,10,6,12.58333333,0,0,8,8,7,12.67142857,0,0.8571428571428571,1,0.6,0.0
3664,1,126.0,12,37,121.8,0,7,8,6,13.73166667,0,0,8,10,7,13.77142857,0,0.8571428571428571,1,0.75,0.0
3665,19,133.1,37,37,140.0,0,6,8,6,12.875,0,0,6,14,5,12.14285714,0,1.0,0,0.75,0.0
3666,1,170.0,37,25,148.5,8,10,14,8,14.625,0,5,7,7,5,13.4,0,0.8,2,0.5714285714285714,0.0
3667,1,130.0,34,34,109.8,0,3,3,0,0.0,0,0,2,2,0,0.0,0,0.0,3,0.0,0.0
3668,1,133.0,19,19,119.7,0,6,8,6,12.66666667,0,0,6,7,6,12.66666667,0,1.0,0,0.75,0.0
3669,1,122.0,3,3,122.0,0,8,11,6,12.49166667,0,0,8,11,6,12.49166667,0,0.75,2,0.5454545454545454,0.0
3670,1,138.0,1,3,147.5,6,12,12,12,13.66666667,0,4,11,12,11,14.16666667,0,1.0,0,1.0,0.0
3671,1,163.0,37,37,150.8,0,6,13,6,16.0,0,0,6,8,6,14.5,0,1.0,0,0.46153846153846156,0.0
3672,39,150.0,19,37,150.0,2,6,8,6,14.14285714,0,1,6,7,6,13.0,0,1.0,0,0.75,0.0
3673,19,133.1,19,19,131.5,0,6,9,6,11.83333333,0,0,6,9,4,13.75,0,1.0,0,0.6666666666666666,0.0
3674,1,144.0,1,1,127.2,0,6,6,6,12.66666667,0,0,6,8,6,13.0,0,1.0,0,1.0,0.0
3675,1,118.0,38,19,111.0,0,6,6,6,12.5,0,0,6,6,6,12.66666667,0,1.0,0,1.0,0.0
3676,1,101.0,37,19,119.9,5,11,16,9,10.88888889,0,2,10,20,4,11.25,1,0.8181818181818182,2,0.5625,0.0
3677,1,133.0,19,38,133.7,0,6,11,1,13.0,0,0,5,10,0,0.0,0,0.16666666666666666,5,0.09090909090909091,0.0
3678,1,133.1,1,19,140.0,0,6,6,6,15.16666667,0,0,6,6,6,16.0,0,1.0,0,1.0,0.0
3679,1,124.0,19,19,113.9,0,6,8,6,12.66666667,0,0,6,7,6,12.0,0,1.0,0,0.75,0.0
3680,1,127.0,37,38,120.7,0,0,0,0,0.0,0,0,0,0,0,0.0,0,0.0,0,0.0,0.0
3681,1,133.1,19,19,119.8,0,5,9,5,12.0,0,0,5,5,5,10.2,0,1.0,0,0.5555555555555556,0.0
3682,1,110.0,37,37,121.8,0,5,5,0,0.0,0,0,5,5,0,0.0,0,0.0,5,0.0,0.0
3683,1,110.0,19,2,117.7,0,0,0,0,0.0,0,0,0,0,0,0.0,0,0.0,0,0.0,0.0
3684,1,160.0,37,37,110.0,0,5,8,2,11.0,0,0,5,6,4,11.5,0,0.4,3,0.25,0.0
3685,1,120.0,1,1,134.4,0,6,7,6,15.71428571,0,0,6,10,6,15.9,0,1.0,0,0.8571428571428571,0.0
3686,1,133.1,34,34,125.3,11,15,15,11,10.81818182,0,12,14,15,11,11.63636364,1,0.7333333333333333,4,0.7333333333333333,0.0
3687,1,132.0,19,38,119.1,0,5,16,1,12.0,0,0,5,6,0,0.0,0,0.2,4,0.0625,0.0
3688,1,130.0,19,38,146.0,0,6,8,5,12.6,0,0,6,11,4,11.25,0,0.8333333333333334,1,0.625,0.0
3689,1,130.0,1,1,130.0,0,5,12,1,13.0,2,0,5,7,3,14.0,0,0.2,4,0.08333333333333333,0.4
3690,1,129.0,19,1,122.0,0,5,8,5,11.6,1,0,5,10,4,10.75,0,1.0,0,0.625,0.2
3691,1,130.0,19,1,118.1,0,5,11,1,10.0,0,0,5,14,1,11.0,0,0.2,4,0.09090909090909091,0.0
3692,1,140.0,38,37,105.2,0,6,7,1,14.0,0,0,6,6,0,0.0,0,0.16666666666666666,5,0.14285714285714285,0.0
3693,1,131.0,19,37,123.3,0,5,9,5,12.6,0,0,5,8,2,12.5,0,1.0,0,0.5555555555555556,0.0
3694,1,129.0,1,1,124.8,0,0,0,0,0.0,0,0,0,0,0,0.0,0,0.0,0,0.0,0.0
3695,19,133.1,19,37,149.4,0,5,11,2,11.33333333,0,0,5,9,1,12.0,0,0.4,3,0.18181818181818182,0.0
3696,1,112.0,37,37,108.5,0,6,6,6,12.66666667,0,0,6,7,5,11.4,0,1.0,0,1.0,0.0
3697,1,119.0,1,1,125.0,0,6,7,5,10.8,0,0,6,10,2,10.5,0,0.8333333333333334,1,0.7142857142857143,0.0
3698,1,133.1,38,38,101.0,0,7,14,5,12.87857143,0,0,8,15,7,11.85625,0,0.7142857142857143,2,0.35714285714285715,0.0
3699,1,123.0,3,1,112.9,0,5,5,0,0.0,0,0,5,5,0,0.0,0,0.0,5,0.0,0.0
3700,1,131.0,38,37,120.2,0,6,6,6,12.83333333,0,0,6,8,5,11.4,0,1.0,0,1.0,0.0
3701,1,120.0,34,34,111.6,0,5,5,5,12.6,0,0,5,9,3,12.83333333,0,1.0,0,1.0,0.0
3702,1,125.0,1,1,134.1,0,5,0,0,0.0,0,0,5,0,0,0.0,0,0.0,5,0.0,0.0
3703,1,133.1,37,37,101.6,0,5,11,0,0.0,0,0,5,5,0,0.0,0,0.0,5,0.0,0.0
3704,1,121.0,37,38,111.9,0,6,6,6,14.16666667,0,0,6,6,6,14.0,0,1.0,0,1.0,0.0
3705,1,148.0,1,19,118.4,0,5,7,5,13.4,0,0,5,7,4,13.25,0,1.0,0,0.7142857142857143,0.0
3706,1,139.0,38,1,127.1,0,5,8,5,11.2,0,0,5,13,4,11.25,0,1.0,0,0.625,0.0
3707,1,125.0,37,37,120.5,0,0,0,0,0.0,0,0,0,0,0,0.0,0,0.0,0,0.0,0.0
3708,1,128.0,1,1,136.1,0,6,6,6,12.66666667,0,0,6,8,5,11.8,0,1.0,0,1.0,0.0
3709,1,132.0,1,19,124.0,0,5,7,3,12.33333333,0,0,5,5,4,11.25,0,0.6,2,0.42857142857142855,0.0
3710,1,137.0,38,38,141.6,0,5,7,4,12.25,0,0,5,7,5,12.0,0,0.8,1,0.5714285714285714,0.0
3711,39,160.0,19,38,160.0,0,0,0,0,0.0,0,0,0,0,0,0.0,0,0.0,0,0.0,0.0
3712,1,120.0,1,19,110.0,0,5,13,3,10.75,0,0,5,9,3,10.33333333,0,0.6,2,0.23076923076923078,0.0
3713,1,134.0,37,37,100.0,0,7,7,0,0.0,0,0,7,8,0,0.0,0,0.0,7,0.0,0.0
3714,12,133.1,37,1,120.0,0,6,13,0,0.0,0,0,6,6,0,0.0,0,0.0,6,0.0,0.0
3715,1,116.0,37,1,124.8,0,5,9,2,14.33333333,0,0,5,10,2,12.5,0,0.4,3,0.2222222222222222,0.0
3716,39,140.0,4,4,140.0,1,5,8,2,11.5,0,1,5,13,2,11.5,0,0.4,3,0.25,0.0
3717,1,140.0,37,37,124.3,0,0,0,0,0.0,0,0,0,0,0,0.0,0,0.0,0,0.0,0.0
3718,1,122.0,1,38,118.9,0,5,11,2,10.5,0,0,5,13,0,0.0,0,0.4,3,0.18181818181818182,0.0
3719,1,141.0,19,37,130.2,0,6,6,6,13.5,0,0,6,0,0,0.0,0,1.0,0,1.0,0.0
3720,1,120.0,1,3,120.0,0,6,17,1,11.0,0,0,6,19,0,0.0,0,0.16666666666666666,5,0.058823529411764705,0.0
3721,3,140.0,37,37,140.0,0,6,6,1,10.0,0,0,6,6,0,0.0,0,0.16666666666666666,5,0.16666666666666666,0.0
3722,12,133.1,19,1,130.0,0,6,17,0,0.0,2,0,6,8,0,0.0,0,0.0,6,0.0,0.3333333333333333
3723,1,137.0,1,1,130.4,0,5,10,1,12.0,0,0,5,7,3,10.66666667,2,0.2,4,0.1,0.0
3724,1,122.0,1,1,116.1,0,5,6,4,12.25,0,0,5,5,5,12.2,0,0.8,1,0.6666666666666666,0.0
3725,39,130.0,1,1,130.0,4,10,21,5,11.4,1,2,7,13,6,11.66666667,0,0.5,5,0.23809523809523808,0.1
3726,1,140.0,37,37,124.3,0,5,5,0,0.0,0,0,5,5,0,0.0,0,0.0,5,0.0,0.0
3727,1,125.0,38,1,125.0,0,6,8,4,14.25,0,0,6,10,5,14.0,0,0.6666666666666666,2,0.5,0.0
3728,2,110.0,19,38,110.0,8,12,12,11,14.45454545,0,7,11,11,10,14.2,0,0.9166666666666666,1,0.9166666666666666,0.0
3729,1,133.1,38,38,115.0,8,12,13,12,14.53846154,0,4,12,14,12,14.46153846,0,1.0,0,0.9230769230769231,0.0
3730,1,132.0,1,38,129.6,0,7,10,6,12.73333333,0,0,8,10,7,11.95,0,0.8571428571428571,1,0.6,0.0
3731,1,122.0,38,38,128.8,4,12,13,5,13.2,0,4,12,12,4,13.5,0,0.4166666666666667,7,0.38461538461538464,0.0
3732,1,155.0,4,3,144.2,0,0,0,0,0.0,0,0,0,0,0,0.0,0,0.0,0,0.0,0.0
3733,1,120.0,37,37,134.0,0,6,7,6,12.33333333,0,0,6,10,4,12.75,0,1.0,0,0.8571428571428571,0.0
3734,1,129.0,19,1,112.0,5,9,9,5,11.2,0,5,9,14,7,11.25,2,0.5555555555555556,4,0.5555555555555556,0.0
3735,1,144.0,38,37,128.8,0,7,7,6,13.2,0,0,7,7,6,13.2,0,0.8571428571428571,1,0.8571428571428571,0.0
3736,1,130.0,19,37,134.0,0,5,8,5,11.83333333,0,0,5,8,4,14.0,0,1.0,0,0.625,0.0
3737,1,133.1,3,1,125.0,0,6,10,5,11.33333333,0,0,6,14,2,11.5,0,0.8333333333333334,1,0.5,0.0
3738,1,133.0,3,1,123.2,0,5,5,5,13.6,0,0,5,6,5,14.6,0,1.0,0,1.0,0.0
3739,1,131.0,37,37,118.4,0,5,10,0,0.0,0,0,5,10,2,11.5,4,0.0,5,0.0,0.0
3740,1,133.1,3,1,116.2,0,6,11,5,12.85714286,0,0,6,12,5,13.66666667,0,0.8333333333333334,1,0.45454545454545453,0.0
3741,1,133.1,37,19,123.0,0,5,16,3,14.33333333,0,0,5,9,5,12.42857143,0,0.6,2,0.1875,0.0
3742,1,118.0,19,38,113.5,0,6,9,5,13.5,0,0,6,6,6,14.0,0,0.8333333333333334,1,0.5555555555555556,0.0
3743,40,120.0,3,3,125.0,0,6,8,6,14.42857143,0,0,6,12,4,15.6,0,1.0,0,0.75,0.0
3744,1,133.1,12,1,134.8,0,6,12,0,0.0,0,0,6,12,0,0.0,0,0.0,6,0.0,0.0
3745,1,145.0,3,1,149.9,0,0,0,0,0.0,0,0,0,0,0,0.0,0,0.0,0,0.0,0.0
3746,1,125.0,1,1,119.8,0,8,8,8,12.82875,0,0,8,8,8,12.82875,0,1.0,0,1.0,0.0
3747,1,125.0,39,3,125.0,0,5,6,0,0.0,5,0,5,6,4,13.75,1,0.0,5,0.0,1.0
3748,1,148.0,1,19,135.1,0,7,0,0,0.0,0,0,8,0,0,0.0,0,0.0,7,0.0,0.0
3749,1,139.0,3,19,138.3,0,6,6,6,14.66666667,0,0,6,6,6,13.16666667,0,1.0,0,1.0,0.0
3750,1,130.0,38,38,122.5,0,8,8,7,13.93714286,0,0,8,8,7,13.93714286,0,0.875,1,0.875,0.0
3751,1,148.0,3,1,148.0,7,12,12,10,14.7,0,8,12,12,12,14.58333333,0,0.8333333333333334,2,0.8333333333333334,0.0
3752,1,130.0,1,1,126.2,0,6,6,6,11.66666667,0,0,6,6,5,12.2,0,1.0,0,1.0,0.0
3753,6,134.0,37,37,129.8,0,7,7,6,14.85,0,0,7,7,6,14.85,0,0.8571428571428571,1,0.8571428571428571,0.0
3754,19,133.1,19,37,104.0,0,5,11,1,12.0,1,0,5,12,0,0.0,4,0.2,4,0.09090909090909091,0.2
3755,1,137.0,3,1,126.7,0,7,8,7,13.6875,0,0,8,9,8,15.62222222,0,1.0,0,0.875,0.0
3756,1,130.0,37,37,120.0,0,6,14,5,12.4,0,0,6,10,5,11.6,0,0.8333333333333334,1,0.35714285714285715,0.0
3757,1,137.0,1,3,124.6,0,7,10,7,13.398,0,0,8,8,8,13.5425,0,1.0,0,0.7,0.0
3758,1,130.0,1,1,130.0,0,6,13,5,11.8,0,0,6,19,4,12.0,0,0.8333333333333334,1,0.38461538461538464,0.0
3759,1,140.0,38,37,127.3,0,5,0,0,0.0,0,0,5,0,0,0.0,0,0.0,5,0.0,0.0
3760,1,150.0,37,37,122.0,13,15,19,13,11.76923077,0,12,14,17,14,11.92857143,0,0.8666666666666667,2,0.6842105263157895,0.0
3761,3,130.0,1,1,125.1,0,6,8,0,0.0,0,0,5,6,0,0.0,0,0.0,6,0.0,0.0
3762,1,133.1,19,38,110.0,0,6,8,6,13.28571429,0,0,6,11,6,13.0,0,1.0,0,0.75,0.0
3763,1,134.0,1,19,129.8,0,6,6,6,11.66666667,0,0,6,8,6,11.16666667,0,1.0,0,1.0,0.0
3764,1,125.0,19,38,114.9,0,6,13,6,11.5,0,0,6,9,5,12.2,0,1.0,0,0.46153846153846156,0.0
3765,1,141.0,37,38,125.6,0,7,9,6,13.08166667,0,0,8,12,6,13.15,0,0.8571428571428571,1,0.6666666666666666,0.0
3766,1,138.0,38,37,125.1,0,6,6,6,12.66666667,0,0,6,6,6,13.0,0,1.0,0,1.0,0.0
3767,1,116.0,37,1,115.7,0,6,6,3,11.33333333,0,0,6,6,0,0.0,0,0.5,3,0.5,0.0
3768,1,122.0,3,3,112.6,0,6,8,5,13.6,0,0,6,8,5,11.6,0,0.8333333333333334,1,0.625,0.0
3769,1,131.0,1,1,127.2,0,6,6,6,13.16666667,0,0,6,7,5,13.2,0,1.0,0,1.0,0.0
3770,39,140.0,1,19,140.0,0,6,0,0,0.0,0,0,6,0,0,0.0,0,0.0,6,0.0,0.0
3771,39,140.0,1,1,140.0,0,6,10,5,11.66666667,0,0,6,7,5,12.6,0,0.8333333333333334,1,0.5,0.0
3772,1,127.0,1,38,120.4,0,6,6,6,13.5,0,0,6,7,6,13.42857143,0,1.0,0,1.0,0.0
3773,19,133.1,37,37,100.0,0,6,7,0,0.0,0,0,6,6,0,0.0,0,0.0,6,0.0,0.0
3774,1,117.0,1,19,113.5,0,6,6,6,13.16666667,0,0,6,7,6,14.14285714,0,1.0,0,1.0,0.0
3775,1,150.0,37,37,132.1,4,5,11,4,12.5,2,1,5,11,2,12.5,0,0.8,1,0.36363636363636365,0.4
3776,39,160.0,3,1,160.0,0,6,10,6,13.375,0,0,6,10,6,13.0,0,1.0,0,0.6,0.0
3777,1,128.0,19,2,126.3,0,6,6,6,13.16666667,0,0,6,6,6,12.66666667,0,1.0,0,1.0,0.0
3778,39,160.0,1,1,160.0,1,6,12,4,13.4,0,1,6,17,2,13.5,0,0.6666666666666666,2,0.3333333333333333,0.0
3779,1,126.0,2,3,100.0,2,7,10,3,13.0,0,1,8,10,3,11.66666667,4,0.42857142857142855,4,0.3,0.0
3780,1,135.0,3,3,125.8,0,8,8,7,13.15428571,0,0,8,8,7,13.15428571,0,0.875,1,0.875,0.0
3781,1,139.0,1,38,142.2,0,6,6,6,12.83333333,0,0,6,6,6,12.83333333,0,1.0,0,1.0,0.0
3782,1,125.0,1,19,119.4,0,7,10,7,12.14285714,0,0,7,7,7,13.14285714,0,1.0,0,0.7,0.0
3783,1,106.0,1,19,106.4,0,7,9,5,13.34,0,0,7,9,6,12.38571429,0,0.7142857142857143,2,0.5555555555555556,0.0
3784,40,120.0,37,19,120.0,6,10,15,4,13.0,0,5,9,10,4,13.75,0,0.4,6,0.26666666666666666,0.0
3785,39,150.0,1,38,150.0,0,6,18,3,12.0,0,0,6,17,3,11.66666667,0,0.5,3,0.16666666666666666,0.0
3786,1,130.0,1,1,148.6,0,0,0,0,0.0,0,0,0,0,0,0.0,0,0.0,0,0.0,0.0
3787,1,116.0,38,38,108.7,0,6,9,5,11.0,0,0,6,12,0,0.0,0,0.8333333333333334,1,0.5555555555555556,0.0
3788,39,130.0,3,1,130.0,0,6,8,5,11.5,0,0,6,11,6,11.33333333,0,0.8333333333333334,1,0.625,0.0
3789,1,140.0,1,44,124.6,3,9,9,3,13.33333333,0,2,6,6,2,12.5,0,0.3333333333333333,6,0.3333333333333333,0.0
3790,1,134.0,19,19,131.0,0,7,9,7,14.59444444,0,0,8,10,8,13.472,0,1.0,0,0.7777777777777778,0.0
3791,39,130.0,3,1,130.0,2,6,9,4,11.0,0,1,6,13,3,10.66666667,0,0.6666666666666666,2,0.4444444444444444,0.0
3792,1,122.0,19,1,116.1,0,5,8,0,0.0,0,0,5,5,0,0.0,0,0.0,5,0.0,0.0
3793,1,128.0,19,38,125.6,0,6,6,0,0.0,0,0,6,0,0,0.0,0,0.0,6,0.0,0.0
3794,1,130.0,19,19,121.3,0,5,9,1,12.0,0,0,5,10,2,12.0,3,0.2,4,0.1111111111111111,0.0
3795,1,113.0,4,38,107.4,0,5,8,5,14.0,0,0,5,6,5,13.2,0,1.0,0,0.625,0.0
3796,1,126.0,1,19,116.9,0,6,8,6,13.57142857,0,0,6,7,5,11.8,0,1.0,0,0.75,0.0
3797,1,135.0,3,19,123.5,0,6,12,0,0.0,0,0,6,6,0,0.0,0,0.0,6,0.0,0.0
3798,1,141.0,19,38,130.5,0,6,8,6,14.25,0,0,6,7,6,13.85714286,0,1.0,0,0.75,0.0
3799,12,133.1,1,39,140.0,0,6,7,0,0.0,0,0,6,6,0,0.0,0,0.0,6,0.0,0.0
3800,1,133.1,34,19,117.1,0,6,12,0,0.0,0,0,6,12,0,0.0,0,0.0,6,0.0,0.0
3801,1,144.0,37,37,127.5,0,8,8,7,13.54285714,0,0,8,8,7,13.54285714,0,0.875,1,0.875,0.0
3802,1,140.0,38,37,126.0,3,9,9,9,13.11111111,0,2,7,10,7,11.71428571,0,1.0,0,1.0,0.0
3803,10,100.0,34,34,113.0,3,9,11,9,12.66666667,0,2,7,7,7,12.14285714,0,1.0,0,0.8181818181818182,0.0
3804,1,135.0,1,19,130.1,0,5,10,4,10.75,1,0,5,13,2,10.0,0,0.8,1,0.4,0.2
3805,1,130.0,37,37,110.0,4,10,14,4,10.75,0,2,10,10,2,10.0,0,0.4,6,0.2857142857142857,0.0
3806,1,147.0,34,37,135.8,0,6,6,6,13.66666667,0,0,6,6,6,13.33333333,0,1.0,0,1.0,0.0
3807,19,149.0,34,34,126.3,0,6,6,6,13.83333333,0,1,6,6,6,12.83333333,0,1.0,0,1.0,0.0
3808,2,130.0,34,34,130.0,15,18,18,17,13.17647059,0,13,18,18,16,13.0,0,0.9444444444444444,1,0.9444444444444444,0.0
3809,1,120.0,34,34,104.0,0,6,8,4,12.75,0,0,6,12,5,12.6,0,0.6666666666666666,2,0.5,0.0
3810,1,125.0,37,37,123.6,0,7,8,5,12.86,0,0,7,8,5,12.86,0,0.7142857142857143,2,0.625,0.0
3811,1,133.1,37,37,121.0,2,8,12,4,12.0,2,2,7,9,4,12.0,2,0.5,4,0.3333333333333333,0.25
3812,1,149.0,37,37,130.5,8,11,11,9,11.66666667,0,8,11,13,9,12.55555556,0,0.8181818181818182,2,0.8181818181818182,0.0
3813,43,180.0,19,19,180.0,12,14,14,14,16.5,0,8,11,11,11,16.90909091,0,1.0,0,1.0,0.0
3814,1,110.0,14,14,112.5,8,10,14,9,12.33333333,0,3,7,10,7,11.77777778,0,0.9,1,0.6428571428571429,0.0
3815,1,131.0,19,3,126.1,0,7,8,7,12.59125,0,0,8,11,7,12.82,0,1.0,0,0.875,0.0
3816,1,117.0,19,19,111.8,0,6,9,4,11.5,0,0,6,12,3,11.0,0,0.6666666666666666,2,0.4444444444444444,0.0
3817,1,120.0,38,37,131.4,17,18,19,18,11.89473684,0,12,13,13,13,12.92307692,0,1.0,0,0.9473684210526315,0.0
3818,1,160.0,19,37,144.3,0,6,0,0,0.0,0,0,6,0,0,0.0,0,0.0,6,0.0,0.0
3819,1,100.0,3,19,115.0,0,6,0,0,0.0,0,0,6,0,0,0.0,0,0.0,6,0.0,0.0
3820,39,140.0,4,4,120.0,0,6,13,5,13.0,0,0,6,13,2,11.5,0,0.8333333333333334,1,0.38461538461538464,0.0
3821,1,160.0,1,38,168.6,0,6,9,0,0.0,0,0,6,6,0,0.0,0,0.0,6,0.0,0.0
3822,1,141.0,37,37,127.7,0,6,6,6,15.16666667,0,0,6,6,6,14.83333333,0,1.0,0,1.0,0.0
3823,39,130.0,38,19,150.0,2,6,8,4,11.75,0,1,6,8,2,13.5,0,0.6666666666666666,2,0.5,0.0
3824,1,142.0,1,38,129.8,0,5,5,0,0.0,0,0,5,6,1,15.0,0,0.0,5,0.0,0.0
3825,1,130.0,1,38,135.6,0,0,0,0,0.0,0,0,0,0,0,0.0,0,0.0,0,0.0,0.0
3826,19,133.1,37,37,100.0,0,6,11,3,11.33333333,0,0,6,10,3,14.75,0,0.5,3,0.2727272727272727,0.0
3827,39,140.0,37,37,140.0,0,6,10,5,12.6,0,0,6,6,5,13.2,0,0.8333333333333334,1,0.5,0.0
3828,1,129.0,12,1,124.1,0,5,10,0,0.0,0,0,5,10,1,14.0,3,0.0,5,0.0,0.0
3829,1,148.0,38,38,131.6,0,6,8,6,15.5,0,0,6,9,4,15.5,0,1.0,0,0.75,0.0
3830,1,143.0,1,1,129.0,0,8,8,7,12.36571429,0,0,8,8,7,12.36571429,0,0.875,1,0.875,0.0
3831,1,128.0,37,37,135.7,0,6,7,5,13.2,0,0,6,10,5,13.25,0,0.8333333333333334,1,0.7142857142857143,0.0
3832,1,100.0,37,37,108.0,7,12,12,7,11.42857143,0,4,12,12,7,11.85714286,0,0.5833333333333334,5,0.5833333333333334,0.0
3833,1,116.0,38,19,110.8,0,6,0,0,0.0,0,0,6,0,0,0.0,0,0.0,6,0.0,0.0
3834,1,128.0,1,19,124.5,0,6,10,4,14.0,0,0,6,9,6,12.33333333,0,0.6666666666666666,2,0.4,0.0
3835,1,120.0,2,2,100.0,3,12,12,3,12.0,0,5,12,16,5,11.8,0,0.25,9,0.25,0.0
3836,1,121.0,1,3,123.8,0,4,4,0,0.0,4,0,5,8,3,12.0,0,0.0,4,0.0,1.0
3837,1,137.0,3,38,131.4,0,5,13,4,10.0,0,0,5,7,3,11.33333333,0,0.8,1,0.3076923076923077,0.0
3838,1,115.0,38,1,118.5,0,5,9,1,10.0,0,0,5,10,1,10.0,0,0.2,4,0.1111111111111111,0.0
3839,1,129.0,37,37,122.0,0,0,0,0,0.0,0,0,0,0,0,0.0,0,0.0,0,0.0,0.0
3840,1,125.0,37,37,122.9,0,6,7,6,11.16666667,0,0,6,12,3,11.66666667,0,1.0,0,0.8571428571428571,0.0
3841,1,125.0,19,38,118.7,0,6,12,4,11.75,0,0,6,13,3,11.33333333,0,0.6666666666666666,2,0.3333333333333333,0.0
3842,19,133.1,3,1,100.0,0,6,13,3,11.75,0,0,6,10,0,0.0,0,0.5,3,0.23076923076923078,0.0
3843,1,131.0,37,37,135.9,0,5,8,1,10.0,0,0,5,7,1,11.0,0,0.2,4,0.125,0.0
3844,1,133.1,6,11,138.4,0,5,8,3,14.0,0,0,5,5,5,12.8,0,0.6,2,0.375,0.0
3845,12,133.1,34,34,128.2,0,5,5,0,0.0,0,0,5,5,0,0.0,0,0.0,5,0.0,0.0
3846,1,114.0,37,38,107.4,0,6,12,3,12.0,0,0,6,15,0,0.0,0,0.5,3,0.25,0.0
3847,1,127.0,1,33,129.8,0,6,10,0,0.0,0,0,5,10,0,0.0,0,0.0,6,0.0,0.0
3848,1,130.0,37,37,100.0,4,10,19,8,11.88888889,0,2,8,17,5,11.6,1,0.8,2,0.42105263157894735,0.0
3849,1,121.0,19,38,113.0,0,6,6,6,13.83333333,0,0,6,6,6,13.66666667,0,1.0,0,1.0,0.0
3850,1,120.0,37,19,107.0,0,5,5,0,0.0,0,0,5,5,0,0.0,0,0.0,5,0.0,0.0
3851,12,120.0,37,37,130.0,0,6,8,5,11.4,0,0,6,9,5,12.4,0,0.8333333333333334,1,0.625,0.0
3852,1,120.0,37,37,120.0,0,6,8,0,0.0,0,1,6,8,2,11.0,0,0.0,6,0.0,0.0
3853,1,120.0,37,37,120.5,14,17,17,14,10.64285714,1,12,12,12,12,10.66666667,0,0.8235294117647058,3,0.8235294117647058,0.058823529411764705
3854,1,133.1,37,29,120.5,0,6,10,2,11.0,0,0,6,12,0,0.0,0,0.3333333333333333,4,0.2,0.0
3855,1,124.0,3,12,137.0,0,6,6,6,16.83333333,0,0,6,6,6,16.66666667,0,1.0,0,1.0,0.0
3856,1,150.0,37,37,115.0,0,6,8,6,13.57142857,0,0,6,9,5,13.2,0,1.0,0,0.75,0.0
3857,19,133.1,38,19,142.7,0,5,11,5,14.71428571,0,0,5,14,5,14.375,5,1.0,0,0.45454545454545453,0.0
3858,1,116.0,38,19,116.7,0,5,8,0,0.0,0,0,5,5,0,0.0,0,0.0,5,0.0,0.0
3859,1,133.1,37,19,136.1,0,5,14,1,10.0,0,0,5,14,1,11.0,0,0.2,4,0.07142857142857142,0.0
3860,19,133.1,37,19,134.3,0,6,15,1,11.0,0,0,6,13,4,11.75,0,0.16666666666666666,5,0.06666666666666667,0.0
3861,1,167.0,38,38,153.0,0,6,6,1,11.0,0,0,6,0,0,0.0,0,0.16666666666666666,5,0.16666666666666666,0.0
3862,1,140.0,19,38,132.0,0,6,6,5,12.0,0,0,6,6,6,12.83333333,0,0.8333333333333334,1,0.8333333333333334,0.0
3863,1,124.0,38,19,129.6,0,6,10,6,11.125,0,0,6,7,6,11.85714286,0,1.0,0,0.6,0.0
3864,1,110.0,3,19,105.0,2,6,13,3,11.33333333,0,0,6,8,2,11.5,0,0.5,3,0.23076923076923078,0.0
3865,1,150.0,1,1,130.8,0,6,15,2,12.0,0,0,6,12,0,0.0,0,0.3333333333333333,4,0.13333333333333333,0.0
3866,1,123.0,37,37,119.7,0,7,8,0,0.0,1,0,7,7,0,0.0,0,0.0,7,0.0,0.14285714285714285
3867,1,152.0,19,19,132.5,0,8,8,7,14.54,0,0,8,8,7,14.54,0,0.875,1,0.875,0.0
3868,39,130.0,1,19,130.0,0,6,9,6,12.16666667,0,0,6,14,4,13.0,0,1.0,0,0.6666666666666666,0.0
3869,1,133.1,1,1,120.0,0,5,13,4,13.5,1,0,5,12,3,11.66666667,1,0.8,1,0.3076923076923077,0.2
3870,1,133.1,1,37,150.0,0,6,8,6,14.75,0,0,6,9,5,14.33333333,0,1.0,0,0.75,0.0
3871,1,124.0,38,38,115.6,0,5,8,5,12.375,0,0,5,7,5,11.66666667,0,1.0,0,0.625,0.0
3872,6,119.1,1,19,119.1,0,7,7,6,12.73333333,0,0,7,7,6,12.73333333,0,0.8571428571428571,1,0.8571428571428571,0.0
3873,1,128.0,19,19,123.5,0,6,9,4,12.5,0,0,6,6,0,0.0,0,0.6666666666666666,2,0.4444444444444444,0.0
3874,1,133.1,1,1,120.0,0,5,5,0,0.0,1,0,5,5,0,0.0,5,0.0,5,0.0,0.2
3875,19,133.1,34,34,110.0,0,7,7,0,0.0,6,0,7,7,0,0.0,6,0.0,7,0.0,0.8571428571428571
3876,1,145.0,1,1,131.4,0,7,7,7,13.44285714,0,0,8,8,7,13.77142857,0,1.0,0,1.0,0.0
3877,1,141.0,1,1,126.8,0,8,8,8,14.2,0,0,8,8,8,14.2,0,1.0,0,1.0,0.0
3878,6,118.9,38,37,118.9,0,7,7,6,13.55,0,0,7,7,6,13.55,0,0.8571428571428571,1,0.8571428571428571,0.0
3879,1,160.0,37,37,160.0,0,5,5,5,11.6,0,0,5,6,5,11.16666667,0,1.0,0,1.0,0.0
3880,1,111.0,19,12,115.9,0,6,7,6,13.57142857,0,0,6,7,6,15.28571429,0,1.0,0,0.8571428571428571,0.0
3881,1,111.0,1,19,109.3,0,6,6,6,13.83333333,0,0,6,6,6,15.0,0,1.0,0,1.0,0.0
3882,1,123.0,37,38,113.9,0,6,7,4,11.25,0,0,6,9,4,10.85714286,0,0.6666666666666666,2,0.5714285714285714,0.0
3883,1,133.0,37,37,121.8,0,6,7,5,10.2,0,0,6,9,4,11.25,0,0.8333333333333334,1,0.7142857142857143,0.0
3884,3,140.0,1,37,140.0,0,8,8,7,15.67571429,0,0,8,8,7,15.67571429,0,0.875,1,0.875,0.0
3885,1,122.0,38,38,114.7,0,6,9,6,10.83333333,0,0,6,8,6,12.0,0,1.0,0,0.6666666666666666,0.0
3886,1,128.0,19,19,120.0,0,6,6,6,14.5,0,0,6,7,5,15.0,0,1.0,0,1.0,0.0
3887,1,108.0,19,38,107.3,0,6,12,4,10.4,0,0,6,11,4,10.75,0,0.6666666666666666,2,0.3333333333333333,0.0
3888,1,139.0,38,38,136.2,0,5,7,5,13.0,1,0,5,7,5,13.33333333,0,1.0,0,0.7142857142857143,0.2
3889,1,130.0,1,38,119.5,0,7,7,7,12.24285714,0,0,8,8,8,14.125,0,1.0,0,1.0,0.0
3890,1,133.1,1,19,106.0,0,7,7,7,13.0,0,0,7,8,6,12.5,0,1.0,0,1.0,0.0
3891,1,130.0,1,1,124.1,0,6,6,6,14.16666667,0,0,6,7,6,13.42857143,0,1.0,0,1.0,0.0
3892,1,143.0,1,1,133.2,0,5,11,4,14.25,0,0,5,7,4,12.5,0,0.8,1,0.36363636363636365,0.0
3893,1,110.0,37,37,110.0,0,5,14,1,12.0,2,0,5,11,2,10.5,1,0.2,4,0.07142857142857142,0.4
3894,1,120.0,1,1,114.8,0,7,11,4,13.25,0,0,7,9,5,13.82,0,0.5714285714285714,3,0.36363636363636365,0.0
3895,1,140.0,38,37,130.0,0,7,7,6,13.18333333,0,0,7,7,6,13.18333333,0,0.8571428571428571,1,0.8571428571428571,0.0
3896,1,125.0,19,1,122.6,0,6,6,1,11.0,0,0,6,6,0,0.0,0,0.16666666666666666,5,0.16666666666666666,0.0
3897,1,134.0,38,1,133.5,0,7,8,7,11.9725,0,0,8,8,8,12.65125,0,1.0,0,0.875,0.0
3898,1,130.0,37,37,120.0,0,6,7,5,12.4,0,0,6,8,5,12.8,0,0.8333333333333334,1,0.7142857142857143,0.0
3899,3,120.0,37,37,120.0,3,8,9,5,12.6,2,2,7,13,5,11.25,0,0.625,3,0.5555555555555556,0.25
3900,1,142.0,37,38,137.3,0,7,7,6,13.9,0,0,7,7,6,13.9,0,0.8571428571428571,1,0.8571428571428571,0.0
3901,1,127.0,37,37,123.5,0,6,11,4,11.5,0,0,6,12,3,11.0,0,0.6666666666666666,2,0.36363636363636365,0.0
3902,1,140.0,37,37,131.8,0,5,6,4,14.2,0,0,5,10,4,11.85714286,0,0.8,1,0.6666666666666666,0.0
3903,1,140.0,38,37,130.0,0,5,12,3,10.66666667,2,0,5,15,3,10.66666667,0,0.6,2,0.25,0.4
3904,1,142.0,38,37,128.0,0,7,14,0,0.0,0,0,8,0,0,0.0,0,0.0,7,0.0,0.0
3905,1,120.0,37,37,95.0,0,6,10,6,11.0,0,0,6,14,3,11.33333333,0,1.0,0,0.6,0.0
3906,1,124.0,37,37,116.0,0,8,8,7,13.95714286,0,0,8,8,7,13.95714286,0,0.875,1,0.875,0.0
3907,1,157.0,3,38,136.7,0,6,11,4,12.5,1,0,6,13,3,13.66666667,0,0.6666666666666666,2,0.36363636363636365,0.16666666666666666
3908,1,126.6,38,38,107.5,0,6,8,6,13.33333333,0,0,6,7,6,15.28571429,0,1.0,0,0.75,0.0
3909,1,110.0,37,37,108.4,0,5,5,0,0.0,0,0,5,6,0,0.0,0,0.0,5,0.0,0.0
3910,1,144.0,19,19,130.7,0,6,9,6,11.66666667,0,0,6,8,5,11.6,0,1.0,0,0.6666666666666666,0.0
3911,39,160.0,37,19,155.9,3,6,7,6,15.71428571,0,2,6,7,6,15.5,0,1.0,0,0.8571428571428571,0.0
3912,1,105.0,1,19,106.1,0,6,8,5,11.0,0,0,6,9,5,11.4,0,0.8333333333333334,1,0.625,0.0
3913,1,130.0,26,30,128.6,0,5,8,4,12.25,0,0,5,7,4,12.75,2,0.8,1,0.5,0.0
3914,3,140.0,37,19,140.0,4,10,25,5,12.2,0,3,9,18,8,12.22222222,0,0.5,5,0.2,0.0
3915,1,138.0,37,37,145.0,0,5,6,5,13.0,0,0,5,5,5,14.0,0,1.0,0,0.8333333333333334,0.0
3916,1,120.0,38,37,113.0,0,6,11,4,12.0,0,0,6,7,6,13.0,0,0.6666666666666666,2,0.36363636363636365,0.0
3917,1,135.0,19,12,137.1,0,6,6,6,13.33333333,0,0,6,7,6,12.33333333,0,1.0,0,1.0,0.0
3918,1,119.0,37,37,119.7,0,5,6,3,13.0,0,0,5,7,3,13.0,1,0.6,2,0.5,0.0
3919,1,121.0,1,1,120.5,0,8,8,7,12.91,0,0,8,8,7,12.91,0,0.875,1,0.875,0.0
3920,1,126.0,38,1,125.7,0,6,8,6,11.0,0,0,6,13,3,11.0,0,1.0,0,0.75,0.0
3921,1,132.0,38,19,125.5,0,7,8,6,13.58,0,0,8,8,8,12.93625,0,0.8571428571428571,1,0.75,0.0
3922,1,128.0,19,19,124.5,0,6,10,4,12.4,0,0,6,8,6,12.5,0,0.6666666666666666,2,0.4,0.0
3923,1,160.0,37,37,126.0,4,9,13,8,12.88888889,0,2,7,9,7,13.0,0,0.8888888888888888,1,0.6153846153846154,0.0
3924,1,125.0,19,19,136.2,6,12,12,11,11.54545455,0,4,11,18,9,11.7,1,0.9166666666666666,1,0.9166666666666666,0.0
3925,1,127.0,1,5,124.2,0,5,6,1,10.0,0,0,5,5,0,0.0,0,0.2,4,0.16666666666666666,0.0
3926,1,147.0,19,1,138.5,0,8,8,8,14.34125,0,0,8,8,8,14.34125,0,1.0,0,1.0,0.0
3927,1,130.0,38,37,122.3,0,6,8,6,14.14285714,0,0,6,6,5,12.0,0,1.0,0,0.75,0.0
3928,1,134.0,19,37,126.0,0,0,0,0,0.0,0,0,0,0,0,0.0,0,0.0,0,0.0,0.0
3929,1,140.0,19,19,135.4,0,6,10,5,11.8,0,0,6,13,4,11.25,0,0.8333333333333334,1,0.5,0.0
3930,1,151.0,1,1,146.5,0,6,6,6,13.33333333,0,0,6,6,6,14.16666667,0,1.0,0,1.0,0.0
3931,1,132.0,3,1,121.9,0,6,8,6,14.5,0,0,6,9,6,12.85714286,0,1.0,0,0.75,0.0
3932,40,130.0,19,19,130.0,5,10,13,8,12.66666667,0,5,10,12,10,13.4,0,0.8,2,0.6153846153846154,0.0
3933,1,126.0,19,19,115.2,0,5,13,1,10.0,0,0,5,8,2,10.0,0,0.2,4,0.07692307692307693,0.0
3934,1,119.0,38,38,115.2,0,6,10,0,0.0,0,0,6,6,0,0.0,0,0.0,6,0.0,0.0
3935,1,123.0,38,37,125.1,0,6,12,4,11.0,0,0,6,6,4,12.5,0,0.6666666666666666,2,0.3333333333333333,0.0
3936,1,106.0,37,37,108.0,0,5,10,2,12.0,2,0,5,9,4,11.0,0,0.4,3,0.2,0.4
3937,1,121.0,19,19,125.9,0,6,10,4,10.0,0,0,6,12,2,13.5,0,0.6666666666666666,2,0.4,0.0
3938,1,138.0,19,1,128.0,0,7,7,7,14.20857143,0,0,8,9,8,15.12777778,0,1.0,0,1.0,0.0
3939,1,118.0,3,1,113.5,0,7,7,7,14.30714286,0,0,8,8,8,15.0125,0,1.0,0,1.0,0.0
3940,1,120.0,37,37,124.6,0,5,8,3,11.0,0,0,5,12,4,13.375,0,0.6,2,0.375,0.0
3941,19,133.1,19,4,116.0,0,7,14,0,0.0,0,0,6,6,0,0.0,0,0.0,7,0.0,0.0
3942,1,141.0,3,3,124.9,0,6,10,6,12.0,0,0,6,12,4,11.0,0,1.0,0,0.6,0.0
3943,1,180.0,1,1,140.5,0,5,0,0,0.0,0,0,5,0,0,0.0,0,0.0,5,0.0,0.0
3944,1,180.0,1,1,179.6,0,6,6,0,0.0,0,0,6,7,0,0.0,0,0.0,6,0.0,0.0
3945,1,115.0,37,37,116.1,0,6,7,6,13.85714286,0,0,6,7,6,14.28571429,0,1.0,0,0.8571428571428571,0.0
3946,1,142.0,3,1,139.4,0,0,0,0,0.0,0,0,0,0,0,0.0,0,0.0,0,0.0,0.0
3947,1,135.0,38,37,129.0,0,7,0,0,0.0,0,0,7,0,0,0.0,0,0.0,7,0.0,0.0
3948,1,150.0,37,19,135.6,0,6,8,5,11.0,0,0,6,9,5,13.0,0,0.8333333333333334,1,0.625,0.0
3949,1,153.0,1,19,147.8,0,5,9,5,13.2,0,0,5,13,5,14.4,5,1.0,0,0.5555555555555556,0.0
3950,1,153.0,37,37,138.0,0,6,7,6,13.5,0,0,6,6,3,15.33333333,0,1.0,0,0.8571428571428571,0.0
3951,3,150.0,6,27,150.0,0,5,5,0,0.0,0,0,5,0,0,0.0,0,0.0,5,0.0,0.0
3952,1,144.0,1,19,130.8,0,8,8,7,14.21428571,0,0,8,8,7,14.21428571,0,0.875,1,0.875,0.0
3953,1,130.0,37,11,122.6,0,5,5,5,13.0,0,0,5,5,5,12.4,0,1.0,0,1.0,0.0
3954,1,125.0,3,2,119.1,0,6,13,2,12.0,0,0,6,14,1,10.0,0,0.3333333333333333,4,0.15384615384615385,0.0
3955,19,133.1,1,19,111.8,0,7,0,0,0.0,0,0,8,0,0,0.0,0,0.0,7,0.0,0.0
3956,1,133.0,38,19,125.0,0,5,6,5,12.8,1,0,5,6,5,12.6,0,1.0,0,0.8333333333333334,0.2
3957,1,140.0,37,38,129.9,0,5,11,4,13.6,2,0,5,9,4,12.2,0,0.8,1,0.36363636363636365,0.4
3958,1,133.0,19,19,131.1,0,7,7,7,13.97142857,0,0,8,8,8,15.75,0,1.0,0,1.0,0.0
3959,1,154.0,38,37,141.4,0,6,8,6,15.0,0,0,6,9,6,14.85714286,0,1.0,0,0.75,0.0
3960,1,133.1,37,37,120.0,0,6,0,0,0.0,0,0,6,0,0,0.0,0,0.0,6,0.0,0.0
3961,1,168.0,37,1,133.4,20,26,27,26,15.07777778,0,14,17,17,17,15.02352941,0,1.0,0,0.9629629629629629,0.0
3962,1,132.0,37,37,127.3,0,7,7,6,13.38333333,0,0,7,7,6,13.38333333,0,0.8571428571428571,1,0.8571428571428571,0.0
3963,1,133.1,19,38,131.8,6,12,12,12,13.25,0,4,11,16,10,13.09090909,0,1.0,0,1.0,0.0
3964,1,120.0,19,19,114.8,0,6,10,5,11.71428571,0,0,6,13,2,10.66666667,0,0.8333333333333334,1,0.5,0.0
3965,1,150.0,19,19,132.8,0,8,8,8,13.01125,0,0,8,8,8,13.01125,0,1.0,0,1.0,0.0
3966,39,140.0,19,19,140.0,0,6,12,3,10.66666667,2,0,6,12,4,12.0,0,0.5,3,0.25,0.3333333333333333
3967,1,103.0,1,19,108.3,0,7,14,0,0.0,0,0,7,15,0,0.0,0,0.0,7,0.0,0.0
3968,39,150.0,3,19,150.0,1,6,9,6,13.0,0,1,6,18,3,12.66666667,0,1.0,0,0.6666666666666666,0.0
3969,39,160.0,37,37,160.0,0,5,5,5,12.0,0,0,5,7,5,11.4,0,1.0,0,1.0,0.0
3970,1,131.0,37,37,131.7,0,6,6,6,12.16666667,0,0,6,7,5,13.8,0,1.0,0,1.0,0.0
3971,1,114.0,19,38,112.6,0,7,10,6,11.85,0,0,8,10,7,13.65,0,0.8571428571428571,1,0.6,0.0
3972,1,120.0,37,37,111.1,0,5,8,4,11.0,0,0,5,6,5,11.2,0,0.8,1,0.5,0.0
3973,1,140.0,1,19,127.5,0,7,9,7,12.32777778,0,0,8,10,8,11.736,0,1.0,0,0.7777777777777778,0.0
3974,1,130.0,19,38,120.2,0,5,9,4,12.0,0,0,5,10,5,13.42857143,1,0.8,1,0.4444444444444444,0.0
3975,1,121.0,37,37,118.9,0,7,7,7,14.42857143,0,0,8,9,8,14.51111111,0,1.0,0,1.0,0.0
3976,1,130.0,19,19,119.9,0,7,7,7,13.78,0,0,8,8,8,12.6125,0,1.0,0,1.0,0.0
3977,1,141.0,37,1,127.3,0,7,7,6,13.8,0,0,7,7,6,13.8,0,0.8571428571428571,1,0.8571428571428571,0.0
3978,1,131.0,19,19,127.9,0,7,7,7,14.85714286,0,0,7,7,7,15.14285714,0,1.0,0,1.0,0.0
3979,38,133.1,19,19,133.0,0,6,8,5,13.0,0,0,6,7,5,12.6,0,0.8333333333333334,1,0.625,0.0
3980,1,117.0,1,38,114.6,0,6,7,6,12.14285714,0,0,6,6,6,13.33333333,0,1.0,0,0.8571428571428571,0.0
3981,1,151.0,40,4,144.5,0,6,7,6,15.66666667,0,0,6,6,6,14.83333333,0,1.0,0,0.8571428571428571,0.0
3982,1,131.0,1,19,125.4,0,7,13,5,12.5,0,0,8,14,7,12.16666667,0,0.7142857142857143,2,0.38461538461538464,0.0
3983,1,145.0,38,38,145.0,0,6,7,6,12.83333333,0,0,6,6,6,13.16666667,0,1.0,0,0.8571428571428571,0.0
3984,1,135.0,38,38,138.1,0,6,6,0,0.0,0,0,6,7,0,0.0,0,0.0,6,0.0,0.0
3985,1,119.0,37,38,124.6,0,6,6,6,12.5,0,0,6,6,6,12.66666667,0,1.0,0,1.0,0.0
3986,1,122.0,37,37,130.8,0,6,14,4,11.25,0,0,6,9,5,13.0,0,0.6666666666666666,2,0.2857142857142857,0.0
3987,1,155.0,1,1,140.5,0,7,7,6,15.25,0,0,7,7,6,15.25,0,0.8571428571428571,1,0.8571428571428571,0.0
3988,1,123.0,19,37,124.1,0,5,13,5,14.0,2,0,5,10,3,12.0,1,1.0,0,0.38461538461538464,0.4
3989,1,130.0,38,19,118.4,15,16,16,13,12.07692308,0,13,13,13,11,12.09090909,0,0.8125,3,0.8125,0.0
3990,1,133.1,43,1,128.2,11,16,17,16,14.625,0,6,10,12,9,14.88888889,0,1.0,0,0.9411764705882353,0.0
3991,1,114.0,19,37,109.5,0,7,10,4,10.5,0,0,7,7,2,10.5,0,0.5714285714285714,3,0.4,0.0
3992,1,137.0,38,19,131.1,0,6,8,6,12.83333333,0,0,6,6,6,12.16666667,0,1.0,0,0.75,0.0
3993,1,161.0,37,37,137.9,0,6,6,6,12.5,0,0,6,7,5,11.8,0,1.0,0,1.0,0.0
3994,1,133.1,3,1,128.2,5,12,13,12,11.23076923,0,3,11,18,9,12.77777778,0,1.0,0,0.9230769230769231,0.0
3995,1,133.1,37,37,126.5,0,5,5,2,10.5,0,0,5,5,0,0.0,0,0.4,3,0.4,0.0
3996,1,128.0,1,1,120.0,0,6,11,3,12.0,0,0,6,13,2,12.0,0,0.5,3,0.2727272727272727,0.0
3997,19,133.1,19,19,123.0,0,7,10,7,10.98571429,0,0,8,11,8,12.3,0,1.0,0,0.7,0.0
3998,40,130.0,19,19,130.0,2,7,10,5,12.62,0,3,7,11,3,14.16666667,0,0.7142857142857143,2,0.5,0.0
3999,1,147.0,1,38,141.1,0,7,9,6,13.0,0,0,8,8,8,14.2125,0,0.8571428571428571,1,0.6666666666666666,0.0
4000,1,140.0,34,34,140.0,0,5,5,0,0.0,0,0,5,5,0,0.0,0,0.0,5,0.0,0.0
4001,1,140.0,3,3,133.6,0,5,0,0,0.0,0,0,5,0,0,0.0,0,0.0,5,0.0,0.0
4002,19,133.1,19,19,123.5,0,6,6,6,13.5,0,0,6,6,6,13.33333333,0,1.0,0,1.0,0.0
4003,1,141.0,37,37,136.3,0,7,7,6,13.51666667,0,0,7,7,6,13.51666667,0,0.8571428571428571,1,0.8571428571428571,0.0
4004,1,128.0,37,37,123.5,0,6,6,6,13.16666667,0,0,6,8,6,13.28571429,0,1.0,0,1.0,0.0
4005,1,150.0,37,37,112.0,0,6,0,0,0.0,0,0,6,0,0,0.0,0,0.0,6,0.0,0.0
4006,39,160.0,37,37,160.0,0,6,8,6,13.125,0,0,6,10,6,13.0,0,1.0,0,0.75,0.0
4007,1,133.1,1,37,110.0,0,6,15,3,14.4,0,0,6,20,0,0.0,0,0.5,3,0.2,0.0
4008,1,128.0,38,37,116.8,0,6,10,4,12.0,0,0,6,12,0,0.0,0,0.6666666666666666,2,0.4,0.0
4009,1,114.0,38,1,109.5,0,5,5,0,0.0,0,0,5,10,0,0.0,0,0.0,5,0.0,0.0
4010,19,133.1,37,37,100.0,0,7,7,0,0.0,0,0,7,7,0,0.0,0,0.0,7,0.0,0.0
4011,1,126.0,19,38,117.3,0,5,15,3,10.8,0,0,5,6,3,10.5,0,0.6,2,0.2,0.0
4012,1,133.1,37,19,130.0,0,6,0,0,0.0,0,0,6,0,0,0.0,0,0.0,6,0.0,0.0
4013,1,129.0,37,38,137.8,2,7,7,7,16.13142857,0,0,8,9,8,15.52222222,0,1.0,0,1.0,0.0
4014,1,140.0,19,38,136.5,0,7,7,7,14.83857143,0,0,8,9,8,14.8,0,1.0,0,1.0,0.0
4015,1,133.1,37,37,138.7,0,5,7,3,10.33333333,0,0,5,6,3,12.0,0,0.6,2,0.42857142857142855,0.0
4016,1,134.0,19,1,124.9,0,6,11,3,12.0,0,0,6,11,4,11.25,0,0.5,3,0.2727272727272727,0.0
4017,1,133.1,37,37,140.0,0,6,6,0,0.0,0,0,5,5,0,0.0,0,0.0,6,0.0,0.0
4018,1,132.0,38,38,122.6,0,6,6,6,13.16666667,0,0,6,6,6,14.0,0,1.0,0,1.0,0.0
4019,1,131.0,1,1,129.5,0,8,8,8,13.9475,0,0,8,8,8,13.9475,0,1.0,0,1.0,0.0
4020,1,133.1,3,1,155.0,0,5,6,3,11.33333333,0,0,5,5,0,0.0,0,0.6,2,0.5,0.0
4021,1,133.1,3,1,100.0,2,8,11,7,12.75,0,2,7,7,7,12.28571429,0,0.875,1,0.6363636363636364,0.0
4022,1,160.0,19,19,137.6,0,5,6,5,12.6,0,0,5,8,5,11.25,0,1.0,0,0.8333333333333334,0.0
4023,3,120.0,19,3,120.0,0,8,8,6,12.25,1,0,8,8,6,12.25,1,0.75,2,0.75,0.125
4024,1,114.0,3,19,114.0,0,7,14,0,0.0,6,0,7,12,2,11.66666667,0,0.0,7,0.0,0.8571428571428571
4025,1,140.0,37,37,139.0,0,5,8,5,11.0,0,0,5,7,5,11.4,0,1.0,0,0.625,0.0
4026,1,100.0,37,37,110.0,8,12,17,12,11.83333333,0,3,12,22,9,12.7,0,1.0,0,0.7058823529411765,0.0
4027,1,139.0,19,38,128.5,0,8,10,6,13.06666667,0,0,8,10,6,13.06666667,0,0.75,2,0.6,0.0
4028,1,136.0,1,38,132.2,0,6,6,6,13.83333333,0,0,6,8,6,13.875,0,1.0,0,1.0,0.0
4029,3,130.0,3,19,130.0,0,7,7,3,13.83333333,1,0,7,7,0,0.0,0,0.42857142857142855,4,0.42857142857142855,0.14285714285714285
4030,1,145.0,38,37,129.3,0,5,5,5,11.8,0,0,5,5,5,13.2,0,1.0,0,1.0,0.0
4031,1,133.1,19,38,128.2,6,12,12,12,13.33333333,0,4,11,15,10,12.81818182,0,1.0,0,1.0,0.0
4032,1,146.0,2,19,130.3,0,8,8,8,13.74625,0,0,8,8,8,13.74625,0,1.0,0,1.0,0.0
4033,1,159.0,3,3,162.5,0,0,0,0,0.0,0,0,0,0,0,0.0,0,0.0,0,0.0,0.0
4034,19,133.1,34,34,130.0,0,6,0,0,0.0,0,0,6,0,0,0.0,0,0.0,6,0.0,0.0
4035,2,110.0,19,19,110.0,0,6,9,0,0.0,0,0,6,6,0,0.0,0,0.0,6,0.0,0.0
4036,1,120.0,1,19,142.3,0,6,6,6,13.33333333,0,0,6,10,5,14.5,0,1.0,0,1.0,0.0
4037,1,130.0,37,37,122.0,0,6,8,1,10.0,0,0,6,13,5,11.4,0,0.16666666666666666,5,0.125,0.0
4038,1,158.0,1,19,153.6,0,6,7,6,15.66666667,0,0,6,8,6,15.28571429,0,1.0,0,0.8571428571428571,0.0
4039,1,122.0,3,19,112.9,0,7,9,7,11.85714286,0,0,7,7,7,11.85714286,0,1.0,0,0.7777777777777778,0.0
4040,1,140.0,3,1,124.1,0,5,12,5,14.5,2,0,5,5,5,13.6,0,1.0,0,0.4166666666666667,0.4
4041,1,136.0,38,1,129.7,0,6,6,6,12.16666667,0,0,6,7,6,13.71428571,0,1.0,0,1.0,0.0
4042,1,111.0,19,19,110.0,0,6,6,5,12.6,0,0,6,8,6,12.0,0,0.8333333333333334,1,0.8333333333333334,0.0
4043,1,145.0,2,38,136.3,0,8,12,7,12.28571429,0,0,8,12,7,12.28571429,0,0.875,1,0.5833333333333334,0.0
4044,1,133.1,38,38,146.0,0,6,6,6,12.66666667,0,0,6,7,6,13.0,0,1.0,0,1.0,0.0
4045,1,140.0,19,38,129.9,0,7,0,0,0.0,0,0,8,0,0,0.0,0,0.0,7,0.0,0.0
4046,1,140.0,19,1,140.9,0,6,7,6,12.85714286,0,0,6,10,4,13.0,0,1.0,0,0.8571428571428571,0.0
4047,1,156.0,1,1,135.5,0,8,8,7,13.9,0,0,8,8,7,13.9,0,0.875,1,0.875,0.0
4048,1,132.0,38,37,122.0,0,8,8,7,13.81714286,0,0,8,8,7,13.81714286,0,0.875,1,0.875,0.0
4049,42,140.0,1,19,140.0,1,7,10,6,13.31428571,0,2,8,10,7,12.875,0,0.8571428571428571,1,0.6,0.0
4050,1,164.0,34,1,163.0,0,6,0,0,0.0,0,0,6,0,0,0.0,0,0.0,6,0.0,0.0
4051,1,113.0,38,19,107.4,0,6,6,6,12.16666667,0,0,6,6,6,12.16666667,0,1.0,0,1.0,0.0
4052,1,122.0,37,37,114.3,0,6,12,4,11.25,0,0,6,12,3,11.33333333,0,0.6666666666666666,2,0.3333333333333333,0.0
4053,1,150.0,2,3,140.8,1,6,6,5,12.4,0,0,6,8,6,12.75,0,0.8333333333333334,1,0.8333333333333334,0.0
4054,1,135.0,37,37,126.3,0,6,6,6,14.66666667,0,0,6,7,6,14.57142857,0,1.0,0,1.0,0.0
4055,1,133.1,3,19,110.0,0,6,15,4,12.0,0,0,6,14,4,12.0,0,0.6666666666666666,2,0.26666666666666666,0.0
4056,1,122.0,1,1,126.2,0,6,8,6,14.0,0,0,6,18,3,12.66666667,0,1.0,0,0.75,0.0
4057,39,140.0,19,1,140.0,0,6,10,6,12.57142857,0,0,6,12,4,13.66666667,0,1.0,0,0.6,0.0
4058,1,138.0,1,3,123.0,1,6,14,6,15.53846154,0,0,6,9,6,12.625,0,1.0,0,0.42857142857142855,0.0
4059,1,130.0,19,19,157.0,0,6,0,0,0.0,0,0,6,0,0,0.0,0,0.0,6,0.0,0.0
4060,1,157.0,5,43,149.7,0,6,6,6,15.0,0,0,6,6,6,14.83333333,0,1.0,0,1.0,0.0
4061,1,140.0,2,1,140.0,0,5,11,4,12.25,0,0,5,9,5,13.28571429,0,0.8,1,0.36363636363636365,0.0
4062,42,170.0,1,19,170.0,7,11,13,11,15.69230769,0,4,9,9,9,15.55555556,0,1.0,0,0.8461538461538461,0.0
4063,1,150.0,1,37,130.2,0,5,7,5,12.28571429,0,0,5,9,5,12.75,1,1.0,0,0.7142857142857143,0.0
4064,1,146.0,1,38,135.5,12,17,19,12,11.83333333,0,10,17,22,11,11.25,0,0.7058823529411765,5,0.631578947368421,0.0
4065,1,120.0,38,19,118.3,2,6,6,6,12.16666667,0,0,6,7,5,14.0,0,1.0,0,1.0,0.0
4066,1,118.0,19,38,116.3,0,7,10,7,11.88888889,0,0,8,10,8,11.95625,0,1.0,0,0.7,0.0
4067,3,120.0,38,1,120.0,0,6,0,0,0.0,0,0,6,0,0,0.0,0,0.0,6,0.0,0.0
4068,1,154.0,1,1,154.7,0,5,6,5,11.8,0,0,5,5,5,12.6,0,1.0,0,0.8333333333333334,0.0
4069,1,139.0,2,3,132.7,0,6,7,6,11.16666667,0,0,6,9,6,11.66666667,0,1.0,0,0.8571428571428571,0.0
4070,1,136.0,3,3,130.8,0,7,7,7,14.05714286,0,0,8,9,8,14.6,0,1.0,0,1.0,0.0
4071,1,130.0,1,38,122.7,0,6,10,4,11.75,0,0,6,13,4,10.0,0,0.6666666666666666,2,0.4,0.0
4072,19,133.1,1,2,130.0,0,6,6,6,13.16666667,0,0,6,8,6,13.0,0,1.0,0,1.0,0.0
4073,1,133.0,19,19,123.6,0,6,7,6,13.5,0,0,6,7,6,14.0,0,1.0,0,0.8571428571428571,0.0
4074,1,143.0,38,37,116.5,0,7,10,7,12.625,0,0,8,8,8,13.0625,0,1.0,0,0.7,0.0
4075,1,117.0,19,38,111.1,0,6,0,0,0.0,0,0,6,0,0,0.0,0,0.0,6,0.0,0.0
4076,1,145.0,19,38,136.3,0,8,8,7,13.97142857,0,0,8,8,7,13.97142857,0,0.875,1,0.875,0.0
4077,1,134.0,34,1,129.8,0,6,7,2,11.0,0,0,6,0,0,0.0,0,0.3333333333333333,4,0.2857142857142857,0.0
4078,1,170.0,38,19,134.7,0,5,5,5,12.8,0,0,5,6,5,15.33333333,0,1.0,0,1.0,0.0
4079,1,143.0,37,37,131.8,0,6,8,6,13.57142857,0,0,6,6,5,12.8,0,1.0,0,0.75,0.0
4080,1,140.0,37,37,126.8,0,0,0,0,0.0,0,0,0,0,0,0.0,0,0.0,0,0.0,0.0
4081,1,131.0,37,37,130.7,0,5,9,2,11.5,0,0,5,13,4,11.0,1,0.4,3,0.2222222222222222,0.0
4082,1,115.0,37,19,109.8,0,6,8,4,11.25,0,0,6,8,4,12.0,0,0.6666666666666666,2,0.5,0.0
4083,3,130.0,3,19,133.9,0,5,7,5,13.71428571,0,0,5,7,5,13.14285714,0,1.0,0,0.7142857142857143,0.0
4084,1,130.0,1,19,109.9,0,4,4,0,0.0,0,0,5,0,0,0.0,0,0.0,4,0.0,0.0
4085,39,160.0,1,37,160.0,2,6,9,6,12.0,0,1,6,8,3,14.66666667,0,1.0,0,0.6666666666666666,0.0
4086,19,133.1,37,37,106.5,0,6,7,6,12.66666667,0,0,6,7,6,13.33333333,0,1.0,0,0.8571428571428571,0.0
4087,1,130.0,38,37,120.0,0,8,11,7,13.29,3,0,8,11,7,13.29,3,0.875,1,0.6363636363636364,0.375
4088,1,140.0,37,37,107.8,8,10,15,8,10.375,0,7,10,13,9,10.44444444,0,0.8,2,0.5333333333333333,0.0
4089,14,133.1,34,34,100.0,3,7,13,3,12.0,0,2,7,15,1,13.0,1,0.42857142857142855,4,0.23076923076923078,0.0
4090,1,150.0,34,34,112.5,0,6,10,5,11.4,0,1,6,7,6,11.16666667,0,0.8333333333333334,1,0.5,0.0
4091,1,140.0,37,38,135.5,0,5,15,2,13.25,0,0,5,12,3,12.6,3,0.4,3,0.13333333333333333,0.0
4092,1,145.0,1,1,145.0,0,7,7,6,13.86166667,0,0,8,16,0,0.0,1,0.8571428571428571,1,0.8571428571428571,0.0
4093,1,126.0,37,38,119.0,0,6,6,6,12.16666667,0,0,6,7,6,12.14285714,0,1.0,0,1.0,0.0
4094,3,130.0,37,19,130.0,0,6,17,4,13.75,0,0,6,15,6,14.5,0,0.6666666666666666,2,0.23529411764705882,0.0
4095,1,135.0,38,37,126.3,0,7,7,6,15.43333333,0,0,7,7,6,15.43333333,0,0.8571428571428571,1,0.8571428571428571,0.0
4096,19,133.1,37,37,113.5,0,6,6,6,13.83333333,0,0,6,6,6,15.5,0,1.0,0,1.0,0.0
4097,3,120.0,37,37,120.0,7,14,21,12,11.83333333,0,11,12,15,11,11.36363636,0,0.8571428571428571,2,0.5714285714285714,0.0
4098,1,120.0,37,37,111.3,0,7,7,0,0.0,0,0,8,8,0,0.0,0,0.0,7,0.0,0.0
4099,1,147.0,38,34,130.2,0,1,1,0,0.0,1,0,6,0,0,0.0,0,0.0,1,0.0,1.0
4100,1,149.0,1,1,140.2,1,7,9,7,12.33333333,0,0,8,8,8,12.625,0,1.0,0,0.7777777777777778,0.0
4101,1,124.0,37,37,113.9,0,6,6,6,11.16666667,0,0,6,6,6,12.16666667,0,1.0,0,1.0,0.0
4102,1,133.1,37,37,99.0,0,6,6,6,14.66666667,0,0,6,8,6,12.42857143,0,1.0,0,1.0,0.0
4103,1,125.0,1,19,124.0,0,5,5,5,11.2,0,0,5,11,4,11.75,0,1.0,0,1.0,0.0
4104,1,141.0,37,38,138.9,0,6,9,6,13.71428571,0,0,6,6,6,14.16666667,0,1.0,0,0.6666666666666666,0.0
4105,1,131.0,38,19,130.0,0,5,5,5,12.8,0,0,5,10,5,11.44444444,0,1.0,0,1.0,0.0
4106,1,118.0,1,38,120.8,0,6,9,4,13.25,0,0,6,11,5,11.8,0,0.6666666666666666,2,0.4444444444444444,0.0
4107,1,129.0,37,19,127.8,0,8,10,6,13.78,1,0,8,10,6,13.78,1,0.75,2,0.6,0.125
4108,1,136.0,37,38,126.0,0,8,8,7,15.11,0,0,8,8,7,15.11,0,0.875,1,0.875,0.0
4109,1,134.0,1,19,126.0,0,6,10,4,11.0,0,0,6,8,5,11.2,0,0.6666666666666666,2,0.4,0.0
4110,1,153.0,38,19,138.5,0,8,8,7,15.79857143,0,0,8,8,7,15.79857143,0,0.875,1,0.875,0.0
4111,1,119.0,19,37,119.4,0,7,7,7,13.77571429,0,0,8,8,8,15.6,0,1.0,0,1.0,0.0
4112,1,140.0,38,37,101.5,0,8,11,7,12.16,0,0,8,11,7,12.16,0,0.875,1,0.6363636363636364,0.0
4113,1,133.1,38,37,101.5,0,7,0,0,0.0,0,0,7,0,0,0.0,0,0.0,7,0.0,0.0
4114,1,130.0,2,1,126.2,0,6,6,6,14.33333333,0,0,6,6,6,15.5,0,1.0,0,1.0,0.0
4115,1,128.0,19,19,129.8,0,6,6,6,11.83333333,0,0,6,6,3,13.33333333,0,1.0,0,1.0,0.0
4116,1,145.0,38,37,138.4,0,6,7,6,14.83333333,0,0,6,8,6,12.5,0,1.0,0,0.8571428571428571,0.0
4117,1,146.0,1,37,129.3,0,8,8,7,14.2,0,0,8,8,7,14.2,0,0.875,1,0.875,0.0
4118,1,119.0,2,1,113.1,0,5,6,5,12.2,0,0,5,5,5,13.2,0,1.0,0,0.8333333333333334,0.0
4119,1,160.0,1,38,144.3,0,6,10,4,13.0,0,0,6,9,5,13.66666667,0,0.6666666666666666,2,0.4,0.0
4120,1,144.0,19,1,141.0,0,8,8,7,12.48571429,0,0,8,8,7,12.48571429,0,0.875,1,0.875,0.0
4121,40,130.0,1,1,130.0,0,6,7,6,17.0,0,0,6,7,6,16.28571429,0,1.0,0,0.8571428571428571,0.0
4122,1,122.0,19,19,117.5,0,6,7,5,10.8,0,0,6,9,6,10.16666667,0,0.8333333333333334,1,0.7142857142857143,0.0
4123,1,153.0,37,37,131.8,0,7,7,6,14.71666667,0,0,7,7,6,14.71666667,0,0.8571428571428571,1,0.8571428571428571,0.0
4124,1,147.0,37,19,133.7,0,5,10,2,13.5,0,0,5,11,5,11.4,1,0.4,3,0.2,0.0
4125,1,121.0,38,19,115.4,0,8,8,7,11.97142857,0,0,8,8,7,11.97142857,0,0.875,1,0.875,0.0
4126,1,134.0,38,19,129.1,0,5,7,3,12.0,0,0,5,7,4,13.5,0,0.6,2,0.42857142857142855,0.0
4127,1,133.0,38,38,135.5,0,6,7,6,12.33333333,0,0,6,6,6,11.66666667,0,1.0,0,0.8571428571428571,0.0
4128,1,118.0,38,38,112.4,0,12,22,6,15.30769231,0,0,10,13,6,13.875,0,0.5,6,0.2727272727272727,0.0
4129,1,137.0,37,37,130.8,0,7,7,6,12.66666667,0,0,7,7,6,12.66666667,0,0.8571428571428571,1,0.8571428571428571,0.0
4130,1,143.0,37,37,131.6,0,7,10,7,14.368,0,0,8,8,8,14.44875,0,1.0,0,0.7,0.0
4131,1,123.0,19,1,140.8,0,8,8,7,12.08428571,0,0,8,8,7,12.08428571,0,0.875,1,0.875,0.0
4132,39,140.0,3,38,140.0,7,12,18,8,12.25,0,4,12,27,8,12.2,0,0.6666666666666666,4,0.4444444444444444,0.0
4133,1,118.0,37,37,114.2,0,6,10,5,12.2,0,0,6,10,5,11.6,0,0.8333333333333334,1,0.5,0.0
4134,1,142.0,34,38,127.3,0,6,12,4,11.0,0,0,6,9,6,11.5,0,0.6666666666666666,2,0.3333333333333333,0.0
4135,1,115.0,38,38,115.0,0,6,8,5,12.8,0,0,6,8,5,11.0,0,0.8333333333333334,1,0.625,0.0
4136,1,131.0,1,38,118.8,0,8,8,7,11.85714286,0,0,8,8,7,11.85714286,0,0.875,1,0.875,0.0
4137,1,130.0,37,37,125.0,0,6,8,6,12.28571429,0,0,6,10,5,13.0,0,1.0,0,0.75,0.0
4138,1,133.1,37,37,111.5,0,6,11,3,12.33333333,0,0,6,11,4,13.5,0,0.5,3,0.2727272727272727,0.0
4139,1,134.0,38,19,124.2,0,6,11,4,11.25,0,0,6,12,4,11.4,0,0.6666666666666666,2,0.36363636363636365,0.0
4140,40,130.0,34,34,130.0,0,6,0,0,0.0,0,0,6,0,0,0.0,0,0.0,6,0.0,0.0
4141,3,133.1,3,5,120.0,0,3,3,2,16.0,0,0,3,3,1,16.0,0,0.6666666666666666,1,0.6666666666666666,0.0
4142,12,114.0,34,34,110.0,0,6,10,6,11.66666667,0,0,6,7,6,11.0,0,1.0,0,0.6,0.0
4143,1,130.0,19,38,113.3,0,7,15,5,12.4,0,0,8,14,7,12.15,0,0.7142857142857143,2,0.3333333333333333,0.0
4144,1,128.0,38,38,123.5,0,7,14,6,10.74444444,1,0,8,10,8,11.8375,0,0.8571428571428571,1,0.42857142857142855,0.14285714285714285
4145,1,133.1,19,1,101.0,0,6,0,0,0.0,0,0,6,0,0,0.0,0,0.0,6,0.0,0.0
4146,19,133.1,37,38,120.9,0,7,12,4,12.0,0,0,7,13,4,12.5625,0,0.5714285714285714,3,0.3333333333333333,0.0
4147,1,140.0,37,37,154.6,0,6,12,4,12.75,0,0,6,15,2,10.0,0,0.6666666666666666,2,0.3333333333333333,0.0
4148,1,117.0,37,37,120.2,0,5,9,2,10.0,0,0,5,10,2,11.0,0,0.4,3,0.2222222222222222,0.0
4149,1,139.0,38,37,146.5,11,14,26,12,13.4173913,1,11,14,26,12,13.4173913,1,0.8571428571428571,2,0.46153846153846156,0.07142857142857142
4150,1,159.0,34,26,160.1,0,6,6,6,15.16666667,0,0,6,7,6,14.85714286,0,1.0,0,1.0,0.0
4151,1,140.0,37,37,150.0,0,6,10,5,13.83333333,0,0,6,13,5,12.5,0,0.8333333333333334,1,0.5,0.0
4152,1,140.0,10,19,135.8,0,5,6,5,13.33333333,0,0,5,7,4,14.8,0,1.0,0,0.8333333333333334,0.0
4153,1,135.0,19,4,143.8,0,0,0,0,0.0,0,0,0,0,0,0.0,0,0.0,0,0.0,0.0
4154,1,121.0,37,19,116.8,0,6,11,3,11.66666667,0,0,6,11,3,10.66666667,0,0.5,3,0.2727272727272727,0.0
4155,1,124.0,3,19,113.9,0,6,12,5,15.0,0,0,6,9,6,13.42857143,0,0.8333333333333334,1,0.4166666666666667,0.0
4156,1,131.0,37,37,118.0,0,8,8,7,13.24285714,0,0,8,8,7,13.24285714,0,0.875,1,0.875,0.0
4157,1,160.0,3,1,150.2,0,5,13,1,13.0,0,0,5,7,2,12.5,0,0.2,4,0.07692307692307693,0.0
4158,1,120.0,3,37,115.1,0,7,8,6,13.075,0,0,8,10,7,12.05,0,0.8571428571428571,1,0.75,0.0
4159,1,140.0,19,19,131.3,0,6,6,6,13.5,0,0,6,9,6,13.66666667,0,1.0,0,1.0,0.0
4160,39,120.0,37,37,120.0,2,6,8,5,11.8,0,2,6,8,6,12.33333333,0,0.8333333333333334,1,0.625,0.0
4161,1,118.0,19,37,110.3,0,6,7,5,12.6,0,0,6,6,5,11.8,0,0.8333333333333334,1,0.7142857142857143,0.0
4162,1,133.1,19,22,100.0,0,6,6,6,12.16666667,0,0,6,9,3,11.0,0,1.0,0,1.0,0.0
4163,1,111.0,19,38,110.7,0,6,9,6,12.16666667,0,0,6,9,6,11.0,0,1.0,0,0.6666666666666666,0.0
4164,1,140.0,37,38,143.4,0,0,0,0,0.0,0,0,0,0,0,0.0,0,0.0,0,0.0,0.0
4165,1,125.0,19,19,115.9,0,7,7,7,13.55714286,0,0,8,9,8,13.2,0,1.0,0,1.0,0.0
4166,1,133.1,38,38,145.0,0,5,6,4,12.25,0,0,5,8,4,11.8,0,0.8,1,0.6666666666666666,0.0
4167,1,136.0,19,38,140.9,0,6,6,6,14.33333333,0,0,6,6,6,13.5,0,1.0,0,1.0,0.0
4168,1,115.0,34,38,108.4,0,6,10,4,10.5,0,0,6,8,4,11.75,0,0.6666666666666666,2,0.4,0.0
4169,1,116.0,37,37,114.3,0,4,8,0,0.0,0,0,4,8,0,0.0,0,0.0,4,0.0,0.0
4170,1,110.0,19,37,110.0,0,6,10,4,12.75,0,0,6,14,3,11.33333333,0,0.6666666666666666,2,0.4,0.0
4171,1,135.0,38,38,121.7,0,6,14,0,0.0,0,0,6,9,4,11.0,0,0.0,6,0.0,0.0
4172,1,131.0,19,37,123.7,0,5,10,1,14.0,0,0,5,10,1,14.0,0,0.2,4,0.1,0.0
4173,1,124.0,37,37,116.5,0,7,9,7,14.09333333,0,0,8,8,8,15.0,0,1.0,0,0.7777777777777778,0.0
4174,1,163.0,37,37,155.0,0,6,6,6,13.33333333,0,0,6,8,6,13.16666667,0,1.0,0,1.0,0.0
4175,1,137.0,38,19,129.3,0,8,12,7,12.07142857,0,0,8,12,7,12.07142857,0,0.875,1,0.5833333333333334,0.0
4176,1,128.0,19,1,121.7,0,6,6,6,12.66666667,0,0,6,6,6,12.5,0,1.0,0,1.0,0.0
4177,1,133.1,37,37,148.2,0,6,11,6,12.125,0,0,6,16,5,12.0,0,1.0,0,0.5454545454545454,0.0
4178,1,133.1,19,38,125.5,0,7,9,7,13.2,0,0,8,9,7,13.2575,0,1.0,0,0.7777777777777778,0.0
4179,1,148.0,3,19,131.9,0,7,8,7,14.15,0,0,8,8,8,14.51125,0,1.0,0,0.875,0.0
4180,1,127.0,38,37,121.8,0,6,12,4,13.5,0,0,6,14,3,10.66666667,0,0.6666666666666666,2,0.3333333333333333,0.0
4181,1,110.0,37,37,107.7,0,6,0,0,0.0,0,0,5,10,0,0.0,0,0.0,6,0.0,0.0
4182,1,133.1,44,40,115.5,0,7,13,5,12.2,0,0,7,14,3,11.4,0,0.7142857142857143,2,0.38461538461538464,0.0
4183,1,145.0,38,38,139.8,0,5,6,5,14.8,1,0,5,6,5,14.0,0,1.0,0,0.8333333333333334,0.2
4184,1,136.0,38,38,133.2,0,6,8,5,11.0,0,0,6,13,5,11.4,0,0.8333333333333334,1,0.625,0.0
4185,1,131.0,19,37,118.4,0,5,10,0,0.0,0,0,5,10,0,0.0,3,0.0,5,0.0,0.0
4186,1,138.0,37,37,123.3,0,5,15,3,14.0,3,0,5,10,4,11.75,1,0.6,2,0.2,0.6
4187,1,150.0,37,38,134.5,0,6,8,5,11.83333333,0,0,6,6,6,13.0,0,0.8333333333333334,1,0.625,0.0
4188,1,112.0,37,1,110.6,0,5,7,4,11.75,0,0,5,7,5,11.8,1,0.8,1,0.5714285714285714,0.0
4189,1,154.0,38,37,154.0,8,14,22,12,12.33333333,0,3,12,20,8,12.0,0,0.8571428571428571,2,0.5454545454545454,0.0
4190,39,160.0,37,37,160.0,3,10,16,3,11.66666667,0,3,10,24,6,11.83333333,0,0.3,7,0.1875,0.0
4191,39,140.0,1,39,140.0,1,6,9,6,12.66666667,0,1,6,10,4,11.5,0,1.0,0,0.6666666666666666,0.0
4192,1,150.0,37,37,132.5,0,6,9,4,12.25,0,0,6,8,5,11.6,0,0.6666666666666666,2,0.4444444444444444,0.0
4193,1,141.0,1,4,127.7,0,6,7,6,11.28571429,0,0,6,9,4,13.5,0,1.0,0,0.8571428571428571,0.0
4194,1,122.0,38,38,117.5,0,5,12,2,11.5,0,0,5,12,0,0.0,0,0.4,3,0.16666666666666666,0.0
4195,1,120.0,37,37,127.0,0,6,10,6,11.66666667,0,0,6,10,4,12.25,0,1.0,0,0.6,0.0
4196,1,139.0,19,37,125.5,0,8,8,7,13.51428571,0,0,8,8,7,13.51428571,0,0.875,1,0.875,0.0
4197,1,138.0,1,1,140.5,0,6,7,6,13.0,0,0,6,9,6,13.71428571,0,1.0,0,0.8571428571428571,0.0
4198,1,119.0,1,38,118.3,0,6,11,3,15.0,0,0,6,11,4,10.25,0,0.5,3,0.2727272727272727,0.0
4199,1,129.0,38,38,120.8,0,8,8,7,12.74428571,0,0,8,8,7,12.74428571,0,0.875,1,0.875,0.0
4200,1,133.1,37,37,95.0,0,5,10,4,11.75,0,0,5,8,5,11.8,0,0.8,1,0.4,0.0
4201,1,125.0,37,37,122.2,0,6,6,6,12.16666667,0,0,6,7,6,11.66666667,0,1.0,0,1.0,0.0
4202,1,125.0,1,1,143.9,0,0,0,0,0.0,0,0,0,0,0,0.0,0,0.0,0,0.0,0.0
4203,1,137.0,19,38,127.2,1,6,9,5,13.4,1,0,6,9,6,12.375,0,0.8333333333333334,1,0.5555555555555556,0.16666666666666666
4204,1,123.0,34,38,120.2,0,6,9,5,11.8,0,0,6,10,4,11.5,0,0.8333333333333334,1,0.5555555555555556,0.0
4205,1,154.0,1,37,134.8,0,7,7,6,13.53333333,0,0,7,7,6,13.53333333,0,0.8571428571428571,1,0.8571428571428571,0.0
4206,1,144.0,19,19,142.6,0,6,7,6,14.16666667,0,0,6,10,4,14.0,0,1.0,0,0.8571428571428571,0.0
4207,1,153.0,38,37,147.9,0,7,7,7,14.65285714,0,0,8,9,8,14.75555556,0,1.0,0,1.0,0.0
4208,1,152.0,1,38,160.4,0,0,0,0,0.0,0,0,0,0,0,0.0,0,0.0,0,0.0,0.0
4209,1,150.0,37,37,134.6,0,5,5,5,13.6,0,0,5,7,5,13.0,0,1.0,0,1.0,0.0
4210,1,129.0,19,1,121.0,0,6,9,6,12.83333333,0,0,6,6,4,13.25,0,1.0,0,0.6666666666666666,0.0
4211,1,150.0,19,37,142.7,0,6,6,6,14.66666667,0,0,6,6,6,15.16666667,0,1.0,0,1.0,0.0
4212,1,125.0,1,1,115.6,0,6,6,6,13.33333333,0,0,6,6,6,14.66666667,0,1.0,0,1.0,0.0
4213,1,133.1,19,37,130.0,0,6,10,5,13.4,0,0,6,9,5,11.4,0,0.8333333333333334,1,0.5,0.0
4214,1,140.0,38,37,124.3,0,7,9,7,13.3125,0,0,8,8,8,15.6375,0,1.0,0,0.7777777777777778,0.0
4215,1,140.0,19,37,137.9,0,0,0,0,0.0,0,0,0,0,0,0.0,0,0.0,0,0.0,0.0
4216,1,133.1,1,37,100.0,0,4,4,0,0.0,0,0,5,5,0,0.0,0,0.0,4,0.0,0.0
4217,1,132.0,1,2,128.2,0,6,7,6,12.33333333,0,0,6,6,6,13.5,0,1.0,0,0.8571428571428571,0.0
4218,1,135.0,1,19,135.0,0,6,6,6,13.5,0,0,6,6,6,13.33333333,0,1.0,0,1.0,0.0
4219,1,135.0,37,37,121.0,0,6,8,5,13.0,0,0,6,7,6,11.83333333,0,0.8333333333333334,1,0.625,0.0
4220,1,133.1,34,38,147.0,0,5,6,2,12.5,0,0,5,5,0,0.0,0,0.4,3,0.3333333333333333,0.0
4221,1,168.0,37,37,149.5,0,6,10,6,17.0,0,0,6,11,6,16.0,0,1.0,0,0.6,0.0
4222,1,143.0,19,1,144.4,0,6,7,6,13.5,0,0,6,6,6,13.0,0,1.0,0,0.8571428571428571,0.0
4223,1,116.0,19,38,116.0,0,6,7,6,12.71428571,0,0,6,6,6,11.83333333,0,1.0,0,0.8571428571428571,0.0
4224,1,134.0,38,19,120.7,0,7,9,6,13.0,0,0,8,11,8,13.92727273,0,0.8571428571428571,1,0.6666666666666666,0.0
4225,39,140.0,38,19,141.8,3,6,7,6,12.57142857,0,2,6,6,6,13.5,0,1.0,0,0.8571428571428571,0.0
4226,1,133.0,19,1,119.7,0,6,10,4,11.5,0,0,6,11,6,11.5,0,0.6666666666666666,2,0.4,0.0
4227,1,125.0,38,1,118.4,0,6,6,6,13.5,0,0,6,7,6,13.28571429,0,1.0,0,1.0,0.0
4228,1,133.1,37,37,134.5,0,6,8,5,13.6,0,0,6,7,5,13.0,0,0.8333333333333334,1,0.625,0.0
4229,1,133.1,36,36,128.2,0,5,14,1,12.0,3,0,5,5,0,0.0,5,0.2,4,0.07142857142857142,0.6
4230,1,137.0,3,3,115.0,0,7,8,7,14.95,0,0,8,8,8,14.7375,0,1.0,0,0.875,0.0
4231,1,140.0,38,19,130.0,0,5,10,4,11.25,0,0,5,9,4,12.0,0,0.8,1,0.4,0.0
4232,1,134.0,1,38,120.7,0,6,13,3,10.66666667,0,0,6,6,4,12.25,0,0.5,3,0.23076923076923078,0.0
4233,1,139.0,38,38,130.5,0,8,8,7,14.99285714,0,0,8,8,7,14.99285714,0,0.875,1,0.875,0.0
4234,1,113.0,38,38,107.4,0,5,12,3,10.5,0,0,5,10,4,11.25,0,0.6,2,0.25,0.0
4235,1,133.1,1,1,100.0,0,6,6,4,11.25,0,0,6,7,3,11.0,0,0.6666666666666666,2,0.6666666666666666,0.0
4236,1,132.0,38,19,125.0,0,6,6,6,12.33333333,0,0,6,7,6,14.0,0,1.0,0,1.0,0.0
4237,1,127.0,19,37,121.5,0,7,7,6,13.01666667,0,0,7,7,6,13.01666667,0,0.8571428571428571,1,0.8571428571428571,0.0
4238,1,123.0,38,19,127.2,0,5,7,3,11.33333333,0,0,5,8,2,11.5,0,0.6,2,0.42857142857142855,0.0
4239,40,130.0,3,2,160.0,0,6,7,6,16.14285714,0,0,6,7,6,14.66666667,0,1.0,0,0.8571428571428571,0.0
4240,1,125.0,1,1,120.0,0,6,8,6,14.83333333,0,0,6,10,5,13.83333333,0,1.0,0,0.75,0.0
4241,1,140.0,37,37,141.5,0,8,8,7,13.32714286,0,0,8,8,7,13.32714286,0,0.875,1,0.875,0.0
4242,1,111.0,19,38,111.4,0,6,13,4,11.0,0,0,6,13,2,11.5,0,0.6666666666666666,2,0.3076923076923077,0.0
4243,1,132.0,4,39,136.6,1,6,10,6,11.71428571,1,0,6,15,6,10.375,0,1.0,0,0.6,0.16666666666666666
4244,1,150.0,3,3,154.6,6,12,13,12,12.33333333,0,4,11,12,10,12.72727273,0,1.0,0,0.9230769230769231,0.0
4245,1,118.0,19,37,111.4,0,7,9,0,0.0,0,0,6,6,0,0.0,0,0.0,7,0.0,0.0
4246,1,150.0,38,19,120.1,11,15,15,12,11.91666667,0,8,13,14,8,11.25,0,0.8,3,0.8,0.0
4247,19,100.0,37,37,100.0,0,6,9,6,11.83333333,0,0,6,7,6,11.0,0,1.0,0,0.6666666666666666,0.0
4248,3,130.0,1,1,140.0,3,7,11,3,12.33333333,0,3,7,9,3,11.66666667,0,0.42857142857142855,4,0.2727272727272727,0.0
4249,3,130.0,37,37,130.0,5,10,11,10,14.3,0,5,10,10,10,14.2,0,1.0,0,0.9090909090909091,0.0
4250,19,133.1,37,37,100.0,0,8,11,5,11.832,4,0,8,11,5,11.832,4,0.625,3,0.45454545454545453,0.5
4251,1,112.0,9,22,106.1,0,5,13,2,10.0,1,0,5,10,0,0.0,0,0.4,3,0.15384615384615385,0.2
4252,1,144.0,19,19,151.4,0,5,5,5,12.0,0,0,5,6,5,11.6,0,1.0,0,1.0,0.0
4253,1,120.0,19,37,113.7,0,7,11,5,12.2,0,0,7,13,0,0.0,0,0.7142857142857143,2,0.45454545454545453,0.0
4254,1,121.0,37,37,116.5,0,5,7,3,11.33333333,0,0,5,5,4,11.25,0,0.6,2,0.42857142857142855,0.0
4255,4,120.0,2,3,120.0,10,16,24,13,13.84615385,0,7,11,15,9,12.55555556,0,0.8125,3,0.5416666666666666,0.0
4256,1,100.0,1,19,122.0,0,8,8,7,12.41285714,0,0,8,8,7,12.41285714,0,0.875,1,0.875,0.0
4257,1,115.0,1,19,117.1,0,5,7,3,12.66666667,0,0,5,6,4,12.75,1,0.6,2,0.42857142857142855,0.0
4258,1,123.0,19,19,120.8,0,8,11,7,12.54571429,0,0,8,11,7,12.54571429,0,0.875,1,0.6363636363636364,0.0
4259,1,134.0,37,19,141.4,0,6,12,3,13.0,0,0,6,13,2,14.0,0,0.5,3,0.25,0.0
4260,1,123.0,37,37,110.0,0,6,6,0,0.0,0,0,6,6,0,0.0,0,0.0,6,0.0,0.0
4261,2,120.0,37,37,120.0,9,12,12,9,12.22222222,2,9,12,12,9,13.0,0,0.75,3,0.75,0.16666666666666666
4262,1,131.0,1,37,120.2,0,5,10,5,13.28571429,0,0,5,8,5,13.0,0,1.0,0,0.5,0.0
4263,12,133.1,37,1,138.4,0,5,7,3,11.66666667,0,0,5,8,1,11.0,0,0.6,2,0.42857142857142855,0.0
4264,39,150.0,37,19,150.0,0,6,9,6,13.55555556,0,0,6,7,6,12.66666667,0,1.0,0,0.6666666666666666,0.0
4265,1,134.0,1,19,121.8,0,6,6,6,13.16666667,0,0,6,8,6,12.42857143,0,1.0,0,1.0,0.0
4266,39,140.0,1,1,140.0,0,0,0,0,0.0,0,0,0,0,0,0.0,0,0.0,0,0.0,0.0
4267,1,117.0,1,1,116.3,0,6,6,6,11.66666667,0,0,6,7,5,12.2,0,1.0,0,1.0,0.0
4268,1,143.0,5,1,131.5,0,5,11,4,11.0,0,0,5,8,4,12.25,0,0.8,1,0.36363636363636365,0.0
4269,1,142.0,3,1,141.0,0,6,6,6,13.0,0,0,6,8,1,10.0,0,1.0,0,1.0,0.0
4270,1,132.0,37,38,138.0,0,6,6,6,13.66666667,0,0,6,6,6,12.0,0,1.0,0,1.0,0.0
4271,1,138.0,1,3,127.5,0,5,6,5,14.6,0,0,5,5,5,15.2,0,1.0,0,0.8333333333333334,0.0
4272,1,131.0,1,19,127.0,0,8,8,7,12.51428571,0,0,8,8,7,12.51428571,0,0.875,1,0.875,0.0
4273,1,123.0,3,19,118.9,0,5,5,3,14.0,0,0,5,7,3,12.66666667,0,0.6,2,0.6,0.0
4274,1,131.0,37,19,134.5,0,6,8,6,13.16666667,0,0,6,8,5,12.6,0,1.0,0,0.75,0.0
4275,1,141.0,37,1,133.0,0,5,10,4,13.0,0,0,5,10,3,12.33333333,3,0.8,1,0.4,0.0
4276,1,133.1,1,19,114.0,0,5,5,1,13.0,0,0,5,5,0,0.0,0,0.2,4,0.2,0.0
4277,1,116.0,19,37,116.7,0,5,10,1,10.0,0,0,5,8,3,13.66666667,3,0.2,4,0.1,0.0
4278,1,123.0,1,1,125.1,0,6,6,6,14.33333333,0,0,6,6,6,15.33333333,0,1.0,0,1.0,0.0
4279,1,133.0,19,1,137.2,0,6,6,0,0.0,0,0,6,12,0,0.0,0,0.0,6,0.0,0.0
4280,1,133.1,19,37,111.4,0,5,7,1,11.0,0,0,5,7,0,0.0,0,0.2,4,0.14285714285714285,0.0
4281,1,133.1,3,1,105.0,0,6,15,3,11.25,0,0,6,9,0,0.0,0,0.5,3,0.2,0.0
4282,1,140.0,37,37,124.3,0,5,7,4,10.75,0,0,5,12,3,10.57142857,0,0.8,1,0.5714285714285714,0.0
4283,19,100.0,38,19,132.0,0,5,7,1,11.0,0,0,5,9,0,0.0,0,0.2,4,0.14285714285714285,0.0
4284,1,130.0,37,19,110.0,0,7,13,6,10.85714286,0,0,7,7,7,11.85714286,0,0.8571428571428571,1,0.46153846153846156,0.0
4285,1,134.0,3,2,134.7,1,5,10,4,11.75,0,0,5,10,3,11.0,0,0.8,1,0.4,0.0
4286,1,134.0,37,19,136.8,0,5,8,5,12.8,0,0,5,9,4,13.66666667,1,1.0,0,0.625,0.0
4287,39,160.0,1,1,160.0,1,5,15,3,12.33333333,2,0,5,7,5,11.4,0,0.6,2,0.2,0.4
4288,39,130.0,1,3,130.0,0,6,12,2,11.33333333,0,0,6,8,2,13.0,0,0.3333333333333333,4,0.16666666666666666,0.0
4289,1,141.0,19,1,128.8,0,6,10,5,11.6,0,0,6,6,6,11.16666667,0,0.8333333333333334,1,0.5,0.0
4290,1,147.0,1,12,148.4,8,14,15,12,10.92307692,0,7,13,14,11,12.18181818,0,0.8571428571428571,2,0.8,0.0
4291,1,137.0,1,38,130.4,0,0,0,0,0.0,0,0,0,0,0,0.0,0,0.0,0,0.0,0.0
4292,3,130.0,1,1,126.0,0,7,7,7,13.62857143,0,0,8,8,8,13.9125,0,1.0,0,1.0,0.0
4293,1,119.0,19,19,118.7,0,6,16,3,10.33333333,0,0,6,16,1,11.0,0,0.5,3,0.1875,0.0
4294,1,130.0,38,37,120.0,12,18,25,18,13.73684211,0,10,13,15,12,13.75,1,1.0,0,0.72,0.0
4295,1,130.0,38,19,120.0,7,13,19,8,11.625,0,5,10,17,6,11.0,0,0.6153846153846154,5,0.42105263157894735,0.0
4296,39,120.0,1,38,116.3,2,7,7,4,11.5,0,5,9,10,7,12.14285714,0,0.5714285714285714,3,0.5714285714285714,0.0
4297,1,130.0,38,37,133.9,0,6,8,5,14.0,0,0,6,8,6,13.0,0,0.8333333333333334,1,0.625,0.0
4298,39,150.0,19,19,150.3,0,5,7,3,11.33333333,0,0,5,6,0,0.0,0,0.6,2,0.42857142857142855,0.0
4299,1,120.0,38,38,118.3,0,5,13,1,10.0,0,0,5,5,1,10.0,0,0.2,4,0.07692307692307693,0.0
4300,39,130.0,1,37,130.0,0,6,14,5,11.71428571,0,0,6,15,5,12.0,0,0.8333333333333334,1,0.35714285714285715,0.0
4301,39,140.0,38,37,140.0,0,0,0,0,0.0,0,0,0,0,0,0.0,0,0.0,0,0.0,0.0
4302,1,130.0,37,37,110.4,13,15,15,13,10.76923077,0,11,14,15,12,11.83333333,0,0.8666666666666667,2,0.8666666666666667,0.0
4303,1,147.0,1,1,139.7,0,6,10,5,11.6,0,0,6,6,6,12.0,0,0.8333333333333334,1,0.5,0.0
4304,1,148.0,19,1,138.3,0,5,6,4,13.75,0,0,5,5,0,0.0,0,0.8,1,0.6666666666666666,0.0
4305,1,133.0,19,3,123.2,0,5,14,4,11.0,0,0,5,9,5,10.5,0,0.8,1,0.2857142857142857,0.0
4306,1,135.0,19,1,120.0,0,5,6,0,0.0,0,0,5,5,0,0.0,0,0.0,5,0.0,0.0
4307,1,116.0,34,34,127.0,0,0,0,0,0.0,0,0,0,0,0,0.0,0,0.0,0,0.0,0.0
4308,39,110.0,1,1,114.2,0,0,0,0,0.0,0,0,0,0,0,0.0,0,0.0,0,0.0,0.0
4309,1,133.0,1,19,119.7,0,6,7,6,12.33333333,0,0,6,10,5,13.2,0,1.0,0,0.8571428571428571,0.0
4310,39,150.0,38,37,150.0,0,6,9,6,13.42857143,0,1,6,12,6,13.625,0,1.0,0,0.6666666666666666,0.0
4311,1,135.0,2,1,123.5,0,5,10,0,0.0,0,0,5,10,1,10.0,3,0.0,5,0.0,0.0
4312,3,130.0,19,19,130.0,0,5,12,4,14.75,0,0,5,9,2,15.0,0,0.8,1,0.3333333333333333,0.0
4313,1,130.0,2,39,124.6,19,21,21,21,12.47619048,0,13,19,19,19,12.21052632,0,1.0,0,1.0,0.0
4314,1,132.0,37,37,119.4,0,5,8,0,0.0,0,0,5,5,0,0.0,0,0.0,5,0.0,0.0
4315,1,125.0,1,3,121.9,0,6,15,3,11.66666667,0,0,6,14,2,12.5,0,0.5,3,0.2,0.0
4316,1,118.0,43,3,110.0,0,6,6,6,12.0,0,0,6,7,6,13.57142857,0,1.0,0,1.0,0.0
4317,1,118.0,1,19,118.7,0,6,7,6,12.0,0,0,6,6,6,14.0,0,1.0,0,0.8571428571428571,0.0
4318,1,161.0,1,1,163.1,6,12,12,12,15.25,0,4,11,12,11,15.0,0,1.0,0,1.0,0.0
4319,1,136.0,19,38,121.7,0,6,9,5,12.4,0,0,6,6,6,13.16666667,0,0.8333333333333334,1,0.5555555555555556,0.0
4320,1,135.0,1,1,135.0,0,5,9,3,12.33333333,0,0,5,8,4,11.25,0,0.6,2,0.3333333333333333,0.0
4321,1,147.0,19,19,147.9,0,5,8,4,11.5,0,0,5,7,4,12.0,0,0.8,1,0.5,0.0
4322,1,124.0,1,1,118.1,0,6,8,5,12.2,0,0,6,6,4,11.75,0,0.8333333333333334,1,0.625,0.0
4323,19,133.1,37,37,105.3,0,5,14,2,10.5,0,0,5,6,0,0.0,0,0.4,3,0.14285714285714285,0.0
4324,1,141.0,19,19,139.8,0,8,8,7,14.4,0,0,8,8,7,14.4,0,0.875,1,0.875,0.0
4325,3,130.0,19,38,130.0,8,14,18,13,12.84615385,0,7,11,19,10,12.8,0,0.9285714285714286,1,0.7222222222222222,0.0
4326,39,110.0,19,37,127.5,0,6,13,4,12.0,0,0,6,7,5,13.2,0,0.6666666666666666,2,0.3076923076923077,0.0
4327,12,133.1,37,37,120.0,0,5,0,0,0.0,0,0,5,0,0,0.0,0,0.0,5,0.0,0.0
4328,1,130.0,38,31,124.2,3,7,8,6,13.66666667,0,1,6,8,5,13.5,0,0.8571428571428571,1,0.75,0.0
4329,1,120.0,37,1,113.4,0,6,10,5,11.85714286,0,0,6,8,6,11.66666667,0,0.8333333333333334,1,0.5,0.0
4330,1,133.1,1,37,118.0,0,6,0,0,0.0,0,0,6,0,0,0.0,0,0.0,6,0.0,0.0
4331,1,145.0,37,19,130.0,0,0,0,0,0.0,0,0,0,0,0,0.0,0,0.0,0,0.0,0.0
4332,1,131.0,37,1,135.9,0,6,8,5,13.2,0,0,6,6,6,11.33333333,0,0.8333333333333334,1,0.625,0.0
4333,1,147.0,19,38,135.8,0,6,8,6,12.71428571,0,0,6,12,5,11.0,0,1.0,0,0.75,0.0
4334,1,138.0,38,19,133.1,0,6,6,6,12.5,0,0,6,6,6,12.66666667,0,1.0,0,1.0,0.0
4335,1,123.0,1,1,118.8,0,5,9,3,10.66666667,0,0,5,13,2,12.5,0,0.6,2,0.3333333333333333,0.0
4336,1,129.0,37,37,117.1,0,6,12,1,17.0,0,0,6,12,1,17.0,0,0.16666666666666666,5,0.08333333333333333,0.0
4337,1,125.0,1,19,114.5,0,5,6,5,13.0,1,0,5,9,4,13.25,0,1.0,0,0.8333333333333334,0.2
4338,1,131.0,37,37,127.2,0,5,7,3,12.66666667,0,0,5,5,4,12.5,0,0.6,2,0.42857142857142855,0.0
4339,1,100.0,3,37,130.0,0,14,14,12,13.29166667,1,0,14,14,12,13.29166667,1,0.8571428571428571,2,0.8571428571428571,0.07142857142857142
4340,1,120.0,2,3,116.1,0,5,12,3,11.66666667,2,0,5,11,4,11.5,1,0.6,2,0.25,0.4
4341,1,145.0,19,37,130.5,0,8,8,7,14.24,0,0,8,8,7,14.24,0,0.875,1,0.875,0.0
4342,1,120.0,34,34,104.0,0,5,10,3,13.0,0,0,5,11,3,11.33333333,0,0.6,2,0.3,0.0
4343,1,140.0,1,1,128.5,0,7,9,5,14.06,0,0,7,9,6,12.57142857,0,0.7142857142857143,2,0.5555555555555556,0.0
4344,1,134.0,38,37,126.0,0,6,10,5,11.83333333,0,0,6,10,5,13.2,0,0.8333333333333334,1,0.5,0.0
4345,1,140.0,1,19,141.1,0,6,6,6,12.83333333,0,0,6,6,6,13.33333333,0,1.0,0,1.0,0.0
4346,1,107.0,12,19,102.8,0,6,16,1,10.0,0,0,6,12,0,0.0,0,0.16666666666666666,5,0.0625,0.0
4347,1,133.0,1,1,129.2,0,5,9,2,11.0,0,0,5,12,2,10.0,0,0.4,3,0.2222222222222222,0.0
4348,1,127.0,3,1,119.3,0,7,7,7,14.10571429,0,0,8,8,8,13.6625,0,1.0,0,1.0,0.0
4349,1,141.0,38,19,126.3,0,8,12,7,12.47142857,0,0,8,12,7,12.47142857,0,0.875,1,0.5833333333333334,0.0
4350,39,140.0,3,1,140.0,2,6,11,6,11.83333333,0,1,6,17,5,11.85714286,0,1.0,0,0.5454545454545454,0.0
4351,1,150.0,1,1,131.5,0,6,6,6,12.5,0,0,6,6,6,12.83333333,0,1.0,0,1.0,0.0
4352,1,140.0,38,38,137.6,0,6,7,6,11.66666667,0,0,6,7,6,12.33333333,0,1.0,0,0.8571428571428571,0.0
4353,1,141.0,3,1,142.8,0,0,0,0,0.0,0,0,0,0,0,0.0,0,0.0,0,0.0,0.0
4354,1,150.0,37,38,146.2,0,5,11,3,10.33333333,0,0,5,10,4,12.8,0,0.6,2,0.2727272727272727,0.0
4355,1,160.0,4,19,162.1,0,5,8,5,16.16666667,2,0,5,9,5,14.28571429,1,1.0,0,0.625,0.4
4356,19,133.1,37,37,140.0,0,6,11,3,12.66666667,0,0,6,7,0,0.0,0,0.5,3,0.2727272727272727,0.0
4357,1,133.1,19,37,120.0,0,6,14,2,10.5,0,0,6,6,3,12.33333333,0,0.3333333333333333,4,0.14285714285714285,0.0
4358,1,134.0,37,37,133.3,0,6,13,2,11.5,0,0,6,13,1,11.0,0,0.3333333333333333,4,0.15384615384615385,0.0
4359,1,130.0,1,19,124.8,0,6,6,6,13.0,0,0,6,8,5,13.4,0,1.0,0,1.0,0.0
4360,1,140.0,19,37,133.3,0,7,7,6,11.96666667,0,0,7,7,6,11.96666667,0,0.8571428571428571,1,0.8571428571428571,0.0
4361,1,145.0,3,3,141.8,0,8,8,8,13.3475,0,0,8,8,8,13.3475,0,1.0,0,1.0,0.0
4362,1,133.0,1,38,128.2,0,5,7,5,12.0,0,0,5,7,4,12.5,0,1.0,0,0.7142857142857143,0.0
4363,1,133.1,34,34,115.0,0,6,10,2,10.5,0,0,6,13,0,0.0,0,0.3333333333333333,4,0.2,0.0
4364,1,132.0,37,37,123.6,0,6,9,4,11.5,0,0,6,10,4,10.75,0,0.6666666666666666,2,0.4444444444444444,0.0
4365,1,117.0,38,38,120.2,0,0,0,0,0.0,0,0,0,0,0,0.0,0,0.0,0,0.0,0.0
4366,1,127.0,3,19,127.0,0,6,9,6,13.57142857,0,0,6,11,4,14.0,0,1.0,0,0.6666666666666666,0.0
4367,1,134.0,19,19,120.4,0,6,10,6,14.7,0,0,6,10,6,12.0,0,1.0,0,0.6,0.0
4368,1,120.0,37,37,120.0,0,5,5,0,0.0,0,0,5,5,0,0.0,0,0.0,5,0.0,0.0
4369,1,136.0,2,2,120.0,0,7,8,6,11.83333333,0,0,7,8,6,11.83333333,0,0.8571428571428571,1,0.75,0.0
4370,1,137.0,1,3,133.9,0,0,0,0,0.0,0,0,0,0,0,0.0,0,0.0,0,0.0,0.0
4371,1,118.0,38,19,113.5,0,7,7,7,13.17571429,0,0,8,8,8,14.925,0,1.0,0,1.0,0.0
4372,1,130.0,12,12,126.1,0,6,7,0,0.0,0,0,6,10,0,0.0,0,0.0,6,0.0,0.0
4373,1,124.0,37,37,121.2,0,6,12,2,13.0,0,0,6,9,6,10.83333333,0,0.3333333333333333,4,0.16666666666666666,0.0
4374,40,150.0,37,37,150.0,1,8,11,7,13.74285714,0,1,8,11,7,13.74285714,0,0.875,1,0.6363636363636364,0.0
4375,1,161.0,37,37,100.0,0,5,5,0,0.0,0,0,5,5,0,0.0,0,0.0,5,0.0,0.0
4376,1,143.0,38,1,127.3,0,7,8,7,12.21714286,0,0,8,11,7,12.11875,0,1.0,0,0.875,0.0
4377,1,130.0,37,37,103.8,14,15,15,14,11.07142857,0,12,14,16,12,11.33333333,1,0.9333333333333333,1,0.9333333333333333,0.0
4378,19,133.1,37,37,131.0,0,7,10,7,13.42857143,0,2,8,8,8,13.25,0,1.0,0,0.7,0.0
4379,1,110.0,37,37,133.9,0,5,7,5,11.4,0,0,5,6,5,13.66666667,0,1.0,0,0.7142857142857143,0.0
4380,2,140.0,38,37,140.0,0,8,14,4,11.325,1,0,8,14,4,11.325,1,0.5,4,0.2857142857142857,0.125
4381,1,145.0,1,19,121.4,0,6,13,0,0.0,0,0,5,11,0,0.0,0,0.0,6,0.0,0.0
4382,1,131.0,1,1,122.0,0,8,8,7,15.0,0,0,8,8,7,15.0,0,0.875,1,0.875,0.0
4383,1,141.0,37,37,150.5,0,6,7,6,13.16666667,0,0,6,8,6,15.625,0,1.0,0,0.8571428571428571,0.0
4384,1,145.0,37,34,139.4,0,6,12,2,11.0,0,0,6,14,4,10.5,0,0.3333333333333333,4,0.16666666666666666,0.0
4385,1,122.0,19,19,112.6,0,6,0,0,0.0,0,0,6,0,0,0.0,0,0.0,6,0.0,0.0
4386,1,118.0,37,38,115.2,0,5,7,3,12.33333333,0,0,5,5,2,12.5,0,0.6,2,0.42857142857142855,0.0
4387,1,150.0,37,37,131.8,0,5,6,4,12.25,0,0,5,6,5,10.16666667,0,0.8,1,0.6666666666666666,0.0
4388,2,120.0,37,37,122.8,13,13,13,13,11.92307692,0,12,12,12,12,12.5,0,1.0,0,1.0,0.0
4389,1,167.0,19,19,156.2,0,6,6,6,14.33333333,0,0,6,7,6,14.14285714,0,1.0,0,1.0,0.0
4390,1,150.0,38,38,132.0,0,5,6,5,12.0,0,0,5,5,5,13.0,0,1.0,0,0.8333333333333334,0.0
4391,3,130.0,37,37,130.0,0,7,9,7,13.76111111,0,1,8,11,7,12.06375,0,1.0,0,0.7777777777777778,0.0
4392,1,151.0,37,1,138.4,0,5,6,4,11.25,0,0,5,8,5,11.0,0,0.8,1,0.6666666666666666,0.0
4393,1,120.0,38,38,146.2,0,5,10,3,12.33333333,0,0,5,10,3,10.66666667,0,0.6,2,0.3,0.0
4394,1,168.0,38,1,166.0,0,8,8,8,14.88875,0,0,8,8,8,14.88875,0,1.0,0,1.0,0.0
4395,1,153.0,34,34,133.1,0,6,8,6,12.16666667,0,0,6,8,5,12.4,0,1.0,0,0.75,0.0
4396,1,131.0,19,37,121.9,0,6,7,6,12.66666667,0,0,6,6,6,13.33333333,0,1.0,0,0.8571428571428571,0.0
4397,1,116.0,3,38,110.4,0,6,9,5,12.6,0,0,6,9,3,11.66666667,0,0.8333333333333334,1,0.5555555555555556,0.0
4398,1,160.0,38,38,121.4,0,5,8,4,13.0,0,0,5,10,4,12.25,2,0.8,1,0.5,0.0
4399,1,152.0,37,19,137.0,0,6,9,6,13.875,0,0,6,6,6,14.33333333,0,1.0,0,0.6666666666666666,0.0
4400,1,133.1,37,37,140.0,0,5,10,4,10.75,0,0,5,12,3,13.33333333,0,0.8,1,0.4,0.0
4401,3,150.0,19,37,140.0,3,5,10,3,14.66666667,1,0,5,5,0,0.0,0,0.6,2,0.3,0.2
4402,1,168.0,1,19,126.8,0,6,7,5,12.6,0,0,6,6,6,13.0,0,0.8333333333333334,1,0.7142857142857143,0.0
4403,1,137.0,1,1,124.8,0,7,11,6,12.4125,0,0,8,12,7,11.2625,0,0.8571428571428571,1,0.5454545454545454,0.0
4404,19,133.1,2,1,120.0,0,6,12,1,11.0,0,0,6,9,2,10.5,0,0.16666666666666666,5,0.08333333333333333,0.0
4405,1,160.0,37,37,133.0,0,8,8,7,14.31428571,0,0,8,8,7,14.31428571,0,0.875,1,0.875,0.0
4406,1,145.0,1,38,127.5,0,6,6,4,12.0,0,0,6,8,2,11.33333333,0,0.6666666666666666,2,0.6666666666666666,0.0
4407,1,138.0,1,19,131.7,0,6,6,6,12.83333333,0,0,6,7,6,13.28571429,0,1.0,0,1.0,0.0
4408,1,100.0,37,37,133.0,0,6,8,5,11.4,0,0,6,10,6,11.66666667,0,0.8333333333333334,1,0.625,0.0
4409,1,140.0,37,37,122.7,0,5,5,5,14.6,0,0,5,6,5,14.33333333,0,1.0,0,1.0,0.0
4410,1,124.0,37,19,121.2,1,6,7,6,13.5,0,1,6,9,5,12.5,0,1.0,0,0.8571428571428571,0.0
4411,39,150.0,37,37,150.0,1,6,8,6,12.5,0,0,6,11,3,13.33333333,0,1.0,0,0.75,0.0
4412,1,125.0,19,19,133.4,4,6,6,4,13.0,0,2,6,7,5,12.2,0,0.6666666666666666,2,0.6666666666666666,0.0
4413,1,143.0,37,1,121.2,5,10,13,5,11.6,0,2,8,10,2,13.0,0,0.5,5,0.38461538461538464,0.0
4414,1,137.0,3,38,129.3,0,5,6,5,11.8,1,0,5,8,5,11.6,0,1.0,0,0.8333333333333334,0.2
4415,19,133.1,37,37,117.8,0,7,14,3,12.33333333,0,0,7,12,3,11.08333333,0,0.42857142857142855,4,0.21428571428571427,0.0
4416,1,136.0,38,38,131.3,11,14,15,12,12.625,1,11,14,15,12,12.625,1,0.8571428571428571,2,0.8,0.07142857142857142
4417,1,132.0,1,1,133.8,0,6,6,6,13.83333333,0,0,6,6,6,13.5,0,1.0,0,1.0,0.0
4418,39,120.0,3,38,120.0,2,7,7,6,12.5,0,5,9,10,7,13.14285714,1,0.8571428571428571,1,0.8571428571428571,0.0
4419,1,125.0,1,1,122.2,0,6,7,5,13.6,0,0,6,8,5,12.66666667,0,0.8333333333333334,1,0.7142857142857143,0.0
4420,1,120.0,1,1,119.0,0,6,6,6,12.0,0,0,6,6,2,11.0,0,1.0,0,1.0,0.0
4421,1,154.0,37,37,149.5,0,7,8,7,14.9125,0,0,8,9,1,13.5,0,1.0,0,0.875,0.0
4422,1,180.0,37,37,153.8,0,5,5,5,13.8,0,0,5,6,5,12.0,0,1.0,0,1.0,0.0
4423,1,152.0,38,37,152.0,0,6,8,6,11.66666667,0,0,6,6,6,13.0,0,1.0,0,0.75,0.0
