,target,target_original,is_dropout,course_name,age_quantile_group
0,Dropout,Dropout,1,Animation and Multimedia Design,"(19.0, 20.0]"
1,Graduate,Graduate,0,Tourism,"(16.999, 19.0]"
2,Dropout,Dropout,1,Communication Design,"(16.999, 19.0]"
3,Graduate,Graduate,0,Journalism and Communication,"(19.0, 20.0]"
4,Graduate,Graduate,0,Social Service (evening attendance),"(25.0, 70.0]"
5,Graduate,Graduate,0,Management (evening attendance),"(25.0, 70.0]"
6,Graduate,Graduate,0,Nursing,"(16.999, 19.0]"
7,Dropout,Dropout,1,Tourism,"(20.0, 25.0]"
8,Graduate,Graduate,0,Social Service,"(20.0, 25.0]"
9,Dropout,Dropout,1,Social Service,"(16.999, 19.0]"
10,Graduate,Graduate,0,Advertising and Marketing Management,"(16.999, 19.0]"
11,Graduate,Graduate,0,Nursing,"(16.999, 19.0]"
12,Dropout,Dropout,1,Basic Education,"(16.999, 19.0]"
13,Graduate,Graduate,0,Tourism,"(20.0, 25.0]"
14,Graduate,Graduate,0,Veterinary Nursing,"(16.999, 19.0]"
15,Dropout,Dropout,1,Journalism and Communication,"(19.0, 20.0]"
16,Enrolled,Enrolled,0,Social Service,"(16.999, 19.0]"
17,Graduate,Graduate,0,Nursing,"(16.999, 19.0]"
18,Graduate,Graduate,0,Equinculture,"(19.0, 20.0]"
19,Enrolled,Enrolled,0,Basic Education,"(16.999, 19.0]"
20,Graduate,Graduate,0,Animation and Multimedia Design,"(20.0, 25.0]"
21,Enrolled,Enrolled,0,Oral Hygiene,"(19.0, 20.0]"
22,Graduate,Graduate,0,Nursing,"(16.999, 19.0]"
23,Graduate,Graduate,0,Advertising and Marketing Management,"(16.999, 19.0]"
24,Graduate,Graduate,0,Nursing,"(16.999, 19.0]"
25,Enrolled,Enrolled,0,Social Service,"(16.999, 19.0]"
26,Graduate,Graduate,0,Social Service,"(20.0, 25.0]"
27,Enrolled,Enrolled,0,Veterinary Nursing,"(16.999, 19.0]"
28,Graduate,Graduate,0,Management,"(19.0, 20.0]"
29,Enrolled,Enrolled,0,Nursing,"(16.999, 19.0]"
30,Enrolled,Enrolled,0,Agronomy,"(20.0, 25.0]"
31,Graduate,Graduate,0,Communication Design,"(19.0, 20.0]"
32,Enrolled,Enrolled,0,Management,"(16.999, 19.0]"
33,Graduate,Graduate,0,Social Service (evening attendance),"(16.999, 19.0]"
34,Graduate,Graduate,0,Management (evening attendance),"(25.0, 70.0]"
35,Dropout,Dropout,1,Biofuel Production Technologies,"(25.0, 70.0]"
36,Dropout,Dropout,1,Informatics Engineering,"(25.0, 70.0]"
37,Dropout,Dropout,1,Management,"(25.0, 70.0]"
38,Graduate,Graduate,0,Management (evening attendance),"(25.0, 70.0]"
39,Dropout,Dropout,1,Equinculture,"(19.0, 20.0]"
40,Dropout,Dropout,1,Journalism and Communication,"(16.999, 19.0]"
41,Graduate,Graduate,0,Management,"(20.0, 25.0]"
42,Graduate,Graduate,0,Nursing,"(20.0, 25.0]"
43,Dropout,Dropout,1,Journalism and Communication,"(19.0, 20.0]"
44,Dropout,Dropout,1,Management (evening attendance),"(25.0, 70.0]"
45,Enrolled,Enrolled,0,Management (evening attendance),"(20.0, 25.0]"
46,Graduate,Graduate,0,Social Service,"(16.999, 19.0]"
47,Graduate,Graduate,0,Nursing,"(20.0, 25.0]"
48,Graduate,Graduate,0,Social Service (evening attendance),"(20.0, 25.0]"
49,Graduate,Graduate,0,Social Service,"(16.999, 19.0]"
50,Graduate,Graduate,0,Tourism,"(20.0, 25.0]"
51,Enrolled,Enrolled,0,Nursing,"(16.999, 19.0]"
52,Enrolled,Enrolled,0,Journalism and Communication,"(19.0, 20.0]"
53,Graduate,Graduate,0,Equinculture,"(16.999, 19.0]"
54,Dropout,Dropout,1,Management (evening attendance),"(25.0, 70.0]"
55,Graduate,Graduate,0,Nursing,"(16.999, 19.0]"
56,Dropout,Dropout,1,Tourism,"(25.0, 70.0]"
57,Dropout,Dropout,1,Equinculture,"(25.0, 70.0]"
58,Graduate,Graduate,0,Nursing,"(16.999, 19.0]"
59,Enrolled,Enrolled,0,Animation and Multimedia Design,"(16.999, 19.0]"
60,Graduate,Graduate,0,Nursing,"(16.999, 19.0]"
61,Graduate,Graduate,0,Social Service,"(20.0, 25.0]"
62,Enrolled,Enrolled,0,Animation and Multimedia Design,"(16.999, 19.0]"
63,Enrolled,Enrolled,0,Communication Design,"(16.999, 19.0]"
64,Enrolled,Enrolled,0,Communication Design,"(20.0, 25.0]"
65,Dropout,Dropout,1,Nursing,"(25.0, 70.0]"
66,Graduate,Graduate,0,Animation and Multimedia Design,"(16.999, 19.0]"
67,Graduate,Graduate,0,Agronomy,"(20.0, 25.0]"
68,Dropout,Dropout,1,Management,"(16.999, 19.0]"
69,Enrolled,Enrolled,0,Tourism,"(25.0, 70.0]"
70,Enrolled,Enrolled,0,Management,"(16.999, 19.0]"
71,Graduate,Graduate,0,Nursing,"(20.0, 25.0]"
72,Dropout,Dropout,1,Animation and Multimedia Design,"(16.999, 19.0]"
73,Dropout,Dropout,1,Tourism,"(16.999, 19.0]"
74,Graduate,Graduate,0,Journalism and Communication,"(16.999, 19.0]"
75,Dropout,Dropout,1,Management,"(16.999, 19.0]"
76,Dropout,Dropout,1,Tourism,"(20.0, 25.0]"
77,Graduate,Graduate,0,Journalism and Communication,"(16.999, 19.0]"
78,Graduate,Graduate,0,Nursing,"(20.0, 25.0]"
79,Graduate,Graduate,0,Social Service (evening attendance),"(25.0, 70.0]"
80,Dropout,Dropout,1,Basic Education,"(19.0, 20.0]"
81,Dropout,Dropout,1,Management (evening attendance),"(25.0, 70.0]"
82,Dropout,Dropout,1,Agronomy,"(20.0, 25.0]"
83,Enrolled,Enrolled,0,Tourism,"(16.999, 19.0]"
84,Graduate,Graduate,0,Social Service (evening attendance),"(25.0, 70.0]"
85,Graduate,Graduate,0,Nursing,"(20.0, 25.0]"
86,Graduate,Graduate,0,Advertising and Marketing Management,"(20.0, 25.0]"
87,Graduate,Graduate,0,Communication Design,"(19.0, 20.0]"
88,Enrolled,Enrolled,0,Management,"(20.0, 25.0]"
89,Enrolled,Enrolled,0,Informatics Engineering,"(16.999, 19.0]"
90,Dropout,Dropout,1,Nursing,"(20.0, 25.0]"
91,Graduate,Graduate,0,Journalism and Communication,"(20.0, 25.0]"
92,Dropout,Dropout,1,Equinculture,"(25.0, 70.0]"
93,Dropout,Dropout,1,Basic Education,"(25.0, 70.0]"
94,Graduate,Graduate,0,Social Service (evening attendance),"(25.0, 70.0]"
95,Enrolled,Enrolled,0,Informatics Engineering,"(16.999, 19.0]"
96,Graduate,Graduate,0,Journalism and Communication,"(16.999, 19.0]"
97,Graduate,Graduate,0,Nursing,"(16.999, 19.0]"
98,Enrolled,Enrolled,0,Veterinary Nursing,"(16.999, 19.0]"
99,Dropout,Dropout,1,Nursing,"(16.999, 19.0]"
100,Dropout,Dropout,1,Veterinary Nursing,"(20.0, 25.0]"
101,Graduate,Graduate,0,Animation and Multimedia Design,"(19.0, 20.0]"
102,Dropout,Dropout,1,Social Service (evening attendance),"(25.0, 70.0]"
103,Graduate,Graduate,0,Agronomy,"(25.0, 70.0]"
104,Dropout,Dropout,1,Basic Education,"(16.999, 19.0]"
105,Graduate,Graduate,0,Communication Design,"(19.0, 20.0]"
106,Dropout,Dropout,1,Social Service,"(16.999, 19.0]"
107,Dropout,Dropout,1,Veterinary Nursing,"(19.0, 20.0]"
108,Dropout,Dropout,1,Nursing,"(19.0, 20.0]"
109,Enrolled,Enrolled,0,Basic Education,"(19.0, 20.0]"
110,Graduate,Graduate,0,Social Service,"(16.999, 19.0]"
111,Enrolled,Enrolled,0,Management,"(16.999, 19.0]"
112,Graduate,Graduate,0,Veterinary Nursing,"(16.999, 19.0]"
113,Graduate,Graduate,0,Journalism and Communication,"(16.999, 19.0]"
114,Dropout,Dropout,1,Nursing,"(16.999, 19.0]"
115,Enrolled,Enrolled,0,Nursing,"(19.0, 20.0]"
116,Enrolled,Enrolled,0,Social Service,"(19.0, 20.0]"
117,Enrolled,Enrolled,0,Management,"(19.0, 20.0]"
118,Graduate,Graduate,0,Veterinary Nursing,"(16.999, 19.0]"
119,Graduate,Graduate,0,Management,"(16.999, 19.0]"
120,Dropout,Dropout,1,Tourism,"(20.0, 25.0]"
121,Graduate,Graduate,0,Management,"(16.999, 19.0]"
122,Dropout,Dropout,1,Animation and Multimedia Design,"(16.999, 19.0]"
123,Graduate,Graduate,0,Advertising and Marketing Management,"(16.999, 19.0]"
124,Graduate,Graduate,0,Veterinary Nursing,"(16.999, 19.0]"
125,Dropout,Dropout,1,Oral Hygiene,"(16.999, 19.0]"
126,Graduate,Graduate,0,Veterinary Nursing,"(19.0, 20.0]"
127,Enrolled,Enrolled,0,Basic Education,"(16.999, 19.0]"
128,Graduate,Graduate,0,Social Service,"(16.999, 19.0]"
129,Graduate,Graduate,0,Nursing,"(16.999, 19.0]"
130,Dropout,Dropout,1,Nursing,"(16.999, 19.0]"
131,Graduate,Graduate,0,Communication Design,"(16.999, 19.0]"
132,Graduate,Graduate,0,Management,"(16.999, 19.0]"
133,Dropout,Dropout,1,Nursing,"(16.999, 19.0]"
134,Graduate,Graduate,0,Social Service,"(19.0, 20.0]"
135,Dropout,Dropout,1,Advertising and Marketing Management,"(16.999, 19.0]"
136,Graduate,Graduate,0,Advertising and Marketing Management,"(19.0, 20.0]"
137,Graduate,Graduate,0,Journalism and Communication,"(16.999, 19.0]"
138,Enrolled,Enrolled,0,Nursing,"(19.0, 20.0]"
139,Graduate,Graduate,0,Nursing,"(16.999, 19.0]"
140,Graduate,Graduate,0,Nursing,"(16.999, 19.0]"
141,Graduate,Graduate,0,Journalism and Communication,"(16.999, 19.0]"
142,Enrolled,Enrolled,0,Management,"(20.0, 25.0]"
143,Graduate,Graduate,0,Social Service,"(16.999, 19.0]"
144,Graduate,Graduate,0,Nursing,"(16.999, 19.0]"
145,Graduate,Graduate,0,Basic Education,"(16.999, 19.0]"
146,Dropout,Dropout,1,Tourism,"(16.999, 19.0]"
147,Dropout,Dropout,1,Tourism,"(19.0, 20.0]"
148,Graduate,Graduate,0,Management,"(16.999, 19.0]"
149,Graduate,Graduate,0,Nursing,"(19.0, 20.0]"
150,Enrolled,Enrolled,0,Animation and Multimedia Design,"(16.999, 19.0]"
151,Graduate,Graduate,0,Veterinary Nursing,"(16.999, 19.0]"
152,Enrolled,Enrolled,0,Basic Education,"(16.999, 19.0]"
153,Graduate,Graduate,0,Basic Education,"(16.999, 19.0]"
154,Dropout,Dropout,1,Basic Education,"(20.0, 25.0]"
155,Dropout,Dropout,1,Basic Education,"(16.999, 19.0]"
156,Graduate,Graduate,0,Management,"(16.999, 19.0]"
157,Graduate,Graduate,0,Social Service,"(16.999, 19.0]"
158,Graduate,Graduate,0,Social Service,"(19.0, 20.0]"
159,Graduate,Graduate,0,Social Service (evening attendance),"(20.0, 25.0]"
160,Dropout,Dropout,1,Advertising and Marketing Management,"(16.999, 19.0]"
161,Graduate,Graduate,0,Nursing,"(16.999, 19.0]"
162,Graduate,Graduate,0,Nursing,"(16.999, 19.0]"
163,Dropout,Dropout,1,Basic Education,"(20.0, 25.0]"
164,Graduate,Graduate,0,Advertising and Marketing Management,"(16.999, 19.0]"
165,Graduate,Graduate,0,Journalism and Communication,"(16.999, 19.0]"
166,Enrolled,Enrolled,0,Agronomy,"(25.0, 70.0]"
167,Graduate,Graduate,0,Social Service,"(16.999, 19.0]"
168,Graduate,Graduate,0,Nursing,"(25.0, 70.0]"
169,Dropout,Dropout,1,Social Service,"(20.0, 25.0]"
170,Enrolled,Enrolled,0,Veterinary Nursing,"(25.0, 70.0]"
171,Graduate,Graduate,0,Oral Hygiene,"(19.0, 20.0]"
172,Graduate,Graduate,0,Nursing,"(16.999, 19.0]"
173,Graduate,Graduate,0,Social Service (evening attendance),"(25.0, 70.0]"
174,Dropout,Dropout,1,Tourism,"(19.0, 20.0]"
175,Enrolled,Enrolled,0,Advertising and Marketing Management,"(16.999, 19.0]"
176,Graduate,Graduate,0,Basic Education,"(25.0, 70.0]"
177,Dropout,Dropout,1,Nursing,"(19.0, 20.0]"
178,Dropout,Dropout,1,Basic Education,"(16.999, 19.0]"
179,Dropout,Dropout,1,Nursing,"(25.0, 70.0]"
180,Graduate,Graduate,0,Basic Education,"(25.0, 70.0]"
181,Enrolled,Enrolled,0,Management (evening attendance),"(25.0, 70.0]"
182,Dropout,Dropout,1,Journalism and Communication,"(25.0, 70.0]"
183,Dropout,Dropout,1,Communication Design,"(16.999, 19.0]"
184,Dropout,Dropout,1,Tourism,"(19.0, 20.0]"
185,Dropout,Dropout,1,Management,"(19.0, 20.0]"
186,Enrolled,Enrolled,0,Social Service,"(20.0, 25.0]"
187,Graduate,Graduate,0,Nursing,"(16.999, 19.0]"
188,Dropout,Dropout,1,Veterinary Nursing,"(20.0, 25.0]"
189,Graduate,Graduate,0,Communication Design,"(19.0, 20.0]"
190,Graduate,Graduate,0,Tourism,"(20.0, 25.0]"
191,Enrolled,Enrolled,0,Social Service (evening attendance),"(20.0, 25.0]"
192,Dropout,Dropout,1,Management,"(20.0, 25.0]"
193,Dropout,Dropout,1,Basic Education,"(20.0, 25.0]"
194,Graduate,Graduate,0,Nursing,"(16.999, 19.0]"
195,Dropout,Dropout,1,Management (evening attendance),"(25.0, 70.0]"
196,Graduate,Graduate,0,Nursing,"(16.999, 19.0]"
197,Dropout,Dropout,1,Informatics Engineering,"(25.0, 70.0]"
198,Graduate,Graduate,0,Basic Education,"(16.999, 19.0]"
199,Enrolled,Enrolled,0,Nursing,"(25.0, 70.0]"
200,Graduate,Graduate,0,Veterinary Nursing,"(16.999, 19.0]"
201,Graduate,Graduate,0,Social Service,"(19.0, 20.0]"
202,Graduate,Graduate,0,Nursing,"(16.999, 19.0]"
203,Graduate,Graduate,0,Social Service,"(20.0, 25.0]"
204,Graduate,Graduate,0,Social Service,"(16.999, 19.0]"
205,Graduate,Graduate,0,Social Service,"(16.999, 19.0]"
206,Graduate,Graduate,0,Nursing,"(16.999, 19.0]"
207,Graduate,Graduate,0,Journalism and Communication,"(16.999, 19.0]"
208,Graduate,Graduate,0,Veterinary Nursing,"(16.999, 19.0]"
209,Dropout,Dropout,1,Tourism,"(25.0, 70.0]"
210,Graduate,Graduate,0,Nursing,"(16.999, 19.0]"
211,Graduate,Graduate,0,Nursing,"(16.999, 19.0]"
212,Graduate,Graduate,0,Equinculture,"(19.0, 20.0]"
213,Dropout,Dropout,1,Management (evening attendance),"(25.0, 70.0]"
214,Graduate,Graduate,0,Journalism and Communication,"(20.0, 25.0]"
215,Enrolled,Enrolled,0,Oral Hygiene,"(20.0, 25.0]"
216,Graduate,Graduate,0,Management,"(16.999, 19.0]"
217,Dropout,Dropout,1,Social Service (evening attendance),"(20.0, 25.0]"
218,Dropout,Dropout,1,Social Service (evening attendance),"(25.0, 70.0]"
219,Dropout,Dropout,1,Veterinary Nursing,"(20.0, 25.0]"
220,Graduate,Graduate,0,Management,"(16.999, 19.0]"
221,Graduate,Graduate,0,Basic Education,"(16.999, 19.0]"
222,Dropout,Dropout,1,Tourism,"(16.999, 19.0]"
223,Graduate,Graduate,0,Nursing,"(16.999, 19.0]"
224,Graduate,Graduate,0,Nursing,"(16.999, 19.0]"
225,Graduate,Graduate,0,Management (evening attendance),"(25.0, 70.0]"
226,Graduate,Graduate,0,Management,"(25.0, 70.0]"
227,Graduate,Graduate,0,Social Service,"(19.0, 20.0]"
228,Dropout,Dropout,1,Advertising and Marketing Management,"(25.0, 70.0]"
229,Graduate,Graduate,0,Nursing,"(16.999, 19.0]"
230,Graduate,Graduate,0,Tourism,"(16.999, 19.0]"
231,Dropout,Dropout,1,Tourism,"(25.0, 70.0]"
232,Graduate,Graduate,0,Advertising and Marketing Management,"(16.999, 19.0]"
233,Graduate,Graduate,0,Tourism,"(20.0, 25.0]"
234,Dropout,Dropout,1,Management,"(20.0, 25.0]"
235,Graduate,Graduate,0,Social Service,"(20.0, 25.0]"
236,Graduate,Graduate,0,Basic Education,"(16.999, 19.0]"
237,Graduate,Graduate,0,Social Service,"(16.999, 19.0]"
238,Dropout,Dropout,1,Equinculture,"(20.0, 25.0]"
239,Dropout,Dropout,1,Veterinary Nursing,"(20.0, 25.0]"
240,Enrolled,Enrolled,0,Nursing,"(16.999, 19.0]"
241,Enrolled,Enrolled,0,Animation and Multimedia Design,"(20.0, 25.0]"
242,Graduate,Graduate,0,Management,"(19.0, 20.0]"
243,Dropout,Dropout,1,Management,"(20.0, 25.0]"
244,Graduate,Graduate,0,Management,"(19.0, 20.0]"
245,Graduate,Graduate,0,Nursing,"(20.0, 25.0]"
246,Graduate,Graduate,0,Nursing,"(16.999, 19.0]"
247,Dropout,Dropout,1,Agronomy,"(25.0, 70.0]"
248,Graduate,Graduate,0,Tourism,"(20.0, 25.0]"
249,Graduate,Graduate,0,Advertising and Marketing Management,"(16.999, 19.0]"
250,Enrolled,Enrolled,0,Communication Design,"(16.999, 19.0]"
251,Dropout,Dropout,1,Journalism and Communication,"(16.999, 19.0]"
252,Graduate,Graduate,0,Veterinary Nursing,"(16.999, 19.0]"
253,Enrolled,Enrolled,0,Journalism and Communication,"(16.999, 19.0]"
254,Graduate,Graduate,0,Management,"(16.999, 19.0]"
255,Dropout,Dropout,1,Oral Hygiene,"(25.0, 70.0]"
256,Graduate,Graduate,0,Management (evening attendance),"(25.0, 70.0]"
257,Enrolled,Enrolled,0,Communication Design,"(16.999, 19.0]"
258,Graduate,Graduate,0,Social Service,"(16.999, 19.0]"
259,Dropout,Dropout,1,Social Service,"(20.0, 25.0]"
260,Graduate,Graduate,0,Tourism,"(19.0, 20.0]"
261,Dropout,Dropout,1,Social Service (evening attendance),"(25.0, 70.0]"
262,Dropout,Dropout,1,Informatics Engineering,"(25.0, 70.0]"
263,Graduate,Graduate,0,Social Service,"(16.999, 19.0]"
264,Graduate,Graduate,0,Social Service,"(16.999, 19.0]"
265,Graduate,Graduate,0,Journalism and Communication,"(16.999, 19.0]"
266,Graduate,Graduate,0,Nursing,"(16.999, 19.0]"
267,Graduate,Graduate,0,Journalism and Communication,"(16.999, 19.0]"
268,Graduate,Graduate,0,Communication Design,"(16.999, 19.0]"
269,Graduate,Graduate,0,Nursing,"(16.999, 19.0]"
270,Graduate,Graduate,0,Agronomy,"(20.0, 25.0]"
271,Dropout,Dropout,1,Management,"(19.0, 20.0]"
272,Graduate,Graduate,0,Management,"(19.0, 20.0]"
273,Graduate,Graduate,0,Nursing,"(16.999, 19.0]"
274,Graduate,Graduate,0,Social Service,"(19.0, 20.0]"
275,Graduate,Graduate,0,Nursing,"(16.999, 19.0]"
276,Dropout,Dropout,1,Basic Education,"(19.0, 20.0]"
277,Dropout,Dropout,1,Equinculture,"(25.0, 70.0]"
278,Enrolled,Enrolled,0,Nursing,"(16.999, 19.0]"
279,Graduate,Graduate,0,Nursing,"(19.0, 20.0]"
280,Graduate,Graduate,0,Management,"(20.0, 25.0]"
281,Graduate,Graduate,0,Social Service (evening attendance),"(25.0, 70.0]"
282,Graduate,Graduate,0,Management (evening attendance),"(25.0, 70.0]"
283,Graduate,Graduate,0,Communication Design,"(20.0, 25.0]"
284,Graduate,Graduate,0,Social Service (evening attendance),"(20.0, 25.0]"
285,Graduate,Graduate,0,Journalism and Communication,"(20.0, 25.0]"
286,Enrolled,Enrolled,0,Communication Design,"(16.999, 19.0]"
287,Graduate,Graduate,0,Social Service (evening attendance),"(25.0, 70.0]"
288,Graduate,Graduate,0,Social Service (evening attendance),"(16.999, 19.0]"
289,Graduate,Graduate,0,Nursing,"(20.0, 25.0]"
290,Graduate,Graduate,0,Veterinary Nursing,"(16.999, 19.0]"
291,Graduate,Graduate,0,Agronomy,"(16.999, 19.0]"
292,Enrolled,Enrolled,0,Agronomy,"(20.0, 25.0]"
293,Graduate,Graduate,0,Social Service,"(16.999, 19.0]"
294,Dropout,Dropout,1,Communication Design,"(16.999, 19.0]"
295,Graduate,Graduate,0,Nursing,"(16.999, 19.0]"
296,Graduate,Graduate,0,Journalism and Communication,"(16.999, 19.0]"
297,Graduate,Graduate,0,Social Service,"(16.999, 19.0]"
298,Graduate,Graduate,0,Oral Hygiene,"(19.0, 20.0]"
299,Graduate,Graduate,0,Nursing,"(16.999, 19.0]"
300,Graduate,Graduate,0,Advertising and Marketing Management,"(16.999, 19.0]"
301,Graduate,Graduate,0,Veterinary Nursing,"(20.0, 25.0]"
302,Graduate,Graduate,0,Nursing,"(16.999, 19.0]"
303,Dropout,Dropout,1,Advertising and Marketing Management,"(16.999, 19.0]"
304,Dropout,Dropout,1,Social Service,"(16.999, 19.0]"
305,Enrolled,Enrolled,0,Advertising and Marketing Management,"(16.999, 19.0]"
306,Graduate,Graduate,0,Advertising and Marketing Management,"(16.999, 19.0]"
307,Dropout,Dropout,1,Equinculture,"(25.0, 70.0]"
308,Graduate,Graduate,0,Veterinary Nursing,"(16.999, 19.0]"
309,Dropout,Dropout,1,Equinculture,"(16.999, 19.0]"
310,Graduate,Graduate,0,Social Service,"(25.0, 70.0]"
311,Dropout,Dropout,1,Basic Education,"(20.0, 25.0]"
312,Graduate,Graduate,0,Management,"(16.999, 19.0]"
313,Graduate,Graduate,0,Basic Education,"(19.0, 20.0]"
314,Dropout,Dropout,1,Management,"(20.0, 25.0]"
315,Graduate,Graduate,0,Management,"(16.999, 19.0]"
316,Graduate,Graduate,0,Nursing,"(16.999, 19.0]"
317,Graduate,Graduate,0,Nursing,"(16.999, 19.0]"
318,Graduate,Graduate,0,Social Service,"(16.999, 19.0]"
319,Enrolled,Enrolled,0,Nursing,"(19.0, 20.0]"
320,Dropout,Dropout,1,Veterinary Nursing,"(25.0, 70.0]"
321,Graduate,Graduate,0,Nursing,"(16.999, 19.0]"
322,Graduate,Graduate,0,Nursing,"(16.999, 19.0]"
323,Graduate,Graduate,0,Management,"(16.999, 19.0]"
324,Enrolled,Enrolled,0,Veterinary Nursing,"(16.999, 19.0]"
325,Graduate,Graduate,0,Tourism,"(16.999, 19.0]"
326,Graduate,Graduate,0,Nursing,"(16.999, 19.0]"
327,Graduate,Graduate,0,Social Service,"(16.999, 19.0]"
328,Enrolled,Enrolled,0,Basic Education,"(16.999, 19.0]"
329,Enrolled,Enrolled,0,Veterinary Nursing,"(16.999, 19.0]"
330,Enrolled,Enrolled,0,Basic Education,"(16.999, 19.0]"
331,Dropout,Dropout,1,Informatics Engineering,"(25.0, 70.0]"
332,Graduate,Graduate,0,Social Service,"(19.0, 20.0]"
333,Graduate,Graduate,0,Social Service (evening attendance),"(16.999, 19.0]"
334,Graduate,Graduate,0,Social Service,"(16.999, 19.0]"
335,Graduate,Graduate,0,Social Service,"(16.999, 19.0]"
336,Graduate,Graduate,0,Basic Education,"(25.0, 70.0]"
337,Graduate,Graduate,0,Nursing,"(16.999, 19.0]"
338,Graduate,Graduate,0,Social Service,"(16.999, 19.0]"
339,Graduate,Graduate,0,Equinculture,"(16.999, 19.0]"
340,Enrolled,Enrolled,0,Veterinary Nursing,"(16.999, 19.0]"
341,Dropout,Dropout,1,Animation and Multimedia Design,"(16.999, 19.0]"
342,Graduate,Graduate,0,Social Service (evening attendance),"(25.0, 70.0]"
343,Graduate,Graduate,0,Agronomy,"(25.0, 70.0]"
344,Enrolled,Enrolled,0,Management,"(25.0, 70.0]"
345,Graduate,Graduate,0,Journalism and Communication,"(16.999, 19.0]"
346,Enrolled,Enrolled,0,Social Service,"(25.0, 70.0]"
347,Graduate,Graduate,0,Management (evening attendance),"(25.0, 70.0]"
348,Graduate,Graduate,0,Social Service,"(25.0, 70.0]"
349,Enrolled,Enrolled,0,Social Service (evening attendance),"(19.0, 20.0]"
350,Dropout,Dropout,1,Tourism,"(20.0, 25.0]"
351,Graduate,Graduate,0,Journalism and Communication,"(19.0, 20.0]"
352,Dropout,Dropout,1,Animation and Multimedia Design,"(16.999, 19.0]"
353,Graduate,Graduate,0,Nursing,"(16.999, 19.0]"
354,Dropout,Dropout,1,Tourism,"(20.0, 25.0]"
355,Graduate,Graduate,0,Veterinary Nursing,"(16.999, 19.0]"
356,Graduate,Graduate,0,Nursing,"(20.0, 25.0]"
357,Dropout,Dropout,1,Management (evening attendance),"(25.0, 70.0]"
358,Enrolled,Enrolled,0,Agronomy,"(25.0, 70.0]"
359,Dropout,Dropout,1,Veterinary Nursing,"(25.0, 70.0]"
360,Graduate,Graduate,0,Basic Education,"(16.999, 19.0]"
361,Dropout,Dropout,1,Journalism and Communication,"(16.999, 19.0]"
362,Enrolled,Enrolled,0,Management,"(19.0, 20.0]"
363,Graduate,Graduate,0,Veterinary Nursing,"(20.0, 25.0]"
364,Enrolled,Enrolled,0,Nursing,"(16.999, 19.0]"
365,Graduate,Graduate,0,Veterinary Nursing,"(20.0, 25.0]"
366,Graduate,Graduate,0,Nursing,"(20.0, 25.0]"
367,Enrolled,Enrolled,0,Veterinary Nursing,"(16.999, 19.0]"
368,Graduate,Graduate,0,Basic Education,"(16.999, 19.0]"
369,Dropout,Dropout,1,Nursing,"(16.999, 19.0]"
370,Graduate,Graduate,0,Social Service (evening attendance),"(25.0, 70.0]"
371,Enrolled,Enrolled,0,Management (evening attendance),"(25.0, 70.0]"
372,Graduate,Graduate,0,Journalism and Communication,"(16.999, 19.0]"
373,Graduate,Graduate,0,Management (evening attendance),"(25.0, 70.0]"
374,Dropout,Dropout,1,Veterinary Nursing,"(25.0, 70.0]"
375,Enrolled,Enrolled,0,Social Service (evening attendance),"(25.0, 70.0]"
376,Dropout,Dropout,1,Management,"(25.0, 70.0]"
377,Graduate,Graduate,0,Nursing,"(16.999, 19.0]"
378,Enrolled,Enrolled,0,Basic Education,"(16.999, 19.0]"
379,Enrolled,Enrolled,0,Veterinary Nursing,"(20.0, 25.0]"
380,Dropout,Dropout,1,Nursing,"(25.0, 70.0]"
381,Enrolled,Enrolled,0,Nursing,"(19.0, 20.0]"
382,Enrolled,Enrolled,0,Social Service,"(16.999, 19.0]"
383,Graduate,Graduate,0,Basic Education,"(16.999, 19.0]"
384,Graduate,Graduate,0,Management,"(19.0, 20.0]"
385,Graduate,Graduate,0,Social Service,"(16.999, 19.0]"
386,Graduate,Graduate,0,Basic Education,"(16.999, 19.0]"
387,Graduate,Graduate,0,Management (evening attendance),"(25.0, 70.0]"
388,Enrolled,Enrolled,0,Basic Education,"(20.0, 25.0]"
389,Graduate,Graduate,0,Social Service (evening attendance),"(20.0, 25.0]"
390,Enrolled,Enrolled,0,Veterinary Nursing,"(20.0, 25.0]"
391,Enrolled,Enrolled,0,Nursing,"(25.0, 70.0]"
392,Dropout,Dropout,1,Journalism and Communication,"(16.999, 19.0]"
393,Dropout,Dropout,1,Veterinary Nursing,"(19.0, 20.0]"
394,Graduate,Graduate,0,Veterinary Nursing,"(16.999, 19.0]"
395,Graduate,Graduate,0,Nursing,"(16.999, 19.0]"
396,Graduate,Graduate,0,Social Service,"(19.0, 20.0]"
397,Graduate,Graduate,0,Veterinary Nursing,"(20.0, 25.0]"
398,Dropout,Dropout,1,Advertising and Marketing Management,"(16.999, 19.0]"
399,Dropout,Dropout,1,Management,"(16.999, 19.0]"
400,Enrolled,Enrolled,0,Communication Design,"(16.999, 19.0]"
401,Enrolled,Enrolled,0,Tourism,"(19.0, 20.0]"
402,Enrolled,Enrolled,0,Journalism and Communication,"(16.999, 19.0]"
403,Enrolled,Enrolled,0,Tourism,"(16.999, 19.0]"
404,Graduate,Graduate,0,Nursing,"(16.999, 19.0]"
405,Graduate,Graduate,0,Animation and Multimedia Design,"(16.999, 19.0]"
406,Graduate,Graduate,0,Communication Design,"(20.0, 25.0]"
407,Graduate,Graduate,0,Management (evening attendance),"(25.0, 70.0]"
408,Graduate,Graduate,0,Social Service,"(16.999, 19.0]"
409,Dropout,Dropout,1,Veterinary Nursing,"(20.0, 25.0]"
410,Graduate,Graduate,0,Nursing,"(16.999, 19.0]"
411,Graduate,Graduate,0,Nursing,"(20.0, 25.0]"
412,Graduate,Graduate,0,Nursing,"(19.0, 20.0]"
413,Graduate,Graduate,0,Management (evening attendance),"(25.0, 70.0]"
414,Graduate,Graduate,0,Social Service,"(19.0, 20.0]"
415,Graduate,Graduate,0,Veterinary Nursing,"(16.999, 19.0]"
416,Graduate,Graduate,0,Veterinary Nursing,"(16.999, 19.0]"
417,Dropout,Dropout,1,Basic Education,"(20.0, 25.0]"
418,Graduate,Graduate,0,Nursing,"(16.999, 19.0]"
419,Dropout,Dropout,1,Nursing,"(16.999, 19.0]"
420,Graduate,Graduate,0,Nursing,"(16.999, 19.0]"
421,Graduate,Graduate,0,Management (evening attendance),"(25.0, 70.0]"
422,Dropout,Dropout,1,Veterinary Nursing,"(25.0, 70.0]"
423,Graduate,Graduate,0,Nursing,"(16.999, 19.0]"
424,Graduate,Graduate,0,Oral Hygiene,"(19.0, 20.0]"
425,Graduate,Graduate,0,Nursing,"(19.0, 20.0]"
426,Graduate,Graduate,0,Advertising and Marketing Management,"(16.999, 19.0]"
427,Enrolled,Enrolled,0,Management,"(19.0, 20.0]"
428,Dropout,Dropout,1,Veterinary Nursing,"(20.0, 25.0]"
429,Graduate,Graduate,0,Advertising and Marketing Management,"(16.999, 19.0]"
430,Graduate,Graduate,0,Nursing,"(16.999, 19.0]"
431,Graduate,Graduate,0,Social Service (evening attendance),"(25.0, 70.0]"
432,Graduate,Graduate,0,Management,"(16.999, 19.0]"
433,Dropout,Dropout,1,Nursing,"(16.999, 19.0]"
434,Graduate,Graduate,0,Journalism and Communication,"(16.999, 19.0]"
435,Graduate,Graduate,0,Nursing,"(16.999, 19.0]"
436,Enrolled,Enrolled,0,Tourism,"(19.0, 20.0]"
437,Graduate,Graduate,0,Advertising and Marketing Management,"(16.999, 19.0]"
438,Dropout,Dropout,1,Advertising and Marketing Management,"(16.999, 19.0]"
439,Graduate,Graduate,0,Nursing,"(25.0, 70.0]"
440,Enrolled,Enrolled,0,Oral Hygiene,"(16.999, 19.0]"
441,Enrolled,Enrolled,0,Equinculture,"(16.999, 19.0]"
442,Graduate,Graduate,0,Nursing,"(16.999, 19.0]"
443,Graduate,Graduate,0,Nursing,"(16.999, 19.0]"
444,Graduate,Graduate,0,Advertising and Marketing Management,"(16.999, 19.0]"
445,Graduate,Graduate,0,Social Service,"(16.999, 19.0]"
446,Graduate,Graduate,0,Nursing,"(16.999, 19.0]"
447,Dropout,Dropout,1,Nursing,"(16.999, 19.0]"
448,Graduate,Graduate,0,Journalism and Communication,"(19.0, 20.0]"
449,Enrolled,Enrolled,0,Tourism,"(19.0, 20.0]"
450,Graduate,Graduate,0,Nursing,"(19.0, 20.0]"
451,Graduate,Graduate,0,Nursing,"(16.999, 19.0]"
452,Graduate,Graduate,0,Nursing,"(16.999, 19.0]"
453,Graduate,Graduate,0,Veterinary Nursing,"(16.999, 19.0]"
454,Enrolled,Enrolled,0,Management,"(16.999, 19.0]"
455,Graduate,Graduate,0,Social Service (evening attendance),"(25.0, 70.0]"
456,Dropout,Dropout,1,Agronomy,"(25.0, 70.0]"
457,Dropout,Dropout,1,Basic Education,"(20.0, 25.0]"
458,Graduate,Graduate,0,Agronomy,"(25.0, 70.0]"
459,Graduate,Graduate,0,Journalism and Communication,"(16.999, 19.0]"
460,Graduate,Graduate,0,Equinculture,"(19.0, 20.0]"
461,Graduate,Graduate,0,Communication Design,"(19.0, 20.0]"
462,Graduate,Graduate,0,Social Service,"(16.999, 19.0]"
463,Graduate,Graduate,0,Management,"(20.0, 25.0]"
464,Enrolled,Enrolled,0,Social Service,"(19.0, 20.0]"
465,Dropout,Dropout,1,Social Service (evening attendance),"(25.0, 70.0]"
466,Enrolled,Enrolled,0,Basic Education,"(19.0, 20.0]"
467,Graduate,Graduate,0,Social Service,"(20.0, 25.0]"
468,Graduate,Graduate,0,Nursing,"(16.999, 19.0]"
469,Graduate,Graduate,0,Social Service,"(16.999, 19.0]"
470,Graduate,Graduate,0,Nursing,"(19.0, 20.0]"
471,Graduate,Graduate,0,Tourism,"(19.0, 20.0]"
472,Dropout,Dropout,1,Advertising and Marketing Management,"(20.0, 25.0]"
473,Graduate,Graduate,0,Nursing,"(19.0, 20.0]"
474,Dropout,Dropout,1,Tourism,"(25.0, 70.0]"
475,Graduate,Graduate,0,Advertising and Marketing Management,"(20.0, 25.0]"
476,Dropout,Dropout,1,Oral Hygiene,"(20.0, 25.0]"
477,Dropout,Dropout,1,Nursing,"(25.0, 70.0]"
478,Graduate,Graduate,0,Nursing,"(16.999, 19.0]"
479,Enrolled,Enrolled,0,Social Service,"(20.0, 25.0]"
480,Graduate,Graduate,0,Nursing,"(16.999, 19.0]"
481,Graduate,Graduate,0,Nursing,"(16.999, 19.0]"
482,Dropout,Dropout,1,Nursing,"(16.999, 19.0]"
483,Enrolled,Enrolled,0,Veterinary Nursing,"(19.0, 20.0]"
484,Graduate,Graduate,0,Nursing,"(19.0, 20.0]"
485,Graduate,Graduate,0,Basic Education,"(16.999, 19.0]"
486,Dropout,Dropout,1,Advertising and Marketing Management,"(19.0, 20.0]"
487,Dropout,Dropout,1,Advertising and Marketing Management,"(25.0, 70.0]"
488,Graduate,Graduate,0,Nursing,"(16.999, 19.0]"
489,Graduate,Graduate,0,Nursing,"(16.999, 19.0]"
490,Graduate,Graduate,0,Communication Design,"(20.0, 25.0]"
491,Graduate,Graduate,0,Advertising and Marketing Management,"(16.999, 19.0]"
492,Graduate,Graduate,0,Nursing,"(19.0, 20.0]"
493,Enrolled,Enrolled,0,Veterinary Nursing,"(20.0, 25.0]"
494,Enrolled,Enrolled,0,Basic Education,"(16.999, 19.0]"
495,Dropout,Dropout,1,Equinculture,"(25.0, 70.0]"
496,Dropout,Dropout,1,Oral Hygiene,"(25.0, 70.0]"
497,Graduate,Graduate,0,Tourism,"(16.999, 19.0]"
498,Graduate,Graduate,0,Communication Design,"(16.999, 19.0]"
499,Graduate,Graduate,0,Nursing,"(16.999, 19.0]"
500,Enrolled,Enrolled,0,Veterinary Nursing,"(19.0, 20.0]"
501,Graduate,Graduate,0,Tourism,"(16.999, 19.0]"
502,Enrolled,Enrolled,0,Communication Design,"(16.999, 19.0]"
503,Dropout,Dropout,1,Veterinary Nursing,"(25.0, 70.0]"
504,Graduate,Graduate,0,Nursing,"(16.999, 19.0]"
505,Enrolled,Enrolled,0,Nursing,"(25.0, 70.0]"
506,Enrolled,Enrolled,0,Biofuel Production Technologies,"(25.0, 70.0]"
507,Graduate,Graduate,0,Journalism and Communication,"(16.999, 19.0]"
508,Dropout,Dropout,1,Equinculture,"(16.999, 19.0]"
509,Dropout,Dropout,1,Management,"(20.0, 25.0]"
510,Enrolled,Enrolled,0,Communication Design,"(16.999, 19.0]"
511,Dropout,Dropout,1,Social Service (evening attendance),"(25.0, 70.0]"
512,Graduate,Graduate,0,Advertising and Marketing Management,"(25.0, 70.0]"
513,Dropout,Dropout,1,Management (evening attendance),"(25.0, 70.0]"
514,Dropout,Dropout,1,Social Service (evening attendance),"(25.0, 70.0]"
515,Dropout,Dropout,1,Social Service,"(25.0, 70.0]"
516,Graduate,Graduate,0,Agronomy,"(25.0, 70.0]"
517,Dropout,Dropout,1,Basic Education,"(20.0, 25.0]"
518,Dropout,Dropout,1,Social Service (evening attendance),"(25.0, 70.0]"
519,Dropout,Dropout,1,Basic Education,"(20.0, 25.0]"
520,Graduate,Graduate,0,Nursing,"(16.999, 19.0]"
521,Graduate,Graduate,0,Equinculture,"(16.999, 19.0]"
522,Graduate,Graduate,0,Social Service,"(19.0, 20.0]"
523,Graduate,Graduate,0,Veterinary Nursing,"(16.999, 19.0]"
524,Dropout,Dropout,1,Oral Hygiene,"(16.999, 19.0]"
525,Dropout,Dropout,1,Informatics Engineering,"(25.0, 70.0]"
526,Enrolled,Enrolled,0,Informatics Engineering,"(20.0, 25.0]"
527,Graduate,Graduate,0,Animation and Multimedia Design,"(20.0, 25.0]"
528,Dropout,Dropout,1,Management,"(25.0, 70.0]"
529,Dropout,Dropout,1,Equinculture,"(16.999, 19.0]"
530,Enrolled,Enrolled,0,Management,"(16.999, 19.0]"
531,Dropout,Dropout,1,Advertising and Marketing Management,"(20.0, 25.0]"
532,Graduate,Graduate,0,Nursing,"(16.999, 19.0]"
533,Dropout,Dropout,1,Communication Design,"(19.0, 20.0]"
534,Graduate,Graduate,0,Animation and Multimedia Design,"(20.0, 25.0]"
535,Graduate,Graduate,0,Management (evening attendance),"(20.0, 25.0]"
536,Dropout,Dropout,1,Informatics Engineering,"(25.0, 70.0]"
537,Graduate,Graduate,0,Tourism,"(20.0, 25.0]"
538,Graduate,Graduate,0,Agronomy,"(20.0, 25.0]"
539,Dropout,Dropout,1,Journalism and Communication,"(16.999, 19.0]"
540,Graduate,Graduate,0,Nursing,"(25.0, 70.0]"
541,Enrolled,Enrolled,0,Management,"(19.0, 20.0]"
542,Graduate,Graduate,0,Agronomy,"(20.0, 25.0]"
543,Graduate,Graduate,0,Nursing,"(16.999, 19.0]"
544,Enrolled,Enrolled,0,Informatics Engineering,"(16.999, 19.0]"
545,Enrolled,Enrolled,0,Management,"(19.0, 20.0]"
546,Enrolled,Enrolled,0,Informatics Engineering,"(20.0, 25.0]"
547,Enrolled,Enrolled,0,Advertising and Marketing Management,"(20.0, 25.0]"
548,Enrolled,Enrolled,0,Nursing,"(16.999, 19.0]"
549,Graduate,Graduate,0,Management,"(16.999, 19.0]"
550,Dropout,Dropout,1,Informatics Engineering,"(16.999, 19.0]"
551,Dropout,Dropout,1,Journalism and Communication,"(20.0, 25.0]"
552,Dropout,Dropout,1,Communication Design,"(20.0, 25.0]"
553,Dropout,Dropout,1,Informatics Engineering,"(16.999, 19.0]"
554,Dropout,Dropout,1,Management,"(19.0, 20.0]"
555,Dropout,Dropout,1,Agronomy,"(20.0, 25.0]"
556,Enrolled,Enrolled,0,Management,"(19.0, 20.0]"
557,Graduate,Graduate,0,Animation and Multimedia Design,"(16.999, 19.0]"
558,Enrolled,Enrolled,0,Tourism,"(20.0, 25.0]"
559,Graduate,Graduate,0,Nursing,"(20.0, 25.0]"
560,Graduate,Graduate,0,Agronomy,"(20.0, 25.0]"
561,Enrolled,Enrolled,0,Equinculture,"(19.0, 20.0]"
562,Dropout,Dropout,1,Management (evening attendance),"(20.0, 25.0]"
563,Graduate,Graduate,0,Equinculture,"(16.999, 19.0]"
564,Graduate,Graduate,0,Communication Design,"(20.0, 25.0]"
565,Graduate,Graduate,0,Advertising and Marketing Management,"(25.0, 70.0]"
566,Dropout,Dropout,1,Agronomy,"(20.0, 25.0]"
567,Dropout,Dropout,1,Informatics Engineering,"(16.999, 19.0]"
568,Graduate,Graduate,0,Veterinary Nursing,"(19.0, 20.0]"
569,Graduate,Graduate,0,Agronomy,"(25.0, 70.0]"
570,Graduate,Graduate,0,Social Service (evening attendance),"(19.0, 20.0]"
571,Dropout,Dropout,1,Management,"(20.0, 25.0]"
572,Dropout,Dropout,1,Informatics Engineering,"(16.999, 19.0]"
573,Enrolled,Enrolled,0,Management,"(19.0, 20.0]"
574,Graduate,Graduate,0,Animation and Multimedia Design,"(16.999, 19.0]"
575,Dropout,Dropout,1,Veterinary Nursing,"(25.0, 70.0]"
576,Graduate,Graduate,0,Nursing,"(16.999, 19.0]"
577,Enrolled,Enrolled,0,Management (evening attendance),"(25.0, 70.0]"
578,Graduate,Graduate,0,Social Service,"(19.0, 20.0]"
579,Graduate,Graduate,0,Communication Design,"(19.0, 20.0]"
580,Dropout,Dropout,1,Social Service (evening attendance),"(25.0, 70.0]"
581,Graduate,Graduate,0,Nursing,"(16.999, 19.0]"
582,Enrolled,Enrolled,0,Advertising and Marketing Management,"(16.999, 19.0]"
583,Graduate,Graduate,0,Management,"(16.999, 19.0]"
584,Graduate,Graduate,0,Tourism,"(16.999, 19.0]"
585,Graduate,Graduate,0,Management,"(16.999, 19.0]"
586,Graduate,Graduate,0,Veterinary Nursing,"(16.999, 19.0]"
587,Graduate,Graduate,0,Journalism and Communication,"(16.999, 19.0]"
588,Graduate,Graduate,0,Tourism,"(16.999, 19.0]"
589,Graduate,Graduate,0,Oral Hygiene,"(16.999, 19.0]"
590,Graduate,Graduate,0,Advertising and Marketing Management,"(16.999, 19.0]"
591,Enrolled,Enrolled,0,Nursing,"(16.999, 19.0]"
592,Graduate,Graduate,0,Advertising and Marketing Management,"(19.0, 20.0]"
593,Enrolled,Enrolled,0,Advertising and Marketing Management,"(19.0, 20.0]"
594,Enrolled,Enrolled,0,Agronomy,"(19.0, 20.0]"
595,Dropout,Dropout,1,Management (evening attendance),"(25.0, 70.0]"
596,Dropout,Dropout,1,Basic Education,"(19.0, 20.0]"
597,Dropout,Dropout,1,Basic Education,"(25.0, 70.0]"
598,Graduate,Graduate,0,Advertising and Marketing Management,"(19.0, 20.0]"
599,Graduate,Graduate,0,Agronomy,"(20.0, 25.0]"
600,Dropout,Dropout,1,Equinculture,"(20.0, 25.0]"
601,Dropout,Dropout,1,Communication Design,"(20.0, 25.0]"
602,Graduate,Graduate,0,Nursing,"(20.0, 25.0]"
603,Graduate,Graduate,0,Social Service (evening attendance),"(25.0, 70.0]"
604,Graduate,Graduate,0,Nursing,"(16.999, 19.0]"
605,Dropout,Dropout,1,Animation and Multimedia Design,"(20.0, 25.0]"
606,Dropout,Dropout,1,Equinculture,"(16.999, 19.0]"
607,Graduate,Graduate,0,Nursing,"(16.999, 19.0]"
608,Dropout,Dropout,1,Veterinary Nursing,"(16.999, 19.0]"
609,Enrolled,Enrolled,0,Nursing,"(16.999, 19.0]"
610,Graduate,Graduate,0,Basic Education,"(19.0, 20.0]"
611,Graduate,Graduate,0,Social Service (evening attendance),"(20.0, 25.0]"
612,Graduate,Graduate,0,Communication Design,"(19.0, 20.0]"
613,Enrolled,Enrolled,0,Management,"(19.0, 20.0]"
614,Graduate,Graduate,0,Nursing,"(16.999, 19.0]"
615,Graduate,Graduate,0,Nursing,"(16.999, 19.0]"
616,Graduate,Graduate,0,Social Service,"(19.0, 20.0]"
617,Graduate,Graduate,0,Nursing,"(19.0, 20.0]"
618,Graduate,Graduate,0,Nursing,"(16.999, 19.0]"
619,Enrolled,Enrolled,0,Veterinary Nursing,"(16.999, 19.0]"
620,Graduate,Graduate,0,Journalism and Communication,"(19.0, 20.0]"
621,Dropout,Dropout,1,Management,"(16.999, 19.0]"
622,Dropout,Dropout,1,Basic Education,"(16.999, 19.0]"
623,Graduate,Graduate,0,Nursing,"(16.999, 19.0]"
624,Dropout,Dropout,1,Communication Design,"(20.0, 25.0]"
625,Dropout,Dropout,1,Basic Education,"(20.0, 25.0]"
626,Graduate,Graduate,0,Social Service (evening attendance),"(20.0, 25.0]"
627,Graduate,Graduate,0,Nursing,"(16.999, 19.0]"
628,Graduate,Graduate,0,Journalism and Communication,"(16.999, 19.0]"
629,Graduate,Graduate,0,Journalism and Communication,"(16.999, 19.0]"
630,Graduate,Graduate,0,Nursing,"(20.0, 25.0]"
631,Enrolled,Enrolled,0,Basic Education,"(16.999, 19.0]"
632,Graduate,Graduate,0,Nursing,"(16.999, 19.0]"
633,Graduate,Graduate,0,Oral Hygiene,"(20.0, 25.0]"
634,Graduate,Graduate,0,Advertising and Marketing Management,"(16.999, 19.0]"
635,Graduate,Graduate,0,Social Service,"(16.999, 19.0]"
636,Graduate,Graduate,0,Nursing,"(16.999, 19.0]"
637,Enrolled,Enrolled,0,Management (evening attendance),"(25.0, 70.0]"
638,Graduate,Graduate,0,Social Service,"(16.999, 19.0]"
639,Dropout,Dropout,1,Journalism and Communication,"(16.999, 19.0]"
640,Dropout,Dropout,1,Advertising and Marketing Management,"(25.0, 70.0]"
641,Enrolled,Enrolled,0,Management,"(16.999, 19.0]"
642,Enrolled,Enrolled,0,Management,"(16.999, 19.0]"
643,Enrolled,Enrolled,0,Nursing,"(16.999, 19.0]"
644,Dropout,Dropout,1,Journalism and Communication,"(19.0, 20.0]"
645,Enrolled,Enrolled,0,Management,"(16.999, 19.0]"
646,Enrolled,Enrolled,0,Social Service,"(20.0, 25.0]"
647,Graduate,Graduate,0,Management (evening attendance),"(25.0, 70.0]"
648,Graduate,Graduate,0,Oral Hygiene,"(25.0, 70.0]"
649,Graduate,Graduate,0,Advertising and Marketing Management,"(19.0, 20.0]"
650,Graduate,Graduate,0,Social Service,"(16.999, 19.0]"
651,Enrolled,Enrolled,0,Veterinary Nursing,"(20.0, 25.0]"
652,Graduate,Graduate,0,Nursing,"(20.0, 25.0]"
653,Graduate,Graduate,0,Social Service,"(16.999, 19.0]"
654,Graduate,Graduate,0,Journalism and Communication,"(16.999, 19.0]"
655,Enrolled,Enrolled,0,Social Service,"(16.999, 19.0]"
656,Enrolled,Enrolled,0,Social Service,"(16.999, 19.0]"
657,Graduate,Graduate,0,Social Service (evening attendance),"(20.0, 25.0]"
658,Graduate,Graduate,0,Communication Design,"(19.0, 20.0]"
659,Dropout,Dropout,1,Agronomy,"(20.0, 25.0]"
660,Graduate,Graduate,0,Agronomy,"(20.0, 25.0]"
661,Enrolled,Enrolled,0,Nursing,"(16.999, 19.0]"
662,Graduate,Graduate,0,Journalism and Communication,"(16.999, 19.0]"
663,Graduate,Graduate,0,Advertising and Marketing Management,"(16.999, 19.0]"
664,Graduate,Graduate,0,Nursing,"(16.999, 19.0]"
665,Graduate,Graduate,0,Veterinary Nursing,"(16.999, 19.0]"
666,Dropout,Dropout,1,Journalism and Communication,"(16.999, 19.0]"
667,Graduate,Graduate,0,Social Service,"(19.0, 20.0]"
668,Dropout,Dropout,1,Nursing,"(16.999, 19.0]"
669,Graduate,Graduate,0,Nursing,"(25.0, 70.0]"
670,Graduate,Graduate,0,Social Service,"(19.0, 20.0]"
671,Dropout,Dropout,1,Social Service (evening attendance),"(25.0, 70.0]"
672,Graduate,Graduate,0,Nursing,"(16.999, 19.0]"
673,Graduate,Graduate,0,Communication Design,"(20.0, 25.0]"
674,Graduate,Graduate,0,Tourism,"(16.999, 19.0]"
675,Dropout,Dropout,1,Basic Education,"(20.0, 25.0]"
676,Graduate,Graduate,0,Communication Design,"(16.999, 19.0]"
677,Enrolled,Enrolled,0,Basic Education,"(16.999, 19.0]"
678,Dropout,Dropout,1,Journalism and Communication,"(25.0, 70.0]"
679,Graduate,Graduate,0,Animation and Multimedia Design,"(16.999, 19.0]"
680,Graduate,Graduate,0,Tourism,"(20.0, 25.0]"
681,Graduate,Graduate,0,Social Service,"(20.0, 25.0]"
682,Dropout,Dropout,1,Veterinary Nursing,"(19.0, 20.0]"
683,Dropout,Dropout,1,Social Service,"(25.0, 70.0]"
684,Graduate,Graduate,0,Agronomy,"(25.0, 70.0]"
685,Graduate,Graduate,0,Management (evening attendance),"(25.0, 70.0]"
686,Dropout,Dropout,1,Veterinary Nursing,"(25.0, 70.0]"
687,Graduate,Graduate,0,Nursing,"(16.999, 19.0]"
688,Graduate,Graduate,0,Management (evening attendance),"(25.0, 70.0]"
689,Dropout,Dropout,1,Management,"(25.0, 70.0]"
690,Dropout,Dropout,1,Equinculture,"(25.0, 70.0]"
691,Graduate,Graduate,0,Agronomy,"(25.0, 70.0]"
692,Enrolled,Enrolled,0,Tourism,"(20.0, 25.0]"
693,Dropout,Dropout,1,Biofuel Production Technologies,"(25.0, 70.0]"
694,Graduate,Graduate,0,Equinculture,"(25.0, 70.0]"
695,Dropout,Dropout,1,Management,"(16.999, 19.0]"
696,Graduate,Graduate,0,Social Service (evening attendance),"(25.0, 70.0]"
697,Enrolled,Enrolled,0,Tourism,"(19.0, 20.0]"
698,Graduate,Graduate,0,Agronomy,"(20.0, 25.0]"
699,Dropout,Dropout,1,Informatics Engineering,"(25.0, 70.0]"
700,Enrolled,Enrolled,0,Veterinary Nursing,"(19.0, 20.0]"
701,Dropout,Dropout,1,Management,"(25.0, 70.0]"
702,Dropout,Dropout,1,Oral Hygiene,"(25.0, 70.0]"
703,Dropout,Dropout,1,Management (evening attendance),"(25.0, 70.0]"
704,Graduate,Graduate,0,Social Service,"(25.0, 70.0]"
705,Dropout,Dropout,1,Management (evening attendance),"(25.0, 70.0]"
706,Graduate,Graduate,0,Social Service (evening attendance),"(25.0, 70.0]"
707,Graduate,Graduate,0,Agronomy,"(25.0, 70.0]"
708,Graduate,Graduate,0,Tourism,"(25.0, 70.0]"
709,Dropout,Dropout,1,Social Service (evening attendance),"(25.0, 70.0]"
710,Dropout,Dropout,1,Management (evening attendance),"(25.0, 70.0]"
711,Dropout,Dropout,1,Informatics Engineering,"(25.0, 70.0]"
712,Graduate,Graduate,0,Veterinary Nursing,"(25.0, 70.0]"
713,Graduate,Graduate,0,Nursing,"(16.999, 19.0]"
714,Graduate,Graduate,0,Veterinary Nursing,"(25.0, 70.0]"
715,Graduate,Graduate,0,Social Service (evening attendance),"(25.0, 70.0]"
716,Dropout,Dropout,1,Equinculture,"(25.0, 70.0]"
717,Dropout,Dropout,1,Advertising and Marketing Management,"(25.0, 70.0]"
718,Enrolled,Enrolled,0,Management (evening attendance),"(25.0, 70.0]"
719,Enrolled,Enrolled,0,Advertising and Marketing Management,"(16.999, 19.0]"
720,Dropout,Dropout,1,Biofuel Production Technologies,"(25.0, 70.0]"
721,Enrolled,Enrolled,0,Tourism,"(20.0, 25.0]"
722,Graduate,Graduate,0,Animation and Multimedia Design,"(20.0, 25.0]"
723,Dropout,Dropout,1,Social Service (evening attendance),"(25.0, 70.0]"
724,Dropout,Dropout,1,Equinculture,"(25.0, 70.0]"
725,Graduate,Graduate,0,Nursing,"(25.0, 70.0]"
726,Graduate,Graduate,0,Advertising and Marketing Management,"(16.999, 19.0]"
727,Dropout,Dropout,1,Management (evening attendance),"(25.0, 70.0]"
728,Graduate,Graduate,0,Animation and Multimedia Design,"(19.0, 20.0]"
729,Enrolled,Enrolled,0,Advertising and Marketing Management,"(16.999, 19.0]"
730,Dropout,Dropout,1,Journalism and Communication,"(16.999, 19.0]"
731,Graduate,Graduate,0,Agronomy,"(20.0, 25.0]"
732,Graduate,Graduate,0,Tourism,"(20.0, 25.0]"
733,Graduate,Graduate,0,Management,"(25.0, 70.0]"
734,Dropout,Dropout,1,Equinculture,"(25.0, 70.0]"
735,Graduate,Graduate,0,Advertising and Marketing Management,"(20.0, 25.0]"
736,Enrolled,Enrolled,0,Journalism and Communication,"(25.0, 70.0]"
737,Dropout,Dropout,1,Tourism,"(25.0, 70.0]"
738,Enrolled,Enrolled,0,Animation and Multimedia Design,"(16.999, 19.0]"
739,Dropout,Dropout,1,Journalism and Communication,"(19.0, 20.0]"
740,Dropout,Dropout,1,Communication Design,"(16.999, 19.0]"
741,Graduate,Graduate,0,Tourism,"(16.999, 19.0]"
742,Dropout,Dropout,1,Nursing,"(16.999, 19.0]"
743,Dropout,Dropout,1,Management (evening attendance),"(25.0, 70.0]"
744,Graduate,Graduate,0,Journalism and Communication,"(25.0, 70.0]"
745,Dropout,Dropout,1,Agronomy,"(25.0, 70.0]"
746,Dropout,Dropout,1,Agronomy,"(20.0, 25.0]"
747,Graduate,Graduate,0,Veterinary Nursing,"(25.0, 70.0]"
748,Dropout,Dropout,1,Advertising and Marketing Management,"(25.0, 70.0]"
749,Graduate,Graduate,0,Nursing,"(16.999, 19.0]"
750,Graduate,Graduate,0,Advertising and Marketing Management,"(20.0, 25.0]"
751,Graduate,Graduate,0,Communication Design,"(19.0, 20.0]"
752,Graduate,Graduate,0,Nursing,"(20.0, 25.0]"
753,Dropout,Dropout,1,Management (evening attendance),"(25.0, 70.0]"
754,Graduate,Graduate,0,Communication Design,"(19.0, 20.0]"
755,Dropout,Dropout,1,Animation and Multimedia Design,"(16.999, 19.0]"
756,Dropout,Dropout,1,Advertising and Marketing Management,"(16.999, 19.0]"
757,Dropout,Dropout,1,Management (evening attendance),"(20.0, 25.0]"
758,Graduate,Graduate,0,Tourism,"(19.0, 20.0]"
759,Graduate,Graduate,0,Management,"(25.0, 70.0]"
760,Graduate,Graduate,0,Agronomy,"(25.0, 70.0]"
761,Enrolled,Enrolled,0,Animation and Multimedia Design,"(19.0, 20.0]"
762,Graduate,Graduate,0,Social Service (evening attendance),"(25.0, 70.0]"
763,Enrolled,Enrolled,0,Management,"(25.0, 70.0]"
764,Graduate,Graduate,0,Social Service (evening attendance),"(25.0, 70.0]"
765,Enrolled,Enrolled,0,Management,"(19.0, 20.0]"
766,Enrolled,Enrolled,0,Equinculture,"(19.0, 20.0]"
767,Graduate,Graduate,0,Management (evening attendance),"(25.0, 70.0]"
768,Graduate,Graduate,0,Social Service (evening attendance),"(25.0, 70.0]"
769,Graduate,Graduate,0,Advertising and Marketing Management,"(20.0, 25.0]"
770,Graduate,Graduate,0,Veterinary Nursing,"(19.0, 20.0]"
771,Dropout,Dropout,1,Journalism and Communication,"(16.999, 19.0]"
772,Enrolled,Enrolled,0,Nursing,"(16.999, 19.0]"
773,Graduate,Graduate,0,Social Service,"(16.999, 19.0]"
774,Enrolled,Enrolled,0,Veterinary Nursing,"(16.999, 19.0]"
775,Dropout,Dropout,1,Veterinary Nursing,"(20.0, 25.0]"
776,Graduate,Graduate,0,Veterinary Nursing,"(16.999, 19.0]"
777,Dropout,Dropout,1,Animation and Multimedia Design,"(20.0, 25.0]"
778,Enrolled,Enrolled,0,Basic Education,"(19.0, 20.0]"
779,Graduate,Graduate,0,Journalism and Communication,"(16.999, 19.0]"
780,Graduate,Graduate,0,Journalism and Communication,"(16.999, 19.0]"
781,Dropout,Dropout,1,Advertising and Marketing Management,"(19.0, 20.0]"
782,Graduate,Graduate,0,Nursing,"(16.999, 19.0]"
783,Enrolled,Enrolled,0,Nursing,"(16.999, 19.0]"
784,Graduate,Graduate,0,Journalism and Communication,"(19.0, 20.0]"
785,Graduate,Graduate,0,Social Service,"(16.999, 19.0]"
786,Graduate,Graduate,0,Communication Design,"(16.999, 19.0]"
787,Graduate,Graduate,0,Nursing,"(16.999, 19.0]"
788,Dropout,Dropout,1,Veterinary Nursing,"(16.999, 19.0]"
789,Graduate,Graduate,0,Animation and Multimedia Design,"(19.0, 20.0]"
790,Graduate,Graduate,0,Journalism and Communication,"(16.999, 19.0]"
791,Dropout,Dropout,1,Nursing,"(25.0, 70.0]"
792,Graduate,Graduate,0,Social Service,"(16.999, 19.0]"
793,Graduate,Graduate,0,Social Service,"(16.999, 19.0]"
794,Graduate,Graduate,0,Journalism and Communication,"(16.999, 19.0]"
795,Graduate,Graduate,0,Journalism and Communication,"(16.999, 19.0]"
796,Graduate,Graduate,0,Communication Design,"(16.999, 19.0]"
797,Graduate,Graduate,0,Nursing,"(16.999, 19.0]"
798,Graduate,Graduate,0,Equinculture,"(16.999, 19.0]"
799,Enrolled,Enrolled,0,Basic Education,"(16.999, 19.0]"
800,Enrolled,Enrolled,0,Communication Design,"(20.0, 25.0]"
801,Dropout,Dropout,1,Social Service,"(16.999, 19.0]"
802,Graduate,Graduate,0,Management,"(16.999, 19.0]"
803,Graduate,Graduate,0,Journalism and Communication,"(16.999, 19.0]"
804,Graduate,Graduate,0,Basic Education,"(16.999, 19.0]"
805,Enrolled,Enrolled,0,Management,"(19.0, 20.0]"
806,Graduate,Graduate,0,Communication Design,"(16.999, 19.0]"
807,Enrolled,Enrolled,0,Equinculture,"(20.0, 25.0]"
808,Dropout,Dropout,1,Journalism and Communication,"(19.0, 20.0]"
809,Enrolled,Enrolled,0,Communication Design,"(19.0, 20.0]"
810,Dropout,Dropout,1,Social Service,"(20.0, 25.0]"
811,Graduate,Graduate,0,Basic Education,"(16.999, 19.0]"
812,Graduate,Graduate,0,Nursing,"(16.999, 19.0]"
813,Graduate,Graduate,0,Nursing,"(16.999, 19.0]"
814,Graduate,Graduate,0,Basic Education,"(16.999, 19.0]"
815,Enrolled,Enrolled,0,Management,"(20.0, 25.0]"
816,Enrolled,Enrolled,0,Communication Design,"(19.0, 20.0]"
817,Graduate,Graduate,0,Communication Design,"(16.999, 19.0]"
818,Enrolled,Enrolled,0,Nursing,"(19.0, 20.0]"
819,Graduate,Graduate,0,Social Service (evening attendance),"(20.0, 25.0]"
820,Graduate,Graduate,0,Management,"(16.999, 19.0]"
821,Graduate,Graduate,0,Animation and Multimedia Design,"(16.999, 19.0]"
822,Enrolled,Enrolled,0,Veterinary Nursing,"(19.0, 20.0]"
823,Graduate,Graduate,0,Social Service,"(19.0, 20.0]"
824,Graduate,Graduate,0,Journalism and Communication,"(20.0, 25.0]"
825,Graduate,Graduate,0,Advertising and Marketing Management,"(16.999, 19.0]"
826,Dropout,Dropout,1,Basic Education,"(16.999, 19.0]"
827,Graduate,Graduate,0,Communication Design,"(16.999, 19.0]"
828,Graduate,Graduate,0,Nursing,"(16.999, 19.0]"
829,Dropout,Dropout,1,Advertising and Marketing Management,"(16.999, 19.0]"
830,Dropout,Dropout,1,Tourism,"(19.0, 20.0]"
831,Dropout,Dropout,1,Social Service,"(25.0, 70.0]"
832,Enrolled,Enrolled,0,Equinculture,"(20.0, 25.0]"
833,Dropout,Dropout,1,Equinculture,"(25.0, 70.0]"
834,Dropout,Dropout,1,Informatics Engineering,"(25.0, 70.0]"
835,Enrolled,Enrolled,0,Informatics Engineering,"(16.999, 19.0]"
836,Dropout,Dropout,1,Informatics Engineering,"(16.999, 19.0]"
837,Enrolled,Enrolled,0,Oral Hygiene,"(20.0, 25.0]"
838,Dropout,Dropout,1,Equinculture,"(20.0, 25.0]"
839,Graduate,Graduate,0,Management,"(16.999, 19.0]"
840,Dropout,Dropout,1,Management,"(16.999, 19.0]"
841,Enrolled,Enrolled,0,Management,"(20.0, 25.0]"
842,Dropout,Dropout,1,Equinculture,"(25.0, 70.0]"
843,Graduate,Graduate,0,Nursing,"(16.999, 19.0]"
844,Graduate,Graduate,0,Social Service,"(16.999, 19.0]"
845,Dropout,Dropout,1,Animation and Multimedia Design,"(20.0, 25.0]"
846,Graduate,Graduate,0,Management (evening attendance),"(25.0, 70.0]"
847,Graduate,Graduate,0,Management,"(16.999, 19.0]"
848,Enrolled,Enrolled,0,Veterinary Nursing,"(16.999, 19.0]"
849,Graduate,Graduate,0,Nursing,"(19.0, 20.0]"
850,Graduate,Graduate,0,Nursing,"(16.999, 19.0]"
851,Enrolled,Enrolled,0,Basic Education,"(20.0, 25.0]"
852,Graduate,Graduate,0,Social Service,"(20.0, 25.0]"
853,Graduate,Graduate,0,Nursing,"(25.0, 70.0]"
854,Enrolled,Enrolled,0,Informatics Engineering,"(16.999, 19.0]"
855,Dropout,Dropout,1,Journalism and Communication,"(20.0, 25.0]"
856,Dropout,Dropout,1,Social Service,"(20.0, 25.0]"
857,Dropout,Dropout,1,Agronomy,"(25.0, 70.0]"
858,Dropout,Dropout,1,Informatics Engineering,"(20.0, 25.0]"
859,Dropout,Dropout,1,Journalism and Communication,"(19.0, 20.0]"
860,Dropout,Dropout,1,Informatics Engineering,"(16.999, 19.0]"
861,Dropout,Dropout,1,Management,"(25.0, 70.0]"
862,Dropout,Dropout,1,Communication Design,"(20.0, 25.0]"
863,Dropout,Dropout,1,Advertising and Marketing Management,"(20.0, 25.0]"
864,Dropout,Dropout,1,Veterinary Nursing,"(16.999, 19.0]"
865,Graduate,Graduate,0,Nursing,"(16.999, 19.0]"
866,Dropout,Dropout,1,Informatics Engineering,"(25.0, 70.0]"
867,Dropout,Dropout,1,Informatics Engineering,"(25.0, 70.0]"
868,Graduate,Graduate,0,Tourism,"(19.0, 20.0]"
869,Graduate,Graduate,0,Animation and Multimedia Design,"(16.999, 19.0]"
870,Graduate,Graduate,0,Tourism,"(19.0, 20.0]"
871,Dropout,Dropout,1,Informatics Engineering,"(25.0, 70.0]"
872,Graduate,Graduate,0,Management (evening attendance),"(25.0, 70.0]"
873,Enrolled,Enrolled,0,Oral Hygiene,"(20.0, 25.0]"
874,Graduate,Graduate,0,Agronomy,"(16.999, 19.0]"
875,Graduate,Graduate,0,Nursing,"(16.999, 19.0]"
876,Dropout,Dropout,1,Communication Design,"(20.0, 25.0]"
877,Dropout,Dropout,1,Oral Hygiene,"(20.0, 25.0]"
878,Graduate,Graduate,0,Advertising and Marketing Management,"(16.999, 19.0]"
879,Dropout,Dropout,1,Communication Design,"(20.0, 25.0]"
880,Graduate,Graduate,0,Communication Design,"(16.999, 19.0]"
881,Graduate,Graduate,0,Animation and Multimedia Design,"(16.999, 19.0]"
882,Dropout,Dropout,1,Agronomy,"(25.0, 70.0]"
883,Dropout,Dropout,1,Agronomy,"(25.0, 70.0]"
884,Graduate,Graduate,0,Nursing,"(16.999, 19.0]"
885,Graduate,Graduate,0,Journalism and Communication,"(25.0, 70.0]"
886,Graduate,Graduate,0,Journalism and Communication,"(20.0, 25.0]"
887,Graduate,Graduate,0,Social Service,"(25.0, 70.0]"
888,Graduate,Graduate,0,Nursing,"(16.999, 19.0]"
889,Graduate,Graduate,0,Journalism and Communication,"(19.0, 20.0]"
890,Graduate,Graduate,0,Journalism and Communication,"(16.999, 19.0]"
891,Dropout,Dropout,1,Animation and Multimedia Design,"(25.0, 70.0]"
892,Graduate,Graduate,0,Nursing,"(20.0, 25.0]"
893,Dropout,Dropout,1,Social Service (evening attendance),"(25.0, 70.0]"
894,Graduate,Graduate,0,Veterinary Nursing,"(25.0, 70.0]"
895,Dropout,Dropout,1,Management (evening attendance),"(20.0, 25.0]"
896,Graduate,Graduate,0,Journalism and Communication,"(16.999, 19.0]"
897,Graduate,Graduate,0,Communication Design,"(20.0, 25.0]"
898,Enrolled,Enrolled,0,Tourism,"(20.0, 25.0]"
899,Graduate,Graduate,0,Advertising and Marketing Management,"(16.999, 19.0]"
900,Dropout,Dropout,1,Management,"(16.999, 19.0]"
901,Graduate,Graduate,0,Social Service,"(16.999, 19.0]"
902,Graduate,Graduate,0,Nursing,"(25.0, 70.0]"
903,Graduate,Graduate,0,Nursing,"(16.999, 19.0]"
904,Dropout,Dropout,1,Management,"(19.0, 20.0]"
905,Graduate,Graduate,0,Nursing,"(16.999, 19.0]"
906,Dropout,Dropout,1,Advertising and Marketing Management,"(19.0, 20.0]"
907,Graduate,Graduate,0,Social Service,"(16.999, 19.0]"
908,Enrolled,Enrolled,0,Social Service,"(19.0, 20.0]"
909,Dropout,Dropout,1,Animation and Multimedia Design,"(19.0, 20.0]"
910,Graduate,Graduate,0,Basic Education,"(16.999, 19.0]"
911,Graduate,Graduate,0,Veterinary Nursing,"(19.0, 20.0]"
912,Dropout,Dropout,1,Management (evening attendance),"(25.0, 70.0]"
913,Graduate,Graduate,0,Social Service (evening attendance),"(25.0, 70.0]"
914,Dropout,Dropout,1,Nursing,"(25.0, 70.0]"
915,Graduate,Graduate,0,Journalism and Communication,"(20.0, 25.0]"
916,Dropout,Dropout,1,Management (evening attendance),"(25.0, 70.0]"
917,Dropout,Dropout,1,Social Service (evening attendance),"(25.0, 70.0]"
918,Graduate,Graduate,0,Agronomy,"(25.0, 70.0]"
919,Graduate,Graduate,0,Social Service (evening attendance),"(25.0, 70.0]"
920,Graduate,Graduate,0,Social Service (evening attendance),"(25.0, 70.0]"
921,Graduate,Graduate,0,Social Service (evening attendance),"(25.0, 70.0]"
922,Dropout,Dropout,1,Social Service,"(16.999, 19.0]"
923,Dropout,Dropout,1,Nursing,"(25.0, 70.0]"
924,Enrolled,Enrolled,0,Management (evening attendance),"(25.0, 70.0]"
925,Graduate,Graduate,0,Nursing,"(25.0, 70.0]"
926,Dropout,Dropout,1,Veterinary Nursing,"(25.0, 70.0]"
927,Enrolled,Enrolled,0,Social Service (evening attendance),"(25.0, 70.0]"
928,Enrolled,Enrolled,0,Veterinary Nursing,"(25.0, 70.0]"
929,Dropout,Dropout,1,Social Service,"(16.999, 19.0]"
930,Enrolled,Enrolled,0,Management,"(16.999, 19.0]"
931,Graduate,Graduate,0,Basic Education,"(16.999, 19.0]"
932,Graduate,Graduate,0,Advertising and Marketing Management,"(25.0, 70.0]"
933,Dropout,Dropout,1,Management,"(25.0, 70.0]"
934,Enrolled,Enrolled,0,Nursing,"(25.0, 70.0]"
935,Graduate,Graduate,0,Animation and Multimedia Design,"(19.0, 20.0]"
936,Dropout,Dropout,1,Nursing,"(25.0, 70.0]"
937,Enrolled,Enrolled,0,Management (evening attendance),"(25.0, 70.0]"
938,Enrolled,Enrolled,0,Journalism and Communication,"(16.999, 19.0]"
939,Dropout,Dropout,1,Social Service (evening attendance),"(25.0, 70.0]"
940,Graduate,Graduate,0,Journalism and Communication,"(16.999, 19.0]"
941,Graduate,Graduate,0,Social Service,"(16.999, 19.0]"
942,Enrolled,Enrolled,0,Social Service,"(25.0, 70.0]"
943,Dropout,Dropout,1,Veterinary Nursing,"(25.0, 70.0]"
944,Graduate,Graduate,0,Oral Hygiene,"(16.999, 19.0]"
945,Graduate,Graduate,0,Tourism,"(16.999, 19.0]"
946,Graduate,Graduate,0,Management,"(16.999, 19.0]"
947,Dropout,Dropout,1,Journalism and Communication,"(20.0, 25.0]"
948,Graduate,Graduate,0,Advertising and Marketing Management,"(25.0, 70.0]"
949,Dropout,Dropout,1,Management,"(25.0, 70.0]"
950,Graduate,Graduate,0,Management (evening attendance),"(25.0, 70.0]"
951,Dropout,Dropout,1,Management (evening attendance),"(25.0, 70.0]"
952,Graduate,Graduate,0,Agronomy,"(19.0, 20.0]"
953,Dropout,Dropout,1,Nursing,"(16.999, 19.0]"
954,Dropout,Dropout,1,Informatics Engineering,"(25.0, 70.0]"
955,Dropout,Dropout,1,Advertising and Marketing Management,"(16.999, 19.0]"
956,Graduate,Graduate,0,Journalism and Communication,"(16.999, 19.0]"
957,Graduate,Graduate,0,Journalism and Communication,"(16.999, 19.0]"
958,Graduate,Graduate,0,Management,"(16.999, 19.0]"
959,Dropout,Dropout,1,Advertising and Marketing Management,"(16.999, 19.0]"
960,Dropout,Dropout,1,Advertising and Marketing Management,"(25.0, 70.0]"
961,Graduate,Graduate,0,Management,"(20.0, 25.0]"
962,Graduate,Graduate,0,Equinculture,"(16.999, 19.0]"
963,Enrolled,Enrolled,0,Informatics Engineering,"(16.999, 19.0]"
964,Graduate,Graduate,0,Journalism and Communication,"(16.999, 19.0]"
965,Graduate,Graduate,0,Agronomy,"(20.0, 25.0]"
966,Dropout,Dropout,1,Management (evening attendance),"(25.0, 70.0]"
967,Dropout,Dropout,1,Agronomy,"(25.0, 70.0]"
968,Dropout,Dropout,1,Management (evening attendance),"(25.0, 70.0]"
969,Enrolled,Enrolled,0,Informatics Engineering,"(20.0, 25.0]"
970,Graduate,Graduate,0,Advertising and Marketing Management,"(20.0, 25.0]"
971,Dropout,Dropout,1,Management,"(25.0, 70.0]"
972,Dropout,Dropout,1,Informatics Engineering,"(25.0, 70.0]"
973,Graduate,Graduate,0,Basic Education,"(25.0, 70.0]"
974,Graduate,Graduate,0,Management (evening attendance),"(25.0, 70.0]"
975,Enrolled,Enrolled,0,Informatics Engineering,"(16.999, 19.0]"
976,Graduate,Graduate,0,Nursing,"(20.0, 25.0]"
977,Graduate,Graduate,0,Veterinary Nursing,"(20.0, 25.0]"
978,Dropout,Dropout,1,Management (evening attendance),"(25.0, 70.0]"
979,Graduate,Graduate,0,Agronomy,"(20.0, 25.0]"
980,Dropout,Dropout,1,Informatics Engineering,"(25.0, 70.0]"
981,Enrolled,Enrolled,0,Management (evening attendance),"(25.0, 70.0]"
982,Graduate,Graduate,0,Journalism and Communication,"(16.999, 19.0]"
983,Enrolled,Enrolled,0,Management (evening attendance),"(25.0, 70.0]"
984,Dropout,Dropout,1,Management,"(16.999, 19.0]"
985,Graduate,Graduate,0,Nursing,"(16.999, 19.0]"
986,Graduate,Graduate,0,Agronomy,"(25.0, 70.0]"
987,Dropout,Dropout,1,Communication Design,"(16.999, 19.0]"
988,Dropout,Dropout,1,Social Service,"(16.999, 19.0]"
989,Dropout,Dropout,1,Veterinary Nursing,"(16.999, 19.0]"
990,Graduate,Graduate,0,Nursing,"(16.999, 19.0]"
991,Graduate,Graduate,0,Equinculture,"(16.999, 19.0]"
992,Dropout,Dropout,1,Journalism and Communication,"(16.999, 19.0]"
993,Graduate,Graduate,0,Social Service,"(16.999, 19.0]"
994,Graduate,Graduate,0,Social Service,"(25.0, 70.0]"
995,Graduate,Graduate,0,Social Service (evening attendance),"(25.0, 70.0]"
996,Enrolled,Enrolled,0,Nursing,"(19.0, 20.0]"
997,Enrolled,Enrolled,0,Veterinary Nursing,"(20.0, 25.0]"
998,Graduate,Graduate,0,Tourism,"(16.999, 19.0]"
999,Dropout,Dropout,1,Communication Design,"(16.999, 19.0]"
1000,Dropout,Dropout,1,Communication Design,"(16.999, 19.0]"
1001,Dropout,Dropout,1,Advertising and Marketing Management,"(16.999, 19.0]"
1002,Graduate,Graduate,0,Animation and Multimedia Design,"(16.999, 19.0]"
1003,Graduate,Graduate,0,Management,"(16.999, 19.0]"
1004,Dropout,Dropout,1,Social Service,"(16.999, 19.0]"
1005,Graduate,Graduate,0,Veterinary Nursing,"(16.999, 19.0]"
1006,Graduate,Graduate,0,Nursing,"(16.999, 19.0]"
1007,Graduate,Graduate,0,Social Service,"(20.0, 25.0]"
1008,Graduate,Graduate,0,Nursing,"(16.999, 19.0]"
1009,Graduate,Graduate,0,Advertising and Marketing Management,"(16.999, 19.0]"
1010,Graduate,Graduate,0,Nursing,"(16.999, 19.0]"
1011,Graduate,Graduate,0,Nursing,"(19.0, 20.0]"
1012,Graduate,Graduate,0,Management,"(16.999, 19.0]"
1013,Dropout,Dropout,1,Journalism and Communication,"(16.999, 19.0]"
1014,Graduate,Graduate,0,Management,"(19.0, 20.0]"
1015,Graduate,Graduate,0,Tourism,"(19.0, 20.0]"
1016,Dropout,Dropout,1,Management,"(16.999, 19.0]"
1017,Graduate,Graduate,0,Communication Design,"(16.999, 19.0]"
1018,Dropout,Dropout,1,Advertising and Marketing Management,"(16.999, 19.0]"
1019,Graduate,Graduate,0,Journalism and Communication,"(16.999, 19.0]"
1020,Graduate,Graduate,0,Nursing,"(19.0, 20.0]"
1021,Graduate,Graduate,0,Management,"(20.0, 25.0]"
1022,Graduate,Graduate,0,Nursing,"(20.0, 25.0]"
1023,Graduate,Graduate,0,Communication Design,"(19.0, 20.0]"
1024,Graduate,Graduate,0,Basic Education,"(16.999, 19.0]"
1025,Dropout,Dropout,1,Veterinary Nursing,"(20.0, 25.0]"
1026,Graduate,Graduate,0,Veterinary Nursing,"(16.999, 19.0]"
1027,Graduate,Graduate,0,Tourism,"(16.999, 19.0]"
1028,Graduate,Graduate,0,Nursing,"(16.999, 19.0]"
1029,Graduate,Graduate,0,Nursing,"(16.999, 19.0]"
1030,Graduate,Graduate,0,Management,"(16.999, 19.0]"
1031,Enrolled,Enrolled,0,Basic Education,"(16.999, 19.0]"
1032,Graduate,Graduate,0,Journalism and Communication,"(16.999, 19.0]"
1033,Graduate,Graduate,0,Veterinary Nursing,"(16.999, 19.0]"
1034,Dropout,Dropout,1,Communication Design,"(16.999, 19.0]"
1035,Enrolled,Enrolled,0,Communication Design,"(16.999, 19.0]"
1036,Dropout,Dropout,1,Social Service,"(16.999, 19.0]"
1037,Graduate,Graduate,0,Social Service,"(16.999, 19.0]"
1038,Graduate,Graduate,0,Veterinary Nursing,"(19.0, 20.0]"
1039,Enrolled,Enrolled,0,Basic Education,"(16.999, 19.0]"
1040,Graduate,Graduate,0,Communication Design,"(16.999, 19.0]"
1041,Graduate,Graduate,0,Nursing,"(19.0, 20.0]"
1042,Graduate,Graduate,0,Advertising and Marketing Management,"(25.0, 70.0]"
1043,Graduate,Graduate,0,Nursing,"(16.999, 19.0]"
1044,Graduate,Graduate,0,Tourism,"(16.999, 19.0]"
1045,Dropout,Dropout,1,Management (evening attendance),"(20.0, 25.0]"
1046,Dropout,Dropout,1,Journalism and Communication,"(16.999, 19.0]"
1047,Graduate,Graduate,0,Nursing,"(16.999, 19.0]"
1048,Graduate,Graduate,0,Nursing,"(19.0, 20.0]"
1049,Graduate,Graduate,0,Nursing,"(16.999, 19.0]"
1050,Graduate,Graduate,0,Animation and Multimedia Design,"(16.999, 19.0]"
1051,Graduate,Graduate,0,Nursing,"(16.999, 19.0]"
1052,Dropout,Dropout,1,Nursing,"(16.999, 19.0]"
1053,Graduate,Graduate,0,Veterinary Nursing,"(16.999, 19.0]"
1054,Graduate,Graduate,0,Nursing,"(16.999, 19.0]"
1055,Graduate,Graduate,0,Nursing,"(16.999, 19.0]"
1056,Dropout,Dropout,1,Nursing,"(16.999, 19.0]"
1057,Graduate,Graduate,0,Nursing,"(16.999, 19.0]"
1058,Dropout,Dropout,1,Advertising and Marketing Management,"(20.0, 25.0]"
1059,Graduate,Graduate,0,Nursing,"(19.0, 20.0]"
1060,Dropout,Dropout,1,Social Service,"(20.0, 25.0]"
1061,Dropout,Dropout,1,Communication Design,"(19.0, 20.0]"
1062,Graduate,Graduate,0,Social Service (evening attendance),"(25.0, 70.0]"
1063,Graduate,Graduate,0,Nursing,"(16.999, 19.0]"
1064,Enrolled,Enrolled,0,Basic Education,"(16.999, 19.0]"
1065,Dropout,Dropout,1,Social Service (evening attendance),"(20.0, 25.0]"
1066,Graduate,Graduate,0,Nursing,"(16.999, 19.0]"
1067,Graduate,Graduate,0,Management,"(16.999, 19.0]"
1068,Graduate,Graduate,0,Nursing,"(19.0, 20.0]"
1069,Graduate,Graduate,0,Advertising and Marketing Management,"(16.999, 19.0]"
1070,Graduate,Graduate,0,Nursing,"(16.999, 19.0]"
1071,Graduate,Graduate,0,Social Service,"(16.999, 19.0]"
1072,Enrolled,Enrolled,0,Basic Education,"(16.999, 19.0]"
1073,Graduate,Graduate,0,Veterinary Nursing,"(16.999, 19.0]"
1074,Graduate,Graduate,0,Social Service,"(16.999, 19.0]"
1075,Graduate,Graduate,0,Journalism and Communication,"(16.999, 19.0]"
1076,Dropout,Dropout,1,Basic Education,"(25.0, 70.0]"
1077,Dropout,Dropout,1,Tourism,"(16.999, 19.0]"
1078,Dropout,Dropout,1,Animation and Multimedia Design,"(19.0, 20.0]"
1079,Graduate,Graduate,0,Nursing,"(16.999, 19.0]"
1080,Graduate,Graduate,0,Communication Design,"(19.0, 20.0]"
1081,Graduate,Graduate,0,Tourism,"(16.999, 19.0]"
1082,Enrolled,Enrolled,0,Communication Design,"(20.0, 25.0]"
1083,Graduate,Graduate,0,Basic Education,"(16.999, 19.0]"
1084,Graduate,Graduate,0,Communication Design,"(16.999, 19.0]"
1085,Dropout,Dropout,1,Equinculture,"(16.999, 19.0]"
1086,Graduate,Graduate,0,Advertising and Marketing Management,"(16.999, 19.0]"
1087,Graduate,Graduate,0,Journalism and Communication,"(19.0, 20.0]"
1088,Enrolled,Enrolled,0,Basic Education,"(16.999, 19.0]"
1089,Enrolled,Enrolled,0,Animation and Multimedia Design,"(16.999, 19.0]"
1090,Graduate,Graduate,0,Equinculture,"(16.999, 19.0]"
1091,Dropout,Dropout,1,Journalism and Communication,"(16.999, 19.0]"
1092,Graduate,Graduate,0,Social Service,"(16.999, 19.0]"
1093,Dropout,Dropout,1,Journalism and Communication,"(19.0, 20.0]"
1094,Graduate,Graduate,0,Nursing,"(16.999, 19.0]"
1095,Dropout,Dropout,1,Basic Education,"(20.0, 25.0]"
1096,Dropout,Dropout,1,Advertising and Marketing Management,"(19.0, 20.0]"
1097,Graduate,Graduate,0,Tourism,"(16.999, 19.0]"
1098,Graduate,Graduate,0,Journalism and Communication,"(19.0, 20.0]"
1099,Graduate,Graduate,0,Nursing,"(16.999, 19.0]"
1100,Dropout,Dropout,1,Veterinary Nursing,"(20.0, 25.0]"
1101,Dropout,Dropout,1,Equinculture,"(20.0, 25.0]"
1102,Enrolled,Enrolled,0,Basic Education,"(16.999, 19.0]"
1103,Enrolled,Enrolled,0,Management,"(20.0, 25.0]"
1104,Graduate,Graduate,0,Social Service,"(16.999, 19.0]"
1105,Dropout,Dropout,1,Animation and Multimedia Design,"(16.999, 19.0]"
1106,Dropout,Dropout,1,Nursing,"(19.0, 20.0]"
1107,Graduate,Graduate,0,Nursing,"(16.999, 19.0]"
1108,Dropout,Dropout,1,Management (evening attendance),"(20.0, 25.0]"
1109,Graduate,Graduate,0,Veterinary Nursing,"(19.0, 20.0]"
1110,Graduate,Graduate,0,Agronomy,"(16.999, 19.0]"
1111,Graduate,Graduate,0,Nursing,"(16.999, 19.0]"
1112,Enrolled,Enrolled,0,Nursing,"(19.0, 20.0]"
1113,Enrolled,Enrolled,0,Management (evening attendance),"(20.0, 25.0]"
1114,Graduate,Graduate,0,Nursing,"(16.999, 19.0]"
1115,Graduate,Graduate,0,Nursing,"(16.999, 19.0]"
1116,Dropout,Dropout,1,Communication Design,"(16.999, 19.0]"
1117,Graduate,Graduate,0,Nursing,"(19.0, 20.0]"
1118,Enrolled,Enrolled,0,Oral Hygiene,"(20.0, 25.0]"
1119,Graduate,Graduate,0,Nursing,"(19.0, 20.0]"
1120,Enrolled,Enrolled,0,Social Service,"(20.0, 25.0]"
1121,Graduate,Graduate,0,Advertising and Marketing Management,"(19.0, 20.0]"
1122,Graduate,Graduate,0,Nursing,"(20.0, 25.0]"
1123,Graduate,Graduate,0,Agronomy,"(16.999, 19.0]"
1124,Graduate,Graduate,0,Journalism and Communication,"(16.999, 19.0]"
1125,Graduate,Graduate,0,Advertising and Marketing Management,"(20.0, 25.0]"
1126,Graduate,Graduate,0,Nursing,"(25.0, 70.0]"
1127,Graduate,Graduate,0,Social Service,"(16.999, 19.0]"
1128,Graduate,Graduate,0,Management,"(16.999, 19.0]"
1129,Graduate,Graduate,0,Nursing,"(16.999, 19.0]"
1130,Graduate,Graduate,0,Nursing,"(16.999, 19.0]"
1131,Graduate,Graduate,0,Nursing,"(20.0, 25.0]"
1132,Enrolled,Enrolled,0,Management,"(16.999, 19.0]"
1133,Graduate,Graduate,0,Nursing,"(16.999, 19.0]"
1134,Dropout,Dropout,1,Tourism,"(19.0, 20.0]"
1135,Dropout,Dropout,1,Animation and Multimedia Design,"(25.0, 70.0]"
1136,Graduate,Graduate,0,Communication Design,"(16.999, 19.0]"
1137,Dropout,Dropout,1,Tourism,"(20.0, 25.0]"
1138,Graduate,Graduate,0,Nursing,"(16.999, 19.0]"
1139,Graduate,Graduate,0,Veterinary Nursing,"(19.0, 20.0]"
1140,Graduate,Graduate,0,Nursing,"(16.999, 19.0]"
1141,Enrolled,Enrolled,0,Management,"(16.999, 19.0]"
1142,Dropout,Dropout,1,Advertising and Marketing Management,"(19.0, 20.0]"
1143,Graduate,Graduate,0,Basic Education,"(16.999, 19.0]"
1144,Enrolled,Enrolled,0,Management,"(19.0, 20.0]"
1145,Graduate,Graduate,0,Social Service (evening attendance),"(20.0, 25.0]"
1146,Enrolled,Enrolled,0,Animation and Multimedia Design,"(16.999, 19.0]"
1147,Graduate,Graduate,0,Management (evening attendance),"(20.0, 25.0]"
1148,Enrolled,Enrolled,0,Basic Education,"(16.999, 19.0]"
1149,Graduate,Graduate,0,Nursing,"(16.999, 19.0]"
1150,Graduate,Graduate,0,Communication Design,"(16.999, 19.0]"
1151,Dropout,Dropout,1,Animation and Multimedia Design,"(16.999, 19.0]"
1152,Enrolled,Enrolled,0,Management,"(16.999, 19.0]"
1153,Enrolled,Enrolled,0,Nursing,"(16.999, 19.0]"
1154,Graduate,Graduate,0,Nursing,"(16.999, 19.0]"
1155,Enrolled,Enrolled,0,Management,"(16.999, 19.0]"
1156,Dropout,Dropout,1,Tourism,"(16.999, 19.0]"
1157,Graduate,Graduate,0,Tourism,"(20.0, 25.0]"
1158,Graduate,Graduate,0,Journalism and Communication,"(19.0, 20.0]"
1159,Graduate,Graduate,0,Management,"(19.0, 20.0]"
1160,Graduate,Graduate,0,Management (evening attendance),"(25.0, 70.0]"
1161,Enrolled,Enrolled,0,Nursing,"(25.0, 70.0]"
1162,Graduate,Graduate,0,Nursing,"(16.999, 19.0]"
1163,Graduate,Graduate,0,Social Service (evening attendance),"(25.0, 70.0]"
1164,Dropout,Dropout,1,Nursing,"(25.0, 70.0]"
1165,Graduate,Graduate,0,Social Service (evening attendance),"(25.0, 70.0]"
1166,Dropout,Dropout,1,Management,"(25.0, 70.0]"
1167,Graduate,Graduate,0,Journalism and Communication,"(20.0, 25.0]"
1168,Dropout,Dropout,1,Journalism and Communication,"(19.0, 20.0]"
1169,Graduate,Graduate,0,Advertising and Marketing Management,"(20.0, 25.0]"
1170,Graduate,Graduate,0,Management,"(16.999, 19.0]"
1171,Graduate,Graduate,0,Nursing,"(16.999, 19.0]"
1172,Dropout,Dropout,1,Informatics Engineering,"(16.999, 19.0]"
1173,Enrolled,Enrolled,0,Management (evening attendance),"(20.0, 25.0]"
1174,Graduate,Graduate,0,Advertising and Marketing Management,"(20.0, 25.0]"
1175,Dropout,Dropout,1,Tourism,"(16.999, 19.0]"
1176,Graduate,Graduate,0,Social Service,"(16.999, 19.0]"
1177,Graduate,Graduate,0,Communication Design,"(20.0, 25.0]"
1178,Dropout,Dropout,1,Nursing,"(25.0, 70.0]"
1179,Graduate,Graduate,0,Oral Hygiene,"(16.999, 19.0]"
1180,Dropout,Dropout,1,Nursing,"(25.0, 70.0]"
1181,Graduate,Graduate,0,Veterinary Nursing,"(16.999, 19.0]"
1182,Graduate,Graduate,0,Nursing,"(16.999, 19.0]"
1183,Dropout,Dropout,1,Veterinary Nursing,"(20.0, 25.0]"
1184,Enrolled,Enrolled,0,Nursing,"(16.999, 19.0]"
1185,Graduate,Graduate,0,Social Service,"(16.999, 19.0]"
1186,Enrolled,Enrolled,0,Nursing,"(25.0, 70.0]"
1187,Dropout,Dropout,1,Management,"(19.0, 20.0]"
1188,Graduate,Graduate,0,Tourism,"(16.999, 19.0]"
1189,Graduate,Graduate,0,Advertising and Marketing Management,"(16.999, 19.0]"
1190,Dropout,Dropout,1,Equinculture,"(20.0, 25.0]"
1191,Graduate,Graduate,0,Nursing,"(16.999, 19.0]"
1192,Graduate,Graduate,0,Animation and Multimedia Design,"(16.999, 19.0]"
1193,Graduate,Graduate,0,Tourism,"(25.0, 70.0]"
1194,Graduate,Graduate,0,Agronomy,"(25.0, 70.0]"
1195,Enrolled,Enrolled,0,Basic Education,"(16.999, 19.0]"
1196,Dropout,Dropout,1,Communication Design,"(20.0, 25.0]"
1197,Dropout,Dropout,1,Basic Education,"(20.0, 25.0]"
1198,Graduate,Graduate,0,Social Service,"(16.999, 19.0]"
1199,Graduate,Graduate,0,Veterinary Nursing,"(20.0, 25.0]"
1200,Graduate,Graduate,0,Equinculture,"(16.999, 19.0]"
1201,Graduate,Graduate,0,Social Service (evening attendance),"(25.0, 70.0]"
1202,Dropout,Dropout,1,Management,"(25.0, 70.0]"
1203,Graduate,Graduate,0,Social Service,"(19.0, 20.0]"
1204,Dropout,Dropout,1,Social Service,"(25.0, 70.0]"
1205,Graduate,Graduate,0,Management,"(25.0, 70.0]"
1206,Graduate,Graduate,0,Nursing,"(20.0, 25.0]"
1207,Enrolled,Enrolled,0,Agronomy,"(25.0, 70.0]"
1208,Dropout,Dropout,1,Social Service (evening attendance),"(25.0, 70.0]"
1209,Dropout,Dropout,1,Agronomy,"(25.0, 70.0]"
1210,Dropout,Dropout,1,Oral Hygiene,"(25.0, 70.0]"
1211,Enrolled,Enrolled,0,Social Service,"(19.0, 20.0]"
1212,Graduate,Graduate,0,Nursing,"(25.0, 70.0]"
1213,Graduate,Graduate,0,Advertising and Marketing Management,"(20.0, 25.0]"
1214,Enrolled,Enrolled,0,Nursing,"(16.999, 19.0]"
1215,Graduate,Graduate,0,Nursing,"(16.999, 19.0]"
1216,Graduate,Graduate,0,Social Service,"(16.999, 19.0]"
1217,Graduate,Graduate,0,Social Service (evening attendance),"(20.0, 25.0]"
1218,Graduate,Graduate,0,Nursing,"(16.999, 19.0]"
1219,Graduate,Graduate,0,Management,"(16.999, 19.0]"
1220,Dropout,Dropout,1,Animation and Multimedia Design,"(16.999, 19.0]"
1221,Graduate,Graduate,0,Nursing,"(16.999, 19.0]"
1222,Dropout,Dropout,1,Management (evening attendance),"(25.0, 70.0]"
1223,Graduate,Graduate,0,Social Service (evening attendance),"(25.0, 70.0]"
1224,Graduate,Graduate,0,Nursing,"(16.999, 19.0]"
1225,Graduate,Graduate,0,Social Service,"(16.999, 19.0]"
1226,Graduate,Graduate,0,Management,"(20.0, 25.0]"
1227,Graduate,Graduate,0,Social Service,"(19.0, 20.0]"
1228,Graduate,Graduate,0,Nursing,"(16.999, 19.0]"
1229,Enrolled,Enrolled,0,Veterinary Nursing,"(20.0, 25.0]"
1230,Graduate,Graduate,0,Social Service,"(20.0, 25.0]"
1231,Graduate,Graduate,0,Social Service,"(19.0, 20.0]"
1232,Graduate,Graduate,0,Nursing,"(20.0, 25.0]"
1233,Graduate,Graduate,0,Journalism and Communication,"(16.999, 19.0]"
1234,Graduate,Graduate,0,Nursing,"(16.999, 19.0]"
1235,Dropout,Dropout,1,Management (evening attendance),"(25.0, 70.0]"
1236,Graduate,Graduate,0,Nursing,"(16.999, 19.0]"
1237,Dropout,Dropout,1,Informatics Engineering,"(16.999, 19.0]"
1238,Graduate,Graduate,0,Agronomy,"(19.0, 20.0]"
1239,Dropout,Dropout,1,Advertising and Marketing Management,"(16.999, 19.0]"
1240,Dropout,Dropout,1,Management (evening attendance),"(25.0, 70.0]"
1241,Dropout,Dropout,1,Equinculture,"(25.0, 70.0]"
1242,Enrolled,Enrolled,0,Informatics Engineering,"(20.0, 25.0]"
1243,Graduate,Graduate,0,Veterinary Nursing,"(20.0, 25.0]"
1244,Dropout,Dropout,1,Management (evening attendance),"(25.0, 70.0]"
1245,Dropout,Dropout,1,Basic Education,"(25.0, 70.0]"
1246,Graduate,Graduate,0,Social Service,"(16.999, 19.0]"
1247,Dropout,Dropout,1,Social Service,"(16.999, 19.0]"
1248,Enrolled,Enrolled,0,Advertising and Marketing Management,"(20.0, 25.0]"
1249,Dropout,Dropout,1,Basic Education,"(16.999, 19.0]"
1250,Graduate,Graduate,0,Tourism,"(19.0, 20.0]"
1251,Graduate,Graduate,0,Journalism and Communication,"(19.0, 20.0]"
1252,Graduate,Graduate,0,Advertising and Marketing Management,"(16.999, 19.0]"
1253,Graduate,Graduate,0,Social Service,"(16.999, 19.0]"
1254,Enrolled,Enrolled,0,Veterinary Nursing,"(16.999, 19.0]"
1255,Dropout,Dropout,1,Equinculture,"(25.0, 70.0]"
1256,Graduate,Graduate,0,Social Service,"(16.999, 19.0]"
1257,Graduate,Graduate,0,Oral Hygiene,"(16.999, 19.0]"
1258,Graduate,Graduate,0,Nursing,"(16.999, 19.0]"
1259,Graduate,Graduate,0,Veterinary Nursing,"(16.999, 19.0]"
1260,Graduate,Graduate,0,Social Service,"(19.0, 20.0]"
1261,Dropout,Dropout,1,Informatics Engineering,"(20.0, 25.0]"
1262,Dropout,Dropout,1,Journalism and Communication,"(16.999, 19.0]"
1263,Graduate,Graduate,0,Basic Education,"(25.0, 70.0]"
1264,Graduate,Graduate,0,Nursing,"(16.999, 19.0]"
1265,Graduate,Graduate,0,Nursing,"(16.999, 19.0]"
1266,Graduate,Graduate,0,Advertising and Marketing Management,"(19.0, 20.0]"
1267,Graduate,Graduate,0,Nursing,"(19.0, 20.0]"
1268,Enrolled,Enrolled,0,Management (evening attendance),"(20.0, 25.0]"
1269,Dropout,Dropout,1,Advertising and Marketing Management,"(25.0, 70.0]"
1270,Enrolled,Enrolled,0,Journalism and Communication,"(16.999, 19.0]"
1271,Graduate,Graduate,0,Management,"(16.999, 19.0]"
1272,Dropout,Dropout,1,Management,"(25.0, 70.0]"
1273,Dropout,Dropout,1,Basic Education,"(25.0, 70.0]"
1274,Graduate,Graduate,0,Management (evening attendance),"(25.0, 70.0]"
1275,Graduate,Graduate,0,Tourism,"(16.999, 19.0]"
1276,Graduate,Graduate,0,Advertising and Marketing Management,"(16.999, 19.0]"
1277,Dropout,Dropout,1,Management,"(25.0, 70.0]"
1278,Enrolled,Enrolled,0,Social Service (evening attendance),"(20.0, 25.0]"
1279,Graduate,Graduate,0,Social Service,"(19.0, 20.0]"
1280,Graduate,Graduate,0,Journalism and Communication,"(16.999, 19.0]"
1281,Graduate,Graduate,0,Nursing,"(19.0, 20.0]"
1282,Dropout,Dropout,1,Tourism,"(16.999, 19.0]"
1283,Graduate,Graduate,0,Informatics Engineering,"(16.999, 19.0]"
1284,Graduate,Graduate,0,Advertising and Marketing Management,"(19.0, 20.0]"
1285,Dropout,Dropout,1,Basic Education,"(16.999, 19.0]"
1286,Enrolled,Enrolled,0,Communication Design,"(19.0, 20.0]"
1287,Graduate,Graduate,0,Social Service,"(16.999, 19.0]"
1288,Graduate,Graduate,0,Journalism and Communication,"(19.0, 20.0]"
1289,Graduate,Graduate,0,Nursing,"(20.0, 25.0]"
1290,Enrolled,Enrolled,0,Informatics Engineering,"(16.999, 19.0]"
1291,Graduate,Graduate,0,Nursing,"(16.999, 19.0]"
1292,Dropout,Dropout,1,Agronomy,"(20.0, 25.0]"
1293,Graduate,Graduate,0,Informatics Engineering,"(19.0, 20.0]"
1294,Dropout,Dropout,1,Agronomy,"(25.0, 70.0]"
1295,Dropout,Dropout,1,Social Service (evening attendance),"(20.0, 25.0]"
1296,Dropout,Dropout,1,Advertising and Marketing Management,"(25.0, 70.0]"
1297,Dropout,Dropout,1,Nursing,"(25.0, 70.0]"
1298,Graduate,Graduate,0,Management (evening attendance),"(20.0, 25.0]"
1299,Enrolled,Enrolled,0,Tourism,"(25.0, 70.0]"
1300,Dropout,Dropout,1,Management,"(16.999, 19.0]"
1301,Dropout,Dropout,1,Tourism,"(16.999, 19.0]"
1302,Graduate,Graduate,0,Animation and Multimedia Design,"(19.0, 20.0]"
1303,Graduate,Graduate,0,Advertising and Marketing Management,"(20.0, 25.0]"
1304,Graduate,Graduate,0,Journalism and Communication,"(16.999, 19.0]"
1305,Graduate,Graduate,0,Journalism and Communication,"(16.999, 19.0]"
1306,Graduate,Graduate,0,Agronomy,"(20.0, 25.0]"
1307,Graduate,Graduate,0,Management,"(16.999, 19.0]"
1308,Graduate,Graduate,0,Nursing,"(16.999, 19.0]"
1309,Graduate,Graduate,0,Nursing,"(16.999, 19.0]"
1310,Graduate,Graduate,0,Management,"(20.0, 25.0]"
1311,Graduate,Graduate,0,Veterinary Nursing,"(16.999, 19.0]"
1312,Graduate,Graduate,0,Journalism and Communication,"(20.0, 25.0]"
1313,Dropout,Dropout,1,Nursing,"(16.999, 19.0]"
1314,Enrolled,Enrolled,0,Advertising and Marketing Management,"(16.999, 19.0]"
1315,Graduate,Graduate,0,Nursing,"(19.0, 20.0]"
1316,Enrolled,Enrolled,0,Veterinary Nursing,"(16.999, 19.0]"
1317,Dropout,Dropout,1,Journalism and Communication,"(16.999, 19.0]"
1318,Dropout,Dropout,1,Tourism,"(16.999, 19.0]"
1319,Graduate,Graduate,0,Basic Education,"(16.999, 19.0]"
1320,Graduate,Graduate,0,Social Service,"(16.999, 19.0]"
1321,Enrolled,Enrolled,0,Basic Education,"(19.0, 20.0]"
1322,Graduate,Graduate,0,Nursing,"(16.999, 19.0]"
1323,Graduate,Graduate,0,Oral Hygiene,"(16.999, 19.0]"
1324,Enrolled,Enrolled,0,Management,"(16.999, 19.0]"
1325,Graduate,Graduate,0,Nursing,"(16.999, 19.0]"
1326,Enrolled,Enrolled,0,Veterinary Nursing,"(20.0, 25.0]"
1327,Dropout,Dropout,1,Tourism,"(16.999, 19.0]"
1328,Graduate,Graduate,0,Nursing,"(20.0, 25.0]"
1329,Enrolled,Enrolled,0,Veterinary Nursing,"(16.999, 19.0]"
1330,Graduate,Graduate,0,Oral Hygiene,"(16.999, 19.0]"
1331,Graduate,Graduate,0,Nursing,"(16.999, 19.0]"
1332,Dropout,Dropout,1,Equinculture,"(20.0, 25.0]"
1333,Enrolled,Enrolled,0,Social Service,"(19.0, 20.0]"
1334,Graduate,Graduate,0,Nursing,"(16.999, 19.0]"
1335,Enrolled,Enrolled,0,Basic Education,"(16.999, 19.0]"
1336,Enrolled,Enrolled,0,Nursing,"(25.0, 70.0]"
1337,Enrolled,Enrolled,0,Management,"(16.999, 19.0]"
1338,Dropout,Dropout,1,Equinculture,"(20.0, 25.0]"
1339,Graduate,Graduate,0,Nursing,"(16.999, 19.0]"
1340,Graduate,Graduate,0,Social Service,"(20.0, 25.0]"
1341,Graduate,Graduate,0,Journalism and Communication,"(16.999, 19.0]"
1342,Graduate,Graduate,0,Veterinary Nursing,"(19.0, 20.0]"
1343,Graduate,Graduate,0,Basic Education,"(16.999, 19.0]"
1344,Dropout,Dropout,1,Communication Design,"(16.999, 19.0]"
1345,Graduate,Graduate,0,Veterinary Nursing,"(16.999, 19.0]"
1346,Graduate,Graduate,0,Journalism and Communication,"(16.999, 19.0]"
1347,Enrolled,Enrolled,0,Nursing,"(16.999, 19.0]"
1348,Enrolled,Enrolled,0,Veterinary Nursing,"(20.0, 25.0]"
1349,Graduate,Graduate,0,Veterinary Nursing,"(20.0, 25.0]"
1350,Graduate,Graduate,0,Animation and Multimedia Design,"(16.999, 19.0]"
1351,Graduate,Graduate,0,Nursing,"(16.999, 19.0]"
1352,Graduate,Graduate,0,Communication Design,"(16.999, 19.0]"
1353,Dropout,Dropout,1,Basic Education,"(16.999, 19.0]"
1354,Enrolled,Enrolled,0,Social Service,"(19.0, 20.0]"
1355,Enrolled,Enrolled,0,Veterinary Nursing,"(19.0, 20.0]"
1356,Dropout,Dropout,1,Journalism and Communication,"(25.0, 70.0]"
1357,Dropout,Dropout,1,Tourism,"(25.0, 70.0]"
1358,Dropout,Dropout,1,Animation and Multimedia Design,"(16.999, 19.0]"
1359,Dropout,Dropout,1,Informatics Engineering,"(25.0, 70.0]"
1360,Dropout,Dropout,1,Informatics Engineering,"(16.999, 19.0]"
1361,Graduate,Graduate,0,Nursing,"(16.999, 19.0]"
1362,Dropout,Dropout,1,Communication Design,"(25.0, 70.0]"
1363,Graduate,Graduate,0,Animation and Multimedia Design,"(20.0, 25.0]"
1364,Graduate,Graduate,0,Nursing,"(16.999, 19.0]"
1365,Dropout,Dropout,1,Advertising and Marketing Management,"(25.0, 70.0]"
1366,Dropout,Dropout,1,Informatics Engineering,"(19.0, 20.0]"
1367,Graduate,Graduate,0,Nursing,"(16.999, 19.0]"
1368,Dropout,Dropout,1,Management,"(20.0, 25.0]"
1369,Graduate,Graduate,0,Advertising and Marketing Management,"(20.0, 25.0]"
1370,Graduate,Graduate,0,Social Service (evening attendance),"(25.0, 70.0]"
1371,Graduate,Graduate,0,Nursing,"(19.0, 20.0]"
1372,Graduate,Graduate,0,Social Service,"(16.999, 19.0]"
1373,Graduate,Graduate,0,Journalism and Communication,"(16.999, 19.0]"
1374,Dropout,Dropout,1,Oral Hygiene,"(20.0, 25.0]"
1375,Dropout,Dropout,1,Animation and Multimedia Design,"(20.0, 25.0]"
1376,Enrolled,Enrolled,0,Management,"(16.999, 19.0]"
1377,Graduate,Graduate,0,Animation and Multimedia Design,"(16.999, 19.0]"
1378,Dropout,Dropout,1,Communication Design,"(20.0, 25.0]"
1379,Dropout,Dropout,1,Social Service,"(20.0, 25.0]"
1380,Graduate,Graduate,0,Oral Hygiene,"(20.0, 25.0]"
1381,Dropout,Dropout,1,Nursing,"(25.0, 70.0]"
1382,Graduate,Graduate,0,Agronomy,"(25.0, 70.0]"
1383,Graduate,Graduate,0,Nursing,"(16.999, 19.0]"
1384,Graduate,Graduate,0,Communication Design,"(20.0, 25.0]"
1385,Dropout,Dropout,1,Equinculture,"(20.0, 25.0]"
1386,Dropout,Dropout,1,Equinculture,"(20.0, 25.0]"
1387,Graduate,Graduate,0,Management,"(16.999, 19.0]"
1388,Dropout,Dropout,1,Informatics Engineering,"(16.999, 19.0]"
1389,Enrolled,Enrolled,0,Veterinary Nursing,"(20.0, 25.0]"
1390,Graduate,Graduate,0,Nursing,"(16.999, 19.0]"
1391,Graduate,Graduate,0,Tourism,"(16.999, 19.0]"
1392,Dropout,Dropout,1,Animation and Multimedia Design,"(19.0, 20.0]"
1393,Graduate,Graduate,0,Social Service,"(16.999, 19.0]"
1394,Graduate,Graduate,0,Journalism and Communication,"(16.999, 19.0]"
1395,Graduate,Graduate,0,Tourism,"(16.999, 19.0]"
1396,Enrolled,Enrolled,0,Equinculture,"(19.0, 20.0]"
1397,Graduate,Graduate,0,Communication Design,"(20.0, 25.0]"
1398,Graduate,Graduate,0,Oral Hygiene,"(25.0, 70.0]"
1399,Graduate,Graduate,0,Basic Education,"(16.999, 19.0]"
1400,Enrolled,Enrolled,0,Animation and Multimedia Design,"(16.999, 19.0]"
1401,Graduate,Graduate,0,Tourism,"(16.999, 19.0]"
1402,Graduate,Graduate,0,Veterinary Nursing,"(20.0, 25.0]"
1403,Graduate,Graduate,0,Nursing,"(16.999, 19.0]"
1404,Dropout,Dropout,1,Management,"(20.0, 25.0]"
1405,Dropout,Dropout,1,Informatics Engineering,"(20.0, 25.0]"
1406,Graduate,Graduate,0,Nursing,"(16.999, 19.0]"
1407,Enrolled,Enrolled,0,Journalism and Communication,"(16.999, 19.0]"
1408,Dropout,Dropout,1,Tourism,"(20.0, 25.0]"
1409,Graduate,Graduate,0,Management,"(16.999, 19.0]"
1410,Dropout,Dropout,1,Social Service (evening attendance),"(25.0, 70.0]"
1411,Graduate,Graduate,0,Social Service,"(16.999, 19.0]"
1412,Graduate,Graduate,0,Advertising and Marketing Management,"(20.0, 25.0]"
1413,Enrolled,Enrolled,0,Journalism and Communication,"(16.999, 19.0]"
1414,Graduate,Graduate,0,Nursing,"(16.999, 19.0]"
1415,Graduate,Graduate,0,Veterinary Nursing,"(19.0, 20.0]"
1416,Dropout,Dropout,1,Veterinary Nursing,"(16.999, 19.0]"
1417,Graduate,Graduate,0,Advertising and Marketing Management,"(16.999, 19.0]"
1418,Graduate,Graduate,0,Management,"(16.999, 19.0]"
1419,Dropout,Dropout,1,Equinculture,"(20.0, 25.0]"
1420,Dropout,Dropout,1,Basic Education,"(16.999, 19.0]"
1421,Enrolled,Enrolled,0,Management,"(16.999, 19.0]"
1422,Graduate,Graduate,0,Social Service,"(16.999, 19.0]"
1423,Graduate,Graduate,0,Tourism,"(16.999, 19.0]"
1424,Enrolled,Enrolled,0,Equinculture,"(16.999, 19.0]"
1425,Graduate,Graduate,0,Animation and Multimedia Design,"(16.999, 19.0]"
1426,Graduate,Graduate,0,Veterinary Nursing,"(20.0, 25.0]"
1427,Enrolled,Enrolled,0,Tourism,"(16.999, 19.0]"
1428,Enrolled,Enrolled,0,Social Service,"(20.0, 25.0]"
1429,Graduate,Graduate,0,Journalism and Communication,"(20.0, 25.0]"
1430,Graduate,Graduate,0,Nursing,"(16.999, 19.0]"
1431,Dropout,Dropout,1,Basic Education,"(19.0, 20.0]"
1432,Enrolled,Enrolled,0,Tourism,"(16.999, 19.0]"
1433,Graduate,Graduate,0,Communication Design,"(16.999, 19.0]"
1434,Enrolled,Enrolled,0,Nursing,"(16.999, 19.0]"
1435,Dropout,Dropout,1,Management,"(25.0, 70.0]"
1436,Enrolled,Enrolled,0,Informatics Engineering,"(16.999, 19.0]"
1437,Graduate,Graduate,0,Social Service (evening attendance),"(25.0, 70.0]"
1438,Graduate,Graduate,0,Advertising and Marketing Management,"(16.999, 19.0]"
1439,Graduate,Graduate,0,Veterinary Nursing,"(16.999, 19.0]"
1440,Graduate,Graduate,0,Advertising and Marketing Management,"(16.999, 19.0]"
1441,Graduate,Graduate,0,Animation and Multimedia Design,"(20.0, 25.0]"
1442,Graduate,Graduate,0,Tourism,"(16.999, 19.0]"
1443,Dropout,Dropout,1,Agronomy,"(25.0, 70.0]"
1444,Graduate,Graduate,0,Management (evening attendance),"(25.0, 70.0]"
1445,Dropout,Dropout,1,Tourism,"(16.999, 19.0]"
1446,Dropout,Dropout,1,Animation and Multimedia Design,"(16.999, 19.0]"
1447,Dropout,Dropout,1,Informatics Engineering,"(16.999, 19.0]"
1448,Dropout,Dropout,1,Agronomy,"(19.0, 20.0]"
1449,Graduate,Graduate,0,Communication Design,"(20.0, 25.0]"
1450,Dropout,Dropout,1,Equinculture,"(16.999, 19.0]"
1451,Graduate,Graduate,0,Agronomy,"(16.999, 19.0]"
1452,Dropout,Dropout,1,Animation and Multimedia Design,"(19.0, 20.0]"
1453,Graduate,Graduate,0,Social Service,"(19.0, 20.0]"
1454,Enrolled,Enrolled,0,Informatics Engineering,"(19.0, 20.0]"
1455,Dropout,Dropout,1,Management,"(16.999, 19.0]"
1456,Enrolled,Enrolled,0,Management,"(19.0, 20.0]"
1457,Enrolled,Enrolled,0,Nursing,"(16.999, 19.0]"
1458,Enrolled,Enrolled,0,Advertising and Marketing Management,"(16.999, 19.0]"
1459,Dropout,Dropout,1,Management,"(19.0, 20.0]"
1460,Dropout,Dropout,1,Advertising and Marketing Management,"(20.0, 25.0]"
1461,Graduate,Graduate,0,Agronomy,"(19.0, 20.0]"
1462,Enrolled,Enrolled,0,Advertising and Marketing Management,"(16.999, 19.0]"
1463,Dropout,Dropout,1,Informatics Engineering,"(20.0, 25.0]"
1464,Enrolled,Enrolled,0,Tourism,"(19.0, 20.0]"
1465,Graduate,Graduate,0,Social Service (evening attendance),"(20.0, 25.0]"
1466,Dropout,Dropout,1,Informatics Engineering,"(19.0, 20.0]"
1467,Enrolled,Enrolled,0,Informatics Engineering,"(20.0, 25.0]"
1468,Graduate,Graduate,0,Journalism and Communication,"(16.999, 19.0]"
1469,Graduate,Graduate,0,Tourism,"(16.999, 19.0]"
1470,Enrolled,Enrolled,0,Management,"(16.999, 19.0]"
1471,Enrolled,Enrolled,0,Agronomy,"(19.0, 20.0]"
1472,Graduate,Graduate,0,Journalism and Communication,"(16.999, 19.0]"
1473,Dropout,Dropout,1,Journalism and Communication,"(16.999, 19.0]"
1474,Enrolled,Enrolled,0,Informatics Engineering,"(19.0, 20.0]"
1475,Graduate,Graduate,0,Equinculture,"(16.999, 19.0]"
1476,Dropout,Dropout,1,Management (evening attendance),"(25.0, 70.0]"
1477,Graduate,Graduate,0,Animation and Multimedia Design,"(20.0, 25.0]"
1478,Dropout,Dropout,1,Agronomy,"(20.0, 25.0]"
1479,Dropout,Dropout,1,Veterinary Nursing,"(19.0, 20.0]"
1480,Dropout,Dropout,1,Veterinary Nursing,"(20.0, 25.0]"
1481,Graduate,Graduate,0,Journalism and Communication,"(25.0, 70.0]"
1482,Graduate,Graduate,0,Advertising and Marketing Management,"(20.0, 25.0]"
1483,Graduate,Graduate,0,Tourism,"(16.999, 19.0]"
1484,Graduate,Graduate,0,Nursing,"(25.0, 70.0]"
1485,Graduate,Graduate,0,Social Service,"(16.999, 19.0]"
1486,Graduate,Graduate,0,Veterinary Nursing,"(19.0, 20.0]"
1487,Enrolled,Enrolled,0,Advertising and Marketing Management,"(20.0, 25.0]"
1488,Dropout,Dropout,1,Social Service (evening attendance),"(20.0, 25.0]"
1489,Graduate,Graduate,0,Informatics Engineering,"(19.0, 20.0]"
1490,Graduate,Graduate,0,Agronomy,"(25.0, 70.0]"
1491,Graduate,Graduate,0,Journalism and Communication,"(19.0, 20.0]"
1492,Dropout,Dropout,1,Equinculture,"(19.0, 20.0]"
1493,Graduate,Graduate,0,Advertising and Marketing Management,"(20.0, 25.0]"
1494,Dropout,Dropout,1,Nursing,"(20.0, 25.0]"
1495,Graduate,Graduate,0,Informatics Engineering,"(20.0, 25.0]"
1496,Graduate,Graduate,0,Oral Hygiene,"(19.0, 20.0]"
1497,Graduate,Graduate,0,Advertising and Marketing Management,"(16.999, 19.0]"
1498,Enrolled,Enrolled,0,Agronomy,"(25.0, 70.0]"
1499,Graduate,Graduate,0,Agronomy,"(19.0, 20.0]"
1500,Graduate,Graduate,0,Communication Design,"(16.999, 19.0]"
1501,Dropout,Dropout,1,Advertising and Marketing Management,"(19.0, 20.0]"
1502,Graduate,Graduate,0,Management (evening attendance),"(25.0, 70.0]"
1503,Enrolled,Enrolled,0,Nursing,"(25.0, 70.0]"
1504,Enrolled,Enrolled,0,Nursing,"(25.0, 70.0]"
1505,Dropout,Dropout,1,Journalism and Communication,"(16.999, 19.0]"
1506,Enrolled,Enrolled,0,Management (evening attendance),"(25.0, 70.0]"
1507,Graduate,Graduate,0,Animation and Multimedia Design,"(16.999, 19.0]"
1508,Graduate,Graduate,0,Communication Design,"(20.0, 25.0]"
1509,Dropout,Dropout,1,Nursing,"(25.0, 70.0]"
1510,Dropout,Dropout,1,Tourism,"(20.0, 25.0]"
1511,Enrolled,Enrolled,0,Management (evening attendance),"(25.0, 70.0]"
1512,Graduate,Graduate,0,Animation and Multimedia Design,"(16.999, 19.0]"
1513,Graduate,Graduate,0,Tourism,"(16.999, 19.0]"
1514,Dropout,Dropout,1,Nursing,"(16.999, 19.0]"
1515,Graduate,Graduate,0,Animation and Multimedia Design,"(20.0, 25.0]"
1516,Dropout,Dropout,1,Nursing,"(25.0, 70.0]"
1517,Graduate,Graduate,0,Animation and Multimedia Design,"(16.999, 19.0]"
1518,Enrolled,Enrolled,0,Animation and Multimedia Design,"(19.0, 20.0]"
1519,Dropout,Dropout,1,Management,"(20.0, 25.0]"
1520,Dropout,Dropout,1,Management (evening attendance),"(25.0, 70.0]"
1521,Graduate,Graduate,0,Management (evening attendance),"(25.0, 70.0]"
1522,Dropout,Dropout,1,Veterinary Nursing,"(19.0, 20.0]"
1523,Dropout,Dropout,1,Advertising and Marketing Management,"(20.0, 25.0]"
1524,Enrolled,Enrolled,0,Animation and Multimedia Design,"(16.999, 19.0]"
1525,Graduate,Graduate,0,Nursing,"(16.999, 19.0]"
1526,Dropout,Dropout,1,Journalism and Communication,"(16.999, 19.0]"
1527,Graduate,Graduate,0,Informatics Engineering,"(25.0, 70.0]"
1528,Graduate,Graduate,0,Tourism,"(20.0, 25.0]"
1529,Dropout,Dropout,1,Nursing,"(20.0, 25.0]"
1530,Enrolled,Enrolled,0,Agronomy,"(25.0, 70.0]"
1531,Graduate,Graduate,0,Nursing,"(16.999, 19.0]"
1532,Graduate,Graduate,0,Journalism and Communication,"(25.0, 70.0]"
1533,Enrolled,Enrolled,0,Informatics Engineering,"(25.0, 70.0]"
1534,Graduate,Graduate,0,Veterinary Nursing,"(16.999, 19.0]"
1535,Enrolled,Enrolled,0,Management (evening attendance),"(25.0, 70.0]"
1536,Dropout,Dropout,1,Nursing,"(25.0, 70.0]"
1537,Graduate,Graduate,0,Social Service,"(16.999, 19.0]"
1538,Dropout,Dropout,1,Basic Education,"(19.0, 20.0]"
1539,Dropout,Dropout,1,Informatics Engineering,"(25.0, 70.0]"
1540,Dropout,Dropout,1,Management,"(16.999, 19.0]"
1541,Dropout,Dropout,1,Basic Education,"(25.0, 70.0]"
1542,Dropout,Dropout,1,Social Service (evening attendance),"(25.0, 70.0]"
1543,Dropout,Dropout,1,Equinculture,"(25.0, 70.0]"
1544,Dropout,Dropout,1,Social Service (evening attendance),"(25.0, 70.0]"
1545,Graduate,Graduate,0,Communication Design,"(16.999, 19.0]"
1546,Enrolled,Enrolled,0,Journalism and Communication,"(16.999, 19.0]"
1547,Dropout,Dropout,1,Management (evening attendance),"(25.0, 70.0]"
1548,Dropout,Dropout,1,Tourism,"(25.0, 70.0]"
1549,Dropout,Dropout,1,Nursing,"(25.0, 70.0]"
1550,Graduate,Graduate,0,Social Service (evening attendance),"(25.0, 70.0]"
1551,Graduate,Graduate,0,Management,"(25.0, 70.0]"
1552,Graduate,Graduate,0,Management,"(25.0, 70.0]"
1553,Graduate,Graduate,0,Veterinary Nursing,"(16.999, 19.0]"
1554,Graduate,Graduate,0,Social Service (evening attendance),"(25.0, 70.0]"
1555,Graduate,Graduate,0,Nursing,"(20.0, 25.0]"
1556,Dropout,Dropout,1,Informatics Engineering,"(19.0, 20.0]"
1557,Enrolled,Enrolled,0,Management,"(16.999, 19.0]"
1558,Dropout,Dropout,1,Animation and Multimedia Design,"(16.999, 19.0]"
1559,Graduate,Graduate,0,Nursing,"(16.999, 19.0]"
1560,Enrolled,Enrolled,0,Biofuel Production Technologies,"(19.0, 20.0]"
1561,Enrolled,Enrolled,0,Equinculture,"(20.0, 25.0]"
1562,Graduate,Graduate,0,Management,"(20.0, 25.0]"
1563,Enrolled,Enrolled,0,Equinculture,"(19.0, 20.0]"
1564,Enrolled,Enrolled,0,Veterinary Nursing,"(19.0, 20.0]"
1565,Graduate,Graduate,0,Social Service,"(16.999, 19.0]"
1566,Graduate,Graduate,0,Nursing,"(16.999, 19.0]"
1567,Graduate,Graduate,0,Management,"(20.0, 25.0]"
1568,Enrolled,Enrolled,0,Oral Hygiene,"(16.999, 19.0]"
1569,Dropout,Dropout,1,Equinculture,"(25.0, 70.0]"
1570,Enrolled,Enrolled,0,Social Service (evening attendance),"(25.0, 70.0]"
1571,Dropout,Dropout,1,Agronomy,"(25.0, 70.0]"
1572,Dropout,Dropout,1,Management (evening attendance),"(25.0, 70.0]"
1573,Dropout,Dropout,1,Agronomy,"(25.0, 70.0]"
1574,Graduate,Graduate,0,Management (evening attendance),"(25.0, 70.0]"
1575,Graduate,Graduate,0,Animation and Multimedia Design,"(20.0, 25.0]"
1576,Dropout,Dropout,1,Advertising and Marketing Management,"(25.0, 70.0]"
1577,Enrolled,Enrolled,0,Management (evening attendance),"(25.0, 70.0]"
1578,Dropout,Dropout,1,Veterinary Nursing,"(16.999, 19.0]"
1579,Enrolled,Enrolled,0,Animation and Multimedia Design,"(16.999, 19.0]"
1580,Graduate,Graduate,0,Journalism and Communication,"(20.0, 25.0]"
1581,Enrolled,Enrolled,0,Communication Design,"(16.999, 19.0]"
1582,Dropout,Dropout,1,Management (evening attendance),"(25.0, 70.0]"
1583,Dropout,Dropout,1,Basic Education,"(20.0, 25.0]"
1584,Graduate,Graduate,0,Journalism and Communication,"(16.999, 19.0]"
1585,Graduate,Graduate,0,Animation and Multimedia Design,"(19.0, 20.0]"
1586,Enrolled,Enrolled,0,Management,"(16.999, 19.0]"
1587,Enrolled,Enrolled,0,Informatics Engineering,"(20.0, 25.0]"
1588,Dropout,Dropout,1,Tourism,"(16.999, 19.0]"
1589,Graduate,Graduate,0,Social Service (evening attendance),"(20.0, 25.0]"
1590,Dropout,Dropout,1,Agronomy,"(20.0, 25.0]"
1591,Dropout,Dropout,1,Animation and Multimedia Design,"(16.999, 19.0]"
1592,Enrolled,Enrolled,0,Management,"(16.999, 19.0]"
1593,Dropout,Dropout,1,Animation and Multimedia Design,"(16.999, 19.0]"
1594,Enrolled,Enrolled,0,Management,"(16.999, 19.0]"
1595,Enrolled,Enrolled,0,Advertising and Marketing Management,"(16.999, 19.0]"
1596,Enrolled,Enrolled,0,Nursing,"(20.0, 25.0]"
1597,Graduate,Graduate,0,Journalism and Communication,"(16.999, 19.0]"
1598,Dropout,Dropout,1,Social Service,"(16.999, 19.0]"
1599,Dropout,Dropout,1,Journalism and Communication,"(16.999, 19.0]"
1600,Graduate,Graduate,0,Animation and Multimedia Design,"(16.999, 19.0]"
1601,Enrolled,Enrolled,0,Advertising and Marketing Management,"(20.0, 25.0]"
1602,Enrolled,Enrolled,0,Tourism,"(16.999, 19.0]"
1603,Graduate,Graduate,0,Agronomy,"(16.999, 19.0]"
1604,Dropout,Dropout,1,Agronomy,"(25.0, 70.0]"
1605,Enrolled,Enrolled,0,Agronomy,"(19.0, 20.0]"
1606,Graduate,Graduate,0,Tourism,"(19.0, 20.0]"
1607,Graduate,Graduate,0,Nursing,"(16.999, 19.0]"
1608,Enrolled,Enrolled,0,Journalism and Communication,"(16.999, 19.0]"
1609,Graduate,Graduate,0,Communication Design,"(16.999, 19.0]"
1610,Dropout,Dropout,1,Management,"(16.999, 19.0]"
1611,Enrolled,Enrolled,0,Veterinary Nursing,"(16.999, 19.0]"
1612,Graduate,Graduate,0,Nursing,"(16.999, 19.0]"
1613,Dropout,Dropout,1,Social Service (evening attendance),"(25.0, 70.0]"
1614,Graduate,Graduate,0,Social Service (evening attendance),"(25.0, 70.0]"
1615,Dropout,Dropout,1,Veterinary Nursing,"(25.0, 70.0]"
1616,Graduate,Graduate,0,Veterinary Nursing,"(16.999, 19.0]"
1617,Dropout,Dropout,1,Social Service (evening attendance),"(20.0, 25.0]"
1618,Dropout,Dropout,1,Journalism and Communication,"(16.999, 19.0]"
1619,Graduate,Graduate,0,Advertising and Marketing Management,"(19.0, 20.0]"
1620,Graduate,Graduate,0,Advertising and Marketing Management,"(16.999, 19.0]"
1621,Graduate,Graduate,0,Veterinary Nursing,"(20.0, 25.0]"
1622,Dropout,Dropout,1,Oral Hygiene,"(25.0, 70.0]"
1623,Dropout,Dropout,1,Oral Hygiene,"(25.0, 70.0]"
1624,Dropout,Dropout,1,Basic Education,"(20.0, 25.0]"
1625,Dropout,Dropout,1,Management (evening attendance),"(25.0, 70.0]"
1626,Graduate,Graduate,0,Veterinary Nursing,"(16.999, 19.0]"
1627,Dropout,Dropout,1,Management (evening attendance),"(25.0, 70.0]"
1628,Dropout,Dropout,1,Advertising and Marketing Management,"(19.0, 20.0]"
1629,Dropout,Dropout,1,Informatics Engineering,"(20.0, 25.0]"
1630,Graduate,Graduate,0,Equinculture,"(25.0, 70.0]"
1631,Dropout,Dropout,1,Journalism and Communication,"(25.0, 70.0]"
1632,Graduate,Graduate,0,Management (evening attendance),"(25.0, 70.0]"
1633,Enrolled,Enrolled,0,Social Service (evening attendance),"(25.0, 70.0]"
1634,Graduate,Graduate,0,Management (evening attendance),"(25.0, 70.0]"
1635,Graduate,Graduate,0,Advertising and Marketing Management,"(16.999, 19.0]"
1636,Graduate,Graduate,0,Equinculture,"(25.0, 70.0]"
1637,Graduate,Graduate,0,Nursing,"(20.0, 25.0]"
1638,Dropout,Dropout,1,Advertising and Marketing Management,"(25.0, 70.0]"
1639,Graduate,Graduate,0,Communication Design,"(19.0, 20.0]"
1640,Graduate,Graduate,0,Nursing,"(16.999, 19.0]"
1641,Graduate,Graduate,0,Communication Design,"(16.999, 19.0]"
1642,Graduate,Graduate,0,Nursing,"(16.999, 19.0]"
1643,Graduate,Graduate,0,Social Service (evening attendance),"(19.0, 20.0]"
1644,Dropout,Dropout,1,Tourism,"(19.0, 20.0]"
1645,Dropout,Dropout,1,Animation and Multimedia Design,"(20.0, 25.0]"
1646,Graduate,Graduate,0,Animation and Multimedia Design,"(20.0, 25.0]"
1647,Graduate,Graduate,0,Nursing,"(16.999, 19.0]"
1648,Dropout,Dropout,1,Nursing,"(16.999, 19.0]"
1649,Graduate,Graduate,0,Nursing,"(16.999, 19.0]"
1650,Enrolled,Enrolled,0,Nursing,"(16.999, 19.0]"
1651,Graduate,Graduate,0,Nursing,"(16.999, 19.0]"
1652,Enrolled,Enrolled,0,Management (evening attendance),"(25.0, 70.0]"
1653,Graduate,Graduate,0,Oral Hygiene,"(19.0, 20.0]"
1654,Dropout,Dropout,1,Basic Education,"(19.0, 20.0]"
1655,Graduate,Graduate,0,Veterinary Nursing,"(19.0, 20.0]"
1656,Graduate,Graduate,0,Management,"(16.999, 19.0]"
1657,Enrolled,Enrolled,0,Veterinary Nursing,"(19.0, 20.0]"
1658,Graduate,Graduate,0,Animation and Multimedia Design,"(19.0, 20.0]"
1659,Enrolled,Enrolled,0,Animation and Multimedia Design,"(19.0, 20.0]"
1660,Graduate,Graduate,0,Veterinary Nursing,"(25.0, 70.0]"
1661,Graduate,Graduate,0,Veterinary Nursing,"(16.999, 19.0]"
1662,Graduate,Graduate,0,Nursing,"(16.999, 19.0]"
1663,Graduate,Graduate,0,Nursing,"(16.999, 19.0]"
1664,Graduate,Graduate,0,Veterinary Nursing,"(19.0, 20.0]"
1665,Enrolled,Enrolled,0,Journalism and Communication,"(16.999, 19.0]"
1666,Graduate,Graduate,0,Social Service,"(19.0, 20.0]"
1667,Graduate,Graduate,0,Nursing,"(16.999, 19.0]"
1668,Dropout,Dropout,1,Communication Design,"(20.0, 25.0]"
1669,Graduate,Graduate,0,Social Service (evening attendance),"(20.0, 25.0]"
1670,Enrolled,Enrolled,0,Management (evening attendance),"(20.0, 25.0]"
1671,Graduate,Graduate,0,Veterinary Nursing,"(16.999, 19.0]"
1672,Dropout,Dropout,1,Equinculture,"(20.0, 25.0]"
1673,Graduate,Graduate,0,Nursing,"(25.0, 70.0]"
1674,Graduate,Graduate,0,Nursing,"(16.999, 19.0]"
1675,Dropout,Dropout,1,Tourism,"(16.999, 19.0]"
1676,Dropout,Dropout,1,Oral Hygiene,"(16.999, 19.0]"
1677,Graduate,Graduate,0,Management (evening attendance),"(25.0, 70.0]"
1678,Graduate,Graduate,0,Veterinary Nursing,"(20.0, 25.0]"
1679,Dropout,Dropout,1,Nursing,"(25.0, 70.0]"
1680,Enrolled,Enrolled,0,Informatics Engineering,"(16.999, 19.0]"
1681,Enrolled,Enrolled,0,Journalism and Communication,"(16.999, 19.0]"
1682,Dropout,Dropout,1,Advertising and Marketing Management,"(19.0, 20.0]"
1683,Dropout,Dropout,1,Advertising and Marketing Management,"(20.0, 25.0]"
1684,Graduate,Graduate,0,Communication Design,"(16.999, 19.0]"
1685,Graduate,Graduate,0,Communication Design,"(20.0, 25.0]"
1686,Graduate,Graduate,0,Veterinary Nursing,"(20.0, 25.0]"
1687,Dropout,Dropout,1,Oral Hygiene,"(25.0, 70.0]"
1688,Enrolled,Enrolled,0,Animation and Multimedia Design,"(19.0, 20.0]"
1689,Dropout,Dropout,1,Animation and Multimedia Design,"(16.999, 19.0]"
1690,Dropout,Dropout,1,Informatics Engineering,"(20.0, 25.0]"
1691,Dropout,Dropout,1,Communication Design,"(16.999, 19.0]"
1692,Graduate,Graduate,0,Nursing,"(16.999, 19.0]"
1693,Enrolled,Enrolled,0,Management,"(16.999, 19.0]"
1694,Dropout,Dropout,1,Informatics Engineering,"(25.0, 70.0]"
1695,Graduate,Graduate,0,Advertising and Marketing Management,"(16.999, 19.0]"
1696,Graduate,Graduate,0,Communication Design,"(20.0, 25.0]"
1697,Dropout,Dropout,1,Veterinary Nursing,"(20.0, 25.0]"
1698,Dropout,Dropout,1,Nursing,"(16.999, 19.0]"
1699,Dropout,Dropout,1,Nursing,"(25.0, 70.0]"
1700,Graduate,Graduate,0,Nursing,"(16.999, 19.0]"
1701,Graduate,Graduate,0,Journalism and Communication,"(16.999, 19.0]"
1702,Dropout,Dropout,1,Journalism and Communication,"(16.999, 19.0]"
1703,Graduate,Graduate,0,Social Service,"(16.999, 19.0]"
1704,Graduate,Graduate,0,Advertising and Marketing Management,"(20.0, 25.0]"
1705,Enrolled,Enrolled,0,Informatics Engineering,"(16.999, 19.0]"
1706,Dropout,Dropout,1,Animation and Multimedia Design,"(16.999, 19.0]"
1707,Enrolled,Enrolled,0,Management,"(16.999, 19.0]"
1708,Dropout,Dropout,1,Oral Hygiene,"(20.0, 25.0]"
1709,Graduate,Graduate,0,Nursing,"(16.999, 19.0]"
1710,Enrolled,Enrolled,0,Management (evening attendance),"(25.0, 70.0]"
1711,Graduate,Graduate,0,Nursing,"(19.0, 20.0]"
1712,Dropout,Dropout,1,Nursing,"(25.0, 70.0]"
1713,Enrolled,Enrolled,0,Veterinary Nursing,"(20.0, 25.0]"
1714,Graduate,Graduate,0,Social Service,"(16.999, 19.0]"
1715,Graduate,Graduate,0,Nursing,"(16.999, 19.0]"
1716,Graduate,Graduate,0,Nursing,"(19.0, 20.0]"
1717,Enrolled,Enrolled,0,Nursing,"(25.0, 70.0]"
1718,Dropout,Dropout,1,Informatics Engineering,"(20.0, 25.0]"
1719,Dropout,Dropout,1,Management (evening attendance),"(20.0, 25.0]"
1720,Graduate,Graduate,0,Veterinary Nursing,"(16.999, 19.0]"
1721,Graduate,Graduate,0,Tourism,"(16.999, 19.0]"
1722,Graduate,Graduate,0,Veterinary Nursing,"(20.0, 25.0]"
1723,Graduate,Graduate,0,Journalism and Communication,"(16.999, 19.0]"
1724,Graduate,Graduate,0,Animation and Multimedia Design,"(20.0, 25.0]"
1725,Dropout,Dropout,1,Management (evening attendance),"(25.0, 70.0]"
1726,Graduate,Graduate,0,Social Service,"(25.0, 70.0]"
1727,Enrolled,Enrolled,0,Equinculture,"(19.0, 20.0]"
1728,Dropout,Dropout,1,Tourism,"(16.999, 19.0]"
1729,Graduate,Graduate,0,Management (evening attendance),"(25.0, 70.0]"
1730,Graduate,Graduate,0,Management,"(19.0, 20.0]"
1731,Dropout,Dropout,1,Equinculture,"(19.0, 20.0]"
1732,Dropout,Dropout,1,Informatics Engineering,"(25.0, 70.0]"
1733,Enrolled,Enrolled,0,Social Service (evening attendance),"(25.0, 70.0]"
1734,Dropout,Dropout,1,Management,"(20.0, 25.0]"
1735,Graduate,Graduate,0,Communication Design,"(20.0, 25.0]"
1736,Graduate,Graduate,0,Nursing,"(16.999, 19.0]"
1737,Enrolled,Enrolled,0,Nursing,"(16.999, 19.0]"
1738,Graduate,Graduate,0,Agronomy,"(25.0, 70.0]"
1739,Dropout,Dropout,1,Communication Design,"(25.0, 70.0]"
1740,Dropout,Dropout,1,Equinculture,"(16.999, 19.0]"
1741,Enrolled,Enrolled,0,Tourism,"(16.999, 19.0]"
1742,Dropout,Dropout,1,Equinculture,"(16.999, 19.0]"
1743,Dropout,Dropout,1,Journalism and Communication,"(16.999, 19.0]"
1744,Dropout,Dropout,1,Advertising and Marketing Management,"(25.0, 70.0]"
1745,Dropout,Dropout,1,Veterinary Nursing,"(25.0, 70.0]"
1746,Dropout,Dropout,1,Equinculture,"(20.0, 25.0]"
1747,Dropout,Dropout,1,Agronomy,"(25.0, 70.0]"
1748,Dropout,Dropout,1,Agronomy,"(25.0, 70.0]"
1749,Dropout,Dropout,1,Communication Design,"(20.0, 25.0]"
1750,Enrolled,Enrolled,0,Agronomy,"(20.0, 25.0]"
1751,Graduate,Graduate,0,Animation and Multimedia Design,"(16.999, 19.0]"
1752,Enrolled,Enrolled,0,Communication Design,"(19.0, 20.0]"
1753,Enrolled,Enrolled,0,Informatics Engineering,"(19.0, 20.0]"
1754,Dropout,Dropout,1,Informatics Engineering,"(19.0, 20.0]"
1755,Enrolled,Enrolled,0,Informatics Engineering,"(16.999, 19.0]"
1756,Enrolled,Enrolled,0,Animation and Multimedia Design,"(16.999, 19.0]"
1757,Dropout,Dropout,1,Equinculture,"(20.0, 25.0]"
1758,Graduate,Graduate,0,Advertising and Marketing Management,"(16.999, 19.0]"
1759,Graduate,Graduate,0,Nursing,"(16.999, 19.0]"
1760,Graduate,Graduate,0,Social Service,"(19.0, 20.0]"
1761,Dropout,Dropout,1,Animation and Multimedia Design,"(16.999, 19.0]"
1762,Graduate,Graduate,0,Journalism and Communication,"(25.0, 70.0]"
1763,Graduate,Graduate,0,Management,"(16.999, 19.0]"
1764,Graduate,Graduate,0,Management,"(20.0, 25.0]"
1765,Dropout,Dropout,1,Management,"(25.0, 70.0]"
1766,Dropout,Dropout,1,Agronomy,"(25.0, 70.0]"
1767,Enrolled,Enrolled,0,Tourism,"(25.0, 70.0]"
1768,Dropout,Dropout,1,Nursing,"(25.0, 70.0]"
1769,Enrolled,Enrolled,0,Management,"(25.0, 70.0]"
1770,Enrolled,Enrolled,0,Basic Education,"(20.0, 25.0]"
1771,Enrolled,Enrolled,0,Management,"(20.0, 25.0]"
1772,Graduate,Graduate,0,Journalism and Communication,"(16.999, 19.0]"
1773,Enrolled,Enrolled,0,Agronomy,"(20.0, 25.0]"
1774,Enrolled,Enrolled,0,Tourism,"(16.999, 19.0]"
1775,Dropout,Dropout,1,Journalism and Communication,"(19.0, 20.0]"
1776,Graduate,Graduate,0,Tourism,"(25.0, 70.0]"
1777,Dropout,Dropout,1,Management (evening attendance),"(25.0, 70.0]"
1778,Graduate,Graduate,0,Management,"(20.0, 25.0]"
1779,Graduate,Graduate,0,Nursing,"(16.999, 19.0]"
1780,Enrolled,Enrolled,0,Advertising and Marketing Management,"(20.0, 25.0]"
1781,Graduate,Graduate,0,Communication Design,"(20.0, 25.0]"
1782,Dropout,Dropout,1,Nursing,"(25.0, 70.0]"
1783,Enrolled,Enrolled,0,Management,"(16.999, 19.0]"
1784,Dropout,Dropout,1,Nursing,"(25.0, 70.0]"
1785,Enrolled,Enrolled,0,Management,"(20.0, 25.0]"
1786,Dropout,Dropout,1,Social Service,"(25.0, 70.0]"
1787,Graduate,Graduate,0,Management (evening attendance),"(25.0, 70.0]"
1788,Dropout,Dropout,1,Communication Design,"(20.0, 25.0]"
1789,Graduate,Graduate,0,Tourism,"(16.999, 19.0]"
1790,Graduate,Graduate,0,Nursing,"(25.0, 70.0]"
1791,Dropout,Dropout,1,Management,"(16.999, 19.0]"
1792,Dropout,Dropout,1,Management (evening attendance),"(25.0, 70.0]"
1793,Dropout,Dropout,1,Veterinary Nursing,"(20.0, 25.0]"
1794,Enrolled,Enrolled,0,Nursing,"(20.0, 25.0]"
1795,Graduate,Graduate,0,Nursing,"(16.999, 19.0]"
1796,Graduate,Graduate,0,Social Service,"(16.999, 19.0]"
1797,Dropout,Dropout,1,Veterinary Nursing,"(16.999, 19.0]"
1798,Dropout,Dropout,1,Agronomy,"(25.0, 70.0]"
1799,Dropout,Dropout,1,Tourism,"(19.0, 20.0]"
1800,Dropout,Dropout,1,Nursing,"(16.999, 19.0]"
1801,Graduate,Graduate,0,Social Service (evening attendance),"(25.0, 70.0]"
1802,Graduate,Graduate,0,Management,"(16.999, 19.0]"
1803,Dropout,Dropout,1,Advertising and Marketing Management,"(20.0, 25.0]"
1804,Dropout,Dropout,1,Management,"(25.0, 70.0]"
1805,Dropout,Dropout,1,Management (evening attendance),"(25.0, 70.0]"
1806,Enrolled,Enrolled,0,Informatics Engineering,"(16.999, 19.0]"
1807,Dropout,Dropout,1,Advertising and Marketing Management,"(16.999, 19.0]"
1808,Enrolled,Enrolled,0,Informatics Engineering,"(16.999, 19.0]"
1809,Graduate,Graduate,0,Management (evening attendance),"(25.0, 70.0]"
1810,Graduate,Graduate,0,Tourism,"(25.0, 70.0]"
1811,Graduate,Graduate,0,Nursing,"(16.999, 19.0]"
1812,Dropout,Dropout,1,Nursing,"(25.0, 70.0]"
1813,Graduate,Graduate,0,Management,"(16.999, 19.0]"
1814,Dropout,Dropout,1,Communication Design,"(19.0, 20.0]"
1815,Enrolled,Enrolled,0,Agronomy,"(20.0, 25.0]"
1816,Graduate,Graduate,0,Management (evening attendance),"(25.0, 70.0]"
1817,Graduate,Graduate,0,Communication Design,"(20.0, 25.0]"
1818,Dropout,Dropout,1,Journalism and Communication,"(16.999, 19.0]"
1819,Dropout,Dropout,1,Nursing,"(16.999, 19.0]"
1820,Enrolled,Enrolled,0,Veterinary Nursing,"(16.999, 19.0]"
1821,Enrolled,Enrolled,0,Nursing,"(16.999, 19.0]"
1822,Enrolled,Enrolled,0,Management,"(16.999, 19.0]"
1823,Dropout,Dropout,1,Advertising and Marketing Management,"(20.0, 25.0]"
1824,Graduate,Graduate,0,Social Service,"(19.0, 20.0]"
1825,Graduate,Graduate,0,Tourism,"(16.999, 19.0]"
1826,Graduate,Graduate,0,Social Service,"(16.999, 19.0]"
1827,Enrolled,Enrolled,0,Veterinary Nursing,"(20.0, 25.0]"
1828,Dropout,Dropout,1,Nursing,"(25.0, 70.0]"
1829,Enrolled,Enrolled,0,Management,"(16.999, 19.0]"
1830,Dropout,Dropout,1,Basic Education,"(16.999, 19.0]"
1831,Graduate,Graduate,0,Social Service,"(16.999, 19.0]"
1832,Graduate,Graduate,0,Management,"(16.999, 19.0]"
1833,Dropout,Dropout,1,Management,"(16.999, 19.0]"
1834,Graduate,Graduate,0,Nursing,"(16.999, 19.0]"
1835,Graduate,Graduate,0,Social Service,"(19.0, 20.0]"
1836,Graduate,Graduate,0,Social Service (evening attendance),"(25.0, 70.0]"
1837,Enrolled,Enrolled,0,Nursing,"(25.0, 70.0]"
1838,Graduate,Graduate,0,Nursing,"(16.999, 19.0]"
1839,Graduate,Graduate,0,Communication Design,"(20.0, 25.0]"
1840,Dropout,Dropout,1,Journalism and Communication,"(16.999, 19.0]"
1841,Dropout,Dropout,1,Equinculture,"(16.999, 19.0]"
1842,Graduate,Graduate,0,Management,"(16.999, 19.0]"
1843,Enrolled,Enrolled,0,Management,"(19.0, 20.0]"
1844,Graduate,Graduate,0,Nursing,"(16.999, 19.0]"
1845,Dropout,Dropout,1,Equinculture,"(16.999, 19.0]"
1846,Dropout,Dropout,1,Agronomy,"(16.999, 19.0]"
1847,Dropout,Dropout,1,Management (evening attendance),"(25.0, 70.0]"
1848,Graduate,Graduate,0,Nursing,"(16.999, 19.0]"
1849,Enrolled,Enrolled,0,Tourism,"(16.999, 19.0]"
1850,Dropout,Dropout,1,Nursing,"(20.0, 25.0]"
1851,Dropout,Dropout,1,Informatics Engineering,"(16.999, 19.0]"
1852,Graduate,Graduate,0,Management,"(16.999, 19.0]"
1853,Graduate,Graduate,0,Agronomy,"(19.0, 20.0]"
1854,Dropout,Dropout,1,Veterinary Nursing,"(25.0, 70.0]"
1855,Dropout,Dropout,1,Advertising and Marketing Management,"(25.0, 70.0]"
1856,Graduate,Graduate,0,Communication Design,"(16.999, 19.0]"
1857,Graduate,Graduate,0,Social Service,"(20.0, 25.0]"
1858,Graduate,Graduate,0,Communication Design,"(19.0, 20.0]"
1859,Enrolled,Enrolled,0,Management (evening attendance),"(25.0, 70.0]"
1860,Dropout,Dropout,1,Informatics Engineering,"(25.0, 70.0]"
1861,Enrolled,Enrolled,0,Informatics Engineering,"(25.0, 70.0]"
1862,Dropout,Dropout,1,Tourism,"(19.0, 20.0]"
1863,Graduate,Graduate,0,Communication Design,"(16.999, 19.0]"
1864,Dropout,Dropout,1,Equinculture,"(25.0, 70.0]"
1865,Graduate,Graduate,0,Management (evening attendance),"(25.0, 70.0]"
1866,Dropout,Dropout,1,Management,"(25.0, 70.0]"
1867,Dropout,Dropout,1,Management (evening attendance),"(25.0, 70.0]"
1868,Graduate,Graduate,0,Animation and Multimedia Design,"(19.0, 20.0]"
1869,Graduate,Graduate,0,Journalism and Communication,"(16.999, 19.0]"
1870,Dropout,Dropout,1,Advertising and Marketing Management,"(20.0, 25.0]"
1871,Dropout,Dropout,1,Nursing,"(19.0, 20.0]"
1872,Graduate,Graduate,0,Nursing,"(19.0, 20.0]"
1873,Dropout,Dropout,1,Social Service (evening attendance),"(25.0, 70.0]"
1874,Graduate,Graduate,0,Journalism and Communication,"(19.0, 20.0]"
1875,Graduate,Graduate,0,Nursing,"(20.0, 25.0]"
1876,Dropout,Dropout,1,Oral Hygiene,"(25.0, 70.0]"
1877,Dropout,Dropout,1,Nursing,"(16.999, 19.0]"
1878,Dropout,Dropout,1,Animation and Multimedia Design,"(16.999, 19.0]"
1879,Graduate,Graduate,0,Nursing,"(16.999, 19.0]"
1880,Enrolled,Enrolled,0,Informatics Engineering,"(25.0, 70.0]"
1881,Dropout,Dropout,1,Agronomy,"(25.0, 70.0]"
1882,Dropout,Dropout,1,Tourism,"(16.999, 19.0]"
1883,Graduate,Graduate,0,Animation and Multimedia Design,"(16.999, 19.0]"
1884,Enrolled,Enrolled,0,Nursing,"(25.0, 70.0]"
1885,Graduate,Graduate,0,Nursing,"(16.999, 19.0]"
1886,Dropout,Dropout,1,Agronomy,"(25.0, 70.0]"
1887,Dropout,Dropout,1,Journalism and Communication,"(25.0, 70.0]"
1888,Graduate,Graduate,0,Veterinary Nursing,"(16.999, 19.0]"
1889,Graduate,Graduate,0,Animation and Multimedia Design,"(16.999, 19.0]"
1890,Graduate,Graduate,0,Animation and Multimedia Design,"(16.999, 19.0]"
1891,Graduate,Graduate,0,Nursing,"(16.999, 19.0]"
1892,Dropout,Dropout,1,Equinculture,"(16.999, 19.0]"
1893,Enrolled,Enrolled,0,Animation and Multimedia Design,"(16.999, 19.0]"
1894,Graduate,Graduate,0,Animation and Multimedia Design,"(20.0, 25.0]"
1895,Enrolled,Enrolled,0,Communication Design,"(16.999, 19.0]"
1896,Enrolled,Enrolled,0,Veterinary Nursing,"(20.0, 25.0]"
1897,Dropout,Dropout,1,Journalism and Communication,"(16.999, 19.0]"
1898,Graduate,Graduate,0,Animation and Multimedia Design,"(16.999, 19.0]"
1899,Graduate,Graduate,0,Veterinary Nursing,"(20.0, 25.0]"
1900,Graduate,Graduate,0,Journalism and Communication,"(19.0, 20.0]"
1901,Graduate,Graduate,0,Veterinary Nursing,"(20.0, 25.0]"
1902,Graduate,Graduate,0,Equinculture,"(16.999, 19.0]"
1903,Graduate,Graduate,0,Nursing,"(16.999, 19.0]"
1904,Graduate,Graduate,0,Journalism and Communication,"(16.999, 19.0]"
1905,Graduate,Graduate,0,Social Service,"(19.0, 20.0]"
1906,Graduate,Graduate,0,Nursing,"(16.999, 19.0]"
1907,Graduate,Graduate,0,Nursing,"(16.999, 19.0]"
1908,Enrolled,Enrolled,0,Basic Education,"(16.999, 19.0]"
1909,Graduate,Graduate,0,Nursing,"(16.999, 19.0]"
1910,Graduate,Graduate,0,Advertising and Marketing Management,"(16.999, 19.0]"
1911,Graduate,Graduate,0,Nursing,"(19.0, 20.0]"
1912,Graduate,Graduate,0,Oral Hygiene,"(16.999, 19.0]"
1913,Dropout,Dropout,1,Social Service (evening attendance),"(16.999, 19.0]"
1914,Graduate,Graduate,0,Basic Education,"(16.999, 19.0]"
1915,Graduate,Graduate,0,Nursing,"(16.999, 19.0]"
1916,Graduate,Graduate,0,Nursing,"(16.999, 19.0]"
1917,Graduate,Graduate,0,Nursing,"(19.0, 20.0]"
1918,Graduate,Graduate,0,Communication Design,"(20.0, 25.0]"
1919,Enrolled,Enrolled,0,Advertising and Marketing Management,"(19.0, 20.0]"
1920,Enrolled,Enrolled,0,Veterinary Nursing,"(19.0, 20.0]"
1921,Graduate,Graduate,0,Social Service,"(16.999, 19.0]"
1922,Enrolled,Enrolled,0,Basic Education,"(16.999, 19.0]"
1923,Graduate,Graduate,0,Management,"(16.999, 19.0]"
1924,Dropout,Dropout,1,Advertising and Marketing Management,"(16.999, 19.0]"
1925,Graduate,Graduate,0,Social Service,"(16.999, 19.0]"
1926,Graduate,Graduate,0,Veterinary Nursing,"(16.999, 19.0]"
1927,Graduate,Graduate,0,Journalism and Communication,"(16.999, 19.0]"
1928,Enrolled,Enrolled,0,Communication Design,"(16.999, 19.0]"
1929,Graduate,Graduate,0,Nursing,"(16.999, 19.0]"
1930,Graduate,Graduate,0,Nursing,"(16.999, 19.0]"
1931,Graduate,Graduate,0,Advertising and Marketing Management,"(16.999, 19.0]"
1932,Graduate,Graduate,0,Social Service,"(16.999, 19.0]"
1933,Graduate,Graduate,0,Nursing,"(20.0, 25.0]"
1934,Graduate,Graduate,0,Nursing,"(16.999, 19.0]"
1935,Graduate,Graduate,0,Nursing,"(16.999, 19.0]"
1936,Graduate,Graduate,0,Equinculture,"(16.999, 19.0]"
1937,Graduate,Graduate,0,Nursing,"(16.999, 19.0]"
1938,Dropout,Dropout,1,Veterinary Nursing,"(20.0, 25.0]"
1939,Graduate,Graduate,0,Journalism and Communication,"(20.0, 25.0]"
1940,Graduate,Graduate,0,Tourism,"(16.999, 19.0]"
1941,Graduate,Graduate,0,Social Service,"(16.999, 19.0]"
1942,Graduate,Graduate,0,Communication Design,"(19.0, 20.0]"
1943,Graduate,Graduate,0,Communication Design,"(16.999, 19.0]"
1944,Dropout,Dropout,1,Journalism and Communication,"(16.999, 19.0]"
1945,Graduate,Graduate,0,Nursing,"(25.0, 70.0]"
1946,Graduate,Graduate,0,Nursing,"(16.999, 19.0]"
1947,Graduate,Graduate,0,Veterinary Nursing,"(16.999, 19.0]"
1948,Graduate,Graduate,0,Journalism and Communication,"(16.999, 19.0]"
1949,Graduate,Graduate,0,Nursing,"(19.0, 20.0]"
1950,Dropout,Dropout,1,Tourism,"(16.999, 19.0]"
1951,Dropout,Dropout,1,Tourism,"(16.999, 19.0]"
1952,Dropout,Dropout,1,Animation and Multimedia Design,"(16.999, 19.0]"
1953,Graduate,Graduate,0,Tourism,"(16.999, 19.0]"
1954,Enrolled,Enrolled,0,Nursing,"(16.999, 19.0]"
1955,Graduate,Graduate,0,Basic Education,"(16.999, 19.0]"
1956,Enrolled,Enrolled,0,Social Service,"(16.999, 19.0]"
1957,Graduate,Graduate,0,Nursing,"(20.0, 25.0]"
1958,Dropout,Dropout,1,Social Service,"(16.999, 19.0]"
1959,Enrolled,Enrolled,0,Veterinary Nursing,"(20.0, 25.0]"
1960,Graduate,Graduate,0,Social Service,"(16.999, 19.0]"
1961,Enrolled,Enrolled,0,Nursing,"(19.0, 20.0]"
1962,Graduate,Graduate,0,Advertising and Marketing Management,"(19.0, 20.0]"
1963,Graduate,Graduate,0,Nursing,"(19.0, 20.0]"
1964,Graduate,Graduate,0,Veterinary Nursing,"(16.999, 19.0]"
1965,Graduate,Graduate,0,Agronomy,"(25.0, 70.0]"
1966,Graduate,Graduate,0,Veterinary Nursing,"(19.0, 20.0]"
1967,Enrolled,Enrolled,0,Veterinary Nursing,"(16.999, 19.0]"
1968,Enrolled,Enrolled,0,Basic Education,"(16.999, 19.0]"
1969,Graduate,Graduate,0,Advertising and Marketing Management,"(16.999, 19.0]"
1970,Enrolled,Enrolled,0,Social Service,"(19.0, 20.0]"
1971,Graduate,Graduate,0,Veterinary Nursing,"(19.0, 20.0]"
1972,Dropout,Dropout,1,Advertising and Marketing Management,"(16.999, 19.0]"
1973,Graduate,Graduate,0,Management,"(20.0, 25.0]"
1974,Graduate,Graduate,0,Nursing,"(16.999, 19.0]"
1975,Dropout,Dropout,1,Communication Design,"(20.0, 25.0]"
1976,Enrolled,Enrolled,0,Nursing,"(16.999, 19.0]"
1977,Graduate,Graduate,0,Social Service,"(19.0, 20.0]"
1978,Enrolled,Enrolled,0,Veterinary Nursing,"(19.0, 20.0]"
1979,Graduate,Graduate,0,Advertising and Marketing Management,"(16.999, 19.0]"
1980,Graduate,Graduate,0,Management,"(16.999, 19.0]"
1981,Graduate,Graduate,0,Social Service,"(16.999, 19.0]"
1982,Graduate,Graduate,0,Veterinary Nursing,"(20.0, 25.0]"
1983,Graduate,Graduate,0,Nursing,"(16.999, 19.0]"
1984,Graduate,Graduate,0,Nursing,"(16.999, 19.0]"
1985,Graduate,Graduate,0,Tourism,"(19.0, 20.0]"
1986,Graduate,Graduate,0,Nursing,"(25.0, 70.0]"
1987,Enrolled,Enrolled,0,Management (evening attendance),"(25.0, 70.0]"
1988,Graduate,Graduate,0,Nursing,"(20.0, 25.0]"
1989,Enrolled,Enrolled,0,Advertising and Marketing Management,"(16.999, 19.0]"
1990,Graduate,Graduate,0,Social Service (evening attendance),"(16.999, 19.0]"
1991,Dropout,Dropout,1,Animation and Multimedia Design,"(25.0, 70.0]"
1992,Enrolled,Enrolled,0,Social Service (evening attendance),"(20.0, 25.0]"
1993,Graduate,Graduate,0,Management,"(20.0, 25.0]"
1994,Dropout,Dropout,1,Tourism,"(19.0, 20.0]"
1995,Graduate,Graduate,0,Social Service,"(16.999, 19.0]"
1996,Graduate,Graduate,0,Veterinary Nursing,"(16.999, 19.0]"
1997,Graduate,Graduate,0,Journalism and Communication,"(16.999, 19.0]"
1998,Dropout,Dropout,1,Social Service (evening attendance),"(20.0, 25.0]"
1999,Graduate,Graduate,0,Management,"(25.0, 70.0]"
2000,Dropout,Dropout,1,Tourism,"(20.0, 25.0]"
2001,Dropout,Dropout,1,Social Service,"(16.999, 19.0]"
2002,Graduate,Graduate,0,Tourism,"(25.0, 70.0]"
2003,Dropout,Dropout,1,Basic Education,"(16.999, 19.0]"
2004,Dropout,Dropout,1,Basic Education,"(20.0, 25.0]"
2005,Graduate,Graduate,0,Veterinary Nursing,"(16.999, 19.0]"
2006,Graduate,Graduate,0,Social Service (evening attendance),"(25.0, 70.0]"
2007,Graduate,Graduate,0,Veterinary Nursing,"(16.999, 19.0]"
2008,Graduate,Graduate,0,Animation and Multimedia Design,"(16.999, 19.0]"
2009,Dropout,Dropout,1,Journalism and Communication,"(20.0, 25.0]"
2010,Graduate,Graduate,0,Basic Education,"(16.999, 19.0]"
2011,Graduate,Graduate,0,Management (evening attendance),"(25.0, 70.0]"
2012,Dropout,Dropout,1,Basic Education,"(25.0, 70.0]"
2013,Dropout,Dropout,1,Basic Education,"(25.0, 70.0]"
2014,Dropout,Dropout,1,Agronomy,"(25.0, 70.0]"
2015,Graduate,Graduate,0,Social Service,"(19.0, 20.0]"
2016,Graduate,Graduate,0,Tourism,"(20.0, 25.0]"
2017,Graduate,Graduate,0,Nursing,"(16.999, 19.0]"
2018,Enrolled,Enrolled,0,Tourism,"(20.0, 25.0]"
2019,Graduate,Graduate,0,Journalism and Communication,"(16.999, 19.0]"
2020,Dropout,Dropout,1,Agronomy,"(25.0, 70.0]"
2021,Dropout,Dropout,1,Basic Education,"(25.0, 70.0]"
2022,Dropout,Dropout,1,Animation and Multimedia Design,"(20.0, 25.0]"
2023,Graduate,Graduate,0,Communication Design,"(16.999, 19.0]"
2024,Enrolled,Enrolled,0,Management (evening attendance),"(25.0, 70.0]"
2025,Graduate,Graduate,0,Nursing,"(16.999, 19.0]"
2026,Graduate,Graduate,0,Animation and Multimedia Design,"(20.0, 25.0]"
2027,Enrolled,Enrolled,0,Animation and Multimedia Design,"(16.999, 19.0]"
2028,Graduate,Graduate,0,Nursing,"(16.999, 19.0]"
2029,Graduate,Graduate,0,Journalism and Communication,"(16.999, 19.0]"
2030,Graduate,Graduate,0,Nursing,"(16.999, 19.0]"
2031,Dropout,Dropout,1,Tourism,"(25.0, 70.0]"
2032,Graduate,Graduate,0,Veterinary Nursing,"(25.0, 70.0]"
2033,Dropout,Dropout,1,Management (evening attendance),"(25.0, 70.0]"
2034,Graduate,Graduate,0,Journalism and Communication,"(25.0, 70.0]"
2035,Enrolled,Enrolled,0,Nursing,"(20.0, 25.0]"
2036,Dropout,Dropout,1,Management,"(20.0, 25.0]"
2037,Dropout,Dropout,1,Equinculture,"(25.0, 70.0]"
2038,Graduate,Graduate,0,Advertising and Marketing Management,"(19.0, 20.0]"
2039,Graduate,Graduate,0,Social Service,"(16.999, 19.0]"
2040,Dropout,Dropout,1,Basic Education,"(19.0, 20.0]"
2041,Graduate,Graduate,0,Management (evening attendance),"(25.0, 70.0]"
2042,Graduate,Graduate,0,Tourism,"(16.999, 19.0]"
2043,Graduate,Graduate,0,Tourism,"(16.999, 19.0]"
2044,Graduate,Graduate,0,Veterinary Nursing,"(20.0, 25.0]"
2045,Graduate,Graduate,0,Nursing,"(19.0, 20.0]"
2046,Dropout,Dropout,1,Nursing,"(16.999, 19.0]"
2047,Dropout,Dropout,1,Oral Hygiene,"(19.0, 20.0]"
2048,Graduate,Graduate,0,Nursing,"(16.999, 19.0]"
2049,Graduate,Graduate,0,Nursing,"(16.999, 19.0]"
2050,Graduate,Graduate,0,Social Service,"(16.999, 19.0]"
2051,Graduate,Graduate,0,Social Service,"(16.999, 19.0]"
2052,Dropout,Dropout,1,Journalism and Communication,"(16.999, 19.0]"
2053,Enrolled,Enrolled,0,Nursing,"(16.999, 19.0]"
2054,Graduate,Graduate,0,Oral Hygiene,"(16.999, 19.0]"
2055,Graduate,Graduate,0,Communication Design,"(16.999, 19.0]"
2056,Graduate,Graduate,0,Agronomy,"(20.0, 25.0]"
2057,Enrolled,Enrolled,0,Veterinary Nursing,"(19.0, 20.0]"
2058,Graduate,Graduate,0,Management,"(20.0, 25.0]"
2059,Dropout,Dropout,1,Veterinary Nursing,"(19.0, 20.0]"
2060,Graduate,Graduate,0,Nursing,"(16.999, 19.0]"
2061,Graduate,Graduate,0,Oral Hygiene,"(16.999, 19.0]"
2062,Graduate,Graduate,0,Nursing,"(16.999, 19.0]"
2063,Graduate,Graduate,0,Veterinary Nursing,"(16.999, 19.0]"
2064,Graduate,Graduate,0,Management,"(20.0, 25.0]"
2065,Graduate,Graduate,0,Basic Education,"(16.999, 19.0]"
2066,Graduate,Graduate,0,Tourism,"(16.999, 19.0]"
2067,Graduate,Graduate,0,Communication Design,"(16.999, 19.0]"
2068,Enrolled,Enrolled,0,Basic Education,"(16.999, 19.0]"
2069,Dropout,Dropout,1,Management,"(20.0, 25.0]"
2070,Graduate,Graduate,0,Advertising and Marketing Management,"(16.999, 19.0]"
2071,Graduate,Graduate,0,Nursing,"(16.999, 19.0]"
2072,Graduate,Graduate,0,Advertising and Marketing Management,"(19.0, 20.0]"
2073,Graduate,Graduate,0,Veterinary Nursing,"(16.999, 19.0]"
2074,Graduate,Graduate,0,Social Service,"(16.999, 19.0]"
2075,Graduate,Graduate,0,Social Service,"(16.999, 19.0]"
2076,Graduate,Graduate,0,Social Service,"(16.999, 19.0]"
2077,Graduate,Graduate,0,Nursing,"(16.999, 19.0]"
2078,Graduate,Graduate,0,Nursing,"(16.999, 19.0]"
2079,Graduate,Graduate,0,Nursing,"(16.999, 19.0]"
2080,Graduate,Graduate,0,Nursing,"(16.999, 19.0]"
2081,Graduate,Graduate,0,Nursing,"(16.999, 19.0]"
2082,Graduate,Graduate,0,Nursing,"(20.0, 25.0]"
2083,Graduate,Graduate,0,Journalism and Communication,"(16.999, 19.0]"
2084,Graduate,Graduate,0,Journalism and Communication,"(16.999, 19.0]"
2085,Dropout,Dropout,1,Journalism and Communication,"(16.999, 19.0]"
2086,Dropout,Dropout,1,Social Service (evening attendance),"(25.0, 70.0]"
2087,Dropout,Dropout,1,Equinculture,"(16.999, 19.0]"
2088,Graduate,Graduate,0,Nursing,"(19.0, 20.0]"
2089,Dropout,Dropout,1,Advertising and Marketing Management,"(20.0, 25.0]"
2090,Graduate,Graduate,0,Nursing,"(16.999, 19.0]"
2091,Enrolled,Enrolled,0,Veterinary Nursing,"(20.0, 25.0]"
2092,Graduate,Graduate,0,Nursing,"(16.999, 19.0]"
2093,Graduate,Graduate,0,Nursing,"(16.999, 19.0]"
2094,Dropout,Dropout,1,Basic Education,"(25.0, 70.0]"
2095,Graduate,Graduate,0,Equinculture,"(19.0, 20.0]"
2096,Dropout,Dropout,1,Nursing,"(25.0, 70.0]"
2097,Graduate,Graduate,0,Social Service,"(20.0, 25.0]"
2098,Graduate,Graduate,0,Nursing,"(16.999, 19.0]"
2099,Dropout,Dropout,1,Tourism,"(16.999, 19.0]"
2100,Enrolled,Enrolled,0,Journalism and Communication,"(20.0, 25.0]"
2101,Graduate,Graduate,0,Social Service (evening attendance),"(19.0, 20.0]"
2102,Graduate,Graduate,0,Nursing,"(16.999, 19.0]"
2103,Dropout,Dropout,1,Journalism and Communication,"(19.0, 20.0]"
2104,Graduate,Graduate,0,Social Service,"(19.0, 20.0]"
2105,Enrolled,Enrolled,0,Nursing,"(16.999, 19.0]"
2106,Enrolled,Enrolled,0,Communication Design,"(16.999, 19.0]"
2107,Graduate,Graduate,0,Journalism and Communication,"(16.999, 19.0]"
2108,Enrolled,Enrolled,0,Veterinary Nursing,"(16.999, 19.0]"
2109,Graduate,Graduate,0,Veterinary Nursing,"(20.0, 25.0]"
2110,Enrolled,Enrolled,0,Veterinary Nursing,"(16.999, 19.0]"
2111,Graduate,Graduate,0,Agronomy,"(16.999, 19.0]"
2112,Graduate,Graduate,0,Oral Hygiene,"(16.999, 19.0]"
2113,Graduate,Graduate,0,Social Service,"(19.0, 20.0]"
2114,Dropout,Dropout,1,Basic Education,"(16.999, 19.0]"
2115,Dropout,Dropout,1,Advertising and Marketing Management,"(20.0, 25.0]"
2116,Graduate,Graduate,0,Social Service,"(16.999, 19.0]"
2117,Dropout,Dropout,1,Nursing,"(16.999, 19.0]"
2118,Graduate,Graduate,0,Journalism and Communication,"(16.999, 19.0]"
2119,Enrolled,Enrolled,0,Animation and Multimedia Design,"(16.999, 19.0]"
2120,Dropout,Dropout,1,Veterinary Nursing,"(20.0, 25.0]"
2121,Graduate,Graduate,0,Management,"(16.999, 19.0]"
2122,Graduate,Graduate,0,Management,"(16.999, 19.0]"
2123,Dropout,Dropout,1,Social Service,"(16.999, 19.0]"
2124,Graduate,Graduate,0,Animation and Multimedia Design,"(16.999, 19.0]"
2125,Dropout,Dropout,1,Tourism,"(16.999, 19.0]"
2126,Dropout,Dropout,1,Nursing,"(19.0, 20.0]"
2127,Dropout,Dropout,1,Nursing,"(16.999, 19.0]"
2128,Dropout,Dropout,1,Animation and Multimedia Design,"(16.999, 19.0]"
2129,Graduate,Graduate,0,Communication Design,"(16.999, 19.0]"
2130,Enrolled,Enrolled,0,Veterinary Nursing,"(16.999, 19.0]"
2131,Graduate,Graduate,0,Social Service,"(16.999, 19.0]"
2132,Graduate,Graduate,0,Management,"(19.0, 20.0]"
2133,Graduate,Graduate,0,Nursing,"(16.999, 19.0]"
2134,Graduate,Graduate,0,Nursing,"(16.999, 19.0]"
2135,Dropout,Dropout,1,Tourism,"(20.0, 25.0]"
2136,Graduate,Graduate,0,Communication Design,"(16.999, 19.0]"
2137,Graduate,Graduate,0,Journalism and Communication,"(16.999, 19.0]"
2138,Graduate,Graduate,0,Oral Hygiene,"(16.999, 19.0]"
2139,Dropout,Dropout,1,Management,"(19.0, 20.0]"
2140,Enrolled,Enrolled,0,Nursing,"(16.999, 19.0]"
2141,Graduate,Graduate,0,Veterinary Nursing,"(19.0, 20.0]"
2142,Graduate,Graduate,0,Social Service,"(20.0, 25.0]"
2143,Graduate,Graduate,0,Animation and Multimedia Design,"(16.999, 19.0]"
2144,Graduate,Graduate,0,Social Service (evening attendance),"(25.0, 70.0]"
2145,Enrolled,Enrolled,0,Equinculture,"(16.999, 19.0]"
2146,Graduate,Graduate,0,Communication Design,"(16.999, 19.0]"
2147,Graduate,Graduate,0,Tourism,"(16.999, 19.0]"
2148,Graduate,Graduate,0,Veterinary Nursing,"(20.0, 25.0]"
2149,Graduate,Graduate,0,Social Service,"(19.0, 20.0]"
2150,Graduate,Graduate,0,Basic Education,"(19.0, 20.0]"
2151,Enrolled,Enrolled,0,Veterinary Nursing,"(20.0, 25.0]"
2152,Graduate,Graduate,0,Nursing,"(16.999, 19.0]"
2153,Graduate,Graduate,0,Social Service,"(20.0, 25.0]"
2154,Graduate,Graduate,0,Communication Design,"(16.999, 19.0]"
2155,Graduate,Graduate,0,Nursing,"(16.999, 19.0]"
2156,Enrolled,Enrolled,0,Animation and Multimedia Design,"(16.999, 19.0]"
2157,Graduate,Graduate,0,Veterinary Nursing,"(20.0, 25.0]"
2158,Graduate,Graduate,0,Basic Education,"(20.0, 25.0]"
2159,Dropout,Dropout,1,Tourism,"(16.999, 19.0]"
2160,Graduate,Graduate,0,Nursing,"(19.0, 20.0]"
2161,Dropout,Dropout,1,Advertising and Marketing Management,"(16.999, 19.0]"
2162,Dropout,Dropout,1,Social Service,"(19.0, 20.0]"
2163,Graduate,Graduate,0,Nursing,"(20.0, 25.0]"
2164,Graduate,Graduate,0,Journalism and Communication,"(16.999, 19.0]"
2165,Graduate,Graduate,0,Social Service,"(19.0, 20.0]"
2166,Graduate,Graduate,0,Nursing,"(16.999, 19.0]"
2167,Graduate,Graduate,0,Management,"(19.0, 20.0]"
2168,Graduate,Graduate,0,Nursing,"(16.999, 19.0]"
2169,Graduate,Graduate,0,Advertising and Marketing Management,"(19.0, 20.0]"
2170,Graduate,Graduate,0,Nursing,"(16.999, 19.0]"
2171,Graduate,Graduate,0,Veterinary Nursing,"(20.0, 25.0]"
2172,Graduate,Graduate,0,Communication Design,"(25.0, 70.0]"
2173,Dropout,Dropout,1,Veterinary Nursing,"(20.0, 25.0]"
2174,Graduate,Graduate,0,Social Service,"(19.0, 20.0]"
2175,Graduate,Graduate,0,Animation and Multimedia Design,"(16.999, 19.0]"
2176,Graduate,Graduate,0,Communication Design,"(16.999, 19.0]"
2177,Dropout,Dropout,1,Social Service (evening attendance),"(25.0, 70.0]"
2178,Graduate,Graduate,0,Nursing,"(16.999, 19.0]"
2179,Graduate,Graduate,0,Journalism and Communication,"(16.999, 19.0]"
2180,Dropout,Dropout,1,Animation and Multimedia Design,"(16.999, 19.0]"
2181,Graduate,Graduate,0,Social Service,"(16.999, 19.0]"
2182,Graduate,Graduate,0,Nursing,"(16.999, 19.0]"
2183,Dropout,Dropout,1,Basic Education,"(19.0, 20.0]"
2184,Enrolled,Enrolled,0,Social Service,"(16.999, 19.0]"
2185,Graduate,Graduate,0,Tourism,"(16.999, 19.0]"
2186,Enrolled,Enrolled,0,Communication Design,"(16.999, 19.0]"
2187,Graduate,Graduate,0,Nursing,"(16.999, 19.0]"
2188,Graduate,Graduate,0,Tourism,"(16.999, 19.0]"
2189,Dropout,Dropout,1,Journalism and Communication,"(19.0, 20.0]"
2190,Enrolled,Enrolled,0,Animation and Multimedia Design,"(16.999, 19.0]"
2191,Dropout,Dropout,1,Nursing,"(16.999, 19.0]"
2192,Dropout,Dropout,1,Agronomy,"(25.0, 70.0]"
2193,Enrolled,Enrolled,0,Informatics Engineering,"(16.999, 19.0]"
2194,Graduate,Graduate,0,Animation and Multimedia Design,"(16.999, 19.0]"
2195,Enrolled,Enrolled,0,Journalism and Communication,"(16.999, 19.0]"
2196,Enrolled,Enrolled,0,Management,"(19.0, 20.0]"
2197,Enrolled,Enrolled,0,Communication Design,"(16.999, 19.0]"
2198,Dropout,Dropout,1,Management,"(16.999, 19.0]"
2199,Dropout,Dropout,1,Oral Hygiene,"(20.0, 25.0]"
2200,Dropout,Dropout,1,Social Service (evening attendance),"(25.0, 70.0]"
2201,Graduate,Graduate,0,Nursing,"(20.0, 25.0]"
2202,Graduate,Graduate,0,Tourism,"(16.999, 19.0]"
2203,Dropout,Dropout,1,Animation and Multimedia Design,"(25.0, 70.0]"
2204,Graduate,Graduate,0,Communication Design,"(16.999, 19.0]"
2205,Enrolled,Enrolled,0,Informatics Engineering,"(19.0, 20.0]"
2206,Dropout,Dropout,1,Management,"(16.999, 19.0]"
2207,Enrolled,Enrolled,0,Management,"(20.0, 25.0]"
2208,Enrolled,Enrolled,0,Management,"(20.0, 25.0]"
2209,Dropout,Dropout,1,Journalism and Communication,"(16.999, 19.0]"
2210,Graduate,Graduate,0,Nursing,"(16.999, 19.0]"
2211,Graduate,Graduate,0,Communication Design,"(16.999, 19.0]"
2212,Enrolled,Enrolled,0,Informatics Engineering,"(16.999, 19.0]"
2213,Dropout,Dropout,1,Social Service,"(16.999, 19.0]"
2214,Graduate,Graduate,0,Agronomy,"(20.0, 25.0]"
2215,Enrolled,Enrolled,0,Journalism and Communication,"(16.999, 19.0]"
2216,Graduate,Graduate,0,Oral Hygiene,"(16.999, 19.0]"
2217,Dropout,Dropout,1,Management,"(16.999, 19.0]"
2218,Graduate,Graduate,0,Journalism and Communication,"(20.0, 25.0]"
2219,Graduate,Graduate,0,Communication Design,"(20.0, 25.0]"
2220,Graduate,Graduate,0,Nursing,"(20.0, 25.0]"
2221,Graduate,Graduate,0,Nursing,"(16.999, 19.0]"
2222,Enrolled,Enrolled,0,Informatics Engineering,"(16.999, 19.0]"
2223,Dropout,Dropout,1,Animation and Multimedia Design,"(19.0, 20.0]"
2224,Graduate,Graduate,0,Nursing,"(16.999, 19.0]"
2225,Dropout,Dropout,1,Tourism,"(16.999, 19.0]"
2226,Graduate,Graduate,0,Advertising and Marketing Management,"(16.999, 19.0]"
2227,Dropout,Dropout,1,Agronomy,"(20.0, 25.0]"
2228,Dropout,Dropout,1,Journalism and Communication,"(25.0, 70.0]"
2229,Graduate,Graduate,0,Communication Design,"(16.999, 19.0]"
2230,Graduate,Graduate,0,Animation and Multimedia Design,"(16.999, 19.0]"
2231,Dropout,Dropout,1,Animation and Multimedia Design,"(16.999, 19.0]"
2232,Dropout,Dropout,1,Management,"(25.0, 70.0]"
2233,Dropout,Dropout,1,Tourism,"(19.0, 20.0]"
2234,Enrolled,Enrolled,0,Tourism,"(16.999, 19.0]"
2235,Graduate,Graduate,0,Animation and Multimedia Design,"(20.0, 25.0]"
2236,Enrolled,Enrolled,0,Tourism,"(16.999, 19.0]"
2237,Dropout,Dropout,1,Tourism,"(20.0, 25.0]"
2238,Enrolled,Enrolled,0,Equinculture,"(20.0, 25.0]"
2239,Enrolled,Enrolled,0,Veterinary Nursing,"(20.0, 25.0]"
2240,Graduate,Graduate,0,Tourism,"(25.0, 70.0]"
2241,Enrolled,Enrolled,0,Management (evening attendance),"(25.0, 70.0]"
2242,Enrolled,Enrolled,0,Informatics Engineering,"(16.999, 19.0]"
2243,Graduate,Graduate,0,Nursing,"(16.999, 19.0]"
2244,Dropout,Dropout,1,Tourism,"(25.0, 70.0]"
2245,Graduate,Graduate,0,Social Service,"(20.0, 25.0]"
2246,Enrolled,Enrolled,0,Nursing,"(16.999, 19.0]"
2247,Enrolled,Enrolled,0,Nursing,"(20.0, 25.0]"
2248,Dropout,Dropout,1,Informatics Engineering,"(20.0, 25.0]"
2249,Graduate,Graduate,0,Equinculture,"(16.999, 19.0]"
2250,Dropout,Dropout,1,Social Service,"(20.0, 25.0]"
2251,Dropout,Dropout,1,Animation and Multimedia Design,"(20.0, 25.0]"
2252,Dropout,Dropout,1,Veterinary Nursing,"(25.0, 70.0]"
2253,Dropout,Dropout,1,Informatics Engineering,"(25.0, 70.0]"
2254,Dropout,Dropout,1,Management (evening attendance),"(25.0, 70.0]"
2255,Dropout,Dropout,1,Tourism,"(25.0, 70.0]"
2256,Dropout,Dropout,1,Biofuel Production Technologies,"(20.0, 25.0]"
2257,Enrolled,Enrolled,0,Agronomy,"(19.0, 20.0]"
2258,Dropout,Dropout,1,Communication Design,"(25.0, 70.0]"
2259,Graduate,Graduate,0,Social Service (evening attendance),"(25.0, 70.0]"
2260,Enrolled,Enrolled,0,Advertising and Marketing Management,"(16.999, 19.0]"
2261,Dropout,Dropout,1,Management,"(20.0, 25.0]"
2262,Dropout,Dropout,1,Tourism,"(25.0, 70.0]"
2263,Dropout,Dropout,1,Agronomy,"(25.0, 70.0]"
2264,Enrolled,Enrolled,0,Basic Education,"(25.0, 70.0]"
2265,Enrolled,Enrolled,0,Veterinary Nursing,"(20.0, 25.0]"
2266,Dropout,Dropout,1,Agronomy,"(25.0, 70.0]"
2267,Dropout,Dropout,1,Management,"(16.999, 19.0]"
2268,Dropout,Dropout,1,Nursing,"(16.999, 19.0]"
2269,Dropout,Dropout,1,Management (evening attendance),"(25.0, 70.0]"
2270,Dropout,Dropout,1,Management (evening attendance),"(25.0, 70.0]"
2271,Graduate,Graduate,0,Communication Design,"(20.0, 25.0]"
2272,Dropout,Dropout,1,Management (evening attendance),"(25.0, 70.0]"
2273,Dropout,Dropout,1,Social Service (evening attendance),"(25.0, 70.0]"
2274,Dropout,Dropout,1,Animation and Multimedia Design,"(25.0, 70.0]"
2275,Dropout,Dropout,1,Management (evening attendance),"(20.0, 25.0]"
2276,Graduate,Graduate,0,Social Service (evening attendance),"(25.0, 70.0]"
2277,Graduate,Graduate,0,Journalism and Communication,"(20.0, 25.0]"
2278,Enrolled,Enrolled,0,Communication Design,"(16.999, 19.0]"
2279,Dropout,Dropout,1,Social Service (evening attendance),"(25.0, 70.0]"
2280,Graduate,Graduate,0,Agronomy,"(25.0, 70.0]"
2281,Enrolled,Enrolled,0,Agronomy,"(20.0, 25.0]"
2282,Dropout,Dropout,1,Tourism,"(20.0, 25.0]"
2283,Graduate,Graduate,0,Social Service,"(20.0, 25.0]"
2284,Enrolled,Enrolled,0,Communication Design,"(19.0, 20.0]"
2285,Dropout,Dropout,1,Management,"(25.0, 70.0]"
2286,Graduate,Graduate,0,Management (evening attendance),"(25.0, 70.0]"
2287,Graduate,Graduate,0,Tourism,"(20.0, 25.0]"
2288,Enrolled,Enrolled,0,Informatics Engineering,"(16.999, 19.0]"
2289,Dropout,Dropout,1,Management (evening attendance),"(25.0, 70.0]"
2290,Dropout,Dropout,1,Informatics Engineering,"(25.0, 70.0]"
2291,Graduate,Graduate,0,Social Service,"(16.999, 19.0]"
2292,Dropout,Dropout,1,Management,"(20.0, 25.0]"
2293,Graduate,Graduate,0,Journalism and Communication,"(16.999, 19.0]"
2294,Dropout,Dropout,1,Animation and Multimedia Design,"(20.0, 25.0]"
2295,Graduate,Graduate,0,Advertising and Marketing Management,"(16.999, 19.0]"
2296,Dropout,Dropout,1,Management,"(20.0, 25.0]"
2297,Graduate,Graduate,0,Social Service,"(20.0, 25.0]"
2298,Graduate,Graduate,0,Social Service,"(16.999, 19.0]"
2299,Dropout,Dropout,1,Tourism,"(25.0, 70.0]"
2300,Enrolled,Enrolled,0,Informatics Engineering,"(20.0, 25.0]"
2301,Enrolled,Enrolled,0,Communication Design,"(16.999, 19.0]"
2302,Enrolled,Enrolled,0,Management,"(20.0, 25.0]"
2303,Enrolled,Enrolled,0,Informatics Engineering,"(16.999, 19.0]"
2304,Dropout,Dropout,1,Management,"(19.0, 20.0]"
2305,Enrolled,Enrolled,0,Communication Design,"(20.0, 25.0]"
2306,Dropout,Dropout,1,Equinculture,"(16.999, 19.0]"
2307,Dropout,Dropout,1,Management (evening attendance),"(25.0, 70.0]"
2308,Dropout,Dropout,1,Nursing,"(16.999, 19.0]"
2309,Graduate,Graduate,0,Informatics Engineering,"(16.999, 19.0]"
2310,Graduate,Graduate,0,Social Service,"(16.999, 19.0]"
2311,Graduate,Graduate,0,Nursing,"(16.999, 19.0]"
2312,Dropout,Dropout,1,Management,"(16.999, 19.0]"
2313,Graduate,Graduate,0,Equinculture,"(20.0, 25.0]"
2314,Graduate,Graduate,0,Social Service,"(16.999, 19.0]"
2315,Dropout,Dropout,1,Equinculture,"(16.999, 19.0]"
2316,Dropout,Dropout,1,Informatics Engineering,"(25.0, 70.0]"
2317,Dropout,Dropout,1,Management (evening attendance),"(25.0, 70.0]"
2318,Dropout,Dropout,1,Communication Design,"(16.999, 19.0]"
2319,Graduate,Graduate,0,Tourism,"(19.0, 20.0]"
2320,Dropout,Dropout,1,Social Service,"(25.0, 70.0]"
2321,Enrolled,Enrolled,0,Communication Design,"(25.0, 70.0]"
2322,Dropout,Dropout,1,Management (evening attendance),"(25.0, 70.0]"
2323,Enrolled,Enrolled,0,Nursing,"(25.0, 70.0]"
2324,Graduate,Graduate,0,Social Service,"(20.0, 25.0]"
2325,Dropout,Dropout,1,Informatics Engineering,"(25.0, 70.0]"
2326,Enrolled,Enrolled,0,Informatics Engineering,"(16.999, 19.0]"
2327,Dropout,Dropout,1,Management (evening attendance),"(25.0, 70.0]"
2328,Graduate,Graduate,0,Animation and Multimedia Design,"(16.999, 19.0]"
2329,Dropout,Dropout,1,Communication Design,"(25.0, 70.0]"
2330,Dropout,Dropout,1,Social Service (evening attendance),"(25.0, 70.0]"
2331,Dropout,Dropout,1,Agronomy,"(25.0, 70.0]"
2332,Graduate,Graduate,0,Agronomy,"(25.0, 70.0]"
2333,Dropout,Dropout,1,Animation and Multimedia Design,"(16.999, 19.0]"
2334,Graduate,Graduate,0,Advertising and Marketing Management,"(16.999, 19.0]"
2335,Graduate,Graduate,0,Communication Design,"(16.999, 19.0]"
2336,Dropout,Dropout,1,Management (evening attendance),"(25.0, 70.0]"
2337,Dropout,Dropout,1,Equinculture,"(20.0, 25.0]"
2338,Dropout,Dropout,1,Informatics Engineering,"(19.0, 20.0]"
2339,Enrolled,Enrolled,0,Informatics Engineering,"(19.0, 20.0]"
2340,Dropout,Dropout,1,Agronomy,"(25.0, 70.0]"
2341,Enrolled,Enrolled,0,Informatics Engineering,"(16.999, 19.0]"
2342,Graduate,Graduate,0,Agronomy,"(25.0, 70.0]"
2343,Graduate,Graduate,0,Management (evening attendance),"(20.0, 25.0]"
2344,Graduate,Graduate,0,Nursing,"(16.999, 19.0]"
2345,Graduate,Graduate,0,Veterinary Nursing,"(20.0, 25.0]"
2346,Enrolled,Enrolled,0,Advertising and Marketing Management,"(16.999, 19.0]"
2347,Graduate,Graduate,0,Informatics Engineering,"(19.0, 20.0]"
2348,Dropout,Dropout,1,Advertising and Marketing Management,"(25.0, 70.0]"
2349,Graduate,Graduate,0,Tourism,"(25.0, 70.0]"
2350,Graduate,Graduate,0,Nursing,"(16.999, 19.0]"
2351,Graduate,Graduate,0,Equinculture,"(20.0, 25.0]"
2352,Graduate,Graduate,0,Equinculture,"(16.999, 19.0]"
2353,Graduate,Graduate,0,Advertising and Marketing Management,"(20.0, 25.0]"
2354,Dropout,Dropout,1,Veterinary Nursing,"(16.999, 19.0]"
2355,Graduate,Graduate,0,Advertising and Marketing Management,"(16.999, 19.0]"
2356,Graduate,Graduate,0,Animation and Multimedia Design,"(16.999, 19.0]"
2357,Dropout,Dropout,1,Agronomy,"(20.0, 25.0]"
2358,Graduate,Graduate,0,Agronomy,"(25.0, 70.0]"
2359,Dropout,Dropout,1,Tourism,"(20.0, 25.0]"
2360,Enrolled,Enrolled,0,Informatics Engineering,"(20.0, 25.0]"
2361,Dropout,Dropout,1,Journalism and Communication,"(25.0, 70.0]"
2362,Graduate,Graduate,0,Management,"(19.0, 20.0]"
2363,Enrolled,Enrolled,0,Informatics Engineering,"(20.0, 25.0]"
2364,Enrolled,Enrolled,0,Agronomy,"(16.999, 19.0]"
2365,Graduate,Graduate,0,Journalism and Communication,"(16.999, 19.0]"
2366,Enrolled,Enrolled,0,Animation and Multimedia Design,"(20.0, 25.0]"
2367,Graduate,Graduate,0,Equinculture,"(16.999, 19.0]"
2368,Enrolled,Enrolled,0,Journalism and Communication,"(25.0, 70.0]"
2369,Dropout,Dropout,1,Equinculture,"(25.0, 70.0]"
2370,Enrolled,Enrolled,0,Agronomy,"(19.0, 20.0]"
2371,Graduate,Graduate,0,Animation and Multimedia Design,"(16.999, 19.0]"
2372,Enrolled,Enrolled,0,Animation and Multimedia Design,"(20.0, 25.0]"
2373,Enrolled,Enrolled,0,Advertising and Marketing Management,"(19.0, 20.0]"
2374,Enrolled,Enrolled,0,Equinculture,"(20.0, 25.0]"
2375,Dropout,Dropout,1,Advertising and Marketing Management,"(20.0, 25.0]"
2376,Graduate,Graduate,0,Management,"(20.0, 25.0]"
2377,Dropout,Dropout,1,Management,"(25.0, 70.0]"
2378,Dropout,Dropout,1,Management (evening attendance),"(25.0, 70.0]"
2379,Graduate,Graduate,0,Equinculture,"(16.999, 19.0]"
2380,Graduate,Graduate,0,Tourism,"(16.999, 19.0]"
2381,Graduate,Graduate,0,Communication Design,"(16.999, 19.0]"
2382,Dropout,Dropout,1,Informatics Engineering,"(25.0, 70.0]"
2383,Enrolled,Enrolled,0,Agronomy,"(20.0, 25.0]"
2384,Enrolled,Enrolled,0,Informatics Engineering,"(19.0, 20.0]"
2385,Graduate,Graduate,0,Communication Design,"(20.0, 25.0]"
2386,Enrolled,Enrolled,0,Journalism and Communication,"(20.0, 25.0]"
2387,Graduate,Graduate,0,Animation and Multimedia Design,"(16.999, 19.0]"
2388,Dropout,Dropout,1,Management,"(16.999, 19.0]"
2389,Dropout,Dropout,1,Social Service,"(25.0, 70.0]"
2390,Dropout,Dropout,1,Agronomy,"(20.0, 25.0]"
2391,Dropout,Dropout,1,Agronomy,"(20.0, 25.0]"
2392,Enrolled,Enrolled,0,Management,"(16.999, 19.0]"
2393,Dropout,Dropout,1,Tourism,"(25.0, 70.0]"
2394,Graduate,Graduate,0,Management,"(16.999, 19.0]"
2395,Enrolled,Enrolled,0,Journalism and Communication,"(20.0, 25.0]"
2396,Dropout,Dropout,1,Agronomy,"(20.0, 25.0]"
2397,Enrolled,Enrolled,0,Journalism and Communication,"(16.999, 19.0]"
2398,Graduate,Graduate,0,Journalism and Communication,"(16.999, 19.0]"
2399,Graduate,Graduate,0,Nursing,"(16.999, 19.0]"
2400,Dropout,Dropout,1,Social Service (evening attendance),"(25.0, 70.0]"
2401,Graduate,Graduate,0,Management (evening attendance),"(25.0, 70.0]"
2402,Dropout,Dropout,1,Management,"(19.0, 20.0]"
2403,Graduate,Graduate,0,Nursing,"(16.999, 19.0]"
2404,Dropout,Dropout,1,Nursing,"(20.0, 25.0]"
2405,Graduate,Graduate,0,Social Service (evening attendance),"(25.0, 70.0]"
2406,Graduate,Graduate,0,Animation and Multimedia Design,"(25.0, 70.0]"
2407,Dropout,Dropout,1,Nursing,"(25.0, 70.0]"
2408,Dropout,Dropout,1,Management (evening attendance),"(20.0, 25.0]"
2409,Dropout,Dropout,1,Management (evening attendance),"(25.0, 70.0]"
2410,Dropout,Dropout,1,Informatics Engineering,"(25.0, 70.0]"
2411,Dropout,Dropout,1,Social Service (evening attendance),"(25.0, 70.0]"
2412,Enrolled,Enrolled,0,Management (evening attendance),"(25.0, 70.0]"
2413,Graduate,Graduate,0,Social Service (evening attendance),"(25.0, 70.0]"
2414,Graduate,Graduate,0,Management,"(20.0, 25.0]"
2415,Dropout,Dropout,1,Social Service,"(20.0, 25.0]"
2416,Dropout,Dropout,1,Communication Design,"(20.0, 25.0]"
2417,Graduate,Graduate,0,Management (evening attendance),"(20.0, 25.0]"
2418,Graduate,Graduate,0,Animation and Multimedia Design,"(20.0, 25.0]"
2419,Enrolled,Enrolled,0,Agronomy,"(20.0, 25.0]"
2420,Dropout,Dropout,1,Veterinary Nursing,"(25.0, 70.0]"
2421,Dropout,Dropout,1,Management (evening attendance),"(25.0, 70.0]"
2422,Graduate,Graduate,0,Agronomy,"(25.0, 70.0]"
2423,Dropout,Dropout,1,Agronomy,"(25.0, 70.0]"
2424,Dropout,Dropout,1,Informatics Engineering,"(25.0, 70.0]"
2425,Dropout,Dropout,1,Management,"(25.0, 70.0]"
2426,Dropout,Dropout,1,Management (evening attendance),"(25.0, 70.0]"
2427,Graduate,Graduate,0,Advertising and Marketing Management,"(25.0, 70.0]"
2428,Dropout,Dropout,1,Agronomy,"(25.0, 70.0]"
2429,Dropout,Dropout,1,Informatics Engineering,"(25.0, 70.0]"
2430,Graduate,Graduate,0,Journalism and Communication,"(16.999, 19.0]"
2431,Graduate,Graduate,0,Management (evening attendance),"(20.0, 25.0]"
2432,Dropout,Dropout,1,Journalism and Communication,"(16.999, 19.0]"
2433,Enrolled,Enrolled,0,Informatics Engineering,"(16.999, 19.0]"
2434,Enrolled,Enrolled,0,Veterinary Nursing,"(20.0, 25.0]"
2435,Graduate,Graduate,0,Informatics Engineering,"(20.0, 25.0]"
2436,Graduate,Graduate,0,Agronomy,"(25.0, 70.0]"
2437,Dropout,Dropout,1,Informatics Engineering,"(20.0, 25.0]"
2438,Dropout,Dropout,1,Agronomy,"(25.0, 70.0]"
2439,Dropout,Dropout,1,Advertising and Marketing Management,"(25.0, 70.0]"
2440,Dropout,Dropout,1,Management,"(20.0, 25.0]"
2441,Enrolled,Enrolled,0,Social Service (evening attendance),"(25.0, 70.0]"
2442,Dropout,Dropout,1,Advertising and Marketing Management,"(25.0, 70.0]"
2443,Graduate,Graduate,0,Agronomy,"(25.0, 70.0]"
2444,Dropout,Dropout,1,Basic Education,"(19.0, 20.0]"
2445,Enrolled,Enrolled,0,Nursing,"(25.0, 70.0]"
2446,Dropout,Dropout,1,Management (evening attendance),"(25.0, 70.0]"
2447,Graduate,Graduate,0,Tourism,"(25.0, 70.0]"
2448,Dropout,Dropout,1,Informatics Engineering,"(25.0, 70.0]"
2449,Dropout,Dropout,1,Management (evening attendance),"(25.0, 70.0]"
2450,Enrolled,Enrolled,0,Animation and Multimedia Design,"(16.999, 19.0]"
2451,Dropout,Dropout,1,Agronomy,"(25.0, 70.0]"
2452,Graduate,Graduate,0,Veterinary Nursing,"(16.999, 19.0]"
2453,Enrolled,Enrolled,0,Animation and Multimedia Design,"(20.0, 25.0]"
2454,Dropout,Dropout,1,Informatics Engineering,"(16.999, 19.0]"
2455,Graduate,Graduate,0,Agronomy,"(19.0, 20.0]"
2456,Graduate,Graduate,0,Communication Design,"(25.0, 70.0]"
2457,Enrolled,Enrolled,0,Management,"(25.0, 70.0]"
2458,Dropout,Dropout,1,Informatics Engineering,"(16.999, 19.0]"
2459,Graduate,Graduate,0,Management,"(16.999, 19.0]"
2460,Dropout,Dropout,1,Journalism and Communication,"(25.0, 70.0]"
2461,Dropout,Dropout,1,Tourism,"(16.999, 19.0]"
2462,Dropout,Dropout,1,Animation and Multimedia Design,"(16.999, 19.0]"
2463,Dropout,Dropout,1,Tourism,"(19.0, 20.0]"
2464,Dropout,Dropout,1,Management (evening attendance),"(25.0, 70.0]"
2465,Dropout,Dropout,1,Equinculture,"(25.0, 70.0]"
2466,Enrolled,Enrolled,0,Informatics Engineering,"(16.999, 19.0]"
2467,Enrolled,Enrolled,0,Agronomy,"(19.0, 20.0]"
2468,Dropout,Dropout,1,Communication Design,"(19.0, 20.0]"
2469,Dropout,Dropout,1,Management,"(25.0, 70.0]"
2470,Enrolled,Enrolled,0,Equinculture,"(16.999, 19.0]"
2471,Dropout,Dropout,1,Veterinary Nursing,"(25.0, 70.0]"
2472,Dropout,Dropout,1,Advertising and Marketing Management,"(16.999, 19.0]"
2473,Dropout,Dropout,1,Agronomy,"(20.0, 25.0]"
2474,Graduate,Graduate,0,Journalism and Communication,"(19.0, 20.0]"
2475,Dropout,Dropout,1,Social Service (evening attendance),"(25.0, 70.0]"
2476,Graduate,Graduate,0,Nursing,"(25.0, 70.0]"
2477,Enrolled,Enrolled,0,Tourism,"(20.0, 25.0]"
2478,Graduate,Graduate,0,Nursing,"(16.999, 19.0]"
2479,Dropout,Dropout,1,Management,"(20.0, 25.0]"
2480,Enrolled,Enrolled,0,Animation and Multimedia Design,"(20.0, 25.0]"
2481,Graduate,Graduate,0,Communication Design,"(20.0, 25.0]"
2482,Graduate,Graduate,0,Management (evening attendance),"(25.0, 70.0]"
2483,Graduate,Graduate,0,Agronomy,"(20.0, 25.0]"
2484,Graduate,Graduate,0,Management,"(25.0, 70.0]"
2485,Dropout,Dropout,1,Agronomy,"(25.0, 70.0]"
2486,Dropout,Dropout,1,Advertising and Marketing Management,"(25.0, 70.0]"
2487,Dropout,Dropout,1,Management,"(19.0, 20.0]"
2488,Enrolled,Enrolled,0,Management,"(19.0, 20.0]"
2489,Graduate,Graduate,0,Tourism,"(19.0, 20.0]"
2490,Enrolled,Enrolled,0,Journalism and Communication,"(19.0, 20.0]"
2491,Enrolled,Enrolled,0,Management,"(16.999, 19.0]"
2492,Dropout,Dropout,1,Social Service (evening attendance),"(25.0, 70.0]"
2493,Graduate,Graduate,0,Agronomy,"(25.0, 70.0]"
2494,Graduate,Graduate,0,Journalism and Communication,"(16.999, 19.0]"
2495,Graduate,Graduate,0,Journalism and Communication,"(25.0, 70.0]"
2496,Graduate,Graduate,0,Animation and Multimedia Design,"(19.0, 20.0]"
2497,Graduate,Graduate,0,Social Service (evening attendance),"(25.0, 70.0]"
2498,Dropout,Dropout,1,Animation and Multimedia Design,"(20.0, 25.0]"
2499,Dropout,Dropout,1,Social Service,"(25.0, 70.0]"
2500,Graduate,Graduate,0,Veterinary Nursing,"(19.0, 20.0]"
2501,Graduate,Graduate,0,Social Service (evening attendance),"(25.0, 70.0]"
2502,Graduate,Graduate,0,Biofuel Production Technologies,"(25.0, 70.0]"
2503,Graduate,Graduate,0,Nursing,"(25.0, 70.0]"
2504,Dropout,Dropout,1,Basic Education,"(16.999, 19.0]"
2505,Graduate,Graduate,0,Nursing,"(16.999, 19.0]"
2506,Graduate,Graduate,0,Oral Hygiene,"(16.999, 19.0]"
2507,Graduate,Graduate,0,Social Service (evening attendance),"(25.0, 70.0]"
2508,Graduate,Graduate,0,Animation and Multimedia Design,"(20.0, 25.0]"
2509,Graduate,Graduate,0,Communication Design,"(25.0, 70.0]"
2510,Dropout,Dropout,1,Journalism and Communication,"(16.999, 19.0]"
2511,Enrolled,Enrolled,0,Nursing,"(16.999, 19.0]"
2512,Graduate,Graduate,0,Nursing,"(16.999, 19.0]"
2513,Graduate,Graduate,0,Veterinary Nursing,"(16.999, 19.0]"
2514,Dropout,Dropout,1,Advertising and Marketing Management,"(16.999, 19.0]"
2515,Enrolled,Enrolled,0,Informatics Engineering,"(19.0, 20.0]"
2516,Graduate,Graduate,0,Communication Design,"(20.0, 25.0]"
2517,Graduate,Graduate,0,Nursing,"(16.999, 19.0]"
2518,Graduate,Graduate,0,Tourism,"(16.999, 19.0]"
2519,Graduate,Graduate,0,Journalism and Communication,"(16.999, 19.0]"
2520,Graduate,Graduate,0,Tourism,"(16.999, 19.0]"
2521,Graduate,Graduate,0,Tourism,"(16.999, 19.0]"
2522,Graduate,Graduate,0,Nursing,"(16.999, 19.0]"
2523,Dropout,Dropout,1,Basic Education,"(19.0, 20.0]"
2524,Dropout,Dropout,1,Social Service,"(16.999, 19.0]"
2525,Graduate,Graduate,0,Veterinary Nursing,"(16.999, 19.0]"
2526,Dropout,Dropout,1,Communication Design,"(16.999, 19.0]"
2527,Graduate,Graduate,0,Nursing,"(16.999, 19.0]"
2528,Graduate,Graduate,0,Journalism and Communication,"(16.999, 19.0]"
2529,Graduate,Graduate,0,Management,"(16.999, 19.0]"
2530,Graduate,Graduate,0,Journalism and Communication,"(16.999, 19.0]"
2531,Graduate,Graduate,0,Agronomy,"(19.0, 20.0]"
2532,Graduate,Graduate,0,Social Service,"(16.999, 19.0]"
2533,Enrolled,Enrolled,0,Equinculture,"(16.999, 19.0]"
2534,Graduate,Graduate,0,Social Service,"(16.999, 19.0]"
2535,Enrolled,Enrolled,0,Basic Education,"(16.999, 19.0]"
2536,Enrolled,Enrolled,0,Equinculture,"(16.999, 19.0]"
2537,Graduate,Graduate,0,Advertising and Marketing Management,"(16.999, 19.0]"
2538,Graduate,Graduate,0,Advertising and Marketing Management,"(19.0, 20.0]"
2539,Graduate,Graduate,0,Equinculture,"(16.999, 19.0]"
2540,Dropout,Dropout,1,Management,"(25.0, 70.0]"
2541,Dropout,Dropout,1,Basic Education,"(16.999, 19.0]"
2542,Graduate,Graduate,0,Oral Hygiene,"(16.999, 19.0]"
2543,Dropout,Dropout,1,Communication Design,"(16.999, 19.0]"
2544,Enrolled,Enrolled,0,Agronomy,"(16.999, 19.0]"
2545,Graduate,Graduate,0,Journalism and Communication,"(16.999, 19.0]"
2546,Graduate,Graduate,0,Social Service,"(19.0, 20.0]"
2547,Graduate,Graduate,0,Nursing,"(16.999, 19.0]"
2548,Graduate,Graduate,0,Journalism and Communication,"(16.999, 19.0]"
2549,Dropout,Dropout,1,Tourism,"(16.999, 19.0]"
2550,Graduate,Graduate,0,Social Service (evening attendance),"(20.0, 25.0]"
2551,Enrolled,Enrolled,0,Communication Design,"(19.0, 20.0]"
2552,Graduate,Graduate,0,Social Service (evening attendance),"(16.999, 19.0]"
2553,Dropout,Dropout,1,Management (evening attendance),"(25.0, 70.0]"
2554,Enrolled,Enrolled,0,Informatics Engineering,"(16.999, 19.0]"
2555,Enrolled,Enrolled,0,Informatics Engineering,"(16.999, 19.0]"
2556,Graduate,Graduate,0,Management,"(16.999, 19.0]"
2557,Enrolled,Enrolled,0,Animation and Multimedia Design,"(16.999, 19.0]"
2558,Enrolled,Enrolled,0,Management,"(16.999, 19.0]"
2559,Dropout,Dropout,1,Journalism and Communication,"(16.999, 19.0]"
2560,Graduate,Graduate,0,Basic Education,"(16.999, 19.0]"
2561,Graduate,Graduate,0,Nursing,"(16.999, 19.0]"
2562,Dropout,Dropout,1,Nursing,"(25.0, 70.0]"
2563,Enrolled,Enrolled,0,Social Service,"(19.0, 20.0]"
2564,Graduate,Graduate,0,Tourism,"(19.0, 20.0]"
2565,Graduate,Graduate,0,Social Service,"(20.0, 25.0]"
2566,Graduate,Graduate,0,Nursing,"(16.999, 19.0]"
2567,Enrolled,Enrolled,0,Social Service (evening attendance),"(25.0, 70.0]"
2568,Enrolled,Enrolled,0,Management,"(25.0, 70.0]"
2569,Graduate,Graduate,0,Journalism and Communication,"(16.999, 19.0]"
2570,Graduate,Graduate,0,Nursing,"(16.999, 19.0]"
2571,Graduate,Graduate,0,Nursing,"(25.0, 70.0]"
2572,Graduate,Graduate,0,Social Service,"(20.0, 25.0]"
2573,Graduate,Graduate,0,Nursing,"(16.999, 19.0]"
2574,Graduate,Graduate,0,Journalism and Communication,"(19.0, 20.0]"
2575,Graduate,Graduate,0,Social Service (evening attendance),"(25.0, 70.0]"
2576,Dropout,Dropout,1,Veterinary Nursing,"(25.0, 70.0]"
2577,Dropout,Dropout,1,Tourism,"(20.0, 25.0]"
2578,Graduate,Graduate,0,Nursing,"(16.999, 19.0]"
2579,Graduate,Graduate,0,Social Service,"(16.999, 19.0]"
2580,Graduate,Graduate,0,Social Service,"(16.999, 19.0]"
2581,Dropout,Dropout,1,Agronomy,"(25.0, 70.0]"
2582,Graduate,Graduate,0,Management,"(16.999, 19.0]"
2583,Enrolled,Enrolled,0,Management (evening attendance),"(25.0, 70.0]"
2584,Graduate,Graduate,0,Basic Education,"(16.999, 19.0]"
2585,Graduate,Graduate,0,Social Service (evening attendance),"(16.999, 19.0]"
2586,Enrolled,Enrolled,0,Management,"(20.0, 25.0]"
2587,Enrolled,Enrolled,0,Management,"(20.0, 25.0]"
2588,Dropout,Dropout,1,Basic Education,"(19.0, 20.0]"
2589,Enrolled,Enrolled,0,Basic Education,"(16.999, 19.0]"
2590,Dropout,Dropout,1,Agronomy,"(25.0, 70.0]"
2591,Enrolled,Enrolled,0,Basic Education,"(20.0, 25.0]"
2592,Graduate,Graduate,0,Management,"(20.0, 25.0]"
2593,Dropout,Dropout,1,Oral Hygiene,"(25.0, 70.0]"
2594,Enrolled,Enrolled,0,Management,"(20.0, 25.0]"
2595,Graduate,Graduate,0,Communication Design,"(16.999, 19.0]"
2596,Dropout,Dropout,1,Communication Design,"(20.0, 25.0]"
2597,Dropout,Dropout,1,Animation and Multimedia Design,"(16.999, 19.0]"
2598,Enrolled,Enrolled,0,Veterinary Nursing,"(20.0, 25.0]"
2599,Enrolled,Enrolled,0,Basic Education,"(16.999, 19.0]"
2600,Dropout,Dropout,1,Basic Education,"(16.999, 19.0]"
2601,Enrolled,Enrolled,0,Tourism,"(20.0, 25.0]"
2602,Graduate,Graduate,0,Social Service,"(16.999, 19.0]"
2603,Dropout,Dropout,1,Veterinary Nursing,"(16.999, 19.0]"
2604,Dropout,Dropout,1,Social Service,"(16.999, 19.0]"
2605,Graduate,Graduate,0,Veterinary Nursing,"(25.0, 70.0]"
2606,Graduate,Graduate,0,Veterinary Nursing,"(20.0, 25.0]"
2607,Dropout,Dropout,1,Journalism and Communication,"(16.999, 19.0]"
2608,Graduate,Graduate,0,Tourism,"(19.0, 20.0]"
2609,Dropout,Dropout,1,Management (evening attendance),"(25.0, 70.0]"
2610,Graduate,Graduate,0,Nursing,"(16.999, 19.0]"
2611,Graduate,Graduate,0,Journalism and Communication,"(19.0, 20.0]"
2612,Graduate,Graduate,0,Equinculture,"(19.0, 20.0]"
2613,Dropout,Dropout,1,Management (evening attendance),"(20.0, 25.0]"
2614,Dropout,Dropout,1,Informatics Engineering,"(16.999, 19.0]"
2615,Dropout,Dropout,1,Equinculture,"(16.999, 19.0]"
2616,Dropout,Dropout,1,Basic Education,"(16.999, 19.0]"
2617,Graduate,Graduate,0,Tourism,"(16.999, 19.0]"
2618,Dropout,Dropout,1,Basic Education,"(16.999, 19.0]"
2619,Graduate,Graduate,0,Social Service,"(20.0, 25.0]"
2620,Enrolled,Enrolled,0,Communication Design,"(25.0, 70.0]"
2621,Graduate,Graduate,0,Communication Design,"(19.0, 20.0]"
2622,Graduate,Graduate,0,Social Service (evening attendance),"(20.0, 25.0]"
2623,Dropout,Dropout,1,Management (evening attendance),"(25.0, 70.0]"
2624,Graduate,Graduate,0,Journalism and Communication,"(19.0, 20.0]"
2625,Dropout,Dropout,1,Management (evening attendance),"(20.0, 25.0]"
2626,Graduate,Graduate,0,Nursing,"(16.999, 19.0]"
2627,Enrolled,Enrolled,0,Nursing,"(16.999, 19.0]"
2628,Enrolled,Enrolled,0,Management,"(16.999, 19.0]"
2629,Enrolled,Enrolled,0,Management (evening attendance),"(25.0, 70.0]"
2630,Dropout,Dropout,1,Management (evening attendance),"(25.0, 70.0]"
2631,Dropout,Dropout,1,Tourism,"(19.0, 20.0]"
2632,Graduate,Graduate,0,Nursing,"(20.0, 25.0]"
2633,Graduate,Graduate,0,Nursing,"(16.999, 19.0]"
2634,Enrolled,Enrolled,0,Advertising and Marketing Management,"(19.0, 20.0]"
2635,Dropout,Dropout,1,Oral Hygiene,"(25.0, 70.0]"
2636,Dropout,Dropout,1,Tourism,"(20.0, 25.0]"
2637,Graduate,Graduate,0,Animation and Multimedia Design,"(16.999, 19.0]"
2638,Graduate,Graduate,0,Management,"(16.999, 19.0]"
2639,Graduate,Graduate,0,Animation and Multimedia Design,"(20.0, 25.0]"
2640,Dropout,Dropout,1,Informatics Engineering,"(25.0, 70.0]"
2641,Graduate,Graduate,0,Journalism and Communication,"(19.0, 20.0]"
2642,Dropout,Dropout,1,Advertising and Marketing Management,"(19.0, 20.0]"
2643,Dropout,Dropout,1,Management (evening attendance),"(20.0, 25.0]"
2644,Graduate,Graduate,0,Agronomy,"(25.0, 70.0]"
2645,Dropout,Dropout,1,Animation and Multimedia Design,"(20.0, 25.0]"
2646,Enrolled,Enrolled,0,Communication Design,"(25.0, 70.0]"
2647,Dropout,Dropout,1,Agronomy,"(19.0, 20.0]"
2648,Dropout,Dropout,1,Social Service (evening attendance),"(25.0, 70.0]"
2649,Dropout,Dropout,1,Nursing,"(19.0, 20.0]"
2650,Enrolled,Enrolled,0,Nursing,"(19.0, 20.0]"
2651,Dropout,Dropout,1,Agronomy,"(25.0, 70.0]"
2652,Graduate,Graduate,0,Advertising and Marketing Management,"(16.999, 19.0]"
2653,Dropout,Dropout,1,Management,"(25.0, 70.0]"
2654,Graduate,Graduate,0,Nursing,"(16.999, 19.0]"
2655,Graduate,Graduate,0,Nursing,"(20.0, 25.0]"
2656,Graduate,Graduate,0,Animation and Multimedia Design,"(16.999, 19.0]"
2657,Enrolled,Enrolled,0,Basic Education,"(19.0, 20.0]"
2658,Dropout,Dropout,1,Animation and Multimedia Design,"(20.0, 25.0]"
2659,Dropout,Dropout,1,Tourism,"(16.999, 19.0]"
2660,Dropout,Dropout,1,Management (evening attendance),"(25.0, 70.0]"
2661,Graduate,Graduate,0,Journalism and Communication,"(25.0, 70.0]"
2662,Dropout,Dropout,1,Nursing,"(19.0, 20.0]"
2663,Dropout,Dropout,1,Management (evening attendance),"(25.0, 70.0]"
2664,Graduate,Graduate,0,Management (evening attendance),"(25.0, 70.0]"
2665,Dropout,Dropout,1,Journalism and Communication,"(25.0, 70.0]"
2666,Graduate,Graduate,0,Communication Design,"(16.999, 19.0]"
2667,Dropout,Dropout,1,Management (evening attendance),"(25.0, 70.0]"
2668,Enrolled,Enrolled,0,Nursing,"(25.0, 70.0]"
2669,Dropout,Dropout,1,Social Service (evening attendance),"(25.0, 70.0]"
2670,Enrolled,Enrolled,0,Informatics Engineering,"(16.999, 19.0]"
2671,Graduate,Graduate,0,Management (evening attendance),"(25.0, 70.0]"
2672,Dropout,Dropout,1,Tourism,"(20.0, 25.0]"
2673,Enrolled,Enrolled,0,Management (evening attendance),"(25.0, 70.0]"
2674,Graduate,Graduate,0,Advertising and Marketing Management,"(16.999, 19.0]"
2675,Enrolled,Enrolled,0,Tourism,"(25.0, 70.0]"
2676,Dropout,Dropout,1,Oral Hygiene,"(25.0, 70.0]"
2677,Graduate,Graduate,0,Management (evening attendance),"(25.0, 70.0]"
2678,Enrolled,Enrolled,0,Agronomy,"(25.0, 70.0]"
2679,Graduate,Graduate,0,Management (evening attendance),"(25.0, 70.0]"
2680,Graduate,Graduate,0,Nursing,"(25.0, 70.0]"
2681,Dropout,Dropout,1,Nursing,"(25.0, 70.0]"
2682,Dropout,Dropout,1,Management (evening attendance),"(25.0, 70.0]"
2683,Graduate,Graduate,0,Veterinary Nursing,"(20.0, 25.0]"
2684,Dropout,Dropout,1,Agronomy,"(25.0, 70.0]"
2685,Enrolled,Enrolled,0,Informatics Engineering,"(19.0, 20.0]"
2686,Enrolled,Enrolled,0,Management,"(19.0, 20.0]"
2687,Dropout,Dropout,1,Informatics Engineering,"(25.0, 70.0]"
2688,Enrolled,Enrolled,0,Informatics Engineering,"(19.0, 20.0]"
2689,Dropout,Dropout,1,Journalism and Communication,"(20.0, 25.0]"
2690,Dropout,Dropout,1,Management,"(20.0, 25.0]"
2691,Graduate,Graduate,0,Management,"(16.999, 19.0]"
2692,Graduate,Graduate,0,Management,"(19.0, 20.0]"
2693,Graduate,Graduate,0,Agronomy,"(16.999, 19.0]"
2694,Graduate,Graduate,0,Journalism and Communication,"(16.999, 19.0]"
2695,Enrolled,Enrolled,0,Nursing,"(25.0, 70.0]"
2696,Dropout,Dropout,1,Tourism,"(25.0, 70.0]"
2697,Enrolled,Enrolled,0,Advertising and Marketing Management,"(20.0, 25.0]"
2698,Dropout,Dropout,1,Communication Design,"(19.0, 20.0]"
2699,Graduate,Graduate,0,Nursing,"(16.999, 19.0]"
2700,Dropout,Dropout,1,Animation and Multimedia Design,"(20.0, 25.0]"
2701,Dropout,Dropout,1,Agronomy,"(25.0, 70.0]"
2702,Dropout,Dropout,1,Informatics Engineering,"(19.0, 20.0]"
2703,Dropout,Dropout,1,Agronomy,"(20.0, 25.0]"
2704,Enrolled,Enrolled,0,Advertising and Marketing Management,"(16.999, 19.0]"
2705,Dropout,Dropout,1,Management,"(20.0, 25.0]"
2706,Graduate,Graduate,0,Equinculture,"(19.0, 20.0]"
2707,Dropout,Dropout,1,Management,"(19.0, 20.0]"
2708,Graduate,Graduate,0,Communication Design,"(16.999, 19.0]"
2709,Enrolled,Enrolled,0,Oral Hygiene,"(20.0, 25.0]"
2710,Graduate,Graduate,0,Tourism,"(20.0, 25.0]"
2711,Dropout,Dropout,1,Social Service (evening attendance),"(25.0, 70.0]"
2712,Dropout,Dropout,1,Management,"(16.999, 19.0]"
2713,Graduate,Graduate,0,Equinculture,"(20.0, 25.0]"
2714,Dropout,Dropout,1,Veterinary Nursing,"(25.0, 70.0]"
2715,Graduate,Graduate,0,Nursing,"(20.0, 25.0]"
2716,Enrolled,Enrolled,0,Oral Hygiene,"(25.0, 70.0]"
2717,Graduate,Graduate,0,Advertising and Marketing Management,"(20.0, 25.0]"
2718,Graduate,Graduate,0,Nursing,"(16.999, 19.0]"
2719,Graduate,Graduate,0,Veterinary Nursing,"(16.999, 19.0]"
2720,Graduate,Graduate,0,Veterinary Nursing,"(16.999, 19.0]"
2721,Enrolled,Enrolled,0,Management,"(16.999, 19.0]"
2722,Enrolled,Enrolled,0,Veterinary Nursing,"(20.0, 25.0]"
2723,Dropout,Dropout,1,Management,"(16.999, 19.0]"
2724,Graduate,Graduate,0,Nursing,"(20.0, 25.0]"
2725,Enrolled,Enrolled,0,Equinculture,"(20.0, 25.0]"
2726,Graduate,Graduate,0,Veterinary Nursing,"(20.0, 25.0]"
2727,Graduate,Graduate,0,Nursing,"(16.999, 19.0]"
2728,Enrolled,Enrolled,0,Veterinary Nursing,"(25.0, 70.0]"
2729,Graduate,Graduate,0,Equinculture,"(19.0, 20.0]"
2730,Graduate,Graduate,0,Social Service,"(16.999, 19.0]"
2731,Graduate,Graduate,0,Social Service,"(19.0, 20.0]"
2732,Enrolled,Enrolled,0,Nursing,"(19.0, 20.0]"
2733,Enrolled,Enrolled,0,Social Service,"(16.999, 19.0]"
2734,Graduate,Graduate,0,Journalism and Communication,"(20.0, 25.0]"
2735,Graduate,Graduate,0,Nursing,"(19.0, 20.0]"
2736,Graduate,Graduate,0,Nursing,"(16.999, 19.0]"
2737,Dropout,Dropout,1,Equinculture,"(16.999, 19.0]"
2738,Graduate,Graduate,0,Management,"(16.999, 19.0]"
2739,Graduate,Graduate,0,Veterinary Nursing,"(16.999, 19.0]"
2740,Graduate,Graduate,0,Communication Design,"(16.999, 19.0]"
2741,Graduate,Graduate,0,Social Service (evening attendance),"(20.0, 25.0]"
2742,Graduate,Graduate,0,Social Service,"(20.0, 25.0]"
2743,Graduate,Graduate,0,Social Service,"(19.0, 20.0]"
2744,Dropout,Dropout,1,Tourism,"(25.0, 70.0]"
2745,Graduate,Graduate,0,Basic Education,"(20.0, 25.0]"
2746,Enrolled,Enrolled,0,Nursing,"(19.0, 20.0]"
2747,Dropout,Dropout,1,Agronomy,"(25.0, 70.0]"
2748,Dropout,Dropout,1,Management (evening attendance),"(25.0, 70.0]"
2749,Dropout,Dropout,1,Management (evening attendance),"(25.0, 70.0]"
2750,Dropout,Dropout,1,Informatics Engineering,"(20.0, 25.0]"
2751,Graduate,Graduate,0,Advertising and Marketing Management,"(20.0, 25.0]"
2752,Dropout,Dropout,1,Social Service (evening attendance),"(25.0, 70.0]"
2753,Graduate,Graduate,0,Management (evening attendance),"(25.0, 70.0]"
2754,Dropout,Dropout,1,Management (evening attendance),"(25.0, 70.0]"
2755,Graduate,Graduate,0,Social Service,"(25.0, 70.0]"
2756,Dropout,Dropout,1,Management,"(25.0, 70.0]"
2757,Dropout,Dropout,1,Veterinary Nursing,"(20.0, 25.0]"
2758,Enrolled,Enrolled,0,Agronomy,"(20.0, 25.0]"
2759,Enrolled,Enrolled,0,Agronomy,"(19.0, 20.0]"
2760,Dropout,Dropout,1,Nursing,"(25.0, 70.0]"
2761,Enrolled,Enrolled,0,Social Service (evening attendance),"(25.0, 70.0]"
2762,Enrolled,Enrolled,0,Social Service (evening attendance),"(25.0, 70.0]"
2763,Graduate,Graduate,0,Social Service (evening attendance),"(25.0, 70.0]"
2764,Enrolled,Enrolled,0,Management (evening attendance),"(20.0, 25.0]"
2765,Graduate,Graduate,0,Nursing,"(16.999, 19.0]"
2766,Graduate,Graduate,0,Nursing,"(25.0, 70.0]"
2767,Dropout,Dropout,1,Social Service (evening attendance),"(20.0, 25.0]"
2768,Graduate,Graduate,0,Management,"(19.0, 20.0]"
2769,Dropout,Dropout,1,Nursing,"(16.999, 19.0]"
2770,Graduate,Graduate,0,Oral Hygiene,"(16.999, 19.0]"
2771,Graduate,Graduate,0,Nursing,"(16.999, 19.0]"
2772,Enrolled,Enrolled,0,Nursing,"(16.999, 19.0]"
2773,Graduate,Graduate,0,Nursing,"(16.999, 19.0]"
2774,Enrolled,Enrolled,0,Nursing,"(16.999, 19.0]"
2775,Graduate,Graduate,0,Nursing,"(16.999, 19.0]"
2776,Enrolled,Enrolled,0,Animation and Multimedia Design,"(16.999, 19.0]"
2777,Enrolled,Enrolled,0,Advertising and Marketing Management,"(16.999, 19.0]"
2778,Graduate,Graduate,0,Agronomy,"(20.0, 25.0]"
2779,Graduate,Graduate,0,Social Service,"(20.0, 25.0]"
2780,Graduate,Graduate,0,Nursing,"(16.999, 19.0]"
2781,Dropout,Dropout,1,Basic Education,"(19.0, 20.0]"
2782,Enrolled,Enrolled,0,Journalism and Communication,"(20.0, 25.0]"
2783,Enrolled,Enrolled,0,Social Service,"(19.0, 20.0]"
2784,Graduate,Graduate,0,Communication Design,"(16.999, 19.0]"
2785,Graduate,Graduate,0,Social Service (evening attendance),"(25.0, 70.0]"
2786,Dropout,Dropout,1,Journalism and Communication,"(25.0, 70.0]"
2787,Enrolled,Enrolled,0,Advertising and Marketing Management,"(16.999, 19.0]"
2788,Dropout,Dropout,1,Advertising and Marketing Management,"(20.0, 25.0]"
2789,Dropout,Dropout,1,Animation and Multimedia Design,"(25.0, 70.0]"
2790,Dropout,Dropout,1,Management,"(16.999, 19.0]"
2791,Graduate,Graduate,0,Veterinary Nursing,"(16.999, 19.0]"
2792,Graduate,Graduate,0,Social Service (evening attendance),"(25.0, 70.0]"
2793,Graduate,Graduate,0,Animation and Multimedia Design,"(16.999, 19.0]"
2794,Enrolled,Enrolled,0,Management (evening attendance),"(25.0, 70.0]"
2795,Graduate,Graduate,0,Nursing,"(25.0, 70.0]"
2796,Dropout,Dropout,1,Nursing,"(25.0, 70.0]"
2797,Graduate,Graduate,0,Advertising and Marketing Management,"(16.999, 19.0]"
2798,Graduate,Graduate,0,Nursing,"(25.0, 70.0]"
2799,Dropout,Dropout,1,Informatics Engineering,"(25.0, 70.0]"
2800,Graduate,Graduate,0,Tourism,"(16.999, 19.0]"
2801,Dropout,Dropout,1,Equinculture,"(19.0, 20.0]"
2802,Graduate,Graduate,0,Journalism and Communication,"(16.999, 19.0]"
2803,Graduate,Graduate,0,Veterinary Nursing,"(19.0, 20.0]"
2804,Graduate,Graduate,0,Social Service,"(16.999, 19.0]"
2805,Graduate,Graduate,0,Nursing,"(16.999, 19.0]"
2806,Graduate,Graduate,0,Journalism and Communication,"(20.0, 25.0]"
2807,Enrolled,Enrolled,0,Advertising and Marketing Management,"(16.999, 19.0]"
2808,Graduate,Graduate,0,Journalism and Communication,"(16.999, 19.0]"
2809,Enrolled,Enrolled,0,Nursing,"(16.999, 19.0]"
2810,Graduate,Graduate,0,Basic Education,"(16.999, 19.0]"
2811,Dropout,Dropout,1,Nursing,"(25.0, 70.0]"
2812,Graduate,Graduate,0,Nursing,"(16.999, 19.0]"
2813,Graduate,Graduate,0,Social Service,"(16.999, 19.0]"
2814,Graduate,Graduate,0,Animation and Multimedia Design,"(16.999, 19.0]"
2815,Graduate,Graduate,0,Social Service,"(16.999, 19.0]"
2816,Graduate,Graduate,0,Nursing,"(16.999, 19.0]"
2817,Enrolled,Enrolled,0,Management,"(16.999, 19.0]"
2818,Graduate,Graduate,0,Social Service (evening attendance),"(25.0, 70.0]"
2819,Enrolled,Enrolled,0,Journalism and Communication,"(16.999, 19.0]"
2820,Graduate,Graduate,0,Nursing,"(16.999, 19.0]"
2821,Dropout,Dropout,1,Veterinary Nursing,"(20.0, 25.0]"
2822,Graduate,Graduate,0,Social Service,"(16.999, 19.0]"
2823,Enrolled,Enrolled,0,Advertising and Marketing Management,"(16.999, 19.0]"
2824,Enrolled,Enrolled,0,Nursing,"(16.999, 19.0]"
2825,Dropout,Dropout,1,Equinculture,"(16.999, 19.0]"
2826,Graduate,Graduate,0,Advertising and Marketing Management,"(16.999, 19.0]"
2827,Graduate,Graduate,0,Management (evening attendance),"(25.0, 70.0]"
2828,Enrolled,Enrolled,0,Communication Design,"(16.999, 19.0]"
2829,Dropout,Dropout,1,Animation and Multimedia Design,"(19.0, 20.0]"
2830,Graduate,Graduate,0,Management,"(16.999, 19.0]"
2831,Enrolled,Enrolled,0,Management,"(16.999, 19.0]"
2832,Enrolled,Enrolled,0,Agronomy,"(25.0, 70.0]"
2833,Enrolled,Enrolled,0,Advertising and Marketing Management,"(20.0, 25.0]"
2834,Graduate,Graduate,0,Veterinary Nursing,"(20.0, 25.0]"
2835,Graduate,Graduate,0,Management,"(25.0, 70.0]"
2836,Dropout,Dropout,1,Management (evening attendance),"(25.0, 70.0]"
2837,Enrolled,Enrolled,0,Management,"(25.0, 70.0]"
2838,Dropout,Dropout,1,Management (evening attendance),"(25.0, 70.0]"
2839,Graduate,Graduate,0,Veterinary Nursing,"(16.999, 19.0]"
2840,Enrolled,Enrolled,0,Veterinary Nursing,"(20.0, 25.0]"
2841,Graduate,Graduate,0,Agronomy,"(25.0, 70.0]"
2842,Graduate,Graduate,0,Communication Design,"(25.0, 70.0]"
2843,Dropout,Dropout,1,Management (evening attendance),"(25.0, 70.0]"
2844,Enrolled,Enrolled,0,Management (evening attendance),"(25.0, 70.0]"
2845,Graduate,Graduate,0,Agronomy,"(19.0, 20.0]"
2846,Dropout,Dropout,1,Oral Hygiene,"(25.0, 70.0]"
2847,Dropout,Dropout,1,Journalism and Communication,"(25.0, 70.0]"
2848,Dropout,Dropout,1,Management,"(25.0, 70.0]"
2849,Graduate,Graduate,0,Veterinary Nursing,"(16.999, 19.0]"
2850,Dropout,Dropout,1,Journalism and Communication,"(19.0, 20.0]"
2851,Graduate,Graduate,0,Journalism and Communication,"(16.999, 19.0]"
2852,Graduate,Graduate,0,Agronomy,"(20.0, 25.0]"
2853,Graduate,Graduate,0,Communication Design,"(16.999, 19.0]"
2854,Dropout,Dropout,1,Nursing,"(16.999, 19.0]"
2855,Dropout,Dropout,1,Nursing,"(16.999, 19.0]"
2856,Graduate,Graduate,0,Journalism and Communication,"(16.999, 19.0]"
2857,Dropout,Dropout,1,Animation and Multimedia Design,"(16.999, 19.0]"
2858,Graduate,Graduate,0,Advertising and Marketing Management,"(16.999, 19.0]"
2859,Enrolled,Enrolled,0,Social Service (evening attendance),"(25.0, 70.0]"
2860,Graduate,Graduate,0,Social Service,"(25.0, 70.0]"
2861,Graduate,Graduate,0,Veterinary Nursing,"(16.999, 19.0]"
2862,Graduate,Graduate,0,Social Service (evening attendance),"(25.0, 70.0]"
2863,Graduate,Graduate,0,Basic Education,"(25.0, 70.0]"
2864,Dropout,Dropout,1,Journalism and Communication,"(20.0, 25.0]"
2865,Graduate,Graduate,0,Management,"(25.0, 70.0]"
2866,Dropout,Dropout,1,Social Service (evening attendance),"(25.0, 70.0]"
2867,Graduate,Graduate,0,Agronomy,"(25.0, 70.0]"
2868,Enrolled,Enrolled,0,Management,"(25.0, 70.0]"
2869,Graduate,Graduate,0,Management (evening attendance),"(25.0, 70.0]"
2870,Graduate,Graduate,0,Animation and Multimedia Design,"(20.0, 25.0]"
2871,Dropout,Dropout,1,Nursing,"(25.0, 70.0]"
2872,Enrolled,Enrolled,0,Management (evening attendance),"(25.0, 70.0]"
2873,Graduate,Graduate,0,Tourism,"(25.0, 70.0]"
2874,Dropout,Dropout,1,Management (evening attendance),"(25.0, 70.0]"
2875,Enrolled,Enrolled,0,Management,"(25.0, 70.0]"
2876,Dropout,Dropout,1,Oral Hygiene,"(25.0, 70.0]"
2877,Enrolled,Enrolled,0,Social Service (evening attendance),"(25.0, 70.0]"
2878,Dropout,Dropout,1,Basic Education,"(25.0, 70.0]"
2879,Dropout,Dropout,1,Social Service (evening attendance),"(25.0, 70.0]"
2880,Graduate,Graduate,0,Social Service (evening attendance),"(25.0, 70.0]"
2881,Enrolled,Enrolled,0,Social Service,"(20.0, 25.0]"
2882,Dropout,Dropout,1,Management (evening attendance),"(25.0, 70.0]"
2883,Graduate,Graduate,0,Social Service (evening attendance),"(25.0, 70.0]"
2884,Graduate,Graduate,0,Agronomy,"(25.0, 70.0]"
2885,Graduate,Graduate,0,Social Service (evening attendance),"(25.0, 70.0]"
2886,Graduate,Graduate,0,Management (evening attendance),"(25.0, 70.0]"
2887,Graduate,Graduate,0,Basic Education,"(16.999, 19.0]"
2888,Graduate,Graduate,0,Social Service,"(16.999, 19.0]"
2889,Graduate,Graduate,0,Advertising and Marketing Management,"(16.999, 19.0]"
2890,Graduate,Graduate,0,Social Service (evening attendance),"(25.0, 70.0]"
2891,Dropout,Dropout,1,Management (evening attendance),"(25.0, 70.0]"
2892,Graduate,Graduate,0,Advertising and Marketing Management,"(16.999, 19.0]"
2893,Dropout,Dropout,1,Social Service (evening attendance),"(25.0, 70.0]"
2894,Graduate,Graduate,0,Basic Education,"(19.0, 20.0]"
2895,Graduate,Graduate,0,Social Service (evening attendance),"(25.0, 70.0]"
2896,Enrolled,Enrolled,0,Management (evening attendance),"(25.0, 70.0]"
2897,Graduate,Graduate,0,Nursing,"(16.999, 19.0]"
2898,Graduate,Graduate,0,Nursing,"(20.0, 25.0]"
2899,Graduate,Graduate,0,Animation and Multimedia Design,"(19.0, 20.0]"
2900,Enrolled,Enrolled,0,Management (evening attendance),"(25.0, 70.0]"
2901,Dropout,Dropout,1,Social Service (evening attendance),"(25.0, 70.0]"
2902,Graduate,Graduate,0,Oral Hygiene,"(25.0, 70.0]"
2903,Graduate,Graduate,0,Social Service,"(16.999, 19.0]"
2904,Dropout,Dropout,1,Social Service (evening attendance),"(25.0, 70.0]"
2905,Graduate,Graduate,0,Journalism and Communication,"(16.999, 19.0]"
2906,Graduate,Graduate,0,Social Service (evening attendance),"(25.0, 70.0]"
2907,Graduate,Graduate,0,Nursing,"(16.999, 19.0]"
2908,Graduate,Graduate,0,Veterinary Nursing,"(20.0, 25.0]"
2909,Dropout,Dropout,1,Agronomy,"(20.0, 25.0]"
2910,Dropout,Dropout,1,Journalism and Communication,"(16.999, 19.0]"
2911,Graduate,Graduate,0,Nursing,"(16.999, 19.0]"
2912,Dropout,Dropout,1,Veterinary Nursing,"(20.0, 25.0]"
2913,Graduate,Graduate,0,Social Service,"(16.999, 19.0]"
2914,Dropout,Dropout,1,Management,"(25.0, 70.0]"
2915,Enrolled,Enrolled,0,Social Service (evening attendance),"(25.0, 70.0]"
2916,Graduate,Graduate,0,Social Service (evening attendance),"(25.0, 70.0]"
2917,Graduate,Graduate,0,Nursing,"(16.999, 19.0]"
2918,Dropout,Dropout,1,Management (evening attendance),"(25.0, 70.0]"
2919,Dropout,Dropout,1,Agronomy,"(25.0, 70.0]"
2920,Graduate,Graduate,0,Animation and Multimedia Design,"(16.999, 19.0]"
2921,Enrolled,Enrolled,0,Social Service (evening attendance),"(25.0, 70.0]"
2922,Dropout,Dropout,1,Social Service,"(25.0, 70.0]"
2923,Dropout,Dropout,1,Advertising and Marketing Management,"(20.0, 25.0]"
2924,Graduate,Graduate,0,Nursing,"(25.0, 70.0]"
2925,Graduate,Graduate,0,Journalism and Communication,"(16.999, 19.0]"
2926,Graduate,Graduate,0,Social Service (evening attendance),"(19.0, 20.0]"
2927,Graduate,Graduate,0,Management,"(19.0, 20.0]"
2928,Dropout,Dropout,1,Animation and Multimedia Design,"(19.0, 20.0]"
2929,Enrolled,Enrolled,0,Nursing,"(16.999, 19.0]"
2930,Dropout,Dropout,1,Management (evening attendance),"(25.0, 70.0]"
2931,Dropout,Dropout,1,Equinculture,"(25.0, 70.0]"
2932,Dropout,Dropout,1,Management (evening attendance),"(25.0, 70.0]"
2933,Graduate,Graduate,0,Nursing,"(16.999, 19.0]"
2934,Dropout,Dropout,1,Social Service (evening attendance),"(25.0, 70.0]"
2935,Dropout,Dropout,1,Journalism and Communication,"(20.0, 25.0]"
2936,Dropout,Dropout,1,Veterinary Nursing,"(20.0, 25.0]"
2937,Dropout,Dropout,1,Basic Education,"(25.0, 70.0]"
2938,Enrolled,Enrolled,0,Management (evening attendance),"(25.0, 70.0]"
2939,Dropout,Dropout,1,Social Service (evening attendance),"(25.0, 70.0]"
2940,Graduate,Graduate,0,Social Service (evening attendance),"(25.0, 70.0]"
2941,Enrolled,Enrolled,0,Oral Hygiene,"(25.0, 70.0]"
2942,Graduate,Graduate,0,Animation and Multimedia Design,"(16.999, 19.0]"
2943,Graduate,Graduate,0,Agronomy,"(25.0, 70.0]"
2944,Graduate,Graduate,0,Nursing,"(16.999, 19.0]"
2945,Dropout,Dropout,1,Basic Education,"(25.0, 70.0]"
2946,Dropout,Dropout,1,Basic Education,"(16.999, 19.0]"
2947,Graduate,Graduate,0,Advertising and Marketing Management,"(19.0, 20.0]"
2948,Graduate,Graduate,0,Basic Education,"(16.999, 19.0]"
2949,Dropout,Dropout,1,Veterinary Nursing,"(25.0, 70.0]"
2950,Graduate,Graduate,0,Agronomy,"(19.0, 20.0]"
2951,Graduate,Graduate,0,Veterinary Nursing,"(16.999, 19.0]"
2952,Enrolled,Enrolled,0,Advertising and Marketing Management,"(25.0, 70.0]"
2953,Dropout,Dropout,1,Animation and Multimedia Design,"(25.0, 70.0]"
2954,Graduate,Graduate,0,Social Service,"(25.0, 70.0]"
2955,Graduate,Graduate,0,Animation and Multimedia Design,"(16.999, 19.0]"
2956,Dropout,Dropout,1,Nursing,"(25.0, 70.0]"
2957,Graduate,Graduate,0,Social Service (evening attendance),"(25.0, 70.0]"
2958,Dropout,Dropout,1,Basic Education,"(25.0, 70.0]"
2959,Graduate,Graduate,0,Tourism,"(25.0, 70.0]"
2960,Graduate,Graduate,0,Advertising and Marketing Management,"(19.0, 20.0]"
2961,Graduate,Graduate,0,Nursing,"(16.999, 19.0]"
2962,Dropout,Dropout,1,Communication Design,"(16.999, 19.0]"
2963,Graduate,Graduate,0,Management (evening attendance),"(20.0, 25.0]"
2964,Dropout,Dropout,1,Communication Design,"(16.999, 19.0]"
2965,Graduate,Graduate,0,Management,"(16.999, 19.0]"
2966,Graduate,Graduate,0,Nursing,"(16.999, 19.0]"
2967,Enrolled,Enrolled,0,Nursing,"(16.999, 19.0]"
2968,Graduate,Graduate,0,Social Service (evening attendance),"(25.0, 70.0]"
2969,Graduate,Graduate,0,Advertising and Marketing Management,"(25.0, 70.0]"
2970,Graduate,Graduate,0,Social Service,"(20.0, 25.0]"
2971,Dropout,Dropout,1,Management (evening attendance),"(20.0, 25.0]"
2972,Enrolled,Enrolled,0,Veterinary Nursing,"(16.999, 19.0]"
2973,Graduate,Graduate,0,Management,"(19.0, 20.0]"
2974,Dropout,Dropout,1,Animation and Multimedia Design,"(16.999, 19.0]"
2975,Graduate,Graduate,0,Management (evening attendance),"(25.0, 70.0]"
2976,Graduate,Graduate,0,Tourism,"(16.999, 19.0]"
2977,Dropout,Dropout,1,Basic Education,"(25.0, 70.0]"
2978,Graduate,Graduate,0,Communication Design,"(20.0, 25.0]"
2979,Dropout,Dropout,1,Veterinary Nursing,"(20.0, 25.0]"
2980,Graduate,Graduate,0,Journalism and Communication,"(16.999, 19.0]"
2981,Graduate,Graduate,0,Communication Design,"(16.999, 19.0]"
2982,Graduate,Graduate,0,Nursing,"(16.999, 19.0]"
2983,Graduate,Graduate,0,Basic Education,"(20.0, 25.0]"
2984,Graduate,Graduate,0,Nursing,"(16.999, 19.0]"
2985,Graduate,Graduate,0,Communication Design,"(16.999, 19.0]"
2986,Enrolled,Enrolled,0,Basic Education,"(19.0, 20.0]"
2987,Graduate,Graduate,0,Social Service (evening attendance),"(25.0, 70.0]"
2988,Graduate,Graduate,0,Animation and Multimedia Design,"(16.999, 19.0]"
2989,Enrolled,Enrolled,0,Tourism,"(16.999, 19.0]"
2990,Graduate,Graduate,0,Equinculture,"(16.999, 19.0]"
2991,Graduate,Graduate,0,Nursing,"(16.999, 19.0]"
2992,Dropout,Dropout,1,Journalism and Communication,"(19.0, 20.0]"
2993,Graduate,Graduate,0,Social Service (evening attendance),"(25.0, 70.0]"
2994,Graduate,Graduate,0,Journalism and Communication,"(16.999, 19.0]"
2995,Graduate,Graduate,0,Nursing,"(16.999, 19.0]"
2996,Graduate,Graduate,0,Social Service,"(16.999, 19.0]"
2997,Enrolled,Enrolled,0,Management,"(19.0, 20.0]"
2998,Graduate,Graduate,0,Equinculture,"(16.999, 19.0]"
2999,Dropout,Dropout,1,Social Service (evening attendance),"(25.0, 70.0]"
3000,Enrolled,Enrolled,0,Nursing,"(20.0, 25.0]"
3001,Graduate,Graduate,0,Nursing,"(16.999, 19.0]"
3002,Dropout,Dropout,1,Journalism and Communication,"(16.999, 19.0]"
3003,Dropout,Dropout,1,Oral Hygiene,"(16.999, 19.0]"
3004,Graduate,Graduate,0,Management,"(16.999, 19.0]"
3005,Graduate,Graduate,0,Nursing,"(16.999, 19.0]"
3006,Graduate,Graduate,0,Management,"(16.999, 19.0]"
3007,Enrolled,Enrolled,0,Management,"(16.999, 19.0]"
3008,Dropout,Dropout,1,Equinculture,"(16.999, 19.0]"
3009,Graduate,Graduate,0,Nursing,"(19.0, 20.0]"
3010,Graduate,Graduate,0,Veterinary Nursing,"(19.0, 20.0]"
3011,Dropout,Dropout,1,Veterinary Nursing,"(16.999, 19.0]"
3012,Graduate,Graduate,0,Nursing,"(19.0, 20.0]"
3013,Graduate,Graduate,0,Advertising and Marketing Management,"(16.999, 19.0]"
3014,Dropout,Dropout,1,Nursing,"(16.999, 19.0]"
3015,Graduate,Graduate,0,Nursing,"(16.999, 19.0]"
3016,Graduate,Graduate,0,Veterinary Nursing,"(19.0, 20.0]"
3017,Graduate,Graduate,0,Nursing,"(16.999, 19.0]"
3018,Graduate,Graduate,0,Veterinary Nursing,"(16.999, 19.0]"
3019,Graduate,Graduate,0,Social Service,"(16.999, 19.0]"
3020,Graduate,Graduate,0,Equinculture,"(16.999, 19.0]"
3021,Graduate,Graduate,0,Nursing,"(16.999, 19.0]"
3022,Dropout,Dropout,1,Basic Education,"(16.999, 19.0]"
3023,Graduate,Graduate,0,Animation and Multimedia Design,"(20.0, 25.0]"
3024,Graduate,Graduate,0,Animation and Multimedia Design,"(16.999, 19.0]"
3025,Graduate,Graduate,0,Nursing,"(16.999, 19.0]"
3026,Enrolled,Enrolled,0,Journalism and Communication,"(16.999, 19.0]"
3027,Dropout,Dropout,1,Journalism and Communication,"(16.999, 19.0]"
3028,Graduate,Graduate,0,Social Service (evening attendance),"(25.0, 70.0]"
3029,Graduate,Graduate,0,Management,"(16.999, 19.0]"
3030,Dropout,Dropout,1,Basic Education,"(25.0, 70.0]"
3031,Graduate,Graduate,0,Nursing,"(20.0, 25.0]"
3032,Graduate,Graduate,0,Nursing,"(16.999, 19.0]"
3033,Graduate,Graduate,0,Social Service,"(16.999, 19.0]"
3034,Graduate,Graduate,0,Veterinary Nursing,"(16.999, 19.0]"
3035,Graduate,Graduate,0,Tourism,"(16.999, 19.0]"
3036,Dropout,Dropout,1,Nursing,"(16.999, 19.0]"
3037,Graduate,Graduate,0,Advertising and Marketing Management,"(19.0, 20.0]"
3038,Graduate,Graduate,0,Journalism and Communication,"(16.999, 19.0]"
3039,Dropout,Dropout,1,Basic Education,"(16.999, 19.0]"
3040,Dropout,Dropout,1,Journalism and Communication,"(19.0, 20.0]"
3041,Enrolled,Enrolled,0,Nursing,"(16.999, 19.0]"
3042,Graduate,Graduate,0,Advertising and Marketing Management,"(16.999, 19.0]"
3043,Graduate,Graduate,0,Communication Design,"(20.0, 25.0]"
3044,Graduate,Graduate,0,Tourism,"(16.999, 19.0]"
3045,Graduate,Graduate,0,Basic Education,"(16.999, 19.0]"
3046,Enrolled,Enrolled,0,Veterinary Nursing,"(16.999, 19.0]"
3047,Dropout,Dropout,1,Journalism and Communication,"(16.999, 19.0]"
3048,Graduate,Graduate,0,Management,"(16.999, 19.0]"
3049,Graduate,Graduate,0,Veterinary Nursing,"(16.999, 19.0]"
3050,Dropout,Dropout,1,Oral Hygiene,"(25.0, 70.0]"
3051,Enrolled,Enrolled,0,Management,"(16.999, 19.0]"
3052,Graduate,Graduate,0,Veterinary Nursing,"(19.0, 20.0]"
3053,Dropout,Dropout,1,Veterinary Nursing,"(16.999, 19.0]"
3054,Graduate,Graduate,0,Social Service,"(16.999, 19.0]"
3055,Dropout,Dropout,1,Equinculture,"(25.0, 70.0]"
3056,Graduate,Graduate,0,Journalism and Communication,"(16.999, 19.0]"
3057,Dropout,Dropout,1,Social Service (evening attendance),"(25.0, 70.0]"
3058,Graduate,Graduate,0,Nursing,"(16.999, 19.0]"
3059,Graduate,Graduate,0,Nursing,"(16.999, 19.0]"
3060,Enrolled,Enrolled,0,Journalism and Communication,"(16.999, 19.0]"
3061,Dropout,Dropout,1,Tourism,"(16.999, 19.0]"
3062,Dropout,Dropout,1,Advertising and Marketing Management,"(16.999, 19.0]"
3063,Graduate,Graduate,0,Journalism and Communication,"(20.0, 25.0]"
3064,Graduate,Graduate,0,Social Service,"(16.999, 19.0]"
3065,Dropout,Dropout,1,Tourism,"(20.0, 25.0]"
3066,Graduate,Graduate,0,Communication Design,"(16.999, 19.0]"
3067,Enrolled,Enrolled,0,Nursing,"(16.999, 19.0]"
3068,Graduate,Graduate,0,Oral Hygiene,"(25.0, 70.0]"
3069,Dropout,Dropout,1,Veterinary Nursing,"(25.0, 70.0]"
3070,Enrolled,Enrolled,0,Advertising and Marketing Management,"(19.0, 20.0]"
3071,Dropout,Dropout,1,Social Service (evening attendance),"(25.0, 70.0]"
3072,Dropout,Dropout,1,Social Service,"(25.0, 70.0]"
3073,Enrolled,Enrolled,0,Informatics Engineering,"(25.0, 70.0]"
3074,Dropout,Dropout,1,Management,"(25.0, 70.0]"
3075,Enrolled,Enrolled,0,Advertising and Marketing Management,"(19.0, 20.0]"
3076,Dropout,Dropout,1,Advertising and Marketing Management,"(25.0, 70.0]"
3077,Enrolled,Enrolled,0,Informatics Engineering,"(25.0, 70.0]"
3078,Graduate,Graduate,0,Advertising and Marketing Management,"(16.999, 19.0]"
3079,Dropout,Dropout,1,Veterinary Nursing,"(20.0, 25.0]"
3080,Graduate,Graduate,0,Management (evening attendance),"(25.0, 70.0]"
3081,Graduate,Graduate,0,Nursing,"(19.0, 20.0]"
3082,Graduate,Graduate,0,Communication Design,"(16.999, 19.0]"
3083,Dropout,Dropout,1,Equinculture,"(16.999, 19.0]"
3084,Graduate,Graduate,0,Communication Design,"(19.0, 20.0]"
3085,Enrolled,Enrolled,0,Management,"(25.0, 70.0]"
3086,Graduate,Graduate,0,Management (evening attendance),"(20.0, 25.0]"
3087,Graduate,Graduate,0,Management,"(16.999, 19.0]"
3088,Graduate,Graduate,0,Nursing,"(25.0, 70.0]"
3089,Dropout,Dropout,1,Management (evening attendance),"(25.0, 70.0]"
3090,Graduate,Graduate,0,Social Service,"(16.999, 19.0]"
3091,Enrolled,Enrolled,0,Basic Education,"(19.0, 20.0]"
3092,Graduate,Graduate,0,Social Service (evening attendance),"(20.0, 25.0]"
3093,Graduate,Graduate,0,Nursing,"(20.0, 25.0]"
3094,Dropout,Dropout,1,Tourism,"(16.999, 19.0]"
3095,Graduate,Graduate,0,Social Service,"(16.999, 19.0]"
3096,Graduate,Graduate,0,Social Service (evening attendance),"(25.0, 70.0]"
3097,Dropout,Dropout,1,Journalism and Communication,"(16.999, 19.0]"
3098,Enrolled,Enrolled,0,Social Service,"(16.999, 19.0]"
3099,Dropout,Dropout,1,Social Service (evening attendance),"(20.0, 25.0]"
3100,Graduate,Graduate,0,Nursing,"(16.999, 19.0]"
3101,Graduate,Graduate,0,Management,"(16.999, 19.0]"
3102,Dropout,Dropout,1,Advertising and Marketing Management,"(25.0, 70.0]"
3103,Dropout,Dropout,1,Animation and Multimedia Design,"(25.0, 70.0]"
3104,Graduate,Graduate,0,Social Service,"(16.999, 19.0]"
3105,Dropout,Dropout,1,Veterinary Nursing,"(25.0, 70.0]"
3106,Graduate,Graduate,0,Nursing,"(16.999, 19.0]"
3107,Graduate,Graduate,0,Nursing,"(16.999, 19.0]"
3108,Enrolled,Enrolled,0,Journalism and Communication,"(16.999, 19.0]"
3109,Graduate,Graduate,0,Management,"(16.999, 19.0]"
3110,Dropout,Dropout,1,Animation and Multimedia Design,"(16.999, 19.0]"
3111,Graduate,Graduate,0,Nursing,"(16.999, 19.0]"
3112,Dropout,Dropout,1,Tourism,"(16.999, 19.0]"
3113,Enrolled,Enrolled,0,Advertising and Marketing Management,"(16.999, 19.0]"
3114,Graduate,Graduate,0,Journalism and Communication,"(16.999, 19.0]"
3115,Graduate,Graduate,0,Social Service,"(16.999, 19.0]"
3116,Dropout,Dropout,1,Nursing,"(16.999, 19.0]"
3117,Graduate,Graduate,0,Journalism and Communication,"(19.0, 20.0]"
3118,Graduate,Graduate,0,Tourism,"(19.0, 20.0]"
3119,Enrolled,Enrolled,0,Veterinary Nursing,"(20.0, 25.0]"
3120,Dropout,Dropout,1,Management (evening attendance),"(25.0, 70.0]"
3121,Graduate,Graduate,0,Oral Hygiene,"(19.0, 20.0]"
3122,Enrolled,Enrolled,0,Advertising and Marketing Management,"(16.999, 19.0]"
3123,Graduate,Graduate,0,Nursing,"(16.999, 19.0]"
3124,Graduate,Graduate,0,Nursing,"(16.999, 19.0]"
3125,Graduate,Graduate,0,Social Service,"(25.0, 70.0]"
3126,Enrolled,Enrolled,0,Social Service,"(20.0, 25.0]"
3127,Graduate,Graduate,0,Management,"(16.999, 19.0]"
3128,Graduate,Graduate,0,Management,"(20.0, 25.0]"
3129,Graduate,Graduate,0,Journalism and Communication,"(16.999, 19.0]"
3130,Graduate,Graduate,0,Social Service,"(16.999, 19.0]"
3131,Graduate,Graduate,0,Nursing,"(16.999, 19.0]"
3132,Graduate,Graduate,0,Equinculture,"(16.999, 19.0]"
3133,Enrolled,Enrolled,0,Nursing,"(20.0, 25.0]"
3134,Enrolled,Enrolled,0,Nursing,"(16.999, 19.0]"
3135,Graduate,Graduate,0,Animation and Multimedia Design,"(19.0, 20.0]"
3136,Graduate,Graduate,0,Veterinary Nursing,"(16.999, 19.0]"
3137,Graduate,Graduate,0,Veterinary Nursing,"(20.0, 25.0]"
3138,Graduate,Graduate,0,Journalism and Communication,"(16.999, 19.0]"
3139,Enrolled,Enrolled,0,Basic Education,"(16.999, 19.0]"
3140,Graduate,Graduate,0,Veterinary Nursing,"(25.0, 70.0]"
3141,Graduate,Graduate,0,Management,"(20.0, 25.0]"
3142,Dropout,Dropout,1,Management,"(16.999, 19.0]"
3143,Graduate,Graduate,0,Nursing,"(16.999, 19.0]"
3144,Graduate,Graduate,0,Social Service,"(16.999, 19.0]"
3145,Graduate,Graduate,0,Management (evening attendance),"(25.0, 70.0]"
3146,Graduate,Graduate,0,Social Service,"(16.999, 19.0]"
3147,Enrolled,Enrolled,0,Nursing,"(19.0, 20.0]"
3148,Enrolled,Enrolled,0,Management,"(19.0, 20.0]"
3149,Graduate,Graduate,0,Advertising and Marketing Management,"(25.0, 70.0]"
3150,Enrolled,Enrolled,0,Equinculture,"(19.0, 20.0]"
3151,Dropout,Dropout,1,Animation and Multimedia Design,"(16.999, 19.0]"
3152,Graduate,Graduate,0,Journalism and Communication,"(16.999, 19.0]"
3153,Graduate,Graduate,0,Animation and Multimedia Design,"(20.0, 25.0]"
3154,Enrolled,Enrolled,0,Nursing,"(16.999, 19.0]"
3155,Enrolled,Enrolled,0,Management,"(16.999, 19.0]"
3156,Graduate,Graduate,0,Agronomy,"(20.0, 25.0]"
3157,Dropout,Dropout,1,Management,"(20.0, 25.0]"
3158,Enrolled,Enrolled,0,Tourism,"(20.0, 25.0]"
3159,Enrolled,Enrolled,0,Communication Design,"(19.0, 20.0]"
3160,Graduate,Graduate,0,Animation and Multimedia Design,"(20.0, 25.0]"
3161,Graduate,Graduate,0,Tourism,"(19.0, 20.0]"
3162,Graduate,Graduate,0,Nursing,"(16.999, 19.0]"
3163,Graduate,Graduate,0,Social Service,"(19.0, 20.0]"
3164,Graduate,Graduate,0,Veterinary Nursing,"(16.999, 19.0]"
3165,Graduate,Graduate,0,Veterinary Nursing,"(16.999, 19.0]"
3166,Dropout,Dropout,1,Basic Education,"(16.999, 19.0]"
3167,Dropout,Dropout,1,Management (evening attendance),"(20.0, 25.0]"
3168,Dropout,Dropout,1,Tourism,"(20.0, 25.0]"
3169,Graduate,Graduate,0,Nursing,"(16.999, 19.0]"
3170,Graduate,Graduate,0,Management,"(19.0, 20.0]"
3171,Dropout,Dropout,1,Basic Education,"(19.0, 20.0]"
3172,Dropout,Dropout,1,Tourism,"(16.999, 19.0]"
3173,Graduate,Graduate,0,Oral Hygiene,"(20.0, 25.0]"
3174,Enrolled,Enrolled,0,Social Service,"(16.999, 19.0]"
3175,Dropout,Dropout,1,Biofuel Production Technologies,"(25.0, 70.0]"
3176,Graduate,Graduate,0,Nursing,"(16.999, 19.0]"
3177,Dropout,Dropout,1,Advertising and Marketing Management,"(16.999, 19.0]"
3178,Graduate,Graduate,0,Nursing,"(16.999, 19.0]"
3179,Enrolled,Enrolled,0,Nursing,"(16.999, 19.0]"
3180,Graduate,Graduate,0,Communication Design,"(16.999, 19.0]"
3181,Dropout,Dropout,1,Equinculture,"(20.0, 25.0]"
3182,Graduate,Graduate,0,Social Service (evening attendance),"(20.0, 25.0]"
3183,Enrolled,Enrolled,0,Informatics Engineering,"(25.0, 70.0]"
3184,Graduate,Graduate,0,Veterinary Nursing,"(16.999, 19.0]"
3185,Dropout,Dropout,1,Informatics Engineering,"(16.999, 19.0]"
3186,Dropout,Dropout,1,Equinculture,"(25.0, 70.0]"
3187,Dropout,Dropout,1,Nursing,"(16.999, 19.0]"
3188,Dropout,Dropout,1,Management,"(20.0, 25.0]"
3189,Dropout,Dropout,1,Animation and Multimedia Design,"(16.999, 19.0]"
3190,Dropout,Dropout,1,Agronomy,"(25.0, 70.0]"
3191,Dropout,Dropout,1,Advertising and Marketing Management,"(16.999, 19.0]"
3192,Enrolled,Enrolled,0,Management,"(20.0, 25.0]"
3193,Dropout,Dropout,1,Communication Design,"(19.0, 20.0]"
3194,Enrolled,Enrolled,0,Management (evening attendance),"(20.0, 25.0]"
3195,Dropout,Dropout,1,Journalism and Communication,"(16.999, 19.0]"
3196,Enrolled,Enrolled,0,Agronomy,"(20.0, 25.0]"
3197,Graduate,Graduate,0,Management,"(16.999, 19.0]"
3198,Dropout,Dropout,1,Tourism,"(25.0, 70.0]"
3199,Graduate,Graduate,0,Nursing,"(19.0, 20.0]"
3200,Dropout,Dropout,1,Social Service,"(25.0, 70.0]"
3201,Graduate,Graduate,0,Journalism and Communication,"(16.999, 19.0]"
3202,Enrolled,Enrolled,0,Journalism and Communication,"(19.0, 20.0]"
3203,Dropout,Dropout,1,Journalism and Communication,"(16.999, 19.0]"
3204,Dropout,Dropout,1,Journalism and Communication,"(16.999, 19.0]"
3205,Dropout,Dropout,1,Management (evening attendance),"(25.0, 70.0]"
3206,Graduate,Graduate,0,Management,"(16.999, 19.0]"
3207,Dropout,Dropout,1,Journalism and Communication,"(20.0, 25.0]"
3208,Dropout,Dropout,1,Social Service,"(16.999, 19.0]"
3209,Graduate,Graduate,0,Communication Design,"(16.999, 19.0]"
3210,Graduate,Graduate,0,Agronomy,"(25.0, 70.0]"
3211,Enrolled,Enrolled,0,Animation and Multimedia Design,"(16.999, 19.0]"
3212,Graduate,Graduate,0,Tourism,"(19.0, 20.0]"
3213,Dropout,Dropout,1,Agronomy,"(19.0, 20.0]"
3214,Graduate,Graduate,0,Communication Design,"(16.999, 19.0]"
3215,Graduate,Graduate,0,Tourism,"(20.0, 25.0]"
3216,Dropout,Dropout,1,Tourism,"(16.999, 19.0]"
3217,Graduate,Graduate,0,Informatics Engineering,"(19.0, 20.0]"
3218,Enrolled,Enrolled,0,Social Service (evening attendance),"(20.0, 25.0]"
3219,Dropout,Dropout,1,Management (evening attendance),"(25.0, 70.0]"
3220,Dropout,Dropout,1,Advertising and Marketing Management,"(16.999, 19.0]"
3221,Dropout,Dropout,1,Oral Hygiene,"(20.0, 25.0]"
3222,Graduate,Graduate,0,Advertising and Marketing Management,"(19.0, 20.0]"
3223,Dropout,Dropout,1,Management (evening attendance),"(25.0, 70.0]"
3224,Dropout,Dropout,1,Management,"(25.0, 70.0]"
3225,Graduate,Graduate,0,Nursing,"(25.0, 70.0]"
3226,Graduate,Graduate,0,Veterinary Nursing,"(20.0, 25.0]"
3227,Enrolled,Enrolled,0,Veterinary Nursing,"(20.0, 25.0]"
3228,Graduate,Graduate,0,Nursing,"(19.0, 20.0]"
3229,Graduate,Graduate,0,Nursing,"(19.0, 20.0]"
3230,Graduate,Graduate,0,Nursing,"(20.0, 25.0]"
3231,Enrolled,Enrolled,0,Management,"(25.0, 70.0]"
3232,Graduate,Graduate,0,Journalism and Communication,"(16.999, 19.0]"
3233,Dropout,Dropout,1,Veterinary Nursing,"(19.0, 20.0]"
3234,Graduate,Graduate,0,Nursing,"(16.999, 19.0]"
3235,Graduate,Graduate,0,Nursing,"(16.999, 19.0]"
3236,Graduate,Graduate,0,Veterinary Nursing,"(16.999, 19.0]"
3237,Enrolled,Enrolled,0,Advertising and Marketing Management,"(20.0, 25.0]"
3238,Graduate,Graduate,0,Nursing,"(16.999, 19.0]"
3239,Graduate,Graduate,0,Social Service,"(16.999, 19.0]"
3240,Enrolled,Enrolled,0,Management (evening attendance),"(25.0, 70.0]"
3241,Graduate,Graduate,0,Social Service,"(25.0, 70.0]"
3242,Dropout,Dropout,1,Social Service (evening attendance),"(25.0, 70.0]"
3243,Graduate,Graduate,0,Nursing,"(16.999, 19.0]"
3244,Dropout,Dropout,1,Basic Education,"(16.999, 19.0]"
3245,Dropout,Dropout,1,Journalism and Communication,"(20.0, 25.0]"
3246,Graduate,Graduate,0,Journalism and Communication,"(16.999, 19.0]"
3247,Graduate,Graduate,0,Veterinary Nursing,"(19.0, 20.0]"
3248,Graduate,Graduate,0,Management,"(16.999, 19.0]"
3249,Graduate,Graduate,0,Communication Design,"(16.999, 19.0]"
3250,Dropout,Dropout,1,Oral Hygiene,"(25.0, 70.0]"
3251,Graduate,Graduate,0,Management,"(16.999, 19.0]"
3252,Dropout,Dropout,1,Equinculture,"(20.0, 25.0]"
3253,Dropout,Dropout,1,Equinculture,"(20.0, 25.0]"
3254,Graduate,Graduate,0,Veterinary Nursing,"(16.999, 19.0]"
3255,Graduate,Graduate,0,Advertising and Marketing Management,"(16.999, 19.0]"
3256,Graduate,Graduate,0,Nursing,"(16.999, 19.0]"
3257,Graduate,Graduate,0,Agronomy,"(25.0, 70.0]"
3258,Graduate,Graduate,0,Management,"(19.0, 20.0]"
3259,Graduate,Graduate,0,Nursing,"(16.999, 19.0]"
3260,Graduate,Graduate,0,Veterinary Nursing,"(16.999, 19.0]"
3261,Graduate,Graduate,0,Management,"(16.999, 19.0]"
3262,Dropout,Dropout,1,Social Service (evening attendance),"(25.0, 70.0]"
3263,Graduate,Graduate,0,Veterinary Nursing,"(16.999, 19.0]"
3264,Dropout,Dropout,1,Basic Education,"(20.0, 25.0]"
3265,Graduate,Graduate,0,Social Service,"(16.999, 19.0]"
3266,Graduate,Graduate,0,Advertising and Marketing Management,"(16.999, 19.0]"
3267,Enrolled,Enrolled,0,Management (evening attendance),"(25.0, 70.0]"
3268,Dropout,Dropout,1,Nursing,"(25.0, 70.0]"
3269,Dropout,Dropout,1,Journalism and Communication,"(25.0, 70.0]"
3270,Dropout,Dropout,1,Tourism,"(25.0, 70.0]"
3271,Graduate,Graduate,0,Social Service (evening attendance),"(25.0, 70.0]"
3272,Graduate,Graduate,0,Management,"(25.0, 70.0]"
3273,Enrolled,Enrolled,0,Nursing,"(25.0, 70.0]"
3274,Dropout,Dropout,1,Agronomy,"(25.0, 70.0]"
3275,Graduate,Graduate,0,Management,"(20.0, 25.0]"
3276,Dropout,Dropout,1,Biofuel Production Technologies,"(25.0, 70.0]"
3277,Graduate,Graduate,0,Management,"(20.0, 25.0]"
3278,Dropout,Dropout,1,Management,"(20.0, 25.0]"
3279,Graduate,Graduate,0,Social Service (evening attendance),"(25.0, 70.0]"
3280,Graduate,Graduate,0,Oral Hygiene,"(19.0, 20.0]"
3281,Dropout,Dropout,1,Social Service (evening attendance),"(25.0, 70.0]"
3282,Enrolled,Enrolled,0,Management,"(25.0, 70.0]"
3283,Graduate,Graduate,0,Tourism,"(16.999, 19.0]"
3284,Enrolled,Enrolled,0,Management (evening attendance),"(20.0, 25.0]"
3285,Graduate,Graduate,0,Management (evening attendance),"(25.0, 70.0]"
3286,Dropout,Dropout,1,Oral Hygiene,"(25.0, 70.0]"
3287,Dropout,Dropout,1,Advertising and Marketing Management,"(16.999, 19.0]"
3288,Graduate,Graduate,0,Management (evening attendance),"(20.0, 25.0]"
3289,Graduate,Graduate,0,Agronomy,"(25.0, 70.0]"
3290,Dropout,Dropout,1,Social Service,"(19.0, 20.0]"
3291,Dropout,Dropout,1,Agronomy,"(25.0, 70.0]"
3292,Dropout,Dropout,1,Social Service,"(25.0, 70.0]"
3293,Enrolled,Enrolled,0,Nursing,"(16.999, 19.0]"
3294,Enrolled,Enrolled,0,Nursing,"(20.0, 25.0]"
3295,Graduate,Graduate,0,Social Service (evening attendance),"(16.999, 19.0]"
3296,Enrolled,Enrolled,0,Nursing,"(16.999, 19.0]"
3297,Dropout,Dropout,1,Nursing,"(25.0, 70.0]"
3298,Graduate,Graduate,0,Social Service,"(16.999, 19.0]"
3299,Dropout,Dropout,1,Nursing,"(16.999, 19.0]"
3300,Dropout,Dropout,1,Animation and Multimedia Design,"(16.999, 19.0]"
3301,Graduate,Graduate,0,Nursing,"(16.999, 19.0]"
3302,Graduate,Graduate,0,Nursing,"(16.999, 19.0]"
3303,Graduate,Graduate,0,Veterinary Nursing,"(16.999, 19.0]"
3304,Graduate,Graduate,0,Social Service (evening attendance),"(20.0, 25.0]"
3305,Graduate,Graduate,0,Journalism and Communication,"(16.999, 19.0]"
3306,Graduate,Graduate,0,Tourism,"(25.0, 70.0]"
3307,Graduate,Graduate,0,Social Service (evening attendance),"(25.0, 70.0]"
3308,Graduate,Graduate,0,Nursing,"(16.999, 19.0]"
3309,Dropout,Dropout,1,Nursing,"(25.0, 70.0]"
3310,Graduate,Graduate,0,Social Service (evening attendance),"(25.0, 70.0]"
3311,Dropout,Dropout,1,Veterinary Nursing,"(16.999, 19.0]"
3312,Enrolled,Enrolled,0,Communication Design,"(25.0, 70.0]"
3313,Enrolled,Enrolled,0,Tourism,"(19.0, 20.0]"
3314,Dropout,Dropout,1,Management (evening attendance),"(25.0, 70.0]"
3315,Graduate,Graduate,0,Management (evening attendance),"(25.0, 70.0]"
3316,Dropout,Dropout,1,Informatics Engineering,"(25.0, 70.0]"
3317,Graduate,Graduate,0,Animation and Multimedia Design,"(16.999, 19.0]"
3318,Dropout,Dropout,1,Management (evening attendance),"(25.0, 70.0]"
3319,Graduate,Graduate,0,Communication Design,"(16.999, 19.0]"
3320,Graduate,Graduate,0,Journalism and Communication,"(16.999, 19.0]"
3321,Dropout,Dropout,1,Management,"(20.0, 25.0]"
3322,Dropout,Dropout,1,Management,"(20.0, 25.0]"
3323,Dropout,Dropout,1,Informatics Engineering,"(16.999, 19.0]"
3324,Dropout,Dropout,1,Animation and Multimedia Design,"(25.0, 70.0]"
3325,Enrolled,Enrolled,0,Animation and Multimedia Design,"(16.999, 19.0]"
3326,Graduate,Graduate,0,Management (evening attendance),"(25.0, 70.0]"
3327,Dropout,Dropout,1,Equinculture,"(25.0, 70.0]"
3328,Enrolled,Enrolled,0,Informatics Engineering,"(25.0, 70.0]"
3329,Enrolled,Enrolled,0,Management,"(20.0, 25.0]"
3330,Graduate,Graduate,0,Social Service,"(19.0, 20.0]"
3331,Dropout,Dropout,1,Tourism,"(25.0, 70.0]"
3332,Dropout,Dropout,1,Informatics Engineering,"(20.0, 25.0]"
3333,Dropout,Dropout,1,Advertising and Marketing Management,"(25.0, 70.0]"
3334,Graduate,Graduate,0,Journalism and Communication,"(16.999, 19.0]"
3335,Enrolled,Enrolled,0,Journalism and Communication,"(20.0, 25.0]"
3336,Dropout,Dropout,1,Agronomy,"(20.0, 25.0]"
3337,Dropout,Dropout,1,Advertising and Marketing Management,"(25.0, 70.0]"
3338,Dropout,Dropout,1,Veterinary Nursing,"(25.0, 70.0]"
3339,Enrolled,Enrolled,0,Advertising and Marketing Management,"(20.0, 25.0]"
3340,Dropout,Dropout,1,Journalism and Communication,"(16.999, 19.0]"
3341,Enrolled,Enrolled,0,Advertising and Marketing Management,"(19.0, 20.0]"
3342,Graduate,Graduate,0,Communication Design,"(19.0, 20.0]"
3343,Enrolled,Enrolled,0,Informatics Engineering,"(16.999, 19.0]"
3344,Dropout,Dropout,1,Veterinary Nursing,"(25.0, 70.0]"
3345,Dropout,Dropout,1,Tourism,"(16.999, 19.0]"
3346,Dropout,Dropout,1,Nursing,"(25.0, 70.0]"
3347,Dropout,Dropout,1,Management,"(25.0, 70.0]"
3348,Graduate,Graduate,0,Agronomy,"(25.0, 70.0]"
3349,Dropout,Dropout,1,Advertising and Marketing Management,"(25.0, 70.0]"
3350,Enrolled,Enrolled,0,Social Service (evening attendance),"(25.0, 70.0]"
3351,Dropout,Dropout,1,Agronomy,"(25.0, 70.0]"
3352,Dropout,Dropout,1,Informatics Engineering,"(25.0, 70.0]"
3353,Graduate,Graduate,0,Journalism and Communication,"(16.999, 19.0]"
3354,Graduate,Graduate,0,Nursing,"(16.999, 19.0]"
3355,Dropout,Dropout,1,Agronomy,"(25.0, 70.0]"
3356,Enrolled,Enrolled,0,Informatics Engineering,"(19.0, 20.0]"
3357,Dropout,Dropout,1,Agronomy,"(20.0, 25.0]"
3358,Dropout,Dropout,1,Nursing,"(25.0, 70.0]"
3359,Enrolled,Enrolled,0,Management,"(20.0, 25.0]"
3360,Dropout,Dropout,1,Advertising and Marketing Management,"(16.999, 19.0]"
3361,Graduate,Graduate,0,Journalism and Communication,"(16.999, 19.0]"
3362,Graduate,Graduate,0,Management,"(16.999, 19.0]"
3363,Dropout,Dropout,1,Management,"(25.0, 70.0]"
3364,Dropout,Dropout,1,Basic Education,"(20.0, 25.0]"
3365,Dropout,Dropout,1,Social Service,"(20.0, 25.0]"
3366,Enrolled,Enrolled,0,Management (evening attendance),"(25.0, 70.0]"
3367,Graduate,Graduate,0,Nursing,"(16.999, 19.0]"
3368,Enrolled,Enrolled,0,Nursing,"(16.999, 19.0]"
3369,Dropout,Dropout,1,Tourism,"(16.999, 19.0]"
3370,Dropout,Dropout,1,Management,"(20.0, 25.0]"
3371,Graduate,Graduate,0,Nursing,"(16.999, 19.0]"
3372,Graduate,Graduate,0,Tourism,"(16.999, 19.0]"
3373,Graduate,Graduate,0,Management,"(16.999, 19.0]"
3374,Graduate,Graduate,0,Social Service,"(20.0, 25.0]"
3375,Graduate,Graduate,0,Agronomy,"(20.0, 25.0]"
3376,Graduate,Graduate,0,Veterinary Nursing,"(20.0, 25.0]"
3377,Graduate,Graduate,0,Basic Education,"(19.0, 20.0]"
3378,Enrolled,Enrolled,0,Management,"(16.999, 19.0]"
3379,Graduate,Graduate,0,Nursing,"(16.999, 19.0]"
3380,Dropout,Dropout,1,Nursing,"(25.0, 70.0]"
3381,Dropout,Dropout,1,Management,"(25.0, 70.0]"
3382,Graduate,Graduate,0,Social Service,"(16.999, 19.0]"
3383,Dropout,Dropout,1,Management,"(25.0, 70.0]"
3384,Enrolled,Enrolled,0,Veterinary Nursing,"(16.999, 19.0]"
3385,Graduate,Graduate,0,Social Service,"(16.999, 19.0]"
3386,Graduate,Graduate,0,Nursing,"(16.999, 19.0]"
3387,Graduate,Graduate,0,Veterinary Nursing,"(19.0, 20.0]"
3388,Graduate,Graduate,0,Animation and Multimedia Design,"(16.999, 19.0]"
3389,Enrolled,Enrolled,0,Social Service,"(20.0, 25.0]"
3390,Graduate,Graduate,0,Basic Education,"(16.999, 19.0]"
3391,Graduate,Graduate,0,Nursing,"(20.0, 25.0]"
3392,Graduate,Graduate,0,Communication Design,"(20.0, 25.0]"
3393,Graduate,Graduate,0,Management,"(16.999, 19.0]"
3394,Enrolled,Enrolled,0,Management,"(16.999, 19.0]"
3395,Graduate,Graduate,0,Veterinary Nursing,"(19.0, 20.0]"
3396,Enrolled,Enrolled,0,Management,"(16.999, 19.0]"
3397,Graduate,Graduate,0,Nursing,"(16.999, 19.0]"
3398,Graduate,Graduate,0,Nursing,"(16.999, 19.0]"
3399,Graduate,Graduate,0,Communication Design,"(20.0, 25.0]"
3400,Graduate,Graduate,0,Social Service,"(16.999, 19.0]"
3401,Enrolled,Enrolled,0,Advertising and Marketing Management,"(19.0, 20.0]"
3402,Graduate,Graduate,0,Journalism and Communication,"(16.999, 19.0]"
3403,Graduate,Graduate,0,Nursing,"(16.999, 19.0]"
3404,Enrolled,Enrolled,0,Management (evening attendance),"(25.0, 70.0]"
3405,Graduate,Graduate,0,Animation and Multimedia Design,"(16.999, 19.0]"
3406,Enrolled,Enrolled,0,Basic Education,"(16.999, 19.0]"
3407,Graduate,Graduate,0,Nursing,"(16.999, 19.0]"
3408,Dropout,Dropout,1,Nursing,"(16.999, 19.0]"
3409,Graduate,Graduate,0,Journalism and Communication,"(19.0, 20.0]"
3410,Enrolled,Enrolled,0,Advertising and Marketing Management,"(16.999, 19.0]"
3411,Graduate,Graduate,0,Nursing,"(16.999, 19.0]"
3412,Enrolled,Enrolled,0,Management,"(16.999, 19.0]"
3413,Dropout,Dropout,1,Nursing,"(16.999, 19.0]"
3414,Graduate,Graduate,0,Nursing,"(16.999, 19.0]"
3415,Enrolled,Enrolled,0,Nursing,"(19.0, 20.0]"
3416,Enrolled,Enrolled,0,Journalism and Communication,"(16.999, 19.0]"
3417,Dropout,Dropout,1,Tourism,"(20.0, 25.0]"
3418,Graduate,Graduate,0,Basic Education,"(16.999, 19.0]"
3419,Graduate,Graduate,0,Social Service,"(19.0, 20.0]"
3420,Graduate,Graduate,0,Nursing,"(20.0, 25.0]"
3421,Dropout,Dropout,1,Veterinary Nursing,"(20.0, 25.0]"
3422,Dropout,Dropout,1,Social Service,"(16.999, 19.0]"
3423,Dropout,Dropout,1,Management (evening attendance),"(25.0, 70.0]"
3424,Dropout,Dropout,1,Veterinary Nursing,"(19.0, 20.0]"
3425,Dropout,Dropout,1,Management,"(25.0, 70.0]"
3426,Enrolled,Enrolled,0,Management,"(20.0, 25.0]"
3427,Graduate,Graduate,0,Social Service,"(19.0, 20.0]"
3428,Dropout,Dropout,1,Social Service (evening attendance),"(25.0, 70.0]"
3429,Dropout,Dropout,1,Management,"(20.0, 25.0]"
3430,Graduate,Graduate,0,Communication Design,"(20.0, 25.0]"
3431,Graduate,Graduate,0,Nursing,"(16.999, 19.0]"
3432,Graduate,Graduate,0,Journalism and Communication,"(16.999, 19.0]"
3433,Dropout,Dropout,1,Nursing,"(16.999, 19.0]"
3434,Dropout,Dropout,1,Journalism and Communication,"(16.999, 19.0]"
3435,Graduate,Graduate,0,Communication Design,"(16.999, 19.0]"
3436,Graduate,Graduate,0,Journalism and Communication,"(16.999, 19.0]"
3437,Enrolled,Enrolled,0,Management (evening attendance),"(25.0, 70.0]"
3438,Graduate,Graduate,0,Oral Hygiene,"(20.0, 25.0]"
3439,Dropout,Dropout,1,Oral Hygiene,"(16.999, 19.0]"
3440,Enrolled,Enrolled,0,Oral Hygiene,"(16.999, 19.0]"
3441,Enrolled,Enrolled,0,Advertising and Marketing Management,"(16.999, 19.0]"
3442,Graduate,Graduate,0,Tourism,"(19.0, 20.0]"
3443,Graduate,Graduate,0,Journalism and Communication,"(16.999, 19.0]"
3444,Dropout,Dropout,1,Communication Design,"(16.999, 19.0]"
3445,Graduate,Graduate,0,Nursing,"(16.999, 19.0]"
3446,Dropout,Dropout,1,Veterinary Nursing,"(16.999, 19.0]"
3447,Graduate,Graduate,0,Animation and Multimedia Design,"(16.999, 19.0]"
3448,Graduate,Graduate,0,Journalism and Communication,"(16.999, 19.0]"
3449,Graduate,Graduate,0,Nursing,"(16.999, 19.0]"
3450,Enrolled,Enrolled,0,Management (evening attendance),"(20.0, 25.0]"
3451,Enrolled,Enrolled,0,Nursing,"(25.0, 70.0]"
3452,Graduate,Graduate,0,Nursing,"(19.0, 20.0]"
3453,Graduate,Graduate,0,Nursing,"(16.999, 19.0]"
3454,Dropout,Dropout,1,Management,"(20.0, 25.0]"
3455,Graduate,Graduate,0,Social Service,"(16.999, 19.0]"
3456,Graduate,Graduate,0,Social Service,"(25.0, 70.0]"
3457,Graduate,Graduate,0,Agronomy,"(16.999, 19.0]"
3458,Graduate,Graduate,0,Social Service,"(16.999, 19.0]"
3459,Dropout,Dropout,1,Management (evening attendance),"(25.0, 70.0]"
3460,Graduate,Graduate,0,Nursing,"(16.999, 19.0]"
3461,Enrolled,Enrolled,0,Nursing,"(25.0, 70.0]"
3462,Dropout,Dropout,1,Veterinary Nursing,"(25.0, 70.0]"
3463,Enrolled,Enrolled,0,Basic Education,"(16.999, 19.0]"
3464,Graduate,Graduate,0,Communication Design,"(16.999, 19.0]"
3465,Dropout,Dropout,1,Management,"(25.0, 70.0]"
3466,Enrolled,Enrolled,0,Management,"(19.0, 20.0]"
3467,Graduate,Graduate,0,Basic Education,"(25.0, 70.0]"
3468,Enrolled,Enrolled,0,Management (evening attendance),"(25.0, 70.0]"
3469,Enrolled,Enrolled,0,Nursing,"(16.999, 19.0]"
3470,Graduate,Graduate,0,Nursing,"(16.999, 19.0]"
3471,Graduate,Graduate,0,Social Service (evening attendance),"(20.0, 25.0]"
3472,Dropout,Dropout,1,Social Service (evening attendance),"(25.0, 70.0]"
3473,Dropout,Dropout,1,Management,"(20.0, 25.0]"
3474,Dropout,Dropout,1,Informatics Engineering,"(16.999, 19.0]"
3475,Graduate,Graduate,0,Veterinary Nursing,"(19.0, 20.0]"
3476,Graduate,Graduate,0,Agronomy,"(19.0, 20.0]"
3477,Dropout,Dropout,1,Management (evening attendance),"(20.0, 25.0]"
3478,Enrolled,Enrolled,0,Social Service,"(25.0, 70.0]"
3479,Graduate,Graduate,0,Tourism,"(16.999, 19.0]"
3480,Graduate,Graduate,0,Nursing,"(16.999, 19.0]"
3481,Graduate,Graduate,0,Animation and Multimedia Design,"(20.0, 25.0]"
3482,Dropout,Dropout,1,Agronomy,"(20.0, 25.0]"
3483,Dropout,Dropout,1,Nursing,"(25.0, 70.0]"
3484,Dropout,Dropout,1,Nursing,"(25.0, 70.0]"
3485,Dropout,Dropout,1,Advertising and Marketing Management,"(25.0, 70.0]"
3486,Graduate,Graduate,0,Nursing,"(16.999, 19.0]"
3487,Dropout,Dropout,1,Advertising and Marketing Management,"(16.999, 19.0]"
3488,Dropout,Dropout,1,Equinculture,"(20.0, 25.0]"
3489,Graduate,Graduate,0,Social Service,"(19.0, 20.0]"
3490,Dropout,Dropout,1,Animation and Multimedia Design,"(20.0, 25.0]"
3491,Dropout,Dropout,1,Management (evening attendance),"(25.0, 70.0]"
3492,Dropout,Dropout,1,Management (evening attendance),"(25.0, 70.0]"
3493,Dropout,Dropout,1,Informatics Engineering,"(25.0, 70.0]"
3494,Graduate,Graduate,0,Advertising and Marketing Management,"(19.0, 20.0]"
3495,Graduate,Graduate,0,Agronomy,"(16.999, 19.0]"
3496,Dropout,Dropout,1,Management (evening attendance),"(25.0, 70.0]"
3497,Dropout,Dropout,1,Management (evening attendance),"(25.0, 70.0]"
3498,Graduate,Graduate,0,Journalism and Communication,"(16.999, 19.0]"
3499,Enrolled,Enrolled,0,Agronomy,"(25.0, 70.0]"
3500,Dropout,Dropout,1,Management,"(16.999, 19.0]"
3501,Dropout,Dropout,1,Communication Design,"(25.0, 70.0]"
3502,Graduate,Graduate,0,Advertising and Marketing Management,"(16.999, 19.0]"
3503,Graduate,Graduate,0,Agronomy,"(20.0, 25.0]"
3504,Graduate,Graduate,0,Advertising and Marketing Management,"(16.999, 19.0]"
3505,Dropout,Dropout,1,Management,"(16.999, 19.0]"
3506,Dropout,Dropout,1,Tourism,"(25.0, 70.0]"
3507,Graduate,Graduate,0,Advertising and Marketing Management,"(16.999, 19.0]"
3508,Enrolled,Enrolled,0,Management,"(16.999, 19.0]"
3509,Graduate,Graduate,0,Communication Design,"(20.0, 25.0]"
3510,Dropout,Dropout,1,Nursing,"(16.999, 19.0]"
3511,Enrolled,Enrolled,0,Equinculture,"(19.0, 20.0]"
3512,Dropout,Dropout,1,Animation and Multimedia Design,"(19.0, 20.0]"
3513,Dropout,Dropout,1,Advertising and Marketing Management,"(25.0, 70.0]"
3514,Dropout,Dropout,1,Advertising and Marketing Management,"(25.0, 70.0]"
3515,Enrolled,Enrolled,0,Journalism and Communication,"(20.0, 25.0]"
3516,Dropout,Dropout,1,Animation and Multimedia Design,"(16.999, 19.0]"
3517,Dropout,Dropout,1,Informatics Engineering,"(16.999, 19.0]"
3518,Dropout,Dropout,1,Tourism,"(20.0, 25.0]"
3519,Dropout,Dropout,1,Management (evening attendance),"(25.0, 70.0]"
3520,Graduate,Graduate,0,Management (evening attendance),"(25.0, 70.0]"
3521,Dropout,Dropout,1,Animation and Multimedia Design,"(20.0, 25.0]"
3522,Graduate,Graduate,0,Advertising and Marketing Management,"(16.999, 19.0]"
3523,Enrolled,Enrolled,0,Advertising and Marketing Management,"(20.0, 25.0]"
3524,Enrolled,Enrolled,0,Management (evening attendance),"(25.0, 70.0]"
3525,Graduate,Graduate,0,Agronomy,"(16.999, 19.0]"
3526,Dropout,Dropout,1,Agronomy,"(25.0, 70.0]"
3527,Dropout,Dropout,1,Nursing,"(20.0, 25.0]"
3528,Dropout,Dropout,1,Informatics Engineering,"(16.999, 19.0]"
3529,Enrolled,Enrolled,0,Nursing,"(19.0, 20.0]"
3530,Graduate,Graduate,0,Advertising and Marketing Management,"(16.999, 19.0]"
3531,Enrolled,Enrolled,0,Agronomy,"(20.0, 25.0]"
3532,Graduate,Graduate,0,Management,"(16.999, 19.0]"
3533,Dropout,Dropout,1,Tourism,"(25.0, 70.0]"
3534,Dropout,Dropout,1,Management (evening attendance),"(25.0, 70.0]"
3535,Dropout,Dropout,1,Management (evening attendance),"(25.0, 70.0]"
3536,Dropout,Dropout,1,Management (evening attendance),"(25.0, 70.0]"
3537,Dropout,Dropout,1,Management,"(25.0, 70.0]"
3538,Dropout,Dropout,1,Tourism,"(16.999, 19.0]"
3539,Graduate,Graduate,0,Communication Design,"(19.0, 20.0]"
3540,Dropout,Dropout,1,Informatics Engineering,"(16.999, 19.0]"
3541,Dropout,Dropout,1,Advertising and Marketing Management,"(19.0, 20.0]"
3542,Enrolled,Enrolled,0,Management (evening attendance),"(25.0, 70.0]"
3543,Enrolled,Enrolled,0,Veterinary Nursing,"(16.999, 19.0]"
3544,Enrolled,Enrolled,0,Management (evening attendance),"(25.0, 70.0]"
3545,Graduate,Graduate,0,Nursing,"(16.999, 19.0]"
3546,Graduate,Graduate,0,Nursing,"(16.999, 19.0]"
3547,Dropout,Dropout,1,Equinculture,"(25.0, 70.0]"
3548,Dropout,Dropout,1,Advertising and Marketing Management,"(25.0, 70.0]"
3549,Graduate,Graduate,0,Nursing,"(20.0, 25.0]"
3550,Enrolled,Enrolled,0,Nursing,"(20.0, 25.0]"
3551,Dropout,Dropout,1,Social Service,"(25.0, 70.0]"
3552,Dropout,Dropout,1,Management,"(20.0, 25.0]"
3553,Dropout,Dropout,1,Informatics Engineering,"(19.0, 20.0]"
3554,Enrolled,Enrolled,0,Advertising and Marketing Management,"(16.999, 19.0]"
3555,Graduate,Graduate,0,Veterinary Nursing,"(19.0, 20.0]"
3556,Enrolled,Enrolled,0,Tourism,"(20.0, 25.0]"
3557,Dropout,Dropout,1,Agronomy,"(20.0, 25.0]"
3558,Enrolled,Enrolled,0,Communication Design,"(16.999, 19.0]"
3559,Graduate,Graduate,0,Advertising and Marketing Management,"(19.0, 20.0]"
3560,Enrolled,Enrolled,0,Nursing,"(25.0, 70.0]"
3561,Graduate,Graduate,0,Journalism and Communication,"(16.999, 19.0]"
3562,Dropout,Dropout,1,Equinculture,"(25.0, 70.0]"
3563,Dropout,Dropout,1,Informatics Engineering,"(20.0, 25.0]"
3564,Dropout,Dropout,1,Informatics Engineering,"(20.0, 25.0]"
3565,Dropout,Dropout,1,Management (evening attendance),"(25.0, 70.0]"
3566,Graduate,Graduate,0,Communication Design,"(25.0, 70.0]"
3567,Graduate,Graduate,0,Informatics Engineering,"(19.0, 20.0]"
3568,Graduate,Graduate,0,Informatics Engineering,"(19.0, 20.0]"
3569,Dropout,Dropout,1,Veterinary Nursing,"(20.0, 25.0]"
3570,Graduate,Graduate,0,Communication Design,"(16.999, 19.0]"
3571,Graduate,Graduate,0,Informatics Engineering,"(16.999, 19.0]"
3572,Dropout,Dropout,1,Management (evening attendance),"(25.0, 70.0]"
3573,Enrolled,Enrolled,0,Informatics Engineering,"(16.999, 19.0]"
3574,Graduate,Graduate,0,Tourism,"(19.0, 20.0]"
3575,Graduate,Graduate,0,Equinculture,"(16.999, 19.0]"
3576,Graduate,Graduate,0,Management,"(16.999, 19.0]"
3577,Dropout,Dropout,1,Nursing,"(20.0, 25.0]"
3578,Dropout,Dropout,1,Veterinary Nursing,"(20.0, 25.0]"
3579,Graduate,Graduate,0,Advertising and Marketing Management,"(19.0, 20.0]"
3580,Graduate,Graduate,0,Agronomy,"(20.0, 25.0]"
3581,Graduate,Graduate,0,Oral Hygiene,"(20.0, 25.0]"
3582,Dropout,Dropout,1,Management (evening attendance),"(25.0, 70.0]"
3583,Enrolled,Enrolled,0,Management,"(16.999, 19.0]"
3584,Graduate,Graduate,0,Social Service (evening attendance),"(25.0, 70.0]"
3585,Dropout,Dropout,1,Biofuel Production Technologies,"(20.0, 25.0]"
3586,Dropout,Dropout,1,Animation and Multimedia Design,"(16.999, 19.0]"
3587,Graduate,Graduate,0,Communication Design,"(16.999, 19.0]"
3588,Graduate,Graduate,0,Journalism and Communication,"(20.0, 25.0]"
3589,Dropout,Dropout,1,Management (evening attendance),"(25.0, 70.0]"
3590,Enrolled,Enrolled,0,Management,"(16.999, 19.0]"
3591,Enrolled,Enrolled,0,Nursing,"(16.999, 19.0]"
3592,Dropout,Dropout,1,Advertising and Marketing Management,"(25.0, 70.0]"
3593,Dropout,Dropout,1,Journalism and Communication,"(16.999, 19.0]"
3594,Enrolled,Enrolled,0,Equinculture,"(16.999, 19.0]"
3595,Dropout,Dropout,1,Agronomy,"(16.999, 19.0]"
3596,Enrolled,Enrolled,0,Agronomy,"(20.0, 25.0]"
3597,Graduate,Graduate,0,Social Service,"(16.999, 19.0]"
3598,Graduate,Graduate,0,Journalism and Communication,"(16.999, 19.0]"
3599,Dropout,Dropout,1,Management,"(20.0, 25.0]"
3600,Dropout,Dropout,1,Animation and Multimedia Design,"(19.0, 20.0]"
3601,Graduate,Graduate,0,Journalism and Communication,"(16.999, 19.0]"
3602,Graduate,Graduate,0,Journalism and Communication,"(16.999, 19.0]"
3603,Enrolled,Enrolled,0,Informatics Engineering,"(16.999, 19.0]"
3604,Graduate,Graduate,0,Journalism and Communication,"(19.0, 20.0]"
3605,Graduate,Graduate,0,Journalism and Communication,"(19.0, 20.0]"
3606,Dropout,Dropout,1,Communication Design,"(20.0, 25.0]"
3607,Enrolled,Enrolled,0,Animation and Multimedia Design,"(20.0, 25.0]"
3608,Dropout,Dropout,1,Informatics Engineering,"(19.0, 20.0]"
3609,Enrolled,Enrolled,0,Animation and Multimedia Design,"(16.999, 19.0]"
3610,Enrolled,Enrolled,0,Informatics Engineering,"(16.999, 19.0]"
3611,Graduate,Graduate,0,Advertising and Marketing Management,"(19.0, 20.0]"
3612,Dropout,Dropout,1,Veterinary Nursing,"(16.999, 19.0]"
3613,Dropout,Dropout,1,Informatics Engineering,"(16.999, 19.0]"
3614,Enrolled,Enrolled,0,Informatics Engineering,"(20.0, 25.0]"
3615,Dropout,Dropout,1,Advertising and Marketing Management,"(16.999, 19.0]"
3616,Enrolled,Enrolled,0,Informatics Engineering,"(16.999, 19.0]"
3617,Dropout,Dropout,1,Social Service,"(16.999, 19.0]"
3618,Graduate,Graduate,0,Journalism and Communication,"(16.999, 19.0]"
3619,Graduate,Graduate,0,Social Service,"(20.0, 25.0]"
3620,Dropout,Dropout,1,Veterinary Nursing,"(16.999, 19.0]"
3621,Graduate,Graduate,0,Nursing,"(16.999, 19.0]"
3622,Graduate,Graduate,0,Social Service,"(16.999, 19.0]"
3623,Dropout,Dropout,1,Social Service (evening attendance),"(20.0, 25.0]"
3624,Graduate,Graduate,0,Management,"(20.0, 25.0]"
3625,Enrolled,Enrolled,0,Social Service,"(19.0, 20.0]"
3626,Dropout,Dropout,1,Social Service (evening attendance),"(25.0, 70.0]"
3627,Enrolled,Enrolled,0,Journalism and Communication,"(16.999, 19.0]"
3628,Dropout,Dropout,1,Animation and Multimedia Design,"(16.999, 19.0]"
3629,Graduate,Graduate,0,Advertising and Marketing Management,"(16.999, 19.0]"
3630,Graduate,Graduate,0,Nursing,"(19.0, 20.0]"
3631,Dropout,Dropout,1,Journalism and Communication,"(16.999, 19.0]"
3632,Enrolled,Enrolled,0,Social Service,"(20.0, 25.0]"
3633,Graduate,Graduate,0,Tourism,"(25.0, 70.0]"
3634,Graduate,Graduate,0,Veterinary Nursing,"(16.999, 19.0]"
3635,Graduate,Graduate,0,Nursing,"(20.0, 25.0]"
3636,Graduate,Graduate,0,Journalism and Communication,"(16.999, 19.0]"
3637,Enrolled,Enrolled,0,Basic Education,"(25.0, 70.0]"
3638,Graduate,Graduate,0,Nursing,"(16.999, 19.0]"
3639,Graduate,Graduate,0,Advertising and Marketing Management,"(16.999, 19.0]"
3640,Graduate,Graduate,0,Journalism and Communication,"(19.0, 20.0]"
3641,Dropout,Dropout,1,Tourism,"(19.0, 20.0]"
3642,Graduate,Graduate,0,Social Service (evening attendance),"(19.0, 20.0]"
3643,Graduate,Graduate,0,Veterinary Nursing,"(16.999, 19.0]"
3644,Graduate,Graduate,0,Social Service,"(16.999, 19.0]"
3645,Graduate,Graduate,0,Social Service,"(20.0, 25.0]"
3646,Enrolled,Enrolled,0,Veterinary Nursing,"(25.0, 70.0]"
3647,Dropout,Dropout,1,Social Service,"(20.0, 25.0]"
3648,Graduate,Graduate,0,Nursing,"(16.999, 19.0]"
3649,Dropout,Dropout,1,Basic Education,"(25.0, 70.0]"
3650,Graduate,Graduate,0,Communication Design,"(19.0, 20.0]"
3651,Enrolled,Enrolled,0,Advertising and Marketing Management,"(20.0, 25.0]"
3652,Graduate,Graduate,0,Oral Hygiene,"(16.999, 19.0]"
3653,Enrolled,Enrolled,0,Veterinary Nursing,"(19.0, 20.0]"
3654,Graduate,Graduate,0,Journalism and Communication,"(16.999, 19.0]"
3655,Graduate,Graduate,0,Social Service,"(19.0, 20.0]"
3656,Graduate,Graduate,0,Veterinary Nursing,"(16.999, 19.0]"
3657,Graduate,Graduate,0,Nursing,"(19.0, 20.0]"
3658,Graduate,Graduate,0,Management (evening attendance),"(19.0, 20.0]"
3659,Enrolled,Enrolled,0,Veterinary Nursing,"(19.0, 20.0]"
3660,Dropout,Dropout,1,Social Service,"(16.999, 19.0]"
3661,Graduate,Graduate,0,Journalism and Communication,"(16.999, 19.0]"
3662,Graduate,Graduate,0,Veterinary Nursing,"(16.999, 19.0]"
3663,Graduate,Graduate,0,Nursing,"(16.999, 19.0]"
3664,Dropout,Dropout,1,Nursing,"(16.999, 19.0]"
3665,Enrolled,Enrolled,0,Agronomy,"(25.0, 70.0]"
3666,Dropout,Dropout,1,Communication Design,"(25.0, 70.0]"
3667,Dropout,Dropout,1,Management,"(20.0, 25.0]"
3668,Graduate,Graduate,0,Social Service,"(16.999, 19.0]"
3669,Graduate,Graduate,0,Nursing,"(19.0, 20.0]"
3670,Graduate,Graduate,0,Animation and Multimedia Design,"(16.999, 19.0]"
3671,Graduate,Graduate,0,Veterinary Nursing,"(16.999, 19.0]"
3672,Graduate,Graduate,0,Veterinary Nursing,"(16.999, 19.0]"
3673,Graduate,Graduate,0,Social Service (evening attendance),"(25.0, 70.0]"
3674,Graduate,Graduate,0,Communication Design,"(19.0, 20.0]"
3675,Graduate,Graduate,0,Communication Design,"(20.0, 25.0]"
3676,Graduate,Graduate,0,Social Service,"(20.0, 25.0]"
3677,Dropout,Dropout,1,Journalism and Communication,"(16.999, 19.0]"
3678,Graduate,Graduate,0,Advertising and Marketing Management,"(20.0, 25.0]"
3679,Graduate,Graduate,0,Basic Education,"(16.999, 19.0]"
3680,Dropout,Dropout,1,Animation and Multimedia Design,"(16.999, 19.0]"
3681,Enrolled,Enrolled,0,Management,"(25.0, 70.0]"
3682,Dropout,Dropout,1,Management (evening attendance),"(25.0, 70.0]"
3683,Graduate,Graduate,0,Animation and Multimedia Design,"(19.0, 20.0]"
3684,Dropout,Dropout,1,Management,"(25.0, 70.0]"
3685,Dropout,Dropout,1,Agronomy,"(20.0, 25.0]"
3686,Dropout,Dropout,1,Management,"(25.0, 70.0]"
3687,Dropout,Dropout,1,Management,"(16.999, 19.0]"
3688,Graduate,Graduate,0,Social Service,"(25.0, 70.0]"
3689,Enrolled,Enrolled,0,Equinculture,"(25.0, 70.0]"
3690,Graduate,Graduate,0,Management,"(16.999, 19.0]"
3691,Dropout,Dropout,1,Informatics Engineering,"(25.0, 70.0]"
3692,Dropout,Dropout,1,Advertising and Marketing Management,"(25.0, 70.0]"
3693,Dropout,Dropout,1,Informatics Engineering,"(16.999, 19.0]"
3694,Dropout,Dropout,1,Animation and Multimedia Design,"(16.999, 19.0]"
3695,Dropout,Dropout,1,Management (evening attendance),"(25.0, 70.0]"
3696,Graduate,Graduate,0,Tourism,"(20.0, 25.0]"
3697,Enrolled,Enrolled,0,Tourism,"(16.999, 19.0]"
3698,Graduate,Graduate,0,Nursing,"(19.0, 20.0]"
3699,Dropout,Dropout,1,Veterinary Nursing,"(16.999, 19.0]"
3700,Enrolled,Enrolled,0,Communication Design,"(16.999, 19.0]"
3701,Enrolled,Enrolled,0,Management,"(20.0, 25.0]"
3702,Dropout,Dropout,1,Management,"(19.0, 20.0]"
3703,Dropout,Dropout,1,Informatics Engineering,"(25.0, 70.0]"
3704,Graduate,Graduate,0,Advertising and Marketing Management,"(16.999, 19.0]"
3705,Dropout,Dropout,1,Management,"(25.0, 70.0]"
3706,Graduate,Graduate,0,Management,"(20.0, 25.0]"
3707,Graduate,Graduate,0,Animation and Multimedia Design,"(20.0, 25.0]"
3708,Dropout,Dropout,1,Communication Design,"(16.999, 19.0]"
3709,Dropout,Dropout,1,Advertising and Marketing Management,"(20.0, 25.0]"
3710,Graduate,Graduate,0,Veterinary Nursing,"(20.0, 25.0]"
3711,Dropout,Dropout,1,Animation and Multimedia Design,"(20.0, 25.0]"
3712,Dropout,Dropout,1,Management,"(25.0, 70.0]"
3713,Dropout,Dropout,1,Biofuel Production Technologies,"(25.0, 70.0]"
3714,Dropout,Dropout,1,Advertising and Marketing Management,"(25.0, 70.0]"
3715,Enrolled,Enrolled,0,Management,"(19.0, 20.0]"
3716,Dropout,Dropout,1,Equinculture,"(19.0, 20.0]"
3717,Graduate,Graduate,0,Animation and Multimedia Design,"(16.999, 19.0]"
3718,Dropout,Dropout,1,Management,"(20.0, 25.0]"
3719,Dropout,Dropout,1,Advertising and Marketing Management,"(16.999, 19.0]"
3720,Enrolled,Enrolled,0,Agronomy,"(16.999, 19.0]"
3721,Dropout,Dropout,1,Communication Design,"(25.0, 70.0]"
3722,Dropout,Dropout,1,Agronomy,"(25.0, 70.0]"
3723,Dropout,Dropout,1,Informatics Engineering,"(16.999, 19.0]"
3724,Dropout,Dropout,1,Advertising and Marketing Management,"(16.999, 19.0]"
3725,Dropout,Dropout,1,Agronomy,"(20.0, 25.0]"
3726,Dropout,Dropout,1,Management (evening attendance),"(25.0, 70.0]"
3727,Graduate,Graduate,0,Advertising and Marketing Management,"(19.0, 20.0]"
3728,Graduate,Graduate,0,Social Service (evening attendance),"(25.0, 70.0]"
3729,Graduate,Graduate,0,Agronomy,"(20.0, 25.0]"
3730,Graduate,Graduate,0,Nursing,"(20.0, 25.0]"
3731,Dropout,Dropout,1,Communication Design,"(20.0, 25.0]"
3732,Graduate,Graduate,0,Animation and Multimedia Design,"(16.999, 19.0]"
3733,Dropout,Dropout,1,Social Service,"(25.0, 70.0]"
3734,Dropout,Dropout,1,Management,"(20.0, 25.0]"
3735,Graduate,Graduate,0,Nursing,"(16.999, 19.0]"
3736,Enrolled,Enrolled,0,Informatics Engineering,"(20.0, 25.0]"
3737,Enrolled,Enrolled,0,Tourism,"(20.0, 25.0]"
3738,Graduate,Graduate,0,Informatics Engineering,"(16.999, 19.0]"
3739,Dropout,Dropout,1,Informatics Engineering,"(16.999, 19.0]"
3740,Dropout,Dropout,1,Advertising and Marketing Management,"(20.0, 25.0]"
3741,Enrolled,Enrolled,0,Informatics Engineering,"(25.0, 70.0]"
3742,Graduate,Graduate,0,Advertising and Marketing Management,"(16.999, 19.0]"
3743,Enrolled,Enrolled,0,Veterinary Nursing,"(25.0, 70.0]"
3744,Dropout,Dropout,1,Basic Education,"(16.999, 19.0]"
3745,Graduate,Graduate,0,Animation and Multimedia Design,"(16.999, 19.0]"
3746,Graduate,Graduate,0,Nursing,"(16.999, 19.0]"
3747,Graduate,Graduate,0,Equinculture,"(20.0, 25.0]"
3748,Dropout,Dropout,1,Nursing,"(16.999, 19.0]"
3749,Graduate,Graduate,0,Communication Design,"(16.999, 19.0]"
3750,Graduate,Graduate,0,Nursing,"(16.999, 19.0]"
3751,Graduate,Graduate,0,Communication Design,"(19.0, 20.0]"
3752,Graduate,Graduate,0,Journalism and Communication,"(16.999, 19.0]"
3753,Graduate,Graduate,0,Nursing,"(19.0, 20.0]"
3754,Dropout,Dropout,1,Veterinary Nursing,"(25.0, 70.0]"
3755,Dropout,Dropout,1,Nursing,"(16.999, 19.0]"
3756,Graduate,Graduate,0,Social Service (evening attendance),"(25.0, 70.0]"
3757,Graduate,Graduate,0,Nursing,"(16.999, 19.0]"
3758,Enrolled,Enrolled,0,Veterinary Nursing,"(19.0, 20.0]"
3759,Dropout,Dropout,1,Management (evening attendance),"(19.0, 20.0]"
3760,Graduate,Graduate,0,Management,"(25.0, 70.0]"
3761,Dropout,Dropout,1,Social Service,"(25.0, 70.0]"
3762,Graduate,Graduate,0,Veterinary Nursing,"(20.0, 25.0]"
3763,Graduate,Graduate,0,Social Service,"(19.0, 20.0]"
3764,Graduate,Graduate,0,Social Service,"(16.999, 19.0]"
3765,Graduate,Graduate,0,Nursing,"(20.0, 25.0]"
3766,Graduate,Graduate,0,Communication Design,"(16.999, 19.0]"
3767,Dropout,Dropout,1,Journalism and Communication,"(16.999, 19.0]"
3768,Enrolled,Enrolled,0,Basic Education,"(20.0, 25.0]"
3769,Dropout,Dropout,1,Journalism and Communication,"(16.999, 19.0]"
3770,Dropout,Dropout,1,Equinculture,"(16.999, 19.0]"
3771,Graduate,Graduate,0,Agronomy,"(19.0, 20.0]"
3772,Graduate,Graduate,0,Social Service,"(16.999, 19.0]"
3773,Dropout,Dropout,1,Veterinary Nursing,"(25.0, 70.0]"
3774,Graduate,Graduate,0,Social Service,"(16.999, 19.0]"
3775,Dropout,Dropout,1,Veterinary Nursing,"(25.0, 70.0]"
3776,Graduate,Graduate,0,Agronomy,"(19.0, 20.0]"
3777,Graduate,Graduate,0,Communication Design,"(16.999, 19.0]"
3778,Enrolled,Enrolled,0,Veterinary Nursing,"(20.0, 25.0]"
3779,Enrolled,Enrolled,0,Oral Hygiene,"(20.0, 25.0]"
3780,Graduate,Graduate,0,Nursing,"(16.999, 19.0]"
3781,Graduate,Graduate,0,Communication Design,"(16.999, 19.0]"
3782,Graduate,Graduate,0,Basic Education,"(16.999, 19.0]"
3783,Enrolled,Enrolled,0,Nursing,"(16.999, 19.0]"
3784,Dropout,Dropout,1,Social Service (evening attendance),"(25.0, 70.0]"
3785,Enrolled,Enrolled,0,Agronomy,"(19.0, 20.0]"
3786,Dropout,Dropout,1,Animation and Multimedia Design,"(19.0, 20.0]"
3787,Dropout,Dropout,1,Social Service,"(16.999, 19.0]"
3788,Enrolled,Enrolled,0,Agronomy,"(16.999, 19.0]"
3789,Dropout,Dropout,1,Social Service,"(19.0, 20.0]"
3790,Graduate,Graduate,0,Nursing,"(16.999, 19.0]"
3791,Dropout,Dropout,1,Equinculture,"(19.0, 20.0]"
3792,Dropout,Dropout,1,Informatics Engineering,"(20.0, 25.0]"
3793,Dropout,Dropout,1,Journalism and Communication,"(16.999, 19.0]"
3794,Dropout,Dropout,1,Informatics Engineering,"(16.999, 19.0]"
3795,Graduate,Graduate,0,Informatics Engineering,"(16.999, 19.0]"
3796,Graduate,Graduate,0,Tourism,"(16.999, 19.0]"
3797,Dropout,Dropout,1,Advertising and Marketing Management,"(20.0, 25.0]"
3798,Graduate,Graduate,0,Advertising and Marketing Management,"(16.999, 19.0]"
3799,Dropout,Dropout,1,Veterinary Nursing,"(25.0, 70.0]"
3800,Dropout,Dropout,1,Basic Education,"(20.0, 25.0]"
3801,Graduate,Graduate,0,Nursing,"(16.999, 19.0]"
3802,Graduate,Graduate,0,Social Service (evening attendance),"(25.0, 70.0]"
3803,Graduate,Graduate,0,Social Service (evening attendance),"(25.0, 70.0]"
3804,Dropout,Dropout,1,Management,"(16.999, 19.0]"
3805,Dropout,Dropout,1,Management (evening attendance),"(25.0, 70.0]"
3806,Graduate,Graduate,0,Communication Design,"(19.0, 20.0]"
3807,Graduate,Graduate,0,Social Service (evening attendance),"(25.0, 70.0]"
3808,Dropout,Dropout,1,Communication Design,"(25.0, 70.0]"
3809,Dropout,Dropout,1,Social Service (evening attendance),"(25.0, 70.0]"
3810,Enrolled,Enrolled,0,Nursing,"(16.999, 19.0]"
3811,Dropout,Dropout,1,Social Service (evening attendance),"(25.0, 70.0]"
3812,Graduate,Graduate,0,Social Service,"(25.0, 70.0]"
3813,Graduate,Graduate,0,Social Service (evening attendance),"(25.0, 70.0]"
3814,Graduate,Graduate,0,Social Service,"(19.0, 20.0]"
3815,Enrolled,Enrolled,0,Nursing,"(16.999, 19.0]"
3816,Dropout,Dropout,1,Social Service,"(16.999, 19.0]"
3817,Graduate,Graduate,0,Agronomy,"(20.0, 25.0]"
3818,Dropout,Dropout,1,Social Service,"(20.0, 25.0]"
3819,Dropout,Dropout,1,Tourism,"(20.0, 25.0]"
3820,Enrolled,Enrolled,0,Agronomy,"(20.0, 25.0]"
3821,Dropout,Dropout,1,Agronomy,"(25.0, 70.0]"
3822,Graduate,Graduate,0,Journalism and Communication,"(16.999, 19.0]"
3823,Dropout,Dropout,1,Equinculture,"(20.0, 25.0]"
3824,Enrolled,Enrolled,0,Informatics Engineering,"(16.999, 19.0]"
3825,Dropout,Dropout,1,Animation and Multimedia Design,"(25.0, 70.0]"
3826,Dropout,Dropout,1,Tourism,"(25.0, 70.0]"
3827,Graduate,Graduate,0,Agronomy,"(19.0, 20.0]"
3828,Dropout,Dropout,1,Informatics Engineering,"(16.999, 19.0]"
3829,Dropout,Dropout,1,Veterinary Nursing,"(16.999, 19.0]"
3830,Graduate,Graduate,0,Nursing,"(16.999, 19.0]"
3831,Enrolled,Enrolled,0,Advertising and Marketing Management,"(16.999, 19.0]"
3832,Enrolled,Enrolled,0,Communication Design,"(25.0, 70.0]"
3833,Dropout,Dropout,1,Social Service,"(16.999, 19.0]"
3834,Graduate,Graduate,0,Journalism and Communication,"(16.999, 19.0]"
3835,Dropout,Dropout,1,Agronomy,"(25.0, 70.0]"
3836,Dropout,Dropout,1,Journalism and Communication,"(20.0, 25.0]"
3837,Dropout,Dropout,1,Management,"(16.999, 19.0]"
3838,Dropout,Dropout,1,Management,"(20.0, 25.0]"
3839,Dropout,Dropout,1,Animation and Multimedia Design,"(20.0, 25.0]"
3840,Enrolled,Enrolled,0,Tourism,"(16.999, 19.0]"
3841,Enrolled,Enrolled,0,Social Service,"(19.0, 20.0]"
3842,Dropout,Dropout,1,Agronomy,"(25.0, 70.0]"
3843,Dropout,Dropout,1,Management,"(19.0, 20.0]"
3844,Graduate,Graduate,0,Equinculture,"(20.0, 25.0]"
3845,Dropout,Dropout,1,Veterinary Nursing,"(25.0, 70.0]"
3846,Dropout,Dropout,1,Journalism and Communication,"(25.0, 70.0]"
3847,Dropout,Dropout,1,Journalism and Communication,"(19.0, 20.0]"
3848,Dropout,Dropout,1,Agronomy,"(25.0, 70.0]"
3849,Graduate,Graduate,0,Journalism and Communication,"(16.999, 19.0]"
3850,Dropout,Dropout,1,Management (evening attendance),"(25.0, 70.0]"
3851,Dropout,Dropout,1,Journalism and Communication,"(25.0, 70.0]"
3852,Dropout,Dropout,1,Agronomy,"(25.0, 70.0]"
3853,Dropout,Dropout,1,Agronomy,"(25.0, 70.0]"
3854,Dropout,Dropout,1,Social Service,"(25.0, 70.0]"
3855,Graduate,Graduate,0,Journalism and Communication,"(19.0, 20.0]"
3856,Graduate,Graduate,0,Tourism,"(25.0, 70.0]"
3857,Graduate,Graduate,0,Management (evening attendance),"(25.0, 70.0]"
3858,Dropout,Dropout,1,Advertising and Marketing Management,"(20.0, 25.0]"
3859,Dropout,Dropout,1,Management (evening attendance),"(25.0, 70.0]"
3860,Dropout,Dropout,1,Agronomy,"(20.0, 25.0]"
3861,Dropout,Dropout,1,Journalism and Communication,"(16.999, 19.0]"
3862,Graduate,Graduate,0,Journalism and Communication,"(16.999, 19.0]"
3863,Graduate,Graduate,0,Social Service,"(16.999, 19.0]"
3864,Dropout,Dropout,1,Veterinary Nursing,"(25.0, 70.0]"
3865,Dropout,Dropout,1,Journalism and Communication,"(19.0, 20.0]"
3866,Dropout,Dropout,1,Nursing,"(19.0, 20.0]"
3867,Graduate,Graduate,0,Nursing,"(20.0, 25.0]"
3868,Graduate,Graduate,0,Agronomy,"(16.999, 19.0]"
3869,Dropout,Dropout,1,Veterinary Nursing,"(25.0, 70.0]"
3870,Graduate,Graduate,0,Advertising and Marketing Management,"(20.0, 25.0]"
3871,Graduate,Graduate,0,Management,"(19.0, 20.0]"
3872,Graduate,Graduate,0,Nursing,"(20.0, 25.0]"
3873,Dropout,Dropout,1,Communication Design,"(16.999, 19.0]"
3874,Dropout,Dropout,1,Equinculture,"(25.0, 70.0]"
3875,Dropout,Dropout,1,Nursing,"(25.0, 70.0]"
3876,Dropout,Dropout,1,Nursing,"(16.999, 19.0]"
3877,Graduate,Graduate,0,Nursing,"(19.0, 20.0]"
3878,Graduate,Graduate,0,Nursing,"(16.999, 19.0]"
3879,Graduate,Graduate,0,Management (evening attendance),"(25.0, 70.0]"
3880,Graduate,Graduate,0,Journalism and Communication,"(20.0, 25.0]"
3881,Graduate,Graduate,0,Tourism,"(19.0, 20.0]"
3882,Dropout,Dropout,1,Advertising and Marketing Management,"(16.999, 19.0]"
3883,Graduate,Graduate,0,Social Service,"(16.999, 19.0]"
3884,Graduate,Graduate,0,Nursing,"(25.0, 70.0]"
3885,Graduate,Graduate,0,Social Service,"(16.999, 19.0]"
3886,Enrolled,Enrolled,0,Tourism,"(19.0, 20.0]"
3887,Enrolled,Enrolled,0,Social Service,"(16.999, 19.0]"
3888,Graduate,Graduate,0,Veterinary Nursing,"(16.999, 19.0]"
3889,Graduate,Graduate,0,Oral Hygiene,"(20.0, 25.0]"
3890,Enrolled,Enrolled,0,Basic Education,"(20.0, 25.0]"
3891,Enrolled,Enrolled,0,Advertising and Marketing Management,"(16.999, 19.0]"
3892,Graduate,Graduate,0,Management,"(16.999, 19.0]"
3893,Dropout,Dropout,1,Veterinary Nursing,"(25.0, 70.0]"
3894,Enrolled,Enrolled,0,Nursing,"(20.0, 25.0]"
3895,Graduate,Graduate,0,Nursing,"(16.999, 19.0]"
3896,Enrolled,Enrolled,0,Communication Design,"(20.0, 25.0]"
3897,Graduate,Graduate,0,Nursing,"(19.0, 20.0]"
3898,Graduate,Graduate,0,Tourism,"(25.0, 70.0]"
3899,Enrolled,Enrolled,0,Management,"(25.0, 70.0]"
3900,Graduate,Graduate,0,Nursing,"(20.0, 25.0]"
3901,Enrolled,Enrolled,0,Tourism,"(19.0, 20.0]"
3902,Enrolled,Enrolled,0,Management,"(25.0, 70.0]"
3903,Dropout,Dropout,1,Management,"(25.0, 70.0]"
3904,Dropout,Dropout,1,Nursing,"(16.999, 19.0]"
3905,Graduate,Graduate,0,Tourism,"(25.0, 70.0]"
3906,Graduate,Graduate,0,Nursing,"(20.0, 25.0]"
3907,Enrolled,Enrolled,0,Social Service,"(20.0, 25.0]"
3908,Graduate,Graduate,0,Social Service,"(25.0, 70.0]"
3909,Dropout,Dropout,1,Informatics Engineering,"(25.0, 70.0]"
3910,Enrolled,Enrolled,0,Journalism and Communication,"(19.0, 20.0]"
3911,Graduate,Graduate,0,Social Service (evening attendance),"(25.0, 70.0]"
3912,Graduate,Graduate,0,Tourism,"(19.0, 20.0]"
3913,Graduate,Graduate,0,Advertising and Marketing Management,"(16.999, 19.0]"
3914,Dropout,Dropout,1,Management (evening attendance),"(25.0, 70.0]"
3915,Graduate,Graduate,0,Management,"(16.999, 19.0]"
3916,Graduate,Graduate,0,Social Service (evening attendance),"(20.0, 25.0]"
3917,Graduate,Graduate,0,Basic Education,"(16.999, 19.0]"
3918,Enrolled,Enrolled,0,Advertising and Marketing Management,"(19.0, 20.0]"
3919,Graduate,Graduate,0,Nursing,"(20.0, 25.0]"
3920,Graduate,Graduate,0,Social Service,"(16.999, 19.0]"
3921,Graduate,Graduate,0,Nursing,"(16.999, 19.0]"
3922,Graduate,Graduate,0,Social Service,"(16.999, 19.0]"
3923,Graduate,Graduate,0,Social Service (evening attendance),"(25.0, 70.0]"
3924,Enrolled,Enrolled,0,Animation and Multimedia Design,"(20.0, 25.0]"
3925,Enrolled,Enrolled,0,Management,"(20.0, 25.0]"
3926,Graduate,Graduate,0,Nursing,"(16.999, 19.0]"
3927,Dropout,Dropout,1,Journalism and Communication,"(16.999, 19.0]"
3928,Graduate,Graduate,0,Animation and Multimedia Design,"(16.999, 19.0]"
3929,Enrolled,Enrolled,0,Agronomy,"(20.0, 25.0]"
3930,Graduate,Graduate,0,Journalism and Communication,"(16.999, 19.0]"
3931,Graduate,Graduate,0,Equinculture,"(16.999, 19.0]"
3932,Graduate,Graduate,0,Management (evening attendance),"(25.0, 70.0]"
3933,Enrolled,Enrolled,0,Management,"(16.999, 19.0]"
3934,Dropout,Dropout,1,Advertising and Marketing Management,"(16.999, 19.0]"
3935,Enrolled,Enrolled,0,Tourism,"(16.999, 19.0]"
3936,Dropout,Dropout,1,Equinculture,"(19.0, 20.0]"
3937,Enrolled,Enrolled,0,Tourism,"(20.0, 25.0]"
3938,Graduate,Graduate,0,Nursing,"(16.999, 19.0]"
3939,Graduate,Graduate,0,Nursing,"(19.0, 20.0]"
3940,Enrolled,Enrolled,0,Management,"(25.0, 70.0]"
3941,Dropout,Dropout,1,Basic Education,"(25.0, 70.0]"
3942,Graduate,Graduate,0,Social Service,"(16.999, 19.0]"
3943,Dropout,Dropout,1,Management,"(20.0, 25.0]"
3944,Dropout,Dropout,1,Agronomy,"(25.0, 70.0]"
3945,Graduate,Graduate,0,Journalism and Communication,"(16.999, 19.0]"
3946,Graduate,Graduate,0,Animation and Multimedia Design,"(16.999, 19.0]"
3947,Dropout,Dropout,1,Oral Hygiene,"(20.0, 25.0]"
3948,Graduate,Graduate,0,Advertising and Marketing Management,"(25.0, 70.0]"
3949,Graduate,Graduate,0,Management,"(16.999, 19.0]"
3950,Dropout,Dropout,1,Veterinary Nursing,"(20.0, 25.0]"
3951,Dropout,Dropout,1,Management,"(25.0, 70.0]"
3952,Graduate,Graduate,0,Nursing,"(16.999, 19.0]"
3953,Graduate,Graduate,0,Veterinary Nursing,"(16.999, 19.0]"
3954,Dropout,Dropout,1,Journalism and Communication,"(20.0, 25.0]"
3955,Dropout,Dropout,1,Nursing,"(25.0, 70.0]"
3956,Graduate,Graduate,0,Management,"(16.999, 19.0]"
3957,Graduate,Graduate,0,Veterinary Nursing,"(16.999, 19.0]"
3958,Graduate,Graduate,0,Nursing,"(16.999, 19.0]"
3959,Graduate,Graduate,0,Veterinary Nursing,"(16.999, 19.0]"
3960,Dropout,Dropout,1,Veterinary Nursing,"(25.0, 70.0]"
3961,Graduate,Graduate,0,Nursing,"(20.0, 25.0]"
3962,Graduate,Graduate,0,Nursing,"(19.0, 20.0]"
3963,Graduate,Graduate,0,Animation and Multimedia Design,"(19.0, 20.0]"
3964,Dropout,Dropout,1,Social Service,"(16.999, 19.0]"
3965,Graduate,Graduate,0,Nursing,"(16.999, 19.0]"
3966,Dropout,Dropout,1,Agronomy,"(20.0, 25.0]"
3967,Enrolled,Enrolled,0,Nursing,"(19.0, 20.0]"
3968,Graduate,Graduate,0,Veterinary Nursing,"(20.0, 25.0]"
3969,Graduate,Graduate,0,Management (evening attendance),"(25.0, 70.0]"
3970,Graduate,Graduate,0,Communication Design,"(19.0, 20.0]"
3971,Graduate,Graduate,0,Nursing,"(16.999, 19.0]"
3972,Graduate,Graduate,0,Management (evening attendance),"(25.0, 70.0]"
3973,Graduate,Graduate,0,Nursing,"(19.0, 20.0]"
3974,Graduate,Graduate,0,Veterinary Nursing,"(19.0, 20.0]"
3975,Graduate,Graduate,0,Nursing,"(20.0, 25.0]"
3976,Graduate,Graduate,0,Nursing,"(16.999, 19.0]"
3977,Graduate,Graduate,0,Nursing,"(16.999, 19.0]"
3978,Graduate,Graduate,0,Basic Education,"(16.999, 19.0]"
3979,Enrolled,Enrolled,0,Journalism and Communication,"(25.0, 70.0]"
3980,Graduate,Graduate,0,Social Service,"(16.999, 19.0]"
3981,Graduate,Graduate,0,Veterinary Nursing,"(16.999, 19.0]"
3982,Graduate,Graduate,0,Nursing,"(16.999, 19.0]"
3983,Graduate,Graduate,0,Social Service,"(16.999, 19.0]"
3984,Dropout,Dropout,1,Agronomy,"(25.0, 70.0]"
3985,Graduate,Graduate,0,Communication Design,"(19.0, 20.0]"
3986,Graduate,Graduate,0,Journalism and Communication,"(16.999, 19.0]"
3987,Graduate,Graduate,0,Nursing,"(16.999, 19.0]"
3988,Graduate,Graduate,0,Veterinary Nursing,"(19.0, 20.0]"
3989,Graduate,Graduate,0,Social Service,"(25.0, 70.0]"
3990,Graduate,Graduate,0,Basic Education,"(20.0, 25.0]"
3991,Dropout,Dropout,1,Basic Education,"(16.999, 19.0]"
3992,Graduate,Graduate,0,Social Service,"(16.999, 19.0]"
3993,Graduate,Graduate,0,Journalism and Communication,"(19.0, 20.0]"
3994,Graduate,Graduate,0,Animation and Multimedia Design,"(19.0, 20.0]"
3995,Dropout,Dropout,1,Management (evening attendance),"(25.0, 70.0]"
3996,Dropout,Dropout,1,Basic Education,"(16.999, 19.0]"
3997,Graduate,Graduate,0,Oral Hygiene,"(25.0, 70.0]"
3998,Dropout,Dropout,1,Nursing,"(25.0, 70.0]"
3999,Dropout,Dropout,1,Nursing,"(19.0, 20.0]"
4000,Dropout,Dropout,1,Informatics Engineering,"(25.0, 70.0]"
4001,Dropout,Dropout,1,Informatics Engineering,"(20.0, 25.0]"
4002,Graduate,Graduate,0,Tourism,"(25.0, 70.0]"
4003,Graduate,Graduate,0,Nursing,"(16.999, 19.0]"
4004,Graduate,Graduate,0,Communication Design,"(20.0, 25.0]"
4005,Dropout,Dropout,1,Veterinary Nursing,"(25.0, 70.0]"
4006,Graduate,Graduate,0,Agronomy,"(20.0, 25.0]"
4007,Dropout,Dropout,1,Agronomy,"(25.0, 70.0]"
4008,Dropout,Dropout,1,Basic Education,"(16.999, 19.0]"
4009,Dropout,Dropout,1,Tourism,"(16.999, 19.0]"
4010,Dropout,Dropout,1,Oral Hygiene,"(25.0, 70.0]"
4011,Enrolled,Enrolled,0,Management,"(16.999, 19.0]"
4012,Dropout,Dropout,1,Advertising and Marketing Management,"(25.0, 70.0]"
4013,Graduate,Graduate,0,Nursing,"(19.0, 20.0]"
4014,Graduate,Graduate,0,Nursing,"(16.999, 19.0]"
4015,Dropout,Dropout,1,Management (evening attendance),"(25.0, 70.0]"
4016,Dropout,Dropout,1,Tourism,"(16.999, 19.0]"
4017,Dropout,Dropout,1,Social Service (evening attendance),"(25.0, 70.0]"
4018,Graduate,Graduate,0,Tourism,"(19.0, 20.0]"
4019,Graduate,Graduate,0,Nursing,"(16.999, 19.0]"
4020,Dropout,Dropout,1,Advertising and Marketing Management,"(20.0, 25.0]"
4021,Graduate,Graduate,0,Social Service (evening attendance),"(25.0, 70.0]"
4022,Graduate,Graduate,0,Management,"(16.999, 19.0]"
4023,Dropout,Dropout,1,Nursing,"(25.0, 70.0]"
4024,Enrolled,Enrolled,0,Oral Hygiene,"(19.0, 20.0]"
4025,Enrolled,Enrolled,0,Management (evening attendance),"(25.0, 70.0]"
4026,Graduate,Graduate,0,Agronomy,"(25.0, 70.0]"
4027,Dropout,Dropout,1,Nursing,"(16.999, 19.0]"
4028,Graduate,Graduate,0,Communication Design,"(16.999, 19.0]"
4029,Dropout,Dropout,1,Nursing,"(25.0, 70.0]"
4030,Graduate,Graduate,0,Equinculture,"(16.999, 19.0]"
4031,Enrolled,Enrolled,0,Animation and Multimedia Design,"(16.999, 19.0]"
4032,Graduate,Graduate,0,Nursing,"(16.999, 19.0]"
4033,Dropout,Dropout,1,Animation and Multimedia Design,"(16.999, 19.0]"
4034,Dropout,Dropout,1,Social Service (evening attendance),"(25.0, 70.0]"
4035,Dropout,Dropout,1,Equinculture,"(25.0, 70.0]"
4036,Graduate,Graduate,0,Advertising and Marketing Management,"(25.0, 70.0]"
4037,Enrolled,Enrolled,0,Social Service,"(20.0, 25.0]"
4038,Graduate,Graduate,0,Veterinary Nursing,"(16.999, 19.0]"
4039,Graduate,Graduate,0,Basic Education,"(16.999, 19.0]"
4040,Graduate,Graduate,0,Veterinary Nursing,"(16.999, 19.0]"
4041,Graduate,Graduate,0,Social Service,"(16.999, 19.0]"
4042,Graduate,Graduate,0,Journalism and Communication,"(16.999, 19.0]"
4043,Enrolled,Enrolled,0,Nursing,"(16.999, 19.0]"
4044,Graduate,Graduate,0,Social Service,"(16.999, 19.0]"
4045,Dropout,Dropout,1,Nursing,"(16.999, 19.0]"
4046,Graduate,Graduate,0,Tourism,"(16.999, 19.0]"
4047,Graduate,Graduate,0,Nursing,"(16.999, 19.0]"
4048,Graduate,Graduate,0,Nursing,"(19.0, 20.0]"
4049,Graduate,Graduate,0,Oral Hygiene,"(20.0, 25.0]"
4050,Dropout,Dropout,1,Equinculture,"(16.999, 19.0]"
4051,Graduate,Graduate,0,Tourism,"(16.999, 19.0]"
4052,Dropout,Dropout,1,Tourism,"(19.0, 20.0]"
4053,Enrolled,Enrolled,0,Communication Design,"(16.999, 19.0]"
4054,Graduate,Graduate,0,Journalism and Communication,"(19.0, 20.0]"
4055,Dropout,Dropout,1,Veterinary Nursing,"(25.0, 70.0]"
4056,Graduate,Graduate,0,Veterinary Nursing,"(16.999, 19.0]"
4057,Enrolled,Enrolled,0,Agronomy,"(20.0, 25.0]"
4058,Graduate,Graduate,0,Veterinary Nursing,"(16.999, 19.0]"
4059,Dropout,Dropout,1,Journalism and Communication,"(16.999, 19.0]"
4060,Graduate,Graduate,0,Equinculture,"(16.999, 19.0]"
4061,Graduate,Graduate,0,Equinculture,"(20.0, 25.0]"
4062,Graduate,Graduate,0,Veterinary Nursing,"(19.0, 20.0]"
4063,Graduate,Graduate,0,Management (evening attendance),"(20.0, 25.0]"
4064,Enrolled,Enrolled,0,Animation and Multimedia Design,"(20.0, 25.0]"
4065,Enrolled,Enrolled,0,Social Service (evening attendance),"(19.0, 20.0]"
4066,Graduate,Graduate,0,Oral Hygiene,"(19.0, 20.0]"
4067,Dropout,Dropout,1,Social Service (evening attendance),"(25.0, 70.0]"
4068,Graduate,Graduate,0,Advertising and Marketing Management,"(16.999, 19.0]"
4069,Graduate,Graduate,0,Social Service,"(16.999, 19.0]"
4070,Graduate,Graduate,0,Nursing,"(16.999, 19.0]"
4071,Dropout,Dropout,1,Tourism,"(16.999, 19.0]"
4072,Enrolled,Enrolled,0,Social Service,"(25.0, 70.0]"
4073,Graduate,Graduate,0,Social Service,"(16.999, 19.0]"
4074,Graduate,Graduate,0,Nursing,"(19.0, 20.0]"
4075,Dropout,Dropout,1,Veterinary Nursing,"(20.0, 25.0]"
4076,Graduate,Graduate,0,Nursing,"(16.999, 19.0]"
4077,Dropout,Dropout,1,Communication Design,"(16.999, 19.0]"
4078,Graduate,Graduate,0,Management (evening attendance),"(25.0, 70.0]"
4079,Enrolled,Enrolled,0,Advertising and Marketing Management,"(16.999, 19.0]"
4080,Dropout,Dropout,1,Animation and Multimedia Design,"(16.999, 19.0]"
4081,Enrolled,Enrolled,0,Veterinary Nursing,"(20.0, 25.0]"
4082,Enrolled,Enrolled,0,Tourism,"(16.999, 19.0]"
4083,Graduate,Graduate,0,Management (evening attendance),"(25.0, 70.0]"
4084,Dropout,Dropout,1,Management,"(25.0, 70.0]"
4085,Dropout,Dropout,1,Equinculture,"(25.0, 70.0]"
4086,Graduate,Graduate,0,Social Service (evening attendance),"(25.0, 70.0]"
4087,Enrolled,Enrolled,0,Nursing,"(20.0, 25.0]"
4088,Enrolled,Enrolled,0,Management (evening attendance),"(25.0, 70.0]"
4089,Dropout,Dropout,1,Social Service (evening attendance),"(25.0, 70.0]"
4090,Graduate,Graduate,0,Social Service (evening attendance),"(25.0, 70.0]"
4091,Dropout,Dropout,1,Management (evening attendance),"(25.0, 70.0]"
4092,Dropout,Dropout,1,Nursing,"(16.999, 19.0]"
4093,Graduate,Graduate,0,Journalism and Communication,"(16.999, 19.0]"
4094,Graduate,Graduate,0,Social Service,"(25.0, 70.0]"
4095,Graduate,Graduate,0,Nursing,"(16.999, 19.0]"
4096,Graduate,Graduate,0,Social Service (evening attendance),"(25.0, 70.0]"
4097,Graduate,Graduate,0,Management (evening attendance),"(25.0, 70.0]"
4098,Dropout,Dropout,1,Oral Hygiene,"(25.0, 70.0]"
4099,Dropout,Dropout,1,Social Service,"(16.999, 19.0]"
4100,Enrolled,Enrolled,0,Oral Hygiene,"(19.0, 20.0]"
4101,Graduate,Graduate,0,Communication Design,"(19.0, 20.0]"
4102,Graduate,Graduate,0,Veterinary Nursing,"(20.0, 25.0]"
4103,Enrolled,Enrolled,0,Management,"(16.999, 19.0]"
4104,Graduate,Graduate,0,Social Service,"(16.999, 19.0]"
4105,Graduate,Graduate,0,Management,"(16.999, 19.0]"
4106,Graduate,Graduate,0,Journalism and Communication,"(19.0, 20.0]"
4107,Dropout,Dropout,1,Nursing,"(16.999, 19.0]"
4108,Graduate,Graduate,0,Nursing,"(16.999, 19.0]"
4109,Graduate,Graduate,0,Social Service,"(16.999, 19.0]"
4110,Graduate,Graduate,0,Nursing,"(19.0, 20.0]"
4111,Graduate,Graduate,0,Nursing,"(19.0, 20.0]"
4112,Graduate,Graduate,0,Nursing,"(20.0, 25.0]"
4113,Dropout,Dropout,1,Oral Hygiene,"(20.0, 25.0]"
4114,Graduate,Graduate,0,Journalism and Communication,"(19.0, 20.0]"
4115,Enrolled,Enrolled,0,Communication Design,"(19.0, 20.0]"
4116,Enrolled,Enrolled,0,Veterinary Nursing,"(16.999, 19.0]"
4117,Graduate,Graduate,0,Nursing,"(16.999, 19.0]"
4118,Graduate,Graduate,0,Veterinary Nursing,"(20.0, 25.0]"
4119,Graduate,Graduate,0,Basic Education,"(16.999, 19.0]"
4120,Graduate,Graduate,0,Nursing,"(16.999, 19.0]"
4121,Graduate,Graduate,0,Veterinary Nursing,"(20.0, 25.0]"
4122,Graduate,Graduate,0,Social Service,"(16.999, 19.0]"
4123,Graduate,Graduate,0,Nursing,"(16.999, 19.0]"
4124,Enrolled,Enrolled,0,Veterinary Nursing,"(16.999, 19.0]"
4125,Enrolled,Enrolled,0,Nursing,"(20.0, 25.0]"
4126,Enrolled,Enrolled,0,Veterinary Nursing,"(16.999, 19.0]"
4127,Graduate,Graduate,0,Social Service (evening attendance),"(25.0, 70.0]"
4128,Graduate,Graduate,0,Veterinary Nursing,"(16.999, 19.0]"
4129,Graduate,Graduate,0,Nursing,"(16.999, 19.0]"
4130,Graduate,Graduate,0,Nursing,"(16.999, 19.0]"
4131,Graduate,Graduate,0,Nursing,"(20.0, 25.0]"
4132,Enrolled,Enrolled,0,Veterinary Nursing,"(20.0, 25.0]"
4133,Enrolled,Enrolled,0,Tourism,"(16.999, 19.0]"
4134,Graduate,Graduate,0,Social Service,"(16.999, 19.0]"
4135,Graduate,Graduate,0,Social Service (evening attendance),"(25.0, 70.0]"
4136,Graduate,Graduate,0,Nursing,"(16.999, 19.0]"
4137,Graduate,Graduate,0,Tourism,"(25.0, 70.0]"
4138,Dropout,Dropout,1,Basic Education,"(16.999, 19.0]"
4139,Graduate,Graduate,0,Social Service,"(20.0, 25.0]"
4140,Dropout,Dropout,1,Social Service,"(25.0, 70.0]"
4141,Dropout,Dropout,1,Communication Design,"(25.0, 70.0]"
4142,Graduate,Graduate,0,Social Service (evening attendance),"(25.0, 70.0]"
4143,Enrolled,Enrolled,0,Oral Hygiene,"(20.0, 25.0]"
4144,Enrolled,Enrolled,0,Oral Hygiene,"(20.0, 25.0]"
4145,Dropout,Dropout,1,Social Service,"(20.0, 25.0]"
4146,Dropout,Dropout,1,Nursing,"(25.0, 70.0]"
4147,Enrolled,Enrolled,0,Veterinary Nursing,"(25.0, 70.0]"
4148,Enrolled,Enrolled,0,Management,"(19.0, 20.0]"
4149,Graduate,Graduate,0,Nursing,"(20.0, 25.0]"
4150,Graduate,Graduate,0,Journalism and Communication,"(16.999, 19.0]"
4151,Graduate,Graduate,0,Agronomy,"(25.0, 70.0]"
4152,Graduate,Graduate,0,Veterinary Nursing,"(16.999, 19.0]"
4153,Enrolled,Enrolled,0,Animation and Multimedia Design,"(16.999, 19.0]"
4154,Dropout,Dropout,1,Basic Education,"(16.999, 19.0]"
4155,Graduate,Graduate,0,Veterinary Nursing,"(16.999, 19.0]"
4156,Enrolled,Enrolled,0,Nursing,"(16.999, 19.0]"
4157,Dropout,Dropout,1,Equinculture,"(16.999, 19.0]"
4158,Graduate,Graduate,0,Nursing,"(16.999, 19.0]"
4159,Graduate,Graduate,0,Advertising and Marketing Management,"(16.999, 19.0]"
4160,Graduate,Graduate,0,Management (evening attendance),"(20.0, 25.0]"
4161,Enrolled,Enrolled,0,Tourism,"(16.999, 19.0]"
4162,Dropout,Dropout,1,Basic Education,"(25.0, 70.0]"
4163,Graduate,Graduate,0,Social Service,"(16.999, 19.0]"
4164,Dropout,Dropout,1,Animation and Multimedia Design,"(20.0, 25.0]"
4165,Graduate,Graduate,0,Nursing,"(16.999, 19.0]"
4166,Enrolled,Enrolled,0,Management (evening attendance),"(20.0, 25.0]"
4167,Graduate,Graduate,0,Communication Design,"(16.999, 19.0]"
4168,Graduate,Graduate,0,Journalism and Communication,"(19.0, 20.0]"
4169,Dropout,Dropout,1,Journalism and Communication,"(19.0, 20.0]"
4170,Enrolled,Enrolled,0,Basic Education,"(19.0, 20.0]"
4171,Enrolled,Enrolled,0,Social Service,"(16.999, 19.0]"
4172,Enrolled,Enrolled,0,Management,"(16.999, 19.0]"
4173,Graduate,Graduate,0,Nursing,"(19.0, 20.0]"
4174,Graduate,Graduate,0,Social Service,"(20.0, 25.0]"
4175,Graduate,Graduate,0,Nursing,"(16.999, 19.0]"
4176,Graduate,Graduate,0,Tourism,"(16.999, 19.0]"
4177,Enrolled,Enrolled,0,Veterinary Nursing,"(25.0, 70.0]"
4178,Graduate,Graduate,0,Nursing,"(20.0, 25.0]"
4179,Graduate,Graduate,0,Nursing,"(16.999, 19.0]"
4180,Enrolled,Enrolled,0,Basic Education,"(16.999, 19.0]"
4181,Dropout,Dropout,1,Basic Education,"(25.0, 70.0]"
4182,Dropout,Dropout,1,Oral Hygiene,"(25.0, 70.0]"
4183,Graduate,Graduate,0,Veterinary Nursing,"(19.0, 20.0]"
4184,Graduate,Graduate,0,Social Service,"(16.999, 19.0]"
4185,Enrolled,Enrolled,0,Management (evening attendance),"(19.0, 20.0]"
4186,Enrolled,Enrolled,0,Veterinary Nursing,"(16.999, 19.0]"
4187,Graduate,Graduate,0,Social Service (evening attendance),"(25.0, 70.0]"
4188,Graduate,Graduate,0,Advertising and Marketing Management,"(19.0, 20.0]"
4189,Graduate,Graduate,0,Tourism,"(25.0, 70.0]"
4190,Dropout,Dropout,1,Management (evening attendance),"(20.0, 25.0]"
4191,Enrolled,Enrolled,0,Veterinary Nursing,"(19.0, 20.0]"
4192,Enrolled,Enrolled,0,Basic Education,"(20.0, 25.0]"
4193,Graduate,Graduate,0,Tourism,"(16.999, 19.0]"
4194,Dropout,Dropout,1,Management,"(20.0, 25.0]"
4195,Graduate,Graduate,0,Tourism,"(16.999, 19.0]"
4196,Graduate,Graduate,0,Nursing,"(20.0, 25.0]"
4197,Graduate,Graduate,0,Journalism and Communication,"(16.999, 19.0]"
4198,Enrolled,Enrolled,0,Basic Education,"(20.0, 25.0]"
4199,Graduate,Graduate,0,Nursing,"(19.0, 20.0]"
4200,Graduate,Graduate,0,Management,"(19.0, 20.0]"
4201,Graduate,Graduate,0,Social Service (evening attendance),"(16.999, 19.0]"
4202,Enrolled,Enrolled,0,Animation and Multimedia Design,"(19.0, 20.0]"
4203,Graduate,Graduate,0,Communication Design,"(19.0, 20.0]"
4204,Dropout,Dropout,1,Social Service,"(19.0, 20.0]"
4205,Graduate,Graduate,0,Nursing,"(16.999, 19.0]"
4206,Graduate,Graduate,0,Tourism,"(16.999, 19.0]"
4207,Graduate,Graduate,0,Nursing,"(16.999, 19.0]"
4208,Dropout,Dropout,1,Animation and Multimedia Design,"(16.999, 19.0]"
4209,Graduate,Graduate,0,Management,"(19.0, 20.0]"
4210,Graduate,Graduate,0,Tourism,"(20.0, 25.0]"
4211,Graduate,Graduate,0,Social Service,"(16.999, 19.0]"
4212,Graduate,Graduate,0,Journalism and Communication,"(16.999, 19.0]"
4213,Graduate,Graduate,0,Social Service,"(19.0, 20.0]"
4214,Graduate,Graduate,0,Nursing,"(16.999, 19.0]"
4215,Dropout,Dropout,1,Animation and Multimedia Design,"(16.999, 19.0]"
4216,Dropout,Dropout,1,Journalism and Communication,"(19.0, 20.0]"
4217,Graduate,Graduate,0,Journalism and Communication,"(16.999, 19.0]"
4218,Enrolled,Enrolled,0,Journalism and Communication,"(16.999, 19.0]"
4219,Graduate,Graduate,0,Social Service,"(16.999, 19.0]"
4220,Dropout,Dropout,1,Advertising and Marketing Management,"(20.0, 25.0]"
4221,Graduate,Graduate,0,Social Service,"(16.999, 19.0]"
4222,Graduate,Graduate,0,Social Service,"(19.0, 20.0]"
4223,Graduate,Graduate,0,Tourism,"(16.999, 19.0]"
4224,Graduate,Graduate,0,Nursing,"(16.999, 19.0]"
4225,Graduate,Graduate,0,Social Service,"(20.0, 25.0]"
4226,Dropout,Dropout,1,Social Service (evening attendance),"(16.999, 19.0]"
4227,Graduate,Graduate,0,Social Service,"(16.999, 19.0]"
4228,Enrolled,Enrolled,0,Social Service (evening attendance),"(25.0, 70.0]"
4229,Dropout,Dropout,1,Veterinary Nursing,"(25.0, 70.0]"
4230,Graduate,Graduate,0,Nursing,"(25.0, 70.0]"
4231,Enrolled,Enrolled,0,Management (evening attendance),"(20.0, 25.0]"
4232,Dropout,Dropout,1,Advertising and Marketing Management,"(16.999, 19.0]"
4233,Graduate,Graduate,0,Nursing,"(16.999, 19.0]"
4234,Enrolled,Enrolled,0,Management,"(19.0, 20.0]"
4235,Enrolled,Enrolled,0,Social Service,"(20.0, 25.0]"
4236,Graduate,Graduate,0,Journalism and Communication,"(19.0, 20.0]"
4237,Enrolled,Enrolled,0,Nursing,"(19.0, 20.0]"
4238,Dropout,Dropout,1,Veterinary Nursing,"(19.0, 20.0]"
4239,Graduate,Graduate,0,Veterinary Nursing,"(25.0, 70.0]"
4240,Graduate,Graduate,0,Veterinary Nursing,"(20.0, 25.0]"
4241,Dropout,Dropout,1,Nursing,"(16.999, 19.0]"
4242,Dropout,Dropout,1,Social Service,"(16.999, 19.0]"
4243,Enrolled,Enrolled,0,Communication Design,"(16.999, 19.0]"
4244,Dropout,Dropout,1,Animation and Multimedia Design,"(16.999, 19.0]"
4245,Dropout,Dropout,1,Basic Education,"(19.0, 20.0]"
4246,Dropout,Dropout,1,Management (evening attendance),"(25.0, 70.0]"
4247,Graduate,Graduate,0,Social Service (evening attendance),"(25.0, 70.0]"
4248,Dropout,Dropout,1,Nursing,"(25.0, 70.0]"
4249,Graduate,Graduate,0,Management (evening attendance),"(25.0, 70.0]"
4250,Dropout,Dropout,1,Nursing,"(25.0, 70.0]"
4251,Dropout,Dropout,1,Management,"(19.0, 20.0]"
4252,Graduate,Graduate,0,Management (evening attendance),"(25.0, 70.0]"
4253,Dropout,Dropout,1,Basic Education,"(16.999, 19.0]"
4254,Dropout,Dropout,1,Advertising and Marketing Management,"(20.0, 25.0]"
4255,Dropout,Dropout,1,Social Service (evening attendance),"(16.999, 19.0]"
4256,Graduate,Graduate,0,Nursing,"(20.0, 25.0]"
4257,Enrolled,Enrolled,0,Advertising and Marketing Management,"(20.0, 25.0]"
4258,Graduate,Graduate,0,Nursing,"(16.999, 19.0]"
4259,Dropout,Dropout,1,Journalism and Communication,"(16.999, 19.0]"
4260,Dropout,Dropout,1,Agronomy,"(25.0, 70.0]"
4261,Dropout,Dropout,1,Management (evening attendance),"(25.0, 70.0]"
4262,Graduate,Graduate,0,Management,"(16.999, 19.0]"
4263,Dropout,Dropout,1,Management (evening attendance),"(25.0, 70.0]"
4264,Graduate,Graduate,0,Agronomy,"(20.0, 25.0]"
4265,Graduate,Graduate,0,Journalism and Communication,"(16.999, 19.0]"
4266,Enrolled,Enrolled,0,Animation and Multimedia Design,"(20.0, 25.0]"
4267,Graduate,Graduate,0,Tourism,"(20.0, 25.0]"
4268,Dropout,Dropout,1,Management (evening attendance),"(16.999, 19.0]"
4269,Enrolled,Enrolled,0,Communication Design,"(16.999, 19.0]"
4270,Graduate,Graduate,0,Communication Design,"(16.999, 19.0]"
4271,Dropout,Dropout,1,Informatics Engineering,"(16.999, 19.0]"
4272,Graduate,Graduate,0,Nursing,"(16.999, 19.0]"
4273,Enrolled,Enrolled,0,Veterinary Nursing,"(16.999, 19.0]"
4274,Enrolled,Enrolled,0,Tourism,"(20.0, 25.0]"
4275,Enrolled,Enrolled,0,Informatics Engineering,"(16.999, 19.0]"
4276,Dropout,Dropout,1,Management,"(25.0, 70.0]"
4277,Dropout,Dropout,1,Informatics Engineering,"(20.0, 25.0]"
4278,Graduate,Graduate,0,Journalism and Communication,"(16.999, 19.0]"
4279,Dropout,Dropout,1,Tourism,"(19.0, 20.0]"
4280,Dropout,Dropout,1,Management (evening attendance),"(25.0, 70.0]"
4281,Enrolled,Enrolled,0,Veterinary Nursing,"(20.0, 25.0]"
4282,Dropout,Dropout,1,Management,"(19.0, 20.0]"
4283,Dropout,Dropout,1,Management,"(25.0, 70.0]"
4284,Enrolled,Enrolled,0,Oral Hygiene,"(20.0, 25.0]"
4285,Enrolled,Enrolled,0,Management,"(20.0, 25.0]"
4286,Graduate,Graduate,0,Veterinary Nursing,"(19.0, 20.0]"
4287,Graduate,Graduate,0,Veterinary Nursing,"(20.0, 25.0]"
4288,Dropout,Dropout,1,Agronomy,"(20.0, 25.0]"
4289,Graduate,Graduate,0,Social Service,"(16.999, 19.0]"
4290,Graduate,Graduate,0,Animation and Multimedia Design,"(19.0, 20.0]"
4291,Graduate,Graduate,0,Animation and Multimedia Design,"(16.999, 19.0]"
4292,Graduate,Graduate,0,Nursing,"(25.0, 70.0]"
4293,Dropout,Dropout,1,Tourism,"(19.0, 20.0]"
4294,Graduate,Graduate,0,Agronomy,"(25.0, 70.0]"
4295,Enrolled,Enrolled,0,Agronomy,"(25.0, 70.0]"
4296,Graduate,Graduate,0,Communication Design,"(20.0, 25.0]"
4297,Graduate,Graduate,0,Journalism and Communication,"(16.999, 19.0]"
4298,Dropout,Dropout,1,Management (evening attendance),"(20.0, 25.0]"
4299,Dropout,Dropout,1,Management,"(16.999, 19.0]"
4300,Graduate,Graduate,0,Agronomy,"(19.0, 20.0]"
4301,Dropout,Dropout,1,Animation and Multimedia Design,"(20.0, 25.0]"
4302,Dropout,Dropout,1,Management,"(20.0, 25.0]"
4303,Dropout,Dropout,1,Journalism and Communication,"(16.999, 19.0]"
4304,Dropout,Dropout,1,Management,"(16.999, 19.0]"
4305,Dropout,Dropout,1,Management,"(16.999, 19.0]"
4306,Dropout,Dropout,1,Management,"(20.0, 25.0]"
4307,Dropout,Dropout,1,Animation and Multimedia Design,"(25.0, 70.0]"
4308,Dropout,Dropout,1,Animation and Multimedia Design,"(16.999, 19.0]"
4309,Graduate,Graduate,0,Journalism and Communication,"(16.999, 19.0]"
4310,Graduate,Graduate,0,Veterinary Nursing,"(20.0, 25.0]"
4311,Enrolled,Enrolled,0,Informatics Engineering,"(16.999, 19.0]"
4312,Dropout,Dropout,1,Management (evening attendance),"(25.0, 70.0]"
4313,Graduate,Graduate,0,Basic Education,"(25.0, 70.0]"
4314,Dropout,Dropout,1,Informatics Engineering,"(20.0, 25.0]"
4315,Dropout,Dropout,1,Tourism,"(16.999, 19.0]"
4316,Graduate,Graduate,0,Communication Design,"(16.999, 19.0]"
4317,Graduate,Graduate,0,Advertising and Marketing Management,"(16.999, 19.0]"
4318,Graduate,Graduate,0,Animation and Multimedia Design,"(16.999, 19.0]"
4319,Graduate,Graduate,0,Journalism and Communication,"(16.999, 19.0]"
4320,Enrolled,Enrolled,0,Management,"(20.0, 25.0]"
4321,Enrolled,Enrolled,0,Management (evening attendance),"(25.0, 70.0]"
4322,Dropout,Dropout,1,Journalism and Communication,"(16.999, 19.0]"
4323,Dropout,Dropout,1,Management (evening attendance),"(25.0, 70.0]"
4324,Graduate,Graduate,0,Nursing,"(16.999, 19.0]"
4325,Graduate,Graduate,0,Social Service (evening attendance),"(25.0, 70.0]"
4326,Dropout,Dropout,1,Social Service (evening attendance),"(25.0, 70.0]"
4327,Dropout,Dropout,1,Management,"(20.0, 25.0]"
4328,Dropout,Dropout,1,Basic Education,"(25.0, 70.0]"
4329,Graduate,Graduate,0,Social Service,"(19.0, 20.0]"
4330,Dropout,Dropout,1,Social Service,"(16.999, 19.0]"
4331,Dropout,Dropout,1,Animation and Multimedia Design,"(20.0, 25.0]"
4332,Graduate,Graduate,0,Social Service,"(16.999, 19.0]"
4333,Dropout,Dropout,1,Social Service,"(16.999, 19.0]"
4334,Graduate,Graduate,0,Tourism,"(16.999, 19.0]"
4335,Enrolled,Enrolled,0,Management,"(20.0, 25.0]"
4336,Enrolled,Enrolled,0,Journalism and Communication,"(19.0, 20.0]"
4337,Graduate,Graduate,0,Veterinary Nursing,"(20.0, 25.0]"
4338,Enrolled,Enrolled,0,Advertising and Marketing Management,"(16.999, 19.0]"
4339,Graduate,Graduate,0,Nursing,"(20.0, 25.0]"
4340,Graduate,Graduate,0,Veterinary Nursing,"(19.0, 20.0]"
4341,Graduate,Graduate,0,Nursing,"(16.999, 19.0]"
4342,Dropout,Dropout,1,Advertising and Marketing Management,"(20.0, 25.0]"
4343,Enrolled,Enrolled,0,Nursing,"(16.999, 19.0]"
4344,Dropout,Dropout,1,Social Service,"(20.0, 25.0]"
4345,Graduate,Graduate,0,Journalism and Communication,"(16.999, 19.0]"
4346,Dropout,Dropout,1,Tourism,"(19.0, 20.0]"
4347,Dropout,Dropout,1,Management,"(16.999, 19.0]"
4348,Graduate,Graduate,0,Nursing,"(19.0, 20.0]"
4349,Graduate,Graduate,0,Nursing,"(19.0, 20.0]"
4350,Graduate,Graduate,0,Veterinary Nursing,"(19.0, 20.0]"
4351,Graduate,Graduate,0,Communication Design,"(19.0, 20.0]"
4352,Dropout,Dropout,1,Basic Education,"(16.999, 19.0]"
4353,Graduate,Graduate,0,Animation and Multimedia Design,"(16.999, 19.0]"
4354,Enrolled,Enrolled,0,Management (evening attendance),"(25.0, 70.0]"
4355,Graduate,Graduate,0,Veterinary Nursing,"(16.999, 19.0]"
4356,Dropout,Dropout,1,Veterinary Nursing,"(25.0, 70.0]"
4357,Dropout,Dropout,1,Social Service (evening attendance),"(25.0, 70.0]"
4358,Dropout,Dropout,1,Tourism,"(16.999, 19.0]"
4359,Graduate,Graduate,0,Social Service,"(16.999, 19.0]"
4360,Graduate,Graduate,0,Nursing,"(16.999, 19.0]"
4361,Graduate,Graduate,0,Nursing,"(16.999, 19.0]"
4362,Graduate,Graduate,0,Veterinary Nursing,"(20.0, 25.0]"
4363,Dropout,Dropout,1,Basic Education,"(16.999, 19.0]"
4364,Enrolled,Enrolled,0,Social Service,"(16.999, 19.0]"
4365,Graduate,Graduate,0,Animation and Multimedia Design,"(16.999, 19.0]"
4366,Graduate,Graduate,0,Advertising and Marketing Management,"(16.999, 19.0]"
4367,Graduate,Graduate,0,Veterinary Nursing,"(16.999, 19.0]"
4368,Dropout,Dropout,1,Management (evening attendance),"(20.0, 25.0]"
4369,Enrolled,Enrolled,0,Nursing,"(16.999, 19.0]"
4370,Graduate,Graduate,0,Animation and Multimedia Design,"(16.999, 19.0]"
4371,Graduate,Graduate,0,Nursing,"(16.999, 19.0]"
4372,Dropout,Dropout,1,Agronomy,"(20.0, 25.0]"
4373,Enrolled,Enrolled,0,Social Service,"(16.999, 19.0]"
4374,Graduate,Graduate,0,Nursing,"(25.0, 70.0]"
4375,Dropout,Dropout,1,Management (evening attendance),"(25.0, 70.0]"
4376,Graduate,Graduate,0,Nursing,"(16.999, 19.0]"
4377,Dropout,Dropout,1,Management (evening attendance),"(25.0, 70.0]"
4378,Graduate,Graduate,0,Basic Education,"(25.0, 70.0]"
4379,Dropout,Dropout,1,Management (evening attendance),"(25.0, 70.0]"
4380,Dropout,Dropout,1,Nursing,"(25.0, 70.0]"
4381,Enrolled,Enrolled,0,Social Service,"(19.0, 20.0]"
4382,Graduate,Graduate,0,Nursing,"(16.999, 19.0]"
4383,Graduate,Graduate,0,Social Service (evening attendance),"(25.0, 70.0]"
4384,Dropout,Dropout,1,Social Service,"(25.0, 70.0]"
4385,Dropout,Dropout,1,Social Service,"(16.999, 19.0]"
4386,Dropout,Dropout,1,Advertising and Marketing Management,"(20.0, 25.0]"
4387,Dropout,Dropout,1,Management (evening attendance),"(25.0, 70.0]"
4388,Dropout,Dropout,1,Management,"(25.0, 70.0]"
4389,Graduate,Graduate,0,Social Service,"(16.999, 19.0]"
4390,Graduate,Graduate,0,Veterinary Nursing,"(20.0, 25.0]"
4391,Enrolled,Enrolled,0,Nursing,"(25.0, 70.0]"
4392,Enrolled,Enrolled,0,Management,"(16.999, 19.0]"
4393,Graduate,Graduate,0,Management (evening attendance),"(25.0, 70.0]"
4394,Graduate,Graduate,0,Nursing,"(16.999, 19.0]"
4395,Dropout,Dropout,1,Journalism and Communication,"(16.999, 19.0]"
4396,Graduate,Graduate,0,Journalism and Communication,"(16.999, 19.0]"
4397,Enrolled,Enrolled,0,Basic Education,"(20.0, 25.0]"
4398,Graduate,Graduate,0,Management,"(25.0, 70.0]"
4399,Graduate,Graduate,0,Tourism,"(20.0, 25.0]"
4400,Dropout,Dropout,1,Management (evening attendance),"(25.0, 70.0]"
4401,Dropout,Dropout,1,Veterinary Nursing,"(20.0, 25.0]"
4402,Enrolled,Enrolled,0,Basic Education,"(16.999, 19.0]"
4403,Graduate,Graduate,0,Nursing,"(16.999, 19.0]"
4404,Dropout,Dropout,1,Equinculture,"(25.0, 70.0]"
4405,Graduate,Graduate,0,Nursing,"(16.999, 19.0]"
4406,Enrolled,Enrolled,0,Communication Design,"(19.0, 20.0]"
4407,Graduate,Graduate,0,Journalism and Communication,"(16.999, 19.0]"
4408,Dropout,Dropout,1,Journalism and Communication,"(25.0, 70.0]"
4409,Graduate,Graduate,0,Management (evening attendance),"(25.0, 70.0]"
4410,Graduate,Graduate,0,Communication Design,"(19.0, 20.0]"
4411,Dropout,Dropout,1,Equinculture,"(20.0, 25.0]"
4412,Enrolled,Enrolled,0,Communication Design,"(16.999, 19.0]"
4413,Enrolled,Enrolled,0,Biofuel Production Technologies,"(20.0, 25.0]"
4414,Graduate,Graduate,0,Equinculture,"(16.999, 19.0]"
4415,Dropout,Dropout,1,Nursing,"(25.0, 70.0]"
4416,Graduate,Graduate,0,Nursing,"(20.0, 25.0]"
4417,Graduate,Graduate,0,Communication Design,"(19.0, 20.0]"
4418,Graduate,Graduate,0,Communication Design,"(19.0, 20.0]"
4419,Graduate,Graduate,0,Journalism and Communication,"(16.999, 19.0]"
4420,Dropout,Dropout,1,Journalism and Communication,"(16.999, 19.0]"
4421,Dropout,Dropout,1,Nursing,"(25.0, 70.0]"
4422,Graduate,Graduate,0,Management,"(19.0, 20.0]"
4423,Graduate,Graduate,0,Journalism and Communication,"(20.0, 25.0]"
